File Name,Dataset,aid,Date,Count,Minimum,Maximum,Range,Mean,Standard Deviation,Variance,Upper Quartile,Upper 1.5 IQR,Median,Lower 1.5 IQR,Lower Quartile
MOD13Q1_061__250m_16_days_NDVI_doy2000049000000_aid0001,_250m_16_days_NDVI,aid0001,2000-02-18,7479666.0,-0.2,0.9996,"(-0.2,0.9996)",0.4017032,0.300668,0.0904012,0.721,0.9996,0.3113,-0.2,0.1138
MOD13Q1_061__250m_16_days_NDVI_doy2000065000000_aid0001,_250m_16_days_NDVI,aid0001,2000-03-05,7478788.0,-0.2,0.9996,"(-0.2,0.9996)",0.409541,0.3069122,0.0941951,0.7466,0.9996,0.3113,-0.2,0.1175
MOD13Q1_061__250m_16_days_NDVI_doy2000081000000_aid0001,_250m_16_days_NDVI,aid0001,2000-03-21,7477739.0,-0.2,0.9994,"(-0.2,0.9994)",0.4288418,0.3081527,0.0949581,0.7424,0.9994,0.3814,-0.2,0.1211
MOD13Q1_061__250m_16_days_NDVI_doy2000097000000_aid0001,_250m_16_days_NDVI,aid0001,2000-04-06,7475859.0,-0.2,0.9994,"(-0.2,0.9994)",0.443,0.3162426,0.1000094,0.7503,0.9994,0.4465,-0.2,0.1184
MOD13Q1_061__250m_16_days_NDVI_doy2000113000000_aid0001,_250m_16_days_NDVI,aid0001,2000-04-22,7476674.0,-0.2,0.9993,"(-0.2,0.9993)",0.4376109,0.3068658,0.0941666,0.7253,0.9993,0.481,-0.2,0.1198
MOD13Q1_061__250m_16_days_NDVI_doy2000129000000_aid0001,_250m_16_days_NDVI,aid0001,2000-05-08,7477411.0,-0.2,0.9993,"(-0.2,0.9993)",0.4097648,0.2953818,0.0872504,0.6978,0.9993,0.4015,-0.2,0.1119
MOD13Q1_061__250m_16_days_NDVI_doy2000145000000_aid0001,_250m_16_days_NDVI,aid0001,2000-05-24,7477615.0,-0.2,0.9989,"(-0.2,0.9989)",0.396516,0.2904432,0.0843573,0.6707,0.9989,0.3717,-0.2,0.1096
MOD13Q1_061__250m_16_days_NDVI_doy2000161000000_aid0001,_250m_16_days_NDVI,aid0001,2000-06-09,7478901.0,-0.2,0.9981,"(-0.2,0.9981)",0.3799578,0.2800156,0.0784087,0.6318,0.9981,0.3493,-0.2,0.1088
MOD13Q1_061__250m_16_days_NDVI_doy2000177000000_aid0001,_250m_16_days_NDVI,aid0001,2000-06-25,7475775.0,-0.2,0.9953,"(-0.2,0.9953)",0.3567073,0.2621489,0.0687221,0.589,0.9953,0.3191,-0.2,0.1064
MOD13Q1_061__250m_16_days_NDVI_doy2000193000000_aid0001,_250m_16_days_NDVI,aid0001,2000-07-11,7477087.0,-0.2,0.9872,"(-0.2,0.9872)",0.324763,0.2371441,0.0562373,0.5214,0.9872,0.2894,-0.2,0.1026
MOD13Q1_061__250m_16_days_NDVI_doy2000209000000_aid0001,_250m_16_days_NDVI,aid0001,2000-07-27,7478126.0,-0.2,0.9878,"(-0.2,0.9878)",0.296322,0.2118367,0.0448748,0.4615,0.9878,0.2672,-0.2,0.103
MOD13Q1_061__250m_16_days_NDVI_doy2000225000000_aid0001,_250m_16_days_NDVI,aid0001,2000-08-12,7476373.0,-0.2,0.98,"(-0.2,0.98)",0.2886541,0.2056766,0.0423029,0.44,0.9445,0.2681,-0.2,0.1008
MOD13Q1_061__250m_16_days_NDVI_doy2000241000000_aid0001,_250m_16_days_NDVI,aid0001,2000-08-28,7477580.0,-0.2,0.9956,"(-0.2,0.9956)",0.2802946,0.2000765,0.0400306,0.4278,0.9226,0.2593,-0.2,0.0971
MOD13Q1_061__250m_16_days_NDVI_doy2000257000000_aid0001,_250m_16_days_NDVI,aid0001,2000-09-13,7480365.0,-0.2,0.9664,"(-0.2,0.9664)",0.2914618,0.2118981,0.0449008,0.4514,0.9664,0.2622,-0.2,0.0966
MOD13Q1_061__250m_16_days_NDVI_doy2000273000000_aid0001,_250m_16_days_NDVI,aid0001,2000-09-29,7480620.0,-0.2,0.9963,"(-0.2,0.9963)",0.3029656,0.2225254,0.0495176,0.4791,0.9963,0.2656,-0.2,0.0972
MOD13Q1_061__250m_16_days_NDVI_doy2000289000000_aid0001,_250m_16_days_NDVI,aid0001,2000-10-15,7479307.0,-0.2,0.9994,"(-0.2,0.9994)",0.3415948,0.2580945,0.0666128,0.5776,0.9994,0.282,-0.2,0.0969
MOD13Q1_061__250m_16_days_NDVI_doy2000305000000_aid0001,_250m_16_days_NDVI,aid0001,2000-10-31,7481585.0,-0.2,0.9995,"(-0.2,0.9995)",0.3735347,0.2857576,0.0816574,0.6403,0.9995,0.3177,-0.2,0.097
MOD13Q1_061__250m_16_days_NDVI_doy2000321000000_aid0001,_250m_16_days_NDVI,aid0001,2000-11-16,7480354.0,-0.2,0.9995,"(-0.2,0.9995)",0.3959501,0.3046402,0.0928057,0.6857,0.9995,0.3502,-0.2,0.0974
MOD13Q1_061__250m_16_days_NDVI_doy2000337000000_aid0001,_250m_16_days_NDVI,aid0001,2000-12-02,7480551.0,-0.2,0.9994,"(-0.2,0.9994)",0.4135344,0.3128263,0.0978603,0.7111,0.9994,0.3885,-0.2,0.1006
MOD13Q1_061__250m_16_days_NDVI_doy2000353000000_aid0001,_250m_16_days_NDVI,aid0001,2000-12-18,7482847.0,-0.2,0.9995,"(-0.2,0.9995)",0.4178386,0.3094858,0.0957814,0.7092,0.9995,0.4196,-0.2,0.1053
MOD13Q1_061__250m_16_days_NDVI_doy2001001000000_aid0001,_250m_16_days_NDVI,aid0001,2001-01-01,7481484.0,-0.2,0.9996,"(-0.2,0.9996)",0.4334095,0.31471,0.0990424,0.7315,0.9996,0.4589,-0.2,0.1111
MOD13Q1_061__250m_16_days_NDVI_doy2001017000000_aid0001,_250m_16_days_NDVI,aid0001,2001-01-17,7478329.0,-0.2,0.9996,"(-0.2,0.9996)",0.4422126,0.3139399,0.0985583,0.7437,0.9996,0.468,-0.2,0.1172
MOD13Q1_061__250m_16_days_NDVI_doy2001033000000_aid0001,_250m_16_days_NDVI,aid0001,2001-02-02,7474142.0,-0.2,0.9995,"(-0.2,0.9995)",0.4646917,0.3203922,0.1026512,0.7686,0.9995,0.5346,-0.2,0.126
MOD13Q1_061__250m_16_days_NDVI_doy2001049000000_aid0001,_250m_16_days_NDVI,aid0001,2001-02-18,7471612.0,-0.2,0.9995,"(-0.2,0.9995)",0.4780803,0.3229827,0.1043178,0.7787,0.9995,0.5676,-0.2,0.1336
MOD13Q1_061__250m_16_days_NDVI_doy2001065000000_aid0001,_250m_16_days_NDVI,aid0001,2001-03-06,7469100.0,-0.2,0.9994,"(-0.2,0.9994)",0.4724364,0.3151868,0.0993427,0.7649,0.9994,0.5484,-0.2,0.1399
MOD13Q1_061__250m_16_days_NDVI_doy2001081000000_aid0001,_250m_16_days_NDVI,aid0001,2001-03-22,7468265.0,-0.2,0.9995,"(-0.2,0.9995)",0.4547067,0.3070751,0.0942951,0.7414,0.9995,0.5032,-0.2,0.1344
MOD13Q1_061__250m_16_days_NDVI_doy2001097000000_aid0001,_250m_16_days_NDVI,aid0001,2001-04-07,7469580.0,-0.2,0.999,"(-0.2,0.999)",0.4524657,0.3092565,0.0956396,0.7473,0.999,0.4933,-0.2,0.1308
MOD13Q1_061__250m_16_days_NDVI_doy2001113000000_aid0001,_250m_16_days_NDVI,aid0001,2001-04-23,7470748.0,-0.2,0.9995,"(-0.2,0.9995)",0.4337917,0.3016745,0.0910075,0.7241,0.9995,0.4503,-0.2,0.1242
MOD13Q1_061__250m_16_days_NDVI_doy2001129000000_aid0001,_250m_16_days_NDVI,aid0001,2001-05-09,7472936.0,-0.2,0.9994,"(-0.2,0.9994)",0.4108939,0.2912972,0.0848541,0.6941,0.9994,0.402,-0.2,0.1177
MOD13Q1_061__250m_16_days_NDVI_doy2001145000000_aid0001,_250m_16_days_NDVI,aid0001,2001-05-25,7471698.0,-0.2,0.9991,"(-0.2,0.9991)",0.3912015,0.2859851,0.0817875,0.6707,0.9991,0.3368,-0.2,0.1129
MOD13Q1_061__250m_16_days_NDVI_doy2001161000000_aid0001,_250m_16_days_NDVI,aid0001,2001-06-10,7470532.0,-0.2,0.9988,"(-0.2,0.9988)",0.3830717,0.2767831,0.0766089,0.6478,0.9988,0.3546,-0.2,0.1115
MOD13Q1_061__250m_16_days_NDVI_doy2001177000000_aid0001,_250m_16_days_NDVI,aid0001,2001-06-26,7473427.0,-0.2,0.996,"(-0.2,0.996)",0.3298384,0.2380424,0.0566642,0.5296,0.996,0.2978,-0.2,0.1058
MOD13Q1_061__250m_16_days_NDVI_doy2001193000000_aid0001,_250m_16_days_NDVI,aid0001,2001-07-12,7477471.0,-0.2,0.9906,"(-0.2,0.9906)",0.3217283,0.2309277,0.0533276,0.5134,0.9906,0.2857,-0.2,0.1064
MOD13Q1_061__250m_16_days_NDVI_doy2001209000000_aid0001,_250m_16_days_NDVI,aid0001,2001-07-28,7472485.0,-0.2,0.9726,"(-0.2,0.9726)",0.3070851,0.2187787,0.0478641,0.4803,0.9726,0.2774,-0.2,0.105
MOD13Q1_061__250m_16_days_NDVI_doy2001225000000_aid0001,_250m_16_days_NDVI,aid0001,2001-08-13,7474395.0,-0.2,0.9902,"(-0.2,0.9902)",0.3022191,0.2148372,0.046155,0.4685,0.9902,0.2765,-0.2,0.1035
MOD13Q1_061__250m_16_days_NDVI_doy2001241000000_aid0001,_250m_16_days_NDVI,aid0001,2001-08-29,7474468.0,-0.2,0.99,"(-0.2,0.99)",0.3101231,0.222536,0.0495223,0.4873,0.99,0.2785,-0.2,0.103
MOD13Q1_061__250m_16_days_NDVI_doy2001257000000_aid0001,_250m_16_days_NDVI,aid0001,2001-09-14,7475968.0,-0.2,0.9984,"(-0.2,0.9984)",0.3122303,0.2237418,0.0500604,0.4933,0.9984,0.2867,-0.2,0.1014
MOD13Q1_061__250m_16_days_NDVI_doy2001273000000_aid0001,_250m_16_days_NDVI,aid0001,2001-09-30,7476843.0,-0.2,0.9986,"(-0.2,0.9986)",0.3325944,0.243831,0.0594535,0.5385,0.9986,0.2943,-0.2,0.1007
MOD13Q1_061__250m_16_days_NDVI_doy2001289000000_aid0001,_250m_16_days_NDVI,aid0001,2001-10-16,7478097.0,-0.2,0.9985,"(-0.2,0.9985)",0.3664858,0.2759172,0.0761303,0.6237,0.9985,0.3082,-0.2,0.0997
MOD13Q1_061__250m_16_days_NDVI_doy2001305000000_aid0001,_250m_16_days_NDVI,aid0001,2001-11-01,7477201.0,-0.2,0.9994,"(-0.2,0.9994)",0.3881957,0.2927322,0.0856922,0.6523,0.9994,0.3447,-0.2,0.1013
MOD13Q1_061__250m_16_days_NDVI_doy2001321000000_aid0001,_250m_16_days_NDVI,aid0001,2001-11-17,7478431.0,-0.2,0.9994,"(-0.2,0.9994)",0.4052723,0.3050233,0.0930392,0.6917,0.9994,0.369,-0.2,0.1025
MOD13Q1_061__250m_16_days_NDVI_doy2001337000000_aid0001,_250m_16_days_NDVI,aid0001,2001-12-03,7478994.0,-0.2,0.9995,"(-0.2,0.9995)",0.4205715,0.3151077,0.0992929,0.725,0.9995,0.3926,-0.2,0.1031
MOD13Q1_061__250m_16_days_NDVI_doy2001353000000_aid0001,_250m_16_days_NDVI,aid0001,2001-12-19,7478274.0,-0.2,0.9988,"(-0.2,0.9988)",0.4233091,0.3069297,0.0942058,0.706,0.9988,0.4262,-0.2,0.1109
MOD13Q1_061__250m_16_days_NDVI_doy2002001000000_aid0001,_250m_16_days_NDVI,aid0001,2002-01-01,7479762.0,-0.2,0.9993,"(-0.2,0.9993)",0.4309327,0.3060637,0.093675,0.7091,0.9993,0.4686,-0.2,0.1144
MOD13Q1_061__250m_16_days_NDVI_doy2002017000000_aid0001,_250m_16_days_NDVI,aid0001,2002-01-17,7481491.0,-0.2,0.9996,"(-0.2,0.9996)",0.440117,0.3109729,0.0967042,0.7382,0.9996,0.47,-0.2,0.1161
MOD13Q1_061__250m_16_days_NDVI_doy2002033000000_aid0001,_250m_16_days_NDVI,aid0001,2002-02-02,7479366.0,-0.2,0.9995,"(-0.2,0.9995)",0.4633618,0.3275327,0.1072777,0.7764,0.9995,0.5209,-0.2,0.1196
MOD13Q1_061__250m_16_days_NDVI_doy2002049000000_aid0001,_250m_16_days_NDVI,aid0001,2002-02-18,7477076.0,-0.2,0.9995,"(-0.2,0.9995)",0.4606828,0.3145934,0.098969,0.752,0.9995,0.5596,-0.2,0.1227
MOD13Q1_061__250m_16_days_NDVI_doy2002065000000_aid0001,_250m_16_days_NDVI,aid0001,2002-03-06,7473919.0,-0.2,0.9995,"(-0.2,0.9995)",0.4710799,0.3229051,0.1042677,0.7736,0.9995,0.564,-0.2,0.1272
MOD13Q1_061__250m_16_days_NDVI_doy2002081000000_aid0001,_250m_16_days_NDVI,aid0001,2002-03-22,7478586.0,-0.2,0.9995,"(-0.2,0.9995)",0.4323783,0.3126643,0.097759,0.7478,0.9995,0.3823,-0.2,0.1194
MOD13Q1_061__250m_16_days_NDVI_doy2002097000000_aid0001,_250m_16_days_NDVI,aid0001,2002-04-07,7478860.0,-0.2,0.9994,"(-0.2,0.9994)",0.437772,0.3057847,0.0935043,0.7352,0.9994,0.4517,-0.2,0.1241
MOD13Q1_061__250m_16_days_NDVI_doy2002113000000_aid0001,_250m_16_days_NDVI,aid0001,2002-04-23,7477477.0,-0.2,0.9992,"(-0.2,0.9992)",0.4309818,0.3044517,0.0926908,0.7217,0.9992,0.4358,-0.2,0.1208
MOD13Q1_061__250m_16_days_NDVI_doy2002129000000_aid0001,_250m_16_days_NDVI,aid0001,2002-05-09,7477283.0,-0.2,0.9992,"(-0.2,0.9992)",0.4106167,0.2929043,0.085793,0.6869,0.9992,0.3971,-0.2,0.1169
MOD13Q1_061__250m_16_days_NDVI_doy2002145000000_aid0001,_250m_16_days_NDVI,aid0001,2002-05-25,7478755.0,-0.2,0.9991,"(-0.2,0.9991)",0.3900047,0.2847546,0.0810852,0.6553,0.9991,0.365,-0.2,0.1125
MOD13Q1_061__250m_16_days_NDVI_doy2002161000000_aid0001,_250m_16_days_NDVI,aid0001,2002-06-10,7476109.0,-0.2,0.998,"(-0.2,0.998)",0.3725231,0.2716422,0.0737895,0.622,0.998,0.3324,-0.2,0.1106
MOD13Q1_061__250m_16_days_NDVI_doy2002177000000_aid0001,_250m_16_days_NDVI,aid0001,2002-06-26,7476673.0,-0.2,0.9961,"(-0.2,0.9961)",0.3554139,0.2606531,0.0679401,0.5911,0.9961,0.3099,-0.2,0.1095
MOD13Q1_061__250m_16_days_NDVI_doy2002193000000_aid0001,_250m_16_days_NDVI,aid0001,2002-07-12,7475132.0,-0.2,0.9981,"(-0.2,0.9981)",0.3350337,0.2576558,0.0663865,0.5612,0.9981,0.292,-0.2,0.1026
MOD13Q1_061__250m_16_days_NDVI_doy2002209000000_aid0001,_250m_16_days_NDVI,aid0001,2002-07-28,7475728.0,-0.2,0.9945,"(-0.2,0.9945)",0.318631,0.2375629,0.0564361,0.5198,0.9945,0.2776,-0.2,0.1033
MOD13Q1_061__250m_16_days_NDVI_doy2002225000000_aid0001,_250m_16_days_NDVI,aid0001,2002-08-13,7476317.0,-0.2,0.9984,"(-0.2,0.9984)",0.2988511,0.2167822,0.0469945,0.4693,0.9984,0.2661,-0.2,0.1027
MOD13Q1_061__250m_16_days_NDVI_doy2002241000000_aid0001,_250m_16_days_NDVI,aid0001,2002-08-29,7476393.0,-0.2,0.9981,"(-0.2,0.9981)",0.2913849,0.2081457,0.0433246,0.4568,0.9779,0.261,-0.2,0.1021
MOD13Q1_061__250m_16_days_NDVI_doy2002257000000_aid0001,_250m_16_days_NDVI,aid0001,2002-09-14,7478455.0,-0.2,0.9978,"(-0.2,0.9978)",0.2957214,0.2140295,0.0458086,0.4658,0.9978,0.2601,-0.2,0.1005
MOD13Q1_061__250m_16_days_NDVI_doy2002273000000_aid0001,_250m_16_days_NDVI,aid0001,2002-09-30,7480675.0,-0.2,0.9982,"(-0.2,0.9982)",0.3112402,0.2279624,0.0519669,0.4983,0.9982,0.2721,-0.2,0.1013
MOD13Q1_061__250m_16_days_NDVI_doy2002289000000_aid0001,_250m_16_days_NDVI,aid0001,2002-10-16,7480314.0,-0.2,0.9993,"(-0.2,0.9993)",0.3367373,0.2510227,0.0630124,0.5511,0.9993,0.275,-0.2,0.1032
MOD13Q1_061__250m_16_days_NDVI_doy2002305000000_aid0001,_250m_16_days_NDVI,aid0001,2002-11-01,7481310.0,-0.2,0.9995,"(-0.2,0.9995)",0.3644724,0.2763739,0.0763825,0.6116,0.9995,0.2951,-0.2,0.1011
MOD13Q1_061__250m_16_days_NDVI_doy2002321000000_aid0001,_250m_16_days_NDVI,aid0001,2002-11-17,7482145.0,-0.2,0.9995,"(-0.2,0.9995)",0.3837445,0.2896608,0.0839034,0.659,0.9995,0.3218,-0.2,0.103
MOD13Q1_061__250m_16_days_NDVI_doy2002337000000_aid0001,_250m_16_days_NDVI,aid0001,2002-12-03,7482822.0,-0.2,0.9996,"(-0.2,0.9996)",0.4095358,0.3091375,0.095566,0.7084,0.9996,0.3499,-0.2,0.1035
MOD13Q1_061__250m_16_days_NDVI_doy2002353000000_aid0001,_250m_16_days_NDVI,aid0001,2002-12-19,7483085.0,-0.2,0.9995,"(-0.2,0.9995)",0.4289037,0.3167691,0.1003426,0.7347,0.9995,0.4188,-0.2,0.1078
MOD13Q1_061__250m_16_days_NDVI_doy2003001000000_aid0001,_250m_16_days_NDVI,aid0001,2003-01-01,7481845.0,-0.2,0.9997,"(-0.2,0.9997)",0.4342701,0.315111,0.0992949,0.7336,0.9997,0.4543,-0.2,0.1097
MOD13Q1_061__250m_16_days_NDVI_doy2003017000000_aid0001,_250m_16_days_NDVI,aid0001,2003-01-17,7481616.0,-0.2,0.9992,"(-0.2,0.9992)",0.450724,0.3237361,0.1048051,0.7588,0.9992,0.5036,-0.2,0.1131
MOD13Q1_061__250m_16_days_NDVI_doy2003033000000_aid0001,_250m_16_days_NDVI,aid0001,2003-02-02,7481526.0,-0.2,0.9991,"(-0.2,0.9991)",0.4530528,0.3241197,0.1050536,0.7634,0.9991,0.4981,-0.2,0.1166
MOD13Q1_061__250m_16_days_NDVI_doy2003049000000_aid0001,_250m_16_days_NDVI,aid0001,2003-02-18,7482571.0,-0.2,0.9994,"(-0.2,0.9994)",0.4445654,0.3167325,0.1003195,0.7435,0.9994,0.4701,-0.2,0.1176
MOD13Q1_061__250m_16_days_NDVI_doy2003065000000_aid0001,_250m_16_days_NDVI,aid0001,2003-03-06,7479890.0,-0.2,0.9996,"(-0.2,0.9996)",0.4389659,0.3117839,0.0972092,0.745,0.9996,0.4207,-0.2,0.1201
MOD13Q1_061__250m_16_days_NDVI_doy2003081000000_aid0001,_250m_16_days_NDVI,aid0001,2003-03-22,7479372.0,-0.2,0.9995,"(-0.2,0.9995)",0.4446973,0.3111884,0.0968382,0.7447,0.9995,0.4693,-0.2,0.121
MOD13Q1_061__250m_16_days_NDVI_doy2003097000000_aid0001,_250m_16_days_NDVI,aid0001,2003-04-07,7479158.0,-0.2,0.9993,"(-0.2,0.9993)",0.4412624,0.3113483,0.0969378,0.7416,0.9993,0.4752,-0.2,0.1169
MOD13Q1_061__250m_16_days_NDVI_doy2003113000000_aid0001,_250m_16_days_NDVI,aid0001,2003-04-23,7479262.0,-0.2,0.9994,"(-0.2,0.9994)",0.4216423,0.3030978,0.0918683,0.7154,0.9994,0.4072,-0.2,0.1137
MOD13Q1_061__250m_16_days_NDVI_doy2003129000000_aid0001,_250m_16_days_NDVI,aid0001,2003-05-09,7480475.0,-0.2,0.9955,"(-0.2,0.9955)",0.4042534,0.2921548,0.0853544,0.6855,0.9955,0.3791,-0.2,0.1116
MOD13Q1_061__250m_16_days_NDVI_doy2003145000000_aid0001,_250m_16_days_NDVI,aid0001,2003-05-25,7478682.0,-0.2,0.999,"(-0.2,0.999)",0.3917013,0.2876945,0.0827681,0.6697,0.999,0.3529,-0.2,0.1102
MOD13Q1_061__250m_16_days_NDVI_doy2003161000000_aid0001,_250m_16_days_NDVI,aid0001,2003-06-10,7480147.0,-0.2,0.9985,"(-0.2,0.9985)",0.3712251,0.2713155,0.0736121,0.6291,0.9985,0.3253,-0.2,0.1098
MOD13Q1_061__250m_16_days_NDVI_doy2003177000000_aid0001,_250m_16_days_NDVI,aid0001,2003-06-26,7482398.0,-0.2,0.9991,"(-0.2,0.9991)",0.3484764,0.2529399,0.0639786,0.5783,0.9991,0.3086,-0.2,0.1077
MOD13Q1_061__250m_16_days_NDVI_doy2003193000000_aid0001,_250m_16_days_NDVI,aid0001,2003-07-12,7480566.0,-0.2,0.9742,"(-0.2,0.9742)",0.3326008,0.2431772,0.0591351,0.5539,0.9742,0.2845,-0.2,0.105
MOD13Q1_061__250m_16_days_NDVI_doy2003209000000_aid0001,_250m_16_days_NDVI,aid0001,2003-07-28,7479163.0,-0.2,0.9844,"(-0.2,0.9844)",0.3127668,0.2277061,0.05185,0.5121,0.9844,0.2714,-0.2,0.103
MOD13Q1_061__250m_16_days_NDVI_doy2003225000000_aid0001,_250m_16_days_NDVI,aid0001,2003-08-13,7478525.0,-0.2,0.982,"(-0.2,0.982)",0.2987069,0.2146486,0.046074,0.4805,0.982,0.2608,-0.2,0.1023
MOD13Q1_061__250m_16_days_NDVI_doy2003241000000_aid0001,_250m_16_days_NDVI,aid0001,2003-08-29,7479512.0,-0.2,0.9913,"(-0.2,0.9913)",0.2788739,0.1962592,0.0385177,0.4412,0.9384,0.2484,-0.2,0.1001
MOD13Q1_061__250m_16_days_NDVI_doy2003257000000_aid0001,_250m_16_days_NDVI,aid0001,2003-09-14,7479365.0,-0.2,0.9749,"(-0.2,0.9749)",0.2756882,0.1923367,0.0369934,0.4377,0.9272,0.2478,-0.2,0.0996
MOD13Q1_061__250m_16_days_NDVI_doy2003273000000_aid0001,_250m_16_days_NDVI,aid0001,2003-09-30,7480746.0,-0.2,0.9975,"(-0.2,0.9975)",0.3008506,0.2186921,0.0478262,0.4911,0.9975,0.2534,-0.2,0.0992
MOD13Q1_061__250m_16_days_NDVI_doy2003289000000_aid0001,_250m_16_days_NDVI,aid0001,2003-10-16,7482409.0,-0.2,0.9988,"(-0.2,0.9988)",0.3219883,0.2421629,0.0586429,0.5309,0.9988,0.259,-0.2,0.0985
MOD13Q1_061__250m_16_days_NDVI_doy2003305000000_aid0001,_250m_16_days_NDVI,aid0001,2003-11-01,7484061.0,-0.2,0.9911,"(-0.2,0.9911)",0.3372378,0.2573026,0.0662046,0.5568,0.9911,0.2688,-0.2,0.0986
MOD13Q1_061__250m_16_days_NDVI_doy2003321000000_aid0001,_250m_16_days_NDVI,aid0001,2003-11-17,7484245.0,-0.2,0.9995,"(-0.2,0.9995)",0.3409258,0.2604936,0.0678569,0.5603,0.9995,0.2733,-0.2,0.0996
MOD13Q1_061__250m_16_days_NDVI_doy2003337000000_aid0001,_250m_16_days_NDVI,aid0001,2003-12-03,7484000.0,-0.2,0.9994,"(-0.2,0.9994)",0.3788524,0.2916542,0.0850622,0.6582,0.9994,0.3058,-0.2,0.0998
MOD13Q1_061__250m_16_days_NDVI_doy2003353000000_aid0001,_250m_16_days_NDVI,aid0001,2003-12-19,7485128.0,-0.2,0.9997,"(-0.2,0.9997)",0.3763943,0.2866311,0.0821574,0.6502,0.9997,0.3082,-0.2,0.1014
MOD13Q1_061__250m_16_days_NDVI_doy2004001000000_aid0001,_250m_16_days_NDVI,aid0001,2004-01-01,7484242.0,-0.2,0.9996,"(-0.2,0.9996)",0.4148833,0.3129486,0.0979368,0.7161,0.9996,0.3636,-0.2,0.1055
MOD13Q1_061__250m_16_days_NDVI_doy2004017000000_aid0001,_250m_16_days_NDVI,aid0001,2004-01-17,7481394.0,-0.2,0.9996,"(-0.2,0.9996)",0.4388569,0.3154439,0.0995048,0.7374,0.9996,0.438,-0.2,0.1173
MOD13Q1_061__250m_16_days_NDVI_doy2004033000000_aid0001,_250m_16_days_NDVI,aid0001,2004-02-02,7480584.0,-0.2,0.9995,"(-0.2,0.9995)",0.4592434,0.3200883,0.1024565,0.7648,0.9995,0.4936,-0.2,0.1255
MOD13Q1_061__250m_16_days_NDVI_doy2004049000000_aid0001,_250m_16_days_NDVI,aid0001,2004-02-18,7479024.0,-0.2,0.9995,"(-0.2,0.9995)",0.4545965,0.3119574,0.0973174,0.7376,0.9995,0.4896,-0.2,0.1303
MOD13Q1_061__250m_16_days_NDVI_doy2004065000000_aid0001,_250m_16_days_NDVI,aid0001,2004-03-05,7480872.0,-0.2,0.9996,"(-0.2,0.9996)",0.3999138,0.2888719,0.083447,0.6882,0.9996,0.3208,-0.2,0.123
MOD13Q1_061__250m_16_days_NDVI_doy2004081000000_aid0001,_250m_16_days_NDVI,aid0001,2004-03-21,7479727.0,-0.2,0.9995,"(-0.2,0.9995)",0.4506371,0.3119565,0.0973169,0.7456,0.9995,0.4878,-0.2,0.1254
MOD13Q1_061__250m_16_days_NDVI_doy2004097000000_aid0001,_250m_16_days_NDVI,aid0001,2004-04-06,7477216.0,-0.2,0.9994,"(-0.2,0.9994)",0.4500195,0.3168074,0.1003669,0.7553,0.9994,0.4768,-0.2,0.1215
MOD13Q1_061__250m_16_days_NDVI_doy2004113000000_aid0001,_250m_16_days_NDVI,aid0001,2004-04-22,7476848.0,-0.2,0.9994,"(-0.2,0.9994)",0.4335023,0.3102417,0.0962499,0.7358,0.9994,0.428,-0.2,0.1169
MOD13Q1_061__250m_16_days_NDVI_doy2004129000000_aid0001,_250m_16_days_NDVI,aid0001,2004-05-08,7482283.0,-0.2,0.9994,"(-0.2,0.9994)",0.4179373,0.303632,0.0921924,0.7159,0.9994,0.381,-0.2,0.1143
MOD13Q1_061__250m_16_days_NDVI_doy2004145000000_aid0001,_250m_16_days_NDVI,aid0001,2004-05-24,7477553.0,-0.1996,0.9993,"(-0.1996,0.9993)",0.4020404,0.2934868,0.0861345,0.688,0.9993,0.3627,-0.1996,0.1112
MOD13Q1_061__250m_16_days_NDVI_doy2004161000000_aid0001,_250m_16_days_NDVI,aid0001,2004-06-09,7476721.0,-0.2,0.9951,"(-0.2,0.9951)",0.3716187,0.2729988,0.0745284,0.6272,0.9951,0.3173,-0.2,0.1101
MOD13Q1_061__250m_16_days_NDVI_doy2004177000000_aid0001,_250m_16_days_NDVI,aid0001,2004-06-25,7480732.0,-0.2,0.999,"(-0.2,0.999)",0.3434129,0.2514362,0.0632201,0.5655,0.999,0.2929,-0.2,0.109
MOD13Q1_061__250m_16_days_NDVI_doy2004193000000_aid0001,_250m_16_days_NDVI,aid0001,2004-07-11,7476456.0,-0.2,0.9991,"(-0.2,0.9991)",0.3381081,0.245888,0.0604609,0.5485,0.9991,0.2929,-0.2,0.1086
MOD13Q1_061__250m_16_days_NDVI_doy2004209000000_aid0001,_250m_16_days_NDVI,aid0001,2004-07-27,7477989.0,-0.2,0.9989,"(-0.2,0.9989)",0.3201972,0.2323895,0.0540049,0.5155,0.9989,0.2772,-0.2,0.1064
MOD13Q1_061__250m_16_days_NDVI_doy2004225000000_aid0001,_250m_16_days_NDVI,aid0001,2004-08-12,7477912.0,-0.2,0.9981,"(-0.2,0.9981)",0.3077683,0.2234419,0.0499263,0.486,0.9981,0.2732,-0.2,0.1048
MOD13Q1_061__250m_16_days_NDVI_doy2004241000000_aid0001,_250m_16_days_NDVI,aid0001,2004-08-28,7478003.0,-0.2,0.9955,"(-0.2,0.9955)",0.2985477,0.2124083,0.0451173,0.4661,0.9955,0.27,-0.2,0.1045
MOD13Q1_061__250m_16_days_NDVI_doy2004257000000_aid0001,_250m_16_days_NDVI,aid0001,2004-09-13,7478938.0,-0.2,0.9798,"(-0.2,0.9798)",0.2971759,0.2122062,0.0450315,0.4585,0.9798,0.2688,-0.2,0.1035
MOD13Q1_061__250m_16_days_NDVI_doy2004273000000_aid0001,_250m_16_days_NDVI,aid0001,2004-09-29,7480642.0,-0.2,0.9992,"(-0.2,0.9992)",0.3104002,0.2289105,0.0524,0.481,0.9992,0.2715,-0.2,0.102
MOD13Q1_061__250m_16_days_NDVI_doy2004289000000_aid0001,_250m_16_days_NDVI,aid0001,2004-10-15,7481973.0,-0.2,0.9929,"(-0.2,0.9929)",0.3124084,0.2367509,0.056051,0.488,0.9929,0.2608,-0.2,0.0995
MOD13Q1_061__250m_16_days_NDVI_doy2004305000000_aid0001,_250m_16_days_NDVI,aid0001,2004-10-31,7482383.0,-0.2,0.9991,"(-0.2,0.9991)",0.3086633,0.232691,0.0541451,0.4843,0.9991,0.2527,-0.2,0.0993
MOD13Q1_061__250m_16_days_NDVI_doy2004321000000_aid0001,_250m_16_days_NDVI,aid0001,2004-11-16,7482763.0,-0.2,0.9995,"(-0.2,0.9995)",0.3750948,0.2873349,0.0825613,0.6422,0.9995,0.3067,-0.2,0.1006
MOD13Q1_061__250m_16_days_NDVI_doy2004337000000_aid0001,_250m_16_days_NDVI,aid0001,2004-12-02,7483911.0,-0.2,0.9992,"(-0.2,0.9992)",0.3913536,0.2964042,0.0878555,0.6629,0.9992,0.3413,-0.2,0.1017
MOD13Q1_061__250m_16_days_NDVI_doy2004353000000_aid0001,_250m_16_days_NDVI,aid0001,2004-12-18,7483520.0,-0.2,0.9996,"(-0.2,0.9996)",0.4065607,0.3062029,0.0937602,0.7051,0.9996,0.3571,-0.2,0.1032
MOD13Q1_061__250m_16_days_NDVI_doy2005001000000_aid0001,_250m_16_days_NDVI,aid0001,2005-01-01,7482713.0,-0.2,0.9995,"(-0.2,0.9995)",0.4170237,0.3081614,0.0949634,0.7029,0.9995,0.4127,-0.2,0.1065
MOD13Q1_061__250m_16_days_NDVI_doy2005017000000_aid0001,_250m_16_days_NDVI,aid0001,2005-01-17,7481088.0,-0.2,0.9994,"(-0.2,0.9994)",0.4260803,0.3068645,0.0941658,0.707,0.9994,0.4357,-0.2,0.1126
MOD13Q1_061__250m_16_days_NDVI_doy2005033000000_aid0001,_250m_16_days_NDVI,aid0001,2005-02-02,7479664.0,-0.2,0.9996,"(-0.2,0.9996)",0.4250295,0.2982299,0.088941,0.6959,0.9996,0.4258,-0.2,0.1222
MOD13Q1_061__250m_16_days_NDVI_doy2005049000000_aid0001,_250m_16_days_NDVI,aid0001,2005-02-18,7477167.0,-0.1995,0.9994,"(-0.1995,0.9994)",0.4483767,0.3121251,0.0974221,0.737,0.9994,0.4678,-0.1995,0.1255
MOD13Q1_061__250m_16_days_NDVI_doy2005065000000_aid0001,_250m_16_days_NDVI,aid0001,2005-03-06,7476778.0,-0.2,0.9995,"(-0.2,0.9995)",0.4554102,0.3133491,0.0981876,0.7458,0.9995,0.4953,-0.2,0.1298
MOD13Q1_061__250m_16_days_NDVI_doy2005081000000_aid0001,_250m_16_days_NDVI,aid0001,2005-03-22,7478152.0,-0.2,0.9995,"(-0.2,0.9995)",0.4386494,0.3018066,0.0910872,0.7148,0.9995,0.4681,-0.2,0.1281
MOD13Q1_061__250m_16_days_NDVI_doy2005097000000_aid0001,_250m_16_days_NDVI,aid0001,2005-04-07,7478084.0,-0.2,0.9994,"(-0.2,0.9994)",0.4381039,0.3069192,0.0941994,0.7251,0.9994,0.4643,-0.2,0.1235
MOD13Q1_061__250m_16_days_NDVI_doy2005113000000_aid0001,_250m_16_days_NDVI,aid0001,2005-04-23,7476970.0,-0.2,0.9992,"(-0.2,0.9992)",0.4189449,0.3009493,0.0905705,0.697,0.9992,0.4147,-0.2,0.1177
MOD13Q1_061__250m_16_days_NDVI_doy2005129000000_aid0001,_250m_16_days_NDVI,aid0001,2005-05-09,7483833.0,-0.1996,0.9991,"(-0.1996,0.9991)",0.391566,0.2856409,0.0815907,0.652,0.9991,0.354,-0.1996,0.1149
MOD13Q1_061__250m_16_days_NDVI_doy2005145000000_aid0001,_250m_16_days_NDVI,aid0001,2005-05-25,7478472.0,-0.2,0.9991,"(-0.2,0.9991)",0.3780114,0.277566,0.0770429,0.6307,0.9991,0.3317,-0.2,0.1124
MOD13Q1_061__250m_16_days_NDVI_doy2005161000000_aid0001,_250m_16_days_NDVI,aid0001,2005-06-10,7482003.0,-0.2,0.9992,"(-0.2,0.9992)",0.3274586,0.2542117,0.0646236,0.5686,0.9992,0.2131,-0.2,0.1059
MOD13Q1_061__250m_16_days_NDVI_doy2005177000000_aid0001,_250m_16_days_NDVI,aid0001,2005-06-26,7479258.0,-0.2,0.9966,"(-0.2,0.9966)",0.3580045,0.2622632,0.068782,0.5944,0.9966,0.3078,-0.2,0.1099
MOD13Q1_061__250m_16_days_NDVI_doy2005193000000_aid0001,_250m_16_days_NDVI,aid0001,2005-07-12,7480223.0,-0.2,0.9985,"(-0.2,0.9985)",0.3319274,0.2426028,0.0588561,0.5344,0.9985,0.2814,-0.2,0.1083
MOD13Q1_061__250m_16_days_NDVI_doy2005209000000_aid0001,_250m_16_days_NDVI,aid0001,2005-07-28,7478451.0,-0.2,0.9946,"(-0.2,0.9946)",0.3102788,0.2257218,0.0509503,0.492,0.9946,0.2638,-0.2,0.1052
MOD13Q1_061__250m_16_days_NDVI_doy2005225000000_aid0001,_250m_16_days_NDVI,aid0001,2005-08-13,7478391.0,-0.2,0.9983,"(-0.2,0.9983)",0.2903641,0.2068138,0.0427719,0.4548,0.9803,0.2538,-0.2,0.1042
MOD13Q1_061__250m_16_days_NDVI_doy2005241000000_aid0001,_250m_16_days_NDVI,aid0001,2005-08-29,7480055.0,-0.2,0.9937,"(-0.2,0.9937)",0.2759287,0.1944182,0.0377984,0.4276,0.9068,0.2443,-0.2,0.1018
MOD13Q1_061__250m_16_days_NDVI_doy2005257000000_aid0001,_250m_16_days_NDVI,aid0001,2005-09-14,7480708.0,-0.2,0.9982,"(-0.2,0.9982)",0.2705002,0.1973506,0.0389473,0.4276,0.9206,0.2475,-0.2,0.0989
MOD13Q1_061__250m_16_days_NDVI_doy2005273000000_aid0001,_250m_16_days_NDVI,aid0001,2005-09-30,7480577.0,-0.2,0.9851,"(-0.2,0.9851)",0.2699374,0.1934621,0.0374276,0.4203,0.8963,0.2403,-0.2,0.0994
MOD13Q1_061__250m_16_days_NDVI_doy2005289000000_aid0001,_250m_16_days_NDVI,aid0001,2005-10-16,7482007.0,-0.2,0.9981,"(-0.2,0.9981)",0.2717311,0.1946818,0.037901,0.4153,0.8901,0.2407,-0.2,0.0987
MOD13Q1_061__250m_16_days_NDVI_doy2005305000000_aid0001,_250m_16_days_NDVI,aid0001,2005-11-01,7482473.0,-0.2,0.9969,"(-0.2,0.9969)",0.2904696,0.2155142,0.0464464,0.4483,0.9731,0.2404,-0.2,0.0984
MOD13Q1_061__250m_16_days_NDVI_doy2005321000000_aid0001,_250m_16_days_NDVI,aid0001,2005-11-17,7483857.0,-0.2,0.9987,"(-0.2,0.9987)",0.331956,0.2524324,0.0637221,0.5324,0.9987,0.2682,-0.2,0.101
MOD13Q1_061__250m_16_days_NDVI_doy2005337000000_aid0001,_250m_16_days_NDVI,aid0001,2005-12-03,7483712.0,-0.2,0.9993,"(-0.2,0.9993)",0.3846654,0.2914963,0.0849701,0.66,0.9993,0.3236,-0.2,0.102
MOD13Q1_061__250m_16_days_NDVI_doy2005353000000_aid0001,_250m_16_days_NDVI,aid0001,2005-12-19,7482754.0,-0.2,0.9996,"(-0.2,0.9996)",0.392281,0.2999456,0.0899674,0.6713,0.9996,0.3197,-0.2,0.1029
MOD13Q1_061__250m_16_days_NDVI_doy2006001000000_aid0001,_250m_16_days_NDVI,aid0001,2006-01-01,7481777.0,-0.2,0.9994,"(-0.2,0.9994)",0.4322394,0.3126042,0.0977214,0.7258,0.9994,0.4348,-0.2,0.1111
MOD13Q1_061__250m_16_days_NDVI_doy2006017000000_aid0001,_250m_16_days_NDVI,aid0001,2006-01-17,7477224.0,-0.2,0.9995,"(-0.2,0.9995)",0.4602968,0.3236904,0.1047755,0.7698,0.9995,0.5051,-0.2,0.1208
MOD13Q1_061__250m_16_days_NDVI_doy2006033000000_aid0001,_250m_16_days_NDVI,aid0001,2006-02-02,7474246.0,-0.2,0.9996,"(-0.2,0.9996)",0.4735149,0.3214839,0.1033519,0.772,0.9996,0.543,-0.2,0.1323
MOD13Q1_061__250m_16_days_NDVI_doy2006049000000_aid0001,_250m_16_days_NDVI,aid0001,2006-02-18,7473057.0,-0.2,0.9996,"(-0.2,0.9996)",0.4761098,0.3226369,0.1040946,0.7812,0.9996,0.5409,-0.2,0.1331
MOD13Q1_061__250m_16_days_NDVI_doy2006065000000_aid0001,_250m_16_days_NDVI,aid0001,2006-03-06,7477603.0,-0.2,0.9996,"(-0.2,0.9996)",0.4670258,0.3187456,0.1015988,0.7723,0.9996,0.5195,-0.2,0.1321
MOD13Q1_061__250m_16_days_NDVI_doy2006081000000_aid0001,_250m_16_days_NDVI,aid0001,2006-03-22,7478054.0,-0.2,0.9996,"(-0.2,0.9996)",0.4392862,0.3057857,0.0935049,0.739,0.9996,0.4144,-0.2,0.1293
MOD13Q1_061__250m_16_days_NDVI_doy2006097000000_aid0001,_250m_16_days_NDVI,aid0001,2006-04-07,7476901.0,-0.2,0.9995,"(-0.2,0.9995)",0.4530464,0.3125925,0.0977141,0.7515,0.9995,0.5082,-0.2,0.125
MOD13Q1_061__250m_16_days_NDVI_doy2006113000000_aid0001,_250m_16_days_NDVI,aid0001,2006-04-23,7476683.0,-0.2,0.9992,"(-0.2,0.9992)",0.4357827,0.3063204,0.0938322,0.7293,0.9992,0.433,-0.2,0.1224
MOD13Q1_061__250m_16_days_NDVI_doy2006129000000_aid0001,_250m_16_days_NDVI,aid0001,2006-05-09,7477886.0,-0.2,0.9992,"(-0.2,0.9992)",0.4154283,0.2959638,0.0875946,0.6966,0.9992,0.3895,-0.2,0.1187
MOD13Q1_061__250m_16_days_NDVI_doy2006145000000_aid0001,_250m_16_days_NDVI,aid0001,2006-05-25,7476238.0,-0.2,0.9991,"(-0.2,0.9991)",0.395046,0.284383,0.0808737,0.6629,0.9991,0.3586,-0.2,0.1146
MOD13Q1_061__250m_16_days_NDVI_doy2006161000000_aid0001,_250m_16_days_NDVI,aid0001,2006-06-10,7476206.0,-0.2,0.9991,"(-0.2,0.9991)",0.3722541,0.2707432,0.0733019,0.6202,0.9991,0.3284,-0.2,0.1119
MOD13Q1_061__250m_16_days_NDVI_doy2006177000000_aid0001,_250m_16_days_NDVI,aid0001,2006-06-26,7476404.0,-0.2,0.9965,"(-0.2,0.9965)",0.3643976,0.2642761,0.0698419,0.6022,0.9965,0.3243,-0.2,0.111
MOD13Q1_061__250m_16_days_NDVI_doy2006193000000_aid0001,_250m_16_days_NDVI,aid0001,2006-07-12,7475812.0,-0.2,0.9943,"(-0.2,0.9943)",0.3412887,0.2458552,0.0604448,0.5541,0.9943,0.3037,-0.2,0.1084
MOD13Q1_061__250m_16_days_NDVI_doy2006209000000_aid0001,_250m_16_days_NDVI,aid0001,2006-07-28,7476721.0,-0.2,0.9992,"(-0.2,0.9992)",0.3203651,0.2313236,0.0535106,0.5084,0.9992,0.2827,-0.2,0.1056
MOD13Q1_061__250m_16_days_NDVI_doy2006225000000_aid0001,_250m_16_days_NDVI,aid0001,2006-08-13,7478167.0,-0.2,0.9967,"(-0.2,0.9967)",0.3049774,0.216815,0.0470087,0.4764,0.9967,0.2729,-0.2,0.1052
MOD13Q1_061__250m_16_days_NDVI_doy2006241000000_aid0001,_250m_16_days_NDVI,aid0001,2006-08-29,7478502.0,-0.2,0.9962,"(-0.2,0.9962)",0.2852515,0.2014008,0.0405623,0.4357,0.9256,0.2576,-0.2,0.1037
MOD13Q1_061__250m_16_days_NDVI_doy2006257000000_aid0001,_250m_16_days_NDVI,aid0001,2006-09-14,7481080.0,-0.2,0.9573,"(-0.2,0.9573)",0.2756776,0.1922302,0.0369524,0.4175,0.8894,0.25,-0.2,0.1029
MOD13Q1_061__250m_16_days_NDVI_doy2006273000000_aid0001,_250m_16_days_NDVI,aid0001,2006-09-30,7479486.0,-0.2,0.9992,"(-0.2,0.9992)",0.2999151,0.2149691,0.0462117,0.4737,0.9992,0.2621,-0.2,0.1023
MOD13Q1_061__250m_16_days_NDVI_doy2006289000000_aid0001,_250m_16_days_NDVI,aid0001,2006-10-16,7480746.0,-0.2,0.9994,"(-0.2,0.9994)",0.312021,0.2328075,0.0541993,0.5038,0.9994,0.2491,-0.2,0.1007
MOD13Q1_061__250m_16_days_NDVI_doy2006305000000_aid0001,_250m_16_days_NDVI,aid0001,2006-11-01,7481890.0,-0.2,0.9939,"(-0.2,0.9939)",0.3459582,0.2648883,0.0701658,0.567,0.9939,0.2746,-0.2,0.1013
MOD13Q1_061__250m_16_days_NDVI_doy2006321000000_aid0001,_250m_16_days_NDVI,aid0001,2006-11-17,7482955.0,-0.2,0.9995,"(-0.2,0.9995)",0.3499468,0.2661206,0.0708202,0.5731,0.9995,0.2821,-0.2,0.1024
MOD13Q1_061__250m_16_days_NDVI_doy2006337000000_aid0001,_250m_16_days_NDVI,aid0001,2006-12-03,7482876.0,-0.2,0.9996,"(-0.2,0.9996)",0.406635,0.3056354,0.093413,0.7119,0.9996,0.3508,-0.2,0.1026
MOD13Q1_061__250m_16_days_NDVI_doy2006353000000_aid0001,_250m_16_days_NDVI,aid0001,2006-12-19,7483562.0,-0.2,0.9995,"(-0.2,0.9995)",0.4269382,0.3196834,0.1021974,0.7415,0.9995,0.385,-0.2,0.1058
MOD13Q1_061__250m_16_days_NDVI_doy2007001000000_aid0001,_250m_16_days_NDVI,aid0001,2007-01-01,7481470.0,-0.2,0.9996,"(-0.2,0.9996)",0.4175241,0.3099923,0.0960953,0.7224,0.9996,0.3664,-0.2,0.1094
MOD13Q1_061__250m_16_days_NDVI_doy2007017000000_aid0001,_250m_16_days_NDVI,aid0001,2007-01-17,7479707.0,-0.2,0.9996,"(-0.2,0.9996)",0.4510223,0.3190702,0.1018058,0.7602,0.9996,0.4867,-0.2,0.1159
MOD13Q1_061__250m_16_days_NDVI_doy2007033000000_aid0001,_250m_16_days_NDVI,aid0001,2007-02-02,7481113.0,-0.2,0.9995,"(-0.2,0.9995)",0.4679943,0.324977,0.1056101,0.7728,0.9995,0.5628,-0.2,0.121
MOD13Q1_061__250m_16_days_NDVI_doy2007049000000_aid0001,_250m_16_days_NDVI,aid0001,2007-02-18,7478254.0,-0.2,0.9995,"(-0.2,0.9995)",0.4696874,0.3265646,0.1066444,0.7788,0.9995,0.5476,-0.2,0.1232
MOD13Q1_061__250m_16_days_NDVI_doy2007065000000_aid0001,_250m_16_days_NDVI,aid0001,2007-03-06,7478878.0,-0.2,0.9994,"(-0.2,0.9994)",0.4600683,0.3214433,0.1033258,0.765,0.9994,0.5157,-0.2,0.1233
MOD13Q1_061__250m_16_days_NDVI_doy2007081000000_aid0001,_250m_16_days_NDVI,aid0001,2007-03-22,7482287.0,-0.2,0.9996,"(-0.2,0.9996)",0.3944909,0.2908001,0.0845647,0.6973,0.9996,0.3065,-0.2,0.117
MOD13Q1_061__250m_16_days_NDVI_doy2007097000000_aid0001,_250m_16_days_NDVI,aid0001,2007-04-07,7478495.0,-0.2,0.9994,"(-0.2,0.9994)",0.4443744,0.3139396,0.0985581,0.743,0.9994,0.5092,-0.2,0.1172
MOD13Q1_061__250m_16_days_NDVI_doy2007113000000_aid0001,_250m_16_days_NDVI,aid0001,2007-04-23,7477645.0,-0.2,0.9988,"(-0.2,0.9988)",0.4178845,0.2993491,0.0896099,0.7008,0.9988,0.4057,-0.2,0.115
MOD13Q1_061__250m_16_days_NDVI_doy2007129000000_aid0001,_250m_16_days_NDVI,aid0001,2007-05-09,7477623.0,-0.2,0.9995,"(-0.2,0.9995)",0.3919516,0.2830222,0.0801016,0.6585,0.9995,0.3518,-0.2,0.1123
MOD13Q1_061__250m_16_days_NDVI_doy2007145000000_aid0001,_250m_16_days_NDVI,aid0001,2007-05-25,7479521.0,-0.2,0.9957,"(-0.2,0.9957)",0.37081,0.2702052,0.0730109,0.6203,0.9957,0.3145,-0.2,0.1113
MOD13Q1_061__250m_16_days_NDVI_doy2007161000000_aid0001,_250m_16_days_NDVI,aid0001,2007-06-10,7480118.0,-0.2,0.9992,"(-0.2,0.9992)",0.3225225,0.243865,0.0594701,0.5352,0.9992,0.2355,-0.2,0.1078
MOD13Q1_061__250m_16_days_NDVI_doy2007177000000_aid0001,_250m_16_days_NDVI,aid0001,2007-06-26,7477840.0,-0.2,0.9971,"(-0.2,0.9971)",0.3336405,0.2506197,0.0628102,0.5541,0.9971,0.2837,-0.2,0.1057
MOD13Q1_061__250m_16_days_NDVI_doy2007193000000_aid0001,_250m_16_days_NDVI,aid0001,2007-07-12,7477558.0,-0.2,0.9687,"(-0.2,0.9687)",0.3038031,0.2205169,0.0486277,0.4879,0.9687,0.262,-0.2,0.1051
MOD13Q1_061__250m_16_days_NDVI_doy2007209000000_aid0001,_250m_16_days_NDVI,aid0001,2007-07-28,7478434.0,-0.2,0.9799,"(-0.2,0.9799)",0.2834972,0.2006942,0.0402782,0.4393,0.9285,0.2501,-0.2,0.1038
MOD13Q1_061__250m_16_days_NDVI_doy2007225000000_aid0001,_250m_16_days_NDVI,aid0001,2007-08-13,7478816.0,-0.2,0.9441,"(-0.2,0.9441)",0.2718789,0.1913337,0.0366086,0.4121,0.8764,0.2405,-0.2,0.1025
MOD13Q1_061__250m_16_days_NDVI_doy2007241000000_aid0001,_250m_16_days_NDVI,aid0001,2007-08-29,7479963.0,-0.2,0.9721,"(-0.2,0.9721)",0.2649573,0.1842725,0.0339564,0.3911,0.8246,0.2409,-0.2,0.1021
MOD13Q1_061__250m_16_days_NDVI_doy2007257000000_aid0001,_250m_16_days_NDVI,aid0001,2007-09-14,7478916.0,-0.2,0.9985,"(-0.2,0.9985)",0.2791059,0.2007368,0.0402953,0.4131,0.881,0.2495,-0.2,0.1009
MOD13Q1_061__250m_16_days_NDVI_doy2007273000000_aid0001,_250m_16_days_NDVI,aid0001,2007-09-30,7481963.0,-0.1997,0.9914,"(-0.1997,0.9914)",0.2896689,0.2131613,0.0454378,0.443,0.9584,0.2495,-0.1997,0.0994
MOD13Q1_061__250m_16_days_NDVI_doy2007289000000_aid0001,_250m_16_days_NDVI,aid0001,2007-10-16,7482007.0,-0.2,0.9991,"(-0.2,0.9991)",0.3169882,0.2432866,0.0591884,0.4931,0.9991,0.2573,-0.2,0.0991
MOD13Q1_061__250m_16_days_NDVI_doy2007305000000_aid0001,_250m_16_days_NDVI,aid0001,2007-11-01,7482865.0,-0.2,0.9987,"(-0.2,0.9987)",0.3407483,0.2652234,0.0703435,0.5516,0.9987,0.2644,-0.2,0.099
MOD13Q1_061__250m_16_days_NDVI_doy2007321000000_aid0001,_250m_16_days_NDVI,aid0001,2007-11-17,7482533.0,-0.2,0.9994,"(-0.2,0.9994)",0.3480019,0.2705784,0.0732127,0.5583,0.9994,0.2726,-0.2,0.1006
MOD13Q1_061__250m_16_days_NDVI_doy2007337000000_aid0001,_250m_16_days_NDVI,aid0001,2007-12-03,7483055.0,-0.2,0.9994,"(-0.2,0.9994)",0.3728368,0.2859348,0.0817587,0.6328,0.9994,0.3018,-0.2,0.1014
MOD13Q1_061__250m_16_days_NDVI_doy2007353000000_aid0001,_250m_16_days_NDVI,aid0001,2007-12-19,7483265.0,-0.2,0.9994,"(-0.2,0.9994)",0.4020307,0.3008185,0.0904918,0.689,0.9994,0.3535,-0.2,0.1062
MOD13Q1_061__250m_16_days_NDVI_doy2000049000000_aid0002,_250m_16_days_NDVI,aid0002,2000-02-18,6905998.0,-0.2,0.9994,"(-0.2,0.9994)",0.6530349,0.1494923,0.022348,0.7537,0.9788,0.6935,0.3785,0.6036
MOD13Q1_061__250m_16_days_NDVI_doy2000065000000_aid0002,_250m_16_days_NDVI,aid0002,2000-03-05,6907222.0,-0.2,0.9993,"(-0.2,0.9993)",0.7281924,0.1099515,0.0120893,0.7954,0.9424,0.7574,0.5504,0.6974
MOD13Q1_061__250m_16_days_NDVI_doy2000081000000_aid0002,_250m_16_days_NDVI,aid0002,2000-03-21,6909154.0,-0.2,0.9993,"(-0.2,0.9993)",0.7151466,0.1091382,0.0119111,0.783,0.9364,0.7453,0.5273,0.6807
MOD13Q1_061__250m_16_days_NDVI_doy2000097000000_aid0002,_250m_16_days_NDVI,aid0002,2000-04-06,6906970.0,-0.2,0.9979,"(-0.2,0.9979)",0.7305789,0.0869809,0.0075657,0.7824,0.9001,0.7502,0.5862,0.7039
MOD13Q1_061__250m_16_days_NDVI_doy2000113000000_aid0002,_250m_16_days_NDVI,aid0002,2000-04-22,6906215.0,-0.2,0.9984,"(-0.2,0.9984)",0.7247447,0.0807247,0.0065165,0.7726,0.8837,0.7402,0.5874,0.6985
MOD13Q1_061__250m_16_days_NDVI_doy2000129000000_aid0002,_250m_16_days_NDVI,aid0002,2000-05-08,6906293.0,-0.2,0.9979,"(-0.2,0.9979)",0.7134068,0.0796654,0.0063466,0.76,0.8642,0.7289,0.5863,0.6905
MOD13Q1_061__250m_16_days_NDVI_doy2000145000000_aid0002,_250m_16_days_NDVI,aid0002,2000-05-24,6907466.0,-0.2,0.9992,"(-0.2,0.9992)",0.6918147,0.0982761,0.0096582,0.7485,0.8688,0.7119,0.548,0.6683
MOD13Q1_061__250m_16_days_NDVI_doy2000161000000_aid0002,_250m_16_days_NDVI,aid0002,2000-06-09,6905530.0,-0.2,0.9976,"(-0.2,0.9976)",0.6796564,0.0872586,0.0076141,0.7371,0.8769,0.6954,0.5041,0.6439
MOD13Q1_061__250m_16_days_NDVI_doy2000177000000_aid0002,_250m_16_days_NDVI,aid0002,2000-06-25,6904428.0,-0.2,0.9991,"(-0.2,0.9991)",0.660126,0.0917255,0.0084136,0.7228,0.8809,0.6748,0.4593,0.6174
MOD13Q1_061__250m_16_days_NDVI_doy2000193000000_aid0002,_250m_16_days_NDVI,aid0002,2000-07-11,6903456.0,-0.2,0.952,"(-0.2,0.952)",0.5984395,0.1061755,0.0112732,0.6778,0.8869,0.6092,0.3251,0.5367
MOD13Q1_061__250m_16_days_NDVI_doy2000209000000_aid0002,_250m_16_days_NDVI,aid0002,2000-07-27,6907515.0,-0.2,0.9754,"(-0.2,0.9754)",0.5180901,0.1067621,0.0113981,0.5884,0.7861,0.5161,0.2589,0.4566
MOD13Q1_061__250m_16_days_NDVI_doy2000225000000_aid0002,_250m_16_days_NDVI,aid0002,2000-08-12,6905479.0,-0.2,0.9256,"(-0.2,0.9256)",0.5095488,0.107564,0.01157,0.5888,0.8204,0.5003,0.2028,0.4344
MOD13Q1_061__250m_16_days_NDVI_doy2000241000000_aid0002,_250m_16_days_NDVI,aid0002,2000-08-28,6904188.0,-0.2,0.9116,"(-0.2,0.9116)",0.5099516,0.1115619,0.0124461,0.5963,0.8492,0.5021,0.1748,0.4277
MOD13Q1_061__250m_16_days_NDVI_doy2000257000000_aid0002,_250m_16_days_NDVI,aid0002,2000-09-13,6905272.0,-0.2,0.9691,"(-0.2,0.9691)",0.5291921,0.118285,0.0139913,0.6162,0.8744,0.5262,0.1852,0.4438
MOD13Q1_061__250m_16_days_NDVI_doy2000273000000_aid0002,_250m_16_days_NDVI,aid0002,2000-09-29,6904673.0,-0.2,0.9175,"(-0.2,0.9175)",0.5193798,0.1124209,0.0126385,0.5978,0.8276,0.5132,0.2148,0.4446
MOD13Q1_061__250m_16_days_NDVI_doy2000289000000_aid0002,_250m_16_days_NDVI,aid0002,2000-10-15,6905392.0,-0.2,0.9983,"(-0.2,0.9983)",0.6408199,0.1177619,0.0138679,0.7261,0.9481,0.6543,0.3554,0.5778
MOD13Q1_061__250m_16_days_NDVI_doy2000305000000_aid0002,_250m_16_days_NDVI,aid0002,2000-10-31,6906188.0,-0.2,0.9994,"(-0.2,0.9994)",0.6732895,0.1116459,0.0124648,0.7545,0.9677,0.6884,0.399,0.6123
MOD13Q1_061__250m_16_days_NDVI_doy2000321000000_aid0002,_250m_16_days_NDVI,aid0002,2000-11-16,6905232.0,-0.2,0.9992,"(-0.2,0.9992)",0.6817429,0.1021184,0.0104282,0.7487,0.9156,0.6966,0.4705,0.6374
MOD13Q1_061__250m_16_days_NDVI_doy2000337000000_aid0002,_250m_16_days_NDVI,aid0002,2000-12-02,6906906.0,-0.2,0.9974,"(-0.2,0.9974)",0.7039182,0.0964111,0.0092951,0.7661,0.92,0.7179,0.5094,0.6634
MOD13Q1_061__250m_16_days_NDVI_doy2000353000000_aid0002,_250m_16_days_NDVI,aid0002,2000-12-18,6907218.0,-0.2,0.998,"(-0.2,0.998)",0.6825742,0.0976867,0.0095427,0.7482,0.9163,0.6952,0.468,0.6361
MOD13Q1_061__250m_16_days_NDVI_doy2001001000000_aid0002,_250m_16_days_NDVI,aid0002,2001-01-01,6907650.0,-0.2,0.9992,"(-0.2,0.9992)",0.6792154,0.0939288,0.0088226,0.7411,0.9012,0.6904,0.4741,0.6343
MOD13Q1_061__250m_16_days_NDVI_doy2001017000000_aid0002,_250m_16_days_NDVI,aid0002,2001-01-17,6907024.0,-0.2,0.999,"(-0.2,0.999)",0.6963904,0.0966133,0.0093341,0.7589,0.9147,0.7111,0.4992,0.655
MOD13Q1_061__250m_16_days_NDVI_doy2001033000000_aid0002,_250m_16_days_NDVI,aid0002,2001-02-02,6906703.0,-0.2,0.9991,"(-0.2,0.9991)",0.723163,0.0942403,0.0088812,0.7844,0.9341,0.7403,0.5349,0.6846
MOD13Q1_061__250m_16_days_NDVI_doy2001049000000_aid0002,_250m_16_days_NDVI,aid0002,2001-02-18,6906375.0,-0.2,0.9995,"(-0.2,0.9995)",0.7453256,0.0777094,0.0060388,0.7912,0.9035,0.7579,0.604,0.7163
MOD13Q1_061__250m_16_days_NDVI_doy2001065000000_aid0002,_250m_16_days_NDVI,aid0002,2001-03-06,6907415.0,-0.2,0.9994,"(-0.2,0.9994)",0.7304786,0.0860026,0.0073964,0.7861,0.9223,0.7455,0.5591,0.6953
MOD13Q1_061__250m_16_days_NDVI_doy2001081000000_aid0002,_250m_16_days_NDVI,aid0002,2001-03-22,6906332.0,-0.2,0.9975,"(-0.2,0.9975)",0.7337022,0.0831031,0.0069061,0.7851,0.9093,0.7491,0.5781,0.7023
MOD13Q1_061__250m_16_days_NDVI_doy2001097000000_aid0002,_250m_16_days_NDVI,aid0002,2001-04-07,6907077.0,-0.2,0.9927,"(-0.2,0.9927)",0.7298004,0.0796904,0.0063506,0.779,0.8972,0.7448,0.582,0.7002
MOD13Q1_061__250m_16_days_NDVI_doy2001113000000_aid0002,_250m_16_days_NDVI,aid0002,2001-04-23,6909608.0,-0.2,0.9993,"(-0.2,0.9993)",0.6677263,0.1377543,0.0189762,0.757,0.9541,0.7082,0.4285,0.6256
MOD13Q1_061__250m_16_days_NDVI_doy2001129000000_aid0002,_250m_16_days_NDVI,aid0002,2001-05-09,6904512.0,-0.2,0.9991,"(-0.2,0.9991)",0.693063,0.0882644,0.0077906,0.7488,0.8853,0.7104,0.5213,0.6578
MOD13Q1_061__250m_16_days_NDVI_doy2001145000000_aid0002,_250m_16_days_NDVI,aid0002,2001-05-25,6905978.0,-0.2,0.9988,"(-0.2,0.9988)",0.6754052,0.101913,0.0103863,0.7399,0.8903,0.6956,0.4892,0.6396
MOD13Q1_061__250m_16_days_NDVI_doy2001161000000_aid0002,_250m_16_days_NDVI,aid0002,2001-06-10,6904071.0,-0.2,0.998,"(-0.2,0.998)",0.6696853,0.0976498,0.0095355,0.7322,0.8801,0.688,0.4857,0.6336
MOD13Q1_061__250m_16_days_NDVI_doy2001177000000_aid0002,_250m_16_days_NDVI,aid0002,2001-06-26,6908158.0,-0.2,0.9846,"(-0.2,0.9846)",0.5664801,0.1018298,0.0103693,0.6352,0.8102,0.5789,0.3435,0.5185
MOD13Q1_061__250m_16_days_NDVI_doy2001193000000_aid0002,_250m_16_days_NDVI,aid0002,2001-07-12,6905184.0,-0.2,0.9825,"(-0.2,0.9825)",0.5683245,0.108127,0.0116914,0.6441,0.8428,0.5801,0.3129,0.5116
MOD13Q1_061__250m_16_days_NDVI_doy2001209000000_aid0002,_250m_16_days_NDVI,aid0002,2001-07-28,6904708.0,-0.2,0.9078,"(-0.2,0.9078)",0.522801,0.1007347,0.0101475,0.5903,0.7736,0.5336,0.2848,0.4681
MOD13Q1_061__250m_16_days_NDVI_doy2001225000000_aid0002,_250m_16_days_NDVI,aid0002,2001-08-13,6905256.0,-0.2,0.9132,"(-0.2,0.9132)",0.4979796,0.0947347,0.0089747,0.5605,0.7333,0.5041,0.2725,0.4453
MOD13Q1_061__250m_16_days_NDVI_doy2001241000000_aid0002,_250m_16_days_NDVI,aid0002,2001-08-29,6907574.0,-0.2,0.9942,"(-0.2,0.9942)",0.5038256,0.0976692,0.0095393,0.5662,0.7388,0.5092,0.2785,0.4511
MOD13Q1_061__250m_16_days_NDVI_doy2001257000000_aid0002,_250m_16_days_NDVI,aid0002,2001-09-14,6905688.0,-0.1997,0.997,"(-0.1997,0.997)",0.5078078,0.1065593,0.0113549,0.5742,0.763,0.5069,0.2595,0.4483
MOD13Q1_061__250m_16_days_NDVI_doy2001273000000_aid0002,_250m_16_days_NDVI,aid0002,2001-09-30,6905214.0,-0.2,0.9906,"(-0.2,0.9906)",0.5779669,0.1129192,0.0127507,0.657,0.8846,0.5789,0.2775,0.5052
MOD13Q1_061__250m_16_days_NDVI_doy2001289000000_aid0002,_250m_16_days_NDVI,aid0002,2001-10-16,6905493.0,-0.2,0.9983,"(-0.2,0.9983)",0.6289446,0.1112687,0.0123807,0.7076,0.9221,0.6365,0.3494,0.5643
MOD13Q1_061__250m_16_days_NDVI_doy2001305000000_aid0002,_250m_16_days_NDVI,aid0002,2001-11-01,6905715.0,-0.2,0.9986,"(-0.2,0.9986)",0.63121,0.110589,0.0122299,0.708,0.914,0.641,0.3645,0.5706
MOD13Q1_061__250m_16_days_NDVI_doy2001321000000_aid0002,_250m_16_days_NDVI,aid0002,2001-11-17,6906487.0,-0.2,0.9992,"(-0.2,0.9992)",0.6777482,0.1078115,0.0116233,0.7533,0.9495,0.6957,0.4263,0.6225
MOD13Q1_061__250m_16_days_NDVI_doy2001337000000_aid0002,_250m_16_days_NDVI,aid0002,2001-12-03,6905194.0,-0.2,0.9994,"(-0.2,0.9994)",0.6839424,0.1008023,0.0101611,0.7506,0.9177,0.7012,0.4719,0.6391
MOD13Q1_061__250m_16_days_NDVI_doy2001353000000_aid0002,_250m_16_days_NDVI,aid0002,2001-12-19,6906366.0,-0.2,0.9989,"(-0.2,0.9989)",0.6624376,0.1049124,0.0110066,0.7339,0.92,0.6776,0.4237,0.6098
MOD13Q1_061__250m_16_days_NDVI_doy2002001000000_aid0002,_250m_16_days_NDVI,aid0002,2002-01-01,6906524.0,-0.2,0.9993,"(-0.2,0.9993)",0.6613641,0.097708,0.0095469,0.7261,0.8963,0.6768,0.4424,0.6126
MOD13Q1_061__250m_16_days_NDVI_doy2002017000000_aid0002,_250m_16_days_NDVI,aid0002,2002-01-17,6907398.0,-0.2,0.9925,"(-0.2,0.9925)",0.6473285,0.1084785,0.0117676,0.7236,0.9307,0.6613,0.3784,0.5855
MOD13Q1_061__250m_16_days_NDVI_doy2002033000000_aid0002,_250m_16_days_NDVI,aid0002,2002-02-02,6905839.0,-0.2,0.9991,"(-0.2,0.9991)",0.6854258,0.1073759,0.0115296,0.7595,0.9494,0.7026,0.443,0.6329
MOD13Q1_061__250m_16_days_NDVI_doy2002049000000_aid0002,_250m_16_days_NDVI,aid0002,2002-02-18,6906185.0,-0.2,0.9986,"(-0.2,0.9986)",0.7261459,0.080981,0.0065579,0.7747,0.8983,0.7363,0.5687,0.6923
MOD13Q1_061__250m_16_days_NDVI_doy2002065000000_aid0002,_250m_16_days_NDVI,aid0002,2002-03-06,6907597.0,-0.2,0.9985,"(-0.2,0.9985)",0.7331983,0.0920196,0.0084676,0.7926,0.9379,0.7517,0.5504,0.6957
MOD13Q1_061__250m_16_days_NDVI_doy2002081000000_aid0002,_250m_16_days_NDVI,aid0002,2002-03-22,6907766.0,-0.2,0.9994,"(-0.2,0.9994)",0.7403528,0.0853625,0.0072868,0.7912,0.9095,0.7563,0.594,0.7123
MOD13Q1_061__250m_16_days_NDVI_doy2002097000000_aid0002,_250m_16_days_NDVI,aid0002,2002-04-07,6907777.0,-0.2,0.9982,"(-0.2,0.9982)",0.7215922,0.0915157,0.0083751,0.7799,0.9215,0.7394,0.5439,0.6855
MOD13Q1_061__250m_16_days_NDVI_doy2002113000000_aid0002,_250m_16_days_NDVI,aid0002,2002-04-23,6907387.0,-0.2,0.9992,"(-0.2,0.9992)",0.6858111,0.1318235,0.0173774,0.7648,0.9292,0.724,0.4908,0.6552
MOD13Q1_061__250m_16_days_NDVI_doy2002129000000_aid0002,_250m_16_days_NDVI,aid0002,2002-05-09,6904087.0,-0.2,0.9975,"(-0.2,0.9975)",0.7149726,0.0830242,0.006893,0.769,0.9016,0.73,0.5478,0.6805
MOD13Q1_061__250m_16_days_NDVI_doy2002145000000_aid0002,_250m_16_days_NDVI,aid0002,2002-05-25,6904988.0,-0.2,0.9981,"(-0.2,0.9981)",0.6908964,0.0854326,0.0072987,0.7475,0.8872,0.7067,0.5143,0.6542
MOD13Q1_061__250m_16_days_NDVI_doy2002161000000_aid0002,_250m_16_days_NDVI,aid0002,2002-06-10,6904546.0,-0.2,0.9951,"(-0.2,0.9951)",0.6760881,0.0914648,0.0083658,0.7398,0.9006,0.6915,0.4716,0.6325
MOD13Q1_061__250m_16_days_NDVI_doy2002177000000_aid0002,_250m_16_days_NDVI,aid0002,2002-06-26,6904121.0,-0.2,0.9978,"(-0.2,0.9978)",0.6441158,0.0952317,0.0090691,0.7117,0.8818,0.6592,0.4282,0.5983
MOD13Q1_061__250m_16_days_NDVI_doy2002193000000_aid0002,_250m_16_days_NDVI,aid0002,2002-07-12,6904609.0,-0.2,0.9808,"(-0.2,0.9808)",0.6229744,0.0967237,0.0093555,0.6939,0.8788,0.6356,0.3857,0.5706
MOD13Q1_061__250m_16_days_NDVI_doy2002209000000_aid0002,_250m_16_days_NDVI,aid0002,2002-07-28,6904252.0,-0.2,0.9789,"(-0.2,0.9789)",0.6047883,0.101158,0.0102329,0.6808,0.8863,0.6177,0.3383,0.5438
MOD13Q1_061__250m_16_days_NDVI_doy2002225000000_aid0002,_250m_16_days_NDVI,aid0002,2002-08-13,6907034.0,-0.2,0.949,"(-0.2,0.949)",0.5568619,0.1082841,0.0117254,0.6401,0.8723,0.5598,0.2531,0.4853
MOD13Q1_061__250m_16_days_NDVI_doy2002241000000_aid0002,_250m_16_days_NDVI,aid0002,2002-08-29,6905475.0,-0.2,0.9982,"(-0.2,0.9982)",0.541543,0.1143705,0.0130806,0.6296,0.8832,0.542,0.2066,0.4604
MOD13Q1_061__250m_16_days_NDVI_doy2002257000000_aid0002,_250m_16_days_NDVI,aid0002,2002-09-14,6905054.0,-0.2,0.9023,"(-0.2,0.9023)",0.5486992,0.1283017,0.0164613,0.6477,0.9023,0.5429,0.1755,0.4588
MOD13Q1_061__250m_16_days_NDVI_doy2002273000000_aid0002,_250m_16_days_NDVI,aid0002,2002-09-30,6910939.0,-0.2,0.9812,"(-0.2,0.9812)",0.5662879,0.1459612,0.0213047,0.6843,0.9812,0.5667,0.1146,0.4564
MOD13Q1_061__250m_16_days_NDVI_doy2002289000000_aid0002,_250m_16_days_NDVI,aid0002,2002-10-16,6908692.0,-0.2,0.9967,"(-0.2,0.9967)",0.5895088,0.1431882,0.0205029,0.7064,0.9967,0.6045,0.1394,0.4796
MOD13Q1_061__250m_16_days_NDVI_doy2002305000000_aid0002,_250m_16_days_NDVI,aid0002,2002-11-01,6905453.0,-0.2,0.999,"(-0.2,0.999)",0.6230801,0.1221791,0.0149277,0.7113,0.9547,0.6393,0.3023,0.5477
MOD13Q1_061__250m_16_days_NDVI_doy2002321000000_aid0002,_250m_16_days_NDVI,aid0002,2002-11-17,6907886.0,-0.2,0.9978,"(-0.2,0.9978)",0.6462874,0.1212101,0.0146919,0.7351,0.9605,0.6654,0.3574,0.584
MOD13Q1_061__250m_16_days_NDVI_doy2002337000000_aid0002,_250m_16_days_NDVI,aid0002,2002-12-03,6908182.0,-0.2,0.9992,"(-0.2,0.9992)",0.6780261,0.11612,0.0134838,0.7552,0.9388,0.7006,0.4492,0.6328
MOD13Q1_061__250m_16_days_NDVI_doy2002353000000_aid0002,_250m_16_days_NDVI,aid0002,2002-12-19,6904960.0,-0.2,0.999,"(-0.2,0.999)",0.6644646,0.1200462,0.0144111,0.7484,0.9538,0.6851,0.4059,0.6114
MOD13Q1_061__250m_16_days_NDVI_doy2003001000000_aid0002,_250m_16_days_NDVI,aid0002,2003-01-01,6906715.0,-0.2,0.9988,"(-0.2,0.9988)",0.7017958,0.1098894,0.0120757,0.7752,0.9534,0.7255,0.4777,0.6562
MOD13Q1_061__250m_16_days_NDVI_doy2003017000000_aid0002,_250m_16_days_NDVI,aid0002,2003-01-17,6907466.0,-0.2,0.9991,"(-0.2,0.9991)",0.7104676,0.1013657,0.010275,0.7739,0.9194,0.7339,0.5314,0.6769
MOD13Q1_061__250m_16_days_NDVI_doy2003033000000_aid0002,_250m_16_days_NDVI,aid0002,2003-02-02,6905984.0,-0.2,0.9987,"(-0.2,0.9987)",0.6970004,0.1045056,0.0109214,0.7643,0.9231,0.7169,0.4996,0.6584
MOD13Q1_061__250m_16_days_NDVI_doy2003049000000_aid0002,_250m_16_days_NDVI,aid0002,2003-02-18,6905771.0,-0.2,0.9991,"(-0.2,0.9991)",0.7098066,0.0974926,0.0095048,0.7692,0.9088,0.7289,0.5365,0.6761
MOD13Q1_061__250m_16_days_NDVI_doy2003065000000_aid0002,_250m_16_days_NDVI,aid0002,2003-03-06,6907213.0,-0.2,0.9989,"(-0.2,0.9989)",0.7408047,0.0807539,0.0065212,0.7857,0.889,0.7548,0.6135,0.7168
MOD13Q1_061__250m_16_days_NDVI_doy2003081000000_aid0002,_250m_16_days_NDVI,aid0002,2003-03-22,6906020.0,-0.2,0.9993,"(-0.2,0.9993)",0.7380699,0.0798965,0.0063835,0.7836,0.892,0.7514,0.6029,0.7113
MOD13Q1_061__250m_16_days_NDVI_doy2003097000000_aid0002,_250m_16_days_NDVI,aid0002,2003-04-07,6906177.0,-0.2,0.9992,"(-0.2,0.9992)",0.730228,0.0787673,0.0062043,0.7766,0.8859,0.7458,0.5944,0.7037
MOD13Q1_061__250m_16_days_NDVI_doy2003113000000_aid0002,_250m_16_days_NDVI,aid0002,2003-04-23,6903858.0,-0.2,0.9977,"(-0.2,0.9977)",0.7107536,0.0800949,0.0064152,0.7601,0.8783,0.7257,0.5631,0.6813
MOD13Q1_061__250m_16_days_NDVI_doy2003129000000_aid0002,_250m_16_days_NDVI,aid0002,2003-05-09,6904228.0,-0.2,0.9737,"(-0.2,0.9737)",0.6837935,0.0912165,0.0083204,0.741,0.8755,0.7031,0.5168,0.6513
MOD13Q1_061__250m_16_days_NDVI_doy2003145000000_aid0002,_250m_16_days_NDVI,aid0002,2003-05-25,6905363.0,-0.2,0.9988,"(-0.2,0.9988)",0.6536341,0.099678,0.0099357,0.7203,0.8829,0.6781,0.4493,0.6119
MOD13Q1_061__250m_16_days_NDVI_doy2003161000000_aid0002,_250m_16_days_NDVI,aid0002,2003-06-10,6905449.0,-0.2,0.9979,"(-0.2,0.9979)",0.640668,0.0972185,0.0094514,0.7068,0.8704,0.658,0.4341,0.5977
MOD13Q1_061__250m_16_days_NDVI_doy2003177000000_aid0002,_250m_16_days_NDVI,aid0002,2003-06-26,6905541.0,-0.2,0.9924,"(-0.2,0.9924)",0.608365,0.1004855,0.0100973,0.6752,0.8445,0.6241,0.393,0.5623
MOD13Q1_061__250m_16_days_NDVI_doy2003193000000_aid0002,_250m_16_days_NDVI,aid0002,2003-07-12,6906782.0,-0.2,0.9674,"(-0.2,0.9674)",0.570471,0.1063527,0.0113109,0.6441,0.8365,0.5887,0.3234,0.5158
MOD13Q1_061__250m_16_days_NDVI_doy2003209000000_aid0002,_250m_16_days_NDVI,aid0002,2003-07-28,6904882.0,-0.2,0.9964,"(-0.2,0.9964)",0.529638,0.1047612,0.0109749,0.6042,0.8049,0.5446,0.2697,0.4704
MOD13Q1_061__250m_16_days_NDVI_doy2003225000000_aid0002,_250m_16_days_NDVI,aid0002,2003-08-13,6905539.0,-0.2,0.9107,"(-0.2,0.9107)",0.5009424,0.1022807,0.0104613,0.5719,0.7654,0.51,0.2494,0.4429
MOD13Q1_061__250m_16_days_NDVI_doy2003241000000_aid0002,_250m_16_days_NDVI,aid0002,2003-08-29,6906640.0,-0.2,0.8971,"(-0.2,0.8971)",0.4640631,0.0978445,0.0095735,0.5303,0.7175,0.4701,0.2183,0.4055
MOD13Q1_061__250m_16_days_NDVI_doy2003257000000_aid0002,_250m_16_days_NDVI,aid0002,2003-09-14,6906006.0,-0.2,0.8569,"(-0.2,0.8569)",0.4629511,0.0895274,0.0080151,0.5202,0.6861,0.4704,0.2437,0.4096
MOD13Q1_061__250m_16_days_NDVI_doy2003273000000_aid0002,_250m_16_days_NDVI,aid0002,2003-09-30,6907093.0,-0.1998,0.9867,"(-0.1998,0.9867)",0.5578465,0.1120958,0.0125655,0.6366,0.8551,0.5643,0.2724,0.4909
MOD13Q1_061__250m_16_days_NDVI_doy2003289000000_aid0002,_250m_16_days_NDVI,aid0002,2003-10-16,6906500.0,-0.2,0.9986,"(-0.2,0.9986)",0.6032001,0.1162985,0.0135253,0.6822,0.8944,0.6125,0.3285,0.5407
MOD13Q1_061__250m_16_days_NDVI_doy2003305000000_aid0002,_250m_16_days_NDVI,aid0002,2003-11-01,6905314.0,-0.2,0.9894,"(-0.2,0.9894)",0.5940618,0.122398,0.0149813,0.6793,0.9098,0.6046,0.2936,0.525
MOD13Q1_061__250m_16_days_NDVI_doy2003321000000_aid0002,_250m_16_days_NDVI,aid0002,2003-11-17,6906299.0,-0.2,0.9992,"(-0.2,0.9992)",0.608406,0.1280798,0.0164044,0.6952,0.9256,0.6208,0.3112,0.5416
MOD13Q1_061__250m_16_days_NDVI_doy2003337000000_aid0002,_250m_16_days_NDVI,aid0002,2003-12-03,6908105.0,-0.2,0.9992,"(-0.2,0.9992)",0.661416,0.1190573,0.0141746,0.7393,0.9242,0.6861,0.4311,0.616
MOD13Q1_061__250m_16_days_NDVI_doy2003353000000_aid0002,_250m_16_days_NDVI,aid0002,2003-12-19,6906698.0,-0.2,0.9992,"(-0.2,0.9992)",0.696674,0.1169854,0.0136856,0.773,0.9496,0.7228,0.4778,0.6549
MOD13Q1_061__250m_16_days_NDVI_doy2004001000000_aid0002,_250m_16_days_NDVI,aid0002,2004-01-01,6906800.0,-0.2,0.998,"(-0.2,0.998)",0.7229222,0.1020552,0.0104153,0.7869,0.9342,0.745,0.5414,0.6887
MOD13Q1_061__250m_16_days_NDVI_doy2004017000000_aid0002,_250m_16_days_NDVI,aid0002,2004-01-17,6906159.0,-0.2,0.9974,"(-0.2,0.9974)",0.688067,0.106693,0.0113834,0.7588,0.9297,0.7118,0.4731,0.6445
MOD13Q1_061__250m_16_days_NDVI_doy2004033000000_aid0002,_250m_16_days_NDVI,aid0002,2004-02-02,6907127.0,-0.2,0.9981,"(-0.2,0.9981)",0.6711946,0.1114402,0.0124189,0.7506,0.9557,0.6999,0.4081,0.6136
MOD13Q1_061__250m_16_days_NDVI_doy2004049000000_aid0002,_250m_16_days_NDVI,aid0002,2004-02-18,6907589.0,-0.2,0.9923,"(-0.2,0.9923)",0.6763912,0.1078278,0.0116268,0.7503,0.9382,0.7049,0.4338,0.6237
MOD13Q1_061__250m_16_days_NDVI_doy2004065000000_aid0002,_250m_16_days_NDVI,aid0002,2004-03-05,6905997.0,-0.2,0.9974,"(-0.2,0.9974)",0.705699,0.0988057,0.0097626,0.7689,0.9217,0.7291,0.5142,0.667
MOD13Q1_061__250m_16_days_NDVI_doy2004081000000_aid0002,_250m_16_days_NDVI,aid0002,2004-03-21,6906353.0,-0.2,0.9984,"(-0.2,0.9984)",0.7127701,0.1001165,0.0100233,0.7769,0.9291,0.7402,0.5232,0.6754
MOD13Q1_061__250m_16_days_NDVI_doy2004097000000_aid0002,_250m_16_days_NDVI,aid0002,2004-04-06,6906587.0,-0.2,0.9986,"(-0.2,0.9986)",0.7095476,0.1042767,0.0108736,0.7771,0.9335,0.7374,0.5164,0.6728
MOD13Q1_061__250m_16_days_NDVI_doy2004113000000_aid0002,_250m_16_days_NDVI,aid0002,2004-04-22,6905639.0,-0.2,0.9991,"(-0.2,0.9991)",0.7079236,0.101408,0.0102836,0.7723,0.916,0.7329,0.5328,0.6765
MOD13Q1_061__250m_16_days_NDVI_doy2004129000000_aid0002,_250m_16_days_NDVI,aid0002,2004-05-08,6904544.0,-0.2,0.9975,"(-0.2,0.9975)",0.6922977,0.1081804,0.011703,0.7632,0.9251,0.7205,0.493,0.6551
MOD13Q1_061__250m_16_days_NDVI_doy2004145000000_aid0002,_250m_16_days_NDVI,aid0002,2004-05-24,6904508.0,-0.2,0.9842,"(-0.2,0.9842)",0.6536164,0.1160012,0.0134563,0.7327,0.9236,0.6831,0.4142,0.6053
MOD13Q1_061__250m_16_days_NDVI_doy2004161000000_aid0002,_250m_16_days_NDVI,aid0002,2004-06-09,6903315.0,-0.2,0.9855,"(-0.2,0.9855)",0.6136942,0.1247013,0.0155504,0.7018,0.9178,0.6436,0.3396,0.5569
MOD13Q1_061__250m_16_days_NDVI_doy2004177000000_aid0002,_250m_16_days_NDVI,aid0002,2004-06-25,6904056.0,-0.2,0.9961,"(-0.2,0.9961)",0.594448,0.1267914,0.0160761,0.6845,0.9087,0.6246,0.3108,0.535
MOD13Q1_061__250m_16_days_NDVI_doy2004193000000_aid0002,_250m_16_days_NDVI,aid0002,2004-07-11,6904470.0,-0.1997,0.9984,"(-0.1997,0.9984)",0.5826785,0.127559,0.0162713,0.676,0.9075,0.6027,0.289,0.5212
MOD13Q1_061__250m_16_days_NDVI_doy2004209000000_aid0002,_250m_16_days_NDVI,aid0002,2004-07-27,6903174.0,-0.2,0.9537,"(-0.2,0.9537)",0.5596259,0.1245519,0.0155132,0.6498,0.8854,0.5732,0.2571,0.4927
MOD13Q1_061__250m_16_days_NDVI_doy2004225000000_aid0002,_250m_16_days_NDVI,aid0002,2004-08-12,6906439.0,-0.2,0.9932,"(-0.2,0.9932)",0.5110219,0.1183074,0.0139966,0.5941,0.8171,0.5212,0.2224,0.4454
MOD13Q1_061__250m_16_days_NDVI_doy2004241000000_aid0002,_250m_16_days_NDVI,aid0002,2004-08-28,6907389.0,-0.2,0.9106,"(-0.2,0.9106)",0.4965221,0.113727,0.0129338,0.5749,0.7829,0.5057,0.2282,0.4362
MOD13Q1_061__250m_16_days_NDVI_doy2004257000000_aid0002,_250m_16_days_NDVI,aid0002,2004-09-13,6905808.0,-0.2,0.8987,"(-0.2,0.8987)",0.4701117,0.1049071,0.0110055,0.5367,0.7185,0.4777,0.2337,0.4155
MOD13Q1_061__250m_16_days_NDVI_doy2004273000000_aid0002,_250m_16_days_NDVI,aid0002,2004-09-29,6906628.0,-0.2,0.9687,"(-0.2,0.9687)",0.4985034,0.1115093,0.0124343,0.5715,0.771,0.5019,0.239,0.4385
MOD13Q1_061__250m_16_days_NDVI_doy2004289000000_aid0002,_250m_16_days_NDVI,aid0002,2004-10-15,6906052.0,-0.2,0.9739,"(-0.2,0.9739)",0.5335231,0.1264605,0.0159923,0.6182,0.8553,0.5337,0.223,0.4601
MOD13Q1_061__250m_16_days_NDVI_doy2004305000000_aid0002,_250m_16_days_NDVI,aid0002,2004-10-31,6905965.0,-0.2,0.9992,"(-0.2,0.9992)",0.5721293,0.135788,0.0184384,0.6704,0.9447,0.5793,0.2112,0.4867
MOD13Q1_061__250m_16_days_NDVI_doy2004321000000_aid0002,_250m_16_days_NDVI,aid0002,2004-11-16,6903541.0,-0.2,0.9957,"(-0.2,0.9957)",0.640087,0.1136192,0.0129093,0.7181,0.9191,0.6582,0.3811,0.5833
MOD13Q1_061__250m_16_days_NDVI_doy2004337000000_aid0002,_250m_16_days_NDVI,aid0002,2004-12-02,6905497.0,-0.2,0.9993,"(-0.2,0.9993)",0.6729685,0.1202288,0.014455,0.7589,0.977,0.6925,0.3949,0.6133
MOD13Q1_061__250m_16_days_NDVI_doy2004353000000_aid0002,_250m_16_days_NDVI,aid0002,2004-12-18,6906015.0,-0.2,0.9976,"(-0.2,0.9976)",0.6951079,0.1100506,0.0121111,0.7693,0.9499,0.7161,0.4683,0.6489
MOD13Q1_061__250m_16_days_NDVI_doy2005001000000_aid0002,_250m_16_days_NDVI,aid0002,2005-01-01,6905276.0,-0.2,0.9982,"(-0.2,0.9982)",0.6873956,0.1036351,0.0107402,0.7556,0.9219,0.7068,0.4784,0.6447
MOD13Q1_061__250m_16_days_NDVI_doy2005017000000_aid0002,_250m_16_days_NDVI,aid0002,2005-01-17,6905752.0,-0.1995,0.9985,"(-0.1995,0.9985)",0.6914686,0.101607,0.010324,0.7589,0.9249,0.7095,0.4822,0.6482
MOD13Q1_061__250m_16_days_NDVI_doy2005033000000_aid0002,_250m_16_days_NDVI,aid0002,2005-02-02,6904686.0,-0.2,0.9992,"(-0.2,0.9992)",0.6781273,0.1062518,0.0112894,0.7495,0.9295,0.6993,0.4495,0.6295
MOD13Q1_061__250m_16_days_NDVI_doy2005049000000_aid0002,_250m_16_days_NDVI,aid0002,2005-02-18,6906243.0,-0.2,0.9987,"(-0.2,0.9987)",0.662573,0.1080041,0.0116649,0.739,0.9382,0.6877,0.407,0.6062
MOD13Q1_061__250m_16_days_NDVI_doy2005065000000_aid0002,_250m_16_days_NDVI,aid0002,2005-03-06,6906749.0,-0.2,0.9974,"(-0.2,0.9974)",0.6741297,0.112849,0.0127349,0.7557,0.9668,0.7037,0.401,0.6138
MOD13Q1_061__250m_16_days_NDVI_doy2005081000000_aid0002,_250m_16_days_NDVI,aid0002,2005-03-22,6905914.0,-0.2,0.9969,"(-0.2,0.9969)",0.6855044,0.0974114,0.009489,0.7519,0.9182,0.7093,0.4747,0.641
MOD13Q1_061__250m_16_days_NDVI_doy2005097000000_aid0002,_250m_16_days_NDVI,aid0002,2005-04-07,6906841.0,-0.2,0.9991,"(-0.2,0.9991)",0.7142033,0.0868625,0.0075451,0.7694,0.8999,0.7332,0.5519,0.6824
MOD13Q1_061__250m_16_days_NDVI_doy2005113000000_aid0002,_250m_16_days_NDVI,aid0002,2005-04-23,6905318.0,-0.2,0.9991,"(-0.2,0.9991)",0.7084276,0.0833935,0.0069545,0.7609,0.884,0.7254,0.5557,0.6788
MOD13Q1_061__250m_16_days_NDVI_doy2005129000000_aid0002,_250m_16_days_NDVI,aid0002,2005-05-09,6905909.0,-0.2,0.999,"(-0.2,0.999)",0.6873631,0.1107384,0.012263,0.758,0.9141,0.7155,0.4978,0.6539
MOD13Q1_061__250m_16_days_NDVI_doy2005145000000_aid0002,_250m_16_days_NDVI,aid0002,2005-05-25,6903857.0,-0.2,0.9974,"(-0.2,0.9974)",0.6908493,0.0972391,0.0094554,0.7522,0.8909,0.7102,0.521,0.6597
MOD13Q1_061__250m_16_days_NDVI_doy2005161000000_aid0002,_250m_16_days_NDVI,aid0002,2005-06-10,6907995.0,-0.2,0.9993,"(-0.2,0.9993)",0.6607577,0.1300953,0.0169248,0.7401,0.9019,0.6952,0.4704,0.6322
MOD13Q1_061__250m_16_days_NDVI_doy2005177000000_aid0002,_250m_16_days_NDVI,aid0002,2005-06-26,6903608.0,-0.2,0.9773,"(-0.2,0.9773)",0.6615186,0.1002234,0.0100447,0.731,0.9007,0.6784,0.4478,0.6177
MOD13Q1_061__250m_16_days_NDVI_doy2005193000000_aid0002,_250m_16_days_NDVI,aid0002,2005-07-12,6904178.0,-0.1996,0.9231,"(-0.1996,0.9231)",0.6140222,0.1127515,0.0127129,0.6963,0.8984,0.6307,0.3566,0.5604
MOD13Q1_061__250m_16_days_NDVI_doy2005209000000_aid0002,_250m_16_days_NDVI,aid0002,2005-07-28,6904829.0,-0.2,0.9836,"(-0.2,0.9836)",0.553877,0.1151053,0.0132492,0.6372,0.8497,0.5649,0.283,0.4955
MOD13Q1_061__250m_16_days_NDVI_doy2005225000000_aid0002,_250m_16_days_NDVI,aid0002,2005-08-13,6906234.0,-0.2,0.9696,"(-0.2,0.9696)",0.5170423,0.1101428,0.0121314,0.5944,0.8009,0.5215,0.2502,0.4567
MOD13Q1_061__250m_16_days_NDVI_doy2005241000000_aid0002,_250m_16_days_NDVI,aid0002,2005-08-29,6906428.0,-0.2,0.9848,"(-0.2,0.9848)",0.4963709,0.106931,0.0114342,0.5686,0.764,0.4994,0.2429,0.4383
MOD13Q1_061__250m_16_days_NDVI_doy2005257000000_aid0002,_250m_16_days_NDVI,aid0002,2005-09-14,6904247.0,-0.2,0.9591,"(-0.2,0.9591)",0.4801941,0.1019999,0.010404,0.543,0.7173,0.4814,0.2525,0.4268
MOD13Q1_061__250m_16_days_NDVI_doy2005273000000_aid0002,_250m_16_days_NDVI,aid0002,2005-09-30,6907804.0,-0.2,0.9898,"(-0.2,0.9898)",0.4887142,0.1159597,0.0134467,0.566,0.7844,0.4833,0.202,0.4204
MOD13Q1_061__250m_16_days_NDVI_doy2005289000000_aid0002,_250m_16_days_NDVI,aid0002,2005-10-16,6903977.0,-0.2,0.9915,"(-0.2,0.9915)",0.5240804,0.1301047,0.0169272,0.621,0.8958,0.5185,0.158,0.4358
MOD13Q1_061__250m_16_days_NDVI_doy2005305000000_aid0002,_250m_16_days_NDVI,aid0002,2005-11-01,6904912.0,-0.2,0.9989,"(-0.2,0.9989)",0.5720173,0.1406971,0.0197957,0.6783,0.9738,0.5785,0.1853,0.4811
MOD13Q1_061__250m_16_days_NDVI_doy2005321000000_aid0002,_250m_16_days_NDVI,aid0002,2005-11-17,6904951.0,-0.2,0.9964,"(-0.2,0.9964)",0.6465772,0.1258012,0.015826,0.7393,0.9803,0.6698,0.3373,0.5785
MOD13Q1_061__250m_16_days_NDVI_doy2005337000000_aid0002,_250m_16_days_NDVI,aid0002,2005-12-03,6905560.0,-0.2,0.9961,"(-0.2,0.9961)",0.6635036,0.1136266,0.012911,0.7413,0.9355,0.685,0.4168,0.6115
MOD13Q1_061__250m_16_days_NDVI_doy2005353000000_aid0002,_250m_16_days_NDVI,aid0002,2005-12-19,6905240.0,-0.2,0.9971,"(-0.2,0.9971)",0.6936469,0.1121485,0.0125773,0.7706,0.9598,0.7204,0.4551,0.6444
MOD13Q1_061__250m_16_days_NDVI_doy2006001000000_aid0002,_250m_16_days_NDVI,aid0002,2006-01-01,6906810.0,-0.2,0.9991,"(-0.2,0.9991)",0.6876665,0.1140385,0.0130048,0.7685,0.9712,0.7142,0.4303,0.6332
MOD13Q1_061__250m_16_days_NDVI_doy2006017000000_aid0002,_250m_16_days_NDVI,aid0002,2006-01-17,6907727.0,-0.2,0.999,"(-0.2,0.999)",0.6945618,0.1137037,0.0129285,0.772,0.9624,0.7256,0.4545,0.645
MOD13Q1_061__250m_16_days_NDVI_doy2006033000000_aid0002,_250m_16_days_NDVI,aid0002,2006-02-02,6907342.0,-0.2,0.9875,"(-0.2,0.9875)",0.6985334,0.1096926,0.0120325,0.7724,0.9495,0.7261,0.4772,0.6543
MOD13Q1_061__250m_16_days_NDVI_doy2006049000000_aid0002,_250m_16_days_NDVI,aid0002,2006-02-18,6906928.0,-0.2,0.9972,"(-0.2,0.9972)",0.6729205,0.1146646,0.013148,0.7512,0.9481,0.6994,0.423,0.6199
MOD13Q1_061__250m_16_days_NDVI_doy2006065000000_aid0002,_250m_16_days_NDVI,aid0002,2006-03-06,6905992.0,-0.2,0.999,"(-0.2,0.999)",0.6907088,0.1057427,0.0111815,0.7621,0.9416,0.719,0.4629,0.6424
MOD13Q1_061__250m_16_days_NDVI_doy2006081000000_aid0002,_250m_16_days_NDVI,aid0002,2006-03-22,6905867.0,-0.2,0.9995,"(-0.2,0.9995)",0.7181782,0.1001811,0.0100363,0.7805,0.926,0.7411,0.538,0.6835
MOD13Q1_061__250m_16_days_NDVI_doy2006097000000_aid0002,_250m_16_days_NDVI,aid0002,2006-04-07,6905157.0,-0.2,0.9984,"(-0.2,0.9984)",0.7261966,0.0840444,0.0070635,0.7766,0.8931,0.7427,0.5824,0.6989
MOD13Q1_061__250m_16_days_NDVI_doy2006113000000_aid0002,_250m_16_days_NDVI,aid0002,2006-04-23,6905767.0,-0.2,0.9893,"(-0.2,0.9893)",0.7105058,0.0874422,0.0076461,0.7644,0.8892,0.7271,0.5564,0.6812
MOD13Q1_061__250m_16_days_NDVI_doy2006129000000_aid0002,_250m_16_days_NDVI,aid0002,2006-05-09,6905620.0,-0.2,0.9976,"(-0.2,0.9976)",0.6657979,0.1046306,0.0109476,0.7324,0.8854,0.6893,0.4772,0.6303
MOD13Q1_061__250m_16_days_NDVI_doy2006145000000_aid0002,_250m_16_days_NDVI,aid0002,2006-05-25,6905321.0,-0.2,0.998,"(-0.2,0.998)",0.6512867,0.1055063,0.0111316,0.7191,0.8749,0.6745,0.4589,0.615
MOD13Q1_061__250m_16_days_NDVI_doy2006161000000_aid0002,_250m_16_days_NDVI,aid0002,2006-06-10,6904742.0,-0.2,0.9953,"(-0.2,0.9953)",0.6444181,0.1029843,0.0106058,0.7126,0.8713,0.6649,0.4481,0.6068
MOD13Q1_061__250m_16_days_NDVI_doy2006177000000_aid0002,_250m_16_days_NDVI,aid0002,2006-06-26,6904921.0,-0.2,0.9594,"(-0.2,0.9594)",0.6292486,0.1087123,0.0118184,0.7041,0.8832,0.6464,0.4056,0.5847
MOD13Q1_061__250m_16_days_NDVI_doy2006193000000_aid0002,_250m_16_days_NDVI,aid0002,2006-07-12,6905655.0,-0.2,0.9176,"(-0.2,0.9176)",0.5851998,0.1086677,0.0118087,0.6613,0.8486,0.5988,0.3491,0.5364
MOD13Q1_061__250m_16_days_NDVI_doy2006209000000_aid0002,_250m_16_days_NDVI,aid0002,2006-07-28,6906214.0,-0.2,0.9576,"(-0.2,0.9576)",0.5249629,0.1080609,0.0116772,0.5984,0.7922,0.5365,0.2754,0.4692
MOD13Q1_061__250m_16_days_NDVI_doy2006225000000_aid0002,_250m_16_days_NDVI,aid0002,2006-08-13,6905518.0,-0.1996,0.9548,"(-0.1996,0.9548)",0.4901569,0.1034752,0.0107071,0.5548,0.7369,0.4997,0.2513,0.4334
MOD13Q1_061__250m_16_days_NDVI_doy2006241000000_aid0002,_250m_16_days_NDVI,aid0002,2006-08-29,6905952.0,-0.2,0.9459,"(-0.2,0.9459)",0.4686598,0.1064231,0.0113259,0.5365,0.7276,0.4725,0.218,0.4091
MOD13Q1_061__250m_16_days_NDVI_doy2006257000000_aid0002,_250m_16_days_NDVI,aid0002,2006-09-14,6906463.0,-0.2,0.9744,"(-0.2,0.9744)",0.4501825,0.1015689,0.0103162,0.5108,0.6893,0.4535,0.2133,0.3918
MOD13Q1_061__250m_16_days_NDVI_doy2006273000000_aid0002,_250m_16_days_NDVI,aid0002,2006-09-30,6905062.0,-0.2,0.9948,"(-0.2,0.9948)",0.5258217,0.1181795,0.0139664,0.6035,0.8171,0.531,0.2475,0.4611
MOD13Q1_061__250m_16_days_NDVI_doy2006289000000_aid0002,_250m_16_days_NDVI,aid0002,2006-10-16,6905723.0,-0.2,0.9976,"(-0.2,0.9976)",0.6365143,0.1321641,0.0174673,0.7332,0.9881,0.6632,0.3075,0.5629
MOD13Q1_061__250m_16_days_NDVI_doy2006305000000_aid0002,_250m_16_days_NDVI,aid0002,2006-11-01,6906630.0,-0.2,0.9993,"(-0.2,0.9993)",0.6846876,0.1238027,0.0153271,0.7692,0.9768,0.7162,0.4232,0.6308
MOD13Q1_061__250m_16_days_NDVI_doy2006321000000_aid0002,_250m_16_days_NDVI,aid0002,2006-11-17,6907349.0,-0.2,0.9981,"(-0.2,0.9981)",0.6759775,0.1248453,0.0155863,0.7634,0.9766,0.7073,0.4069,0.6208
MOD13Q1_061__250m_16_days_NDVI_doy2006337000000_aid0002,_250m_16_days_NDVI,aid0002,2006-12-03,6906260.0,-0.2,0.9992,"(-0.2,0.9992)",0.7092341,0.1082715,0.0117227,0.7788,0.9383,0.7362,0.5123,0.6722
MOD13Q1_061__250m_16_days_NDVI_doy2006353000000_aid0002,_250m_16_days_NDVI,aid0002,2006-12-19,6907860.0,-0.2,0.9994,"(-0.2,0.9994)",0.7098384,0.1174666,0.0137984,0.7866,0.9607,0.7395,0.4964,0.6705
MOD13Q1_061__250m_16_days_NDVI_doy2007001000000_aid0002,_250m_16_days_NDVI,aid0002,2007-01-01,6907270.0,-0.2,0.9994,"(-0.2,0.9994)",0.6930702,0.1152818,0.0132899,0.773,0.9637,0.7223,0.4548,0.6457
MOD13Q1_061__250m_16_days_NDVI_doy2007017000000_aid0002,_250m_16_days_NDVI,aid0002,2007-01-17,6905425.0,-0.2,0.9994,"(-0.2,0.9994)",0.7076674,0.1089807,0.0118768,0.7772,0.9344,0.734,0.5152,0.6724
MOD13Q1_061__250m_16_days_NDVI_doy2007033000000_aid0002,_250m_16_days_NDVI,aid0002,2007-02-02,6904561.0,-0.2,0.9953,"(-0.2,0.9953)",0.739533,0.0844388,0.0071299,0.7899,0.9051,0.7558,0.5979,0.7131
MOD13Q1_061__250m_16_days_NDVI_doy2007049000000_aid0002,_250m_16_days_NDVI,aid0002,2007-02-18,6905324.0,-0.2,0.9992,"(-0.2,0.9992)",0.7412009,0.0914321,0.0083598,0.7965,0.9207,0.7616,0.5895,0.7137
MOD13Q1_061__250m_16_days_NDVI_doy2007065000000_aid0002,_250m_16_days_NDVI,aid0002,2007-03-06,6906540.0,-0.2,0.9986,"(-0.2,0.9986)",0.7276875,0.0850106,0.0072268,0.778,0.8981,0.7432,0.5778,0.6979
MOD13Q1_061__250m_16_days_NDVI_doy2007081000000_aid0002,_250m_16_days_NDVI,aid0002,2007-03-22,6907566.0,-0.2,0.999,"(-0.2,0.999)",0.7272219,0.085358,0.007286,0.7797,0.9049,0.7415,0.571,0.6962
MOD13Q1_061__250m_16_days_NDVI_doy2007097000000_aid0002,_250m_16_days_NDVI,aid0002,2007-04-07,6906192.0,-0.2,0.9973,"(-0.2,0.9973)",0.7395106,0.0746944,0.0055793,0.7823,0.887,0.7505,0.6078,0.7125
MOD13Q1_061__250m_16_days_NDVI_doy2007113000000_aid0002,_250m_16_days_NDVI,aid0002,2007-04-23,6904388.0,-0.2,0.9977,"(-0.2,0.9977)",0.7144533,0.0801073,0.0064172,0.7624,0.8719,0.7296,0.5799,0.6894
MOD13Q1_061__250m_16_days_NDVI_doy2007129000000_aid0002,_250m_16_days_NDVI,aid0002,2007-05-09,6904046.0,-0.2,0.9927,"(-0.2,0.9927)",0.6799488,0.1037344,0.0107608,0.7468,0.8954,0.7025,0.4991,0.6477
MOD13Q1_061__250m_16_days_NDVI_doy2007145000000_aid0002,_250m_16_days_NDVI,aid0002,2007-05-25,6903162.0,-0.2,0.9828,"(-0.2,0.9828)",0.6421811,0.1119091,0.0125236,0.7167,0.884,0.6674,0.436,0.6044
MOD13Q1_061__250m_16_days_NDVI_doy2007161000000_aid0002,_250m_16_days_NDVI,aid0002,2007-06-10,6906864.0,-0.2,0.9991,"(-0.2,0.9991)",0.5881151,0.1304166,0.0170085,0.6818,0.9175,0.6205,0.2886,0.5245
MOD13Q1_061__250m_16_days_NDVI_doy2007177000000_aid0002,_250m_16_days_NDVI,aid0002,2007-06-26,6905408.0,-0.2,0.9941,"(-0.2,0.9941)",0.5941977,0.1184847,0.0140386,0.6774,0.8751,0.6188,0.3477,0.5455
MOD13Q1_061__250m_16_days_NDVI_doy2007193000000_aid0002,_250m_16_days_NDVI,aid0002,2007-07-12,6904367.0,-0.2,0.96,"(-0.2,0.96)",0.5459221,0.1220648,0.0148998,0.6337,0.8586,0.5608,0.2587,0.4837
MOD13Q1_061__250m_16_days_NDVI_doy2007209000000_aid0002,_250m_16_days_NDVI,aid0002,2007-07-28,6903979.0,-0.2,0.9429,"(-0.2,0.9429)",0.5006898,0.1190683,0.0141773,0.5859,0.8128,0.5059,0.2077,0.4346
MOD13Q1_061__250m_16_days_NDVI_doy2007225000000_aid0002,_250m_16_days_NDVI,aid0002,2007-08-13,6907506.0,-0.2,0.928,"(-0.2,0.928)",0.4606332,0.1075826,0.011574,0.5332,0.7369,0.468,0.1937,0.3974
MOD13Q1_061__250m_16_days_NDVI_doy2007241000000_aid0002,_250m_16_days_NDVI,aid0002,2007-08-29,6908071.0,-0.2,0.9969,"(-0.2,0.9969)",0.4362937,0.1020877,0.0104219,0.5049,0.7011,0.4409,0.1779,0.3741
MOD13Q1_061__250m_16_days_NDVI_doy2007257000000_aid0002,_250m_16_days_NDVI,aid0002,2007-09-14,6905682.0,-0.2,0.9791,"(-0.2,0.9791)",0.4648668,0.1145528,0.0131223,0.5434,0.769,0.4677,0.1674,0.393
MOD13Q1_061__250m_16_days_NDVI_doy2007273000000_aid0002,_250m_16_days_NDVI,aid0002,2007-09-30,6911836.0,-0.2,0.9992,"(-0.2,0.9992)",0.523368,0.1395263,0.0194676,0.6271,0.9127,0.5209,0.1509,0.4366
MOD13Q1_061__250m_16_days_NDVI_doy2007289000000_aid0002,_250m_16_days_NDVI,aid0002,2007-10-16,6906085.0,-0.2,0.9905,"(-0.2,0.9905)",0.5551741,0.1471302,0.0216473,0.6675,0.97,0.5586,0.1493,0.4602
MOD13Q1_061__250m_16_days_NDVI_doy2007305000000_aid0002,_250m_16_days_NDVI,aid0002,2007-11-01,6906076.0,-0.1996,0.9975,"(-0.1996,0.9975)",0.5814103,0.1458874,0.0212831,0.6915,0.9975,0.5989,0.1798,0.4868
MOD13Q1_061__250m_16_days_NDVI_doy2007321000000_aid0002,_250m_16_days_NDVI,aid0002,2007-11-17,6904406.0,-0.2,0.9942,"(-0.2,0.9942)",0.5857824,0.1407782,0.0198185,0.6912,0.9703,0.6015,0.2185,0.5021
MOD13Q1_061__250m_16_days_NDVI_doy2007337000000_aid0002,_250m_16_days_NDVI,aid0002,2007-12-03,6906158.0,-0.2,0.9993,"(-0.2,0.9993)",0.6035336,0.154019,0.0237218,0.7156,0.9993,0.641,0.2421,0.5262
MOD13Q1_061__250m_16_days_NDVI_doy2007353000000_aid0002,_250m_16_days_NDVI,aid0002,2007-12-19,6906139.0,-0.2,0.9955,"(-0.2,0.9955)",0.6427049,0.1270894,0.0161517,0.7339,0.9622,0.6672,0.3504,0.5805
MOD13Q1_061__250m_16_days_NDVI_doy2000049000000_aid0003,_250m_16_days_NDVI,aid0003,2000-02-18,1377545.0,-0.2,0.9587,"(-0.2,0.9587)",0.6665674,0.1173328,0.013767,0.7385,0.9162,0.6803,0.4423,0.62
MOD13Q1_061__250m_16_days_NDVI_doy2000065000000_aid0003,_250m_16_days_NDVI,aid0003,2000-03-05,1380512.0,-0.2,0.9757,"(-0.2,0.9757)",0.6840169,0.1297527,0.0168358,0.762,0.9448,0.699,0.4513,0.6377
MOD13Q1_061__250m_16_days_NDVI_doy2000081000000_aid0003,_250m_16_days_NDVI,aid0003,2000-03-21,1380641.0,-0.2,0.9962,"(-0.2,0.9962)",0.6630559,0.12988,0.0168688,0.7429,0.9303,0.6795,0.4294,0.6175
MOD13Q1_061__250m_16_days_NDVI_doy2000097000000_aid0003,_250m_16_days_NDVI,aid0003,2000-04-06,1379085.0,-0.2,0.9954,"(-0.2,0.9954)",0.6626068,0.1230824,0.0151493,0.7368,0.9097,0.6809,0.4478,0.6212
MOD13Q1_061__250m_16_days_NDVI_doy2000113000000_aid0003,_250m_16_days_NDVI,aid0003,2000-04-22,1375699.0,-0.2,0.9973,"(-0.2,0.9973)",0.6638178,0.1215993,0.0147864,0.7404,0.9241,0.6789,0.4342,0.6179
MOD13Q1_061__250m_16_days_NDVI_doy2000129000000_aid0003,_250m_16_days_NDVI,aid0003,2000-05-08,1372520.0,-0.2,0.9457,"(-0.2,0.9457)",0.6437278,0.1157001,0.0133865,0.7197,0.9068,0.6554,0.4047,0.5937
MOD13Q1_061__250m_16_days_NDVI_doy2000145000000_aid0003,_250m_16_days_NDVI,aid0003,2000-05-24,1372728.0,-0.2,0.9701,"(-0.2,0.9701)",0.609214,0.1187531,0.0141023,0.692,0.9052,0.6188,0.3348,0.5491
MOD13Q1_061__250m_16_days_NDVI_doy2000161000000_aid0003,_250m_16_days_NDVI,aid0003,2000-06-09,1373891.0,-0.2,0.9961,"(-0.2,0.9961)",0.5944099,0.1113918,0.0124081,0.6667,0.85,0.6042,0.3612,0.5445
MOD13Q1_061__250m_16_days_NDVI_doy2000177000000_aid0003,_250m_16_days_NDVI,aid0003,2000-06-25,1371903.0,-0.2,0.9178,"(-0.2,0.9178)",0.5667205,0.1118593,0.0125125,0.6455,0.8544,0.5695,0.2973,0.5062
MOD13Q1_061__250m_16_days_NDVI_doy2000193000000_aid0003,_250m_16_days_NDVI,aid0003,2000-07-11,1369925.0,-0.2,0.8922,"(-0.2,0.8922)",0.4854857,0.1211005,0.0146653,0.5763,0.8352,0.4818,0.1448,0.4037
MOD13Q1_061__250m_16_days_NDVI_doy2000209000000_aid0003,_250m_16_days_NDVI,aid0003,2000-07-27,1373114.0,-0.2,0.8803,"(-0.2,0.8803)",0.4132701,0.1100923,0.0121203,0.4888,0.7123,0.4054,0.1163,0.3398
MOD13Q1_061__250m_16_days_NDVI_doy2000225000000_aid0003,_250m_16_days_NDVI,aid0003,2000-08-12,1373308.0,-0.2,0.9898,"(-0.2,0.9898)",0.4314602,0.1109079,0.0123006,0.5043,0.7213,0.423,0.1426,0.3596
MOD13Q1_061__250m_16_days_NDVI_doy2000241000000_aid0003,_250m_16_days_NDVI,aid0003,2000-08-28,1371218.0,-0.2,0.9293,"(-0.2,0.9293)",0.4374048,0.1079452,0.0116522,0.5105,0.7256,0.4268,0.152,0.3671
MOD13Q1_061__250m_16_days_NDVI_doy2000257000000_aid0003,_250m_16_days_NDVI,aid0003,2000-09-13,1371216.0,-0.2,0.9075,"(-0.2,0.9075)",0.4688207,0.1173216,0.0137643,0.5489,0.7733,0.4637,0.1749,0.3993
MOD13Q1_061__250m_16_days_NDVI_doy2000273000000_aid0003,_250m_16_days_NDVI,aid0003,2000-09-29,1368660.0,-0.2,0.9554,"(-0.2,0.9554)",0.4660925,0.1094977,0.0119898,0.5377,0.7427,0.4598,0.196,0.401
MOD13Q1_061__250m_16_days_NDVI_doy2000289000000_aid0003,_250m_16_days_NDVI,aid0003,2000-10-15,1370371.0,-0.2,0.9719,"(-0.2,0.9719)",0.5613324,0.1308299,0.0171165,0.6553,0.9053,0.5673,0.2356,0.4874
MOD13Q1_061__250m_16_days_NDVI_doy2000305000000_aid0003,_250m_16_days_NDVI,aid0003,2000-10-31,1371901.0,-0.2,0.9866,"(-0.2,0.9866)",0.5942488,0.1250481,0.015637,0.6798,0.8978,0.6079,0.3163,0.5344
MOD13Q1_061__250m_16_days_NDVI_doy2000321000000_aid0003,_250m_16_days_NDVI,aid0003,2000-11-16,1371168.0,-0.2,0.9846,"(-0.2,0.9846)",0.578289,0.1298864,0.0168705,0.6712,0.9001,0.5897,0.263,0.5079
MOD13Q1_061__250m_16_days_NDVI_doy2000337000000_aid0003,_250m_16_days_NDVI,aid0003,2000-12-02,1373407.0,-0.2,0.9556,"(-0.2,0.9556)",0.6241903,0.1334971,0.0178215,0.7233,0.9556,0.6358,0.2951,0.552
MOD13Q1_061__250m_16_days_NDVI_doy2000353000000_aid0003,_250m_16_days_NDVI,aid0003,2000-12-18,1373862.0,-0.2,0.9874,"(-0.2,0.9874)",0.619331,0.1276095,0.0162842,0.7149,0.9645,0.6281,0.2944,0.5467
MOD13Q1_061__250m_16_days_NDVI_doy2001001000000_aid0003,_250m_16_days_NDVI,aid0003,2001-01-01,1374552.0,-0.2,0.9351,"(-0.2,0.9351)",0.6257962,0.1200481,0.0144115,0.7122,0.9351,0.6305,0.334,0.5609
MOD13Q1_061__250m_16_days_NDVI_doy2001017000000_aid0003,_250m_16_days_NDVI,aid0003,2001-01-17,1374153.0,-0.2,0.9991,"(-0.2,0.9991)",0.6659825,0.1297821,0.0168434,0.7524,0.9718,0.6799,0.3867,0.6061
MOD13Q1_061__250m_16_days_NDVI_doy2001033000000_aid0003,_250m_16_days_NDVI,aid0003,2001-02-02,1376402.0,-0.2,0.9973,"(-0.2,0.9973)",0.7058505,0.1297449,0.0168337,0.7842,0.9706,0.7256,0.4725,0.6595
MOD13Q1_061__250m_16_days_NDVI_doy2001049000000_aid0003,_250m_16_days_NDVI,aid0003,2001-02-18,1376836.0,-0.2,0.9992,"(-0.2,0.9992)",0.6721943,0.1229348,0.015113,0.7394,0.9047,0.6856,0.4639,0.6292
MOD13Q1_061__250m_16_days_NDVI_doy2001065000000_aid0003,_250m_16_days_NDVI,aid0003,2001-03-06,1377716.0,-0.2,0.9905,"(-0.2,0.9905)",0.6585991,0.1220368,0.014893,0.726,0.8878,0.6718,0.4563,0.6181
MOD13Q1_061__250m_16_days_NDVI_doy2001081000000_aid0003,_250m_16_days_NDVI,aid0003,2001-03-22,1377272.0,-0.2,0.9988,"(-0.2,0.9988)",0.6641647,0.1244007,0.0154755,0.7315,0.8824,0.685,0.48,0.6309
MOD13Q1_061__250m_16_days_NDVI_doy2001097000000_aid0003,_250m_16_days_NDVI,aid0003,2001-04-07,1377609.0,-0.2,0.9779,"(-0.2,0.9779)",0.662741,0.1195867,0.014301,0.7335,0.8964,0.6803,0.4618,0.6248
MOD13Q1_061__250m_16_days_NDVI_doy2001113000000_aid0003,_250m_16_days_NDVI,aid0003,2001-04-23,1376560.0,-0.2,0.9882,"(-0.2,0.9882)",0.6353081,0.1249268,0.0156067,0.7166,0.9089,0.6505,0.3961,0.5884
MOD13Q1_061__250m_16_days_NDVI_doy2001129000000_aid0003,_250m_16_days_NDVI,aid0003,2001-05-09,1370781.0,-0.2,0.9486,"(-0.2,0.9486)",0.5948682,0.1164888,0.0135696,0.6753,0.8824,0.6034,0.3301,0.5372
MOD13Q1_061__250m_16_days_NDVI_doy2001145000000_aid0003,_250m_16_days_NDVI,aid0003,2001-05-25,1372121.0,-0.2,0.984,"(-0.2,0.984)",0.600426,0.1147362,0.0131644,0.673,0.8555,0.6118,0.3688,0.5513
MOD13Q1_061__250m_16_days_NDVI_doy2001161000000_aid0003,_250m_16_days_NDVI,aid0003,2001-06-10,1369514.0,-0.2,0.9988,"(-0.2,0.9988)",0.5647342,0.1690398,0.0285745,0.6817,0.9479,0.6055,0.238,0.5042
MOD13Q1_061__250m_16_days_NDVI_doy2001177000000_aid0003,_250m_16_days_NDVI,aid0003,2001-06-26,1377808.0,-0.2,0.9674,"(-0.2,0.9674)",0.5138793,0.1250168,0.0156292,0.6052,0.8525,0.5151,0.193,0.4403
MOD13Q1_061__250m_16_days_NDVI_doy2001193000000_aid0003,_250m_16_days_NDVI,aid0003,2001-07-12,1372634.0,-0.2,0.9136,"(-0.2,0.9136)",0.5275307,0.1177274,0.0138597,0.6136,0.8516,0.5281,0.2169,0.4549
MOD13Q1_061__250m_16_days_NDVI_doy2001209000000_aid0003,_250m_16_days_NDVI,aid0003,2001-07-28,1372806.0,-0.2,0.8987,"(-0.2,0.8987)",0.4916344,0.1094143,0.0119715,0.5648,0.7721,0.4885,0.2193,0.4266
MOD13Q1_061__250m_16_days_NDVI_doy2001225000000_aid0003,_250m_16_days_NDVI,aid0003,2001-08-13,1374350.0,-0.2,0.9142,"(-0.2,0.9142)",0.5261424,0.1098795,0.0120735,0.5984,0.8001,0.5252,0.2622,0.4639
MOD13Q1_061__250m_16_days_NDVI_doy2001241000000_aid0003,_250m_16_days_NDVI,aid0003,2001-08-29,1377169.0,-0.2,0.9693,"(-0.2,0.9693)",0.5258209,0.1194064,0.0142579,0.6064,0.8258,0.5302,0.2407,0.4601
MOD13Q1_061__250m_16_days_NDVI_doy2001257000000_aid0003,_250m_16_days_NDVI,aid0003,2001-09-14,1375538.0,-0.2,0.9983,"(-0.2,0.9983)",0.5329302,0.1237356,0.0153105,0.6183,0.8607,0.5366,0.2143,0.4567
MOD13Q1_061__250m_16_days_NDVI_doy2001273000000_aid0003,_250m_16_days_NDVI,aid0003,2001-09-30,1375091.0,-0.2,0.9669,"(-0.2,0.9669)",0.5592848,0.132054,0.0174383,0.6484,0.8909,0.5657,0.2434,0.4864
MOD13Q1_061__250m_16_days_NDVI_doy2001289000000_aid0003,_250m_16_days_NDVI,aid0003,2001-10-16,1372697.0,-0.2,0.9589,"(-0.2,0.9589)",0.6349744,0.1287768,0.0165835,0.7193,0.9258,0.6447,0.3558,0.5739
MOD13Q1_061__250m_16_days_NDVI_doy2001305000000_aid0003,_250m_16_days_NDVI,aid0003,2001-11-01,1374261.0,-0.2,0.9406,"(-0.2,0.9406)",0.6152632,0.1322026,0.0174775,0.7104,0.9406,0.6268,0.2922,0.5431
MOD13Q1_061__250m_16_days_NDVI_doy2001321000000_aid0003,_250m_16_days_NDVI,aid0003,2001-11-17,1373435.0,-0.2,0.9811,"(-0.2,0.9811)",0.6397649,0.1319601,0.0174135,0.7301,0.9583,0.6591,0.3496,0.5779
MOD13Q1_061__250m_16_days_NDVI_doy2001337000000_aid0003,_250m_16_days_NDVI,aid0003,2001-12-03,1373125.0,-0.2,0.9881,"(-0.2,0.9881)",0.6270137,0.1201828,0.0144439,0.7089,0.9151,0.6463,0.3652,0.5714
MOD13Q1_061__250m_16_days_NDVI_doy2001353000000_aid0003,_250m_16_days_NDVI,aid0003,2001-12-19,1373242.0,-0.2,0.9971,"(-0.2,0.9971)",0.6266594,0.1182644,0.0139865,0.7062,0.9114,0.6374,0.3642,0.5694
MOD13Q1_061__250m_16_days_NDVI_doy2002001000000_aid0003,_250m_16_days_NDVI,aid0003,2002-01-01,1373625.0,-0.2,0.9926,"(-0.2,0.9926)",0.5881062,0.1141164,0.0130226,0.6594,0.8485,0.596,0.3442,0.5333
MOD13Q1_061__250m_16_days_NDVI_doy2002017000000_aid0003,_250m_16_days_NDVI,aid0003,2002-01-17,1375455.0,-0.2,0.9948,"(-0.2,0.9948)",0.6190559,0.1217102,0.0148134,0.6902,0.8729,0.6344,0.3857,0.5684
MOD13Q1_061__250m_16_days_NDVI_doy2002033000000_aid0003,_250m_16_days_NDVI,aid0003,2002-02-02,1373636.0,-0.2,0.989,"(-0.2,0.989)",0.6126223,0.1203923,0.0144943,0.6767,0.8447,0.626,0.3967,0.5647
MOD13Q1_061__250m_16_days_NDVI_doy2002049000000_aid0003,_250m_16_days_NDVI,aid0003,2002-02-18,1376337.0,-0.2,0.9791,"(-0.2,0.9791)",0.5951543,0.1250225,0.0156306,0.6624,0.8449,0.6067,0.3582,0.5407
MOD13Q1_061__250m_16_days_NDVI_doy2002065000000_aid0003,_250m_16_days_NDVI,aid0003,2002-03-06,1378786.0,-0.2,0.9685,"(-0.2,0.9685)",0.6441002,0.1196604,0.0143186,0.7098,0.8725,0.6595,0.4386,0.6013
MOD13Q1_061__250m_16_days_NDVI_doy2002081000000_aid0003,_250m_16_days_NDVI,aid0003,2002-03-22,1381067.0,-0.2,0.9387,"(-0.2,0.9387)",0.6714794,0.1189373,0.0141461,0.738,0.894,0.6858,0.478,0.634
MOD13Q1_061__250m_16_days_NDVI_doy2002097000000_aid0003,_250m_16_days_NDVI,aid0003,2002-04-07,1376432.0,-0.2,0.9954,"(-0.2,0.9954)",0.6751321,0.1281571,0.0164242,0.7469,0.9023,0.699,0.4879,0.6433
MOD13Q1_061__250m_16_days_NDVI_doy2002113000000_aid0003,_250m_16_days_NDVI,aid0003,2002-04-23,1374458.0,-0.2,0.9908,"(-0.2,0.9908)",0.6273611,0.1292101,0.0166952,0.7117,0.9106,0.6381,0.3785,0.5784
MOD13Q1_061__250m_16_days_NDVI_doy2002129000000_aid0003,_250m_16_days_NDVI,aid0003,2002-05-09,1369772.0,-0.2,0.9106,"(-0.2,0.9106)",0.6511751,0.1144495,0.0130987,0.7239,0.9005,0.6636,0.4289,0.6059
MOD13Q1_061__250m_16_days_NDVI_doy2002145000000_aid0003,_250m_16_days_NDVI,aid0003,2002-05-25,1372959.0,-0.2,0.9973,"(-0.2,0.9973)",0.6308114,0.1181488,0.0139591,0.706,0.8912,0.6447,0.3973,0.5825
MOD13Q1_061__250m_16_days_NDVI_doy2002161000000_aid0003,_250m_16_days_NDVI,aid0003,2002-06-10,1369490.0,-0.2,0.9121,"(-0.2,0.9121)",0.607975,0.1158296,0.0134165,0.6854,0.8814,0.618,0.3587,0.5547
MOD13Q1_061__250m_16_days_NDVI_doy2002177000000_aid0003,_250m_16_days_NDVI,aid0003,2002-06-26,1370747.0,-0.2,0.9669,"(-0.2,0.9669)",0.5469459,0.119941,0.0143858,0.6269,0.8349,0.5502,0.2802,0.4882
MOD13Q1_061__250m_16_days_NDVI_doy2002193000000_aid0003,_250m_16_days_NDVI,aid0003,2002-07-12,1370618.0,-0.2,0.9476,"(-0.2,0.9476)",0.5456738,0.1188022,0.014114,0.6293,0.8559,0.546,0.2516,0.4782
MOD13Q1_061__250m_16_days_NDVI_doy2002209000000_aid0003,_250m_16_days_NDVI,aid0003,2002-07-28,1370556.0,-0.2,0.9427,"(-0.2,0.9427)",0.5262799,0.1207552,0.0145818,0.6151,0.8696,0.5297,0.1909,0.4454
MOD13Q1_061__250m_16_days_NDVI_doy2002225000000_aid0003,_250m_16_days_NDVI,aid0003,2002-08-13,1374171.0,-0.2,0.9233,"(-0.2,0.9233)",0.5381759,0.1202034,0.0144489,0.6213,0.8599,0.5475,0.2236,0.4622
MOD13Q1_061__250m_16_days_NDVI_doy2002241000000_aid0003,_250m_16_days_NDVI,aid0003,2002-08-29,1372414.0,-0.2,0.9257,"(-0.2,0.9257)",0.5304124,0.114772,0.0131726,0.6088,0.8344,0.5326,0.2328,0.4584
MOD13Q1_061__250m_16_days_NDVI_doy2002257000000_aid0003,_250m_16_days_NDVI,aid0003,2002-09-14,1373114.0,-0.2,0.8901,"(-0.2,0.8901)",0.5388995,0.1188683,0.0141297,0.6232,0.8593,0.5363,0.2295,0.4657
MOD13Q1_061__250m_16_days_NDVI_doy2002273000000_aid0003,_250m_16_days_NDVI,aid0003,2002-09-30,1379376.0,-0.2,0.9841,"(-0.2,0.9841)",0.597066,0.1284991,0.016512,0.6873,0.9248,0.5974,0.2911,0.5288
MOD13Q1_061__250m_16_days_NDVI_doy2002289000000_aid0003,_250m_16_days_NDVI,aid0003,2002-10-16,1374525.0,-0.2,0.9762,"(-0.2,0.9762)",0.6486478,0.1286312,0.016546,0.7405,0.9719,0.6589,0.3515,0.5849
MOD13Q1_061__250m_16_days_NDVI_doy2002305000000_aid0003,_250m_16_days_NDVI,aid0003,2002-11-01,1373419.0,-0.2,0.9978,"(-0.2,0.9978)",0.618005,0.1347354,0.0181536,0.7191,0.9835,0.6295,0.2769,0.5422
MOD13Q1_061__250m_16_days_NDVI_doy2002321000000_aid0003,_250m_16_days_NDVI,aid0003,2002-11-17,1374669.0,-0.2,0.9943,"(-0.2,0.9943)",0.6314771,0.1327279,0.0176167,0.7284,0.9512,0.6426,0.3069,0.5598
MOD13Q1_061__250m_16_days_NDVI_doy2002337000000_aid0003,_250m_16_days_NDVI,aid0003,2002-12-03,1375384.0,-0.2,0.9896,"(-0.2,0.9896)",0.6121777,0.1410711,0.019901,0.7086,0.9424,0.6237,0.3116,0.5498
MOD13Q1_061__250m_16_days_NDVI_doy2002353000000_aid0003,_250m_16_days_NDVI,aid0003,2002-12-19,1371877.0,-0.2,0.9693,"(-0.2,0.9693)",0.6199185,0.1373302,0.0188596,0.7162,0.9427,0.6346,0.3102,0.5538
MOD13Q1_061__250m_16_days_NDVI_doy2003001000000_aid0003,_250m_16_days_NDVI,aid0003,2003-01-01,1372546.0,-0.2,0.9863,"(-0.2,0.9863)",0.6434749,0.142024,0.0201708,0.7446,0.9863,0.6629,0.3146,0.5726
MOD13Q1_061__250m_16_days_NDVI_doy2003017000000_aid0003,_250m_16_days_NDVI,aid0003,2003-01-17,1376811.0,-0.2,0.9967,"(-0.2,0.9967)",0.6292501,0.1378472,0.0190018,0.7184,0.9415,0.6504,0.3464,0.5696
MOD13Q1_061__250m_16_days_NDVI_doy2003033000000_aid0003,_250m_16_days_NDVI,aid0003,2003-02-02,1376095.0,-0.2,0.9529,"(-0.2,0.9529)",0.6505389,0.134668,0.0181355,0.7294,0.9103,0.6757,0.4279,0.6088
MOD13Q1_061__250m_16_days_NDVI_doy2003049000000_aid0003,_250m_16_days_NDVI,aid0003,2003-02-18,1379470.0,-0.2,0.9577,"(-0.2,0.9577)",0.6162005,0.142461,0.0202951,0.7054,0.9245,0.6373,0.3402,0.5593
MOD13Q1_061__250m_16_days_NDVI_doy2003065000000_aid0003,_250m_16_days_NDVI,aid0003,2003-03-06,1375977.0,-0.2,0.9909,"(-0.2,0.9909)",0.6502747,0.1475683,0.0217764,0.7398,0.9431,0.6789,0.3941,0.6015
MOD13Q1_061__250m_16_days_NDVI_doy2003081000000_aid0003,_250m_16_days_NDVI,aid0003,2003-03-22,1377425.0,-0.2,0.9945,"(-0.2,0.9945)",0.6524132,0.1459505,0.0213016,0.7414,0.9374,0.6794,0.3942,0.6025
MOD13Q1_061__250m_16_days_NDVI_doy2003097000000_aid0003,_250m_16_days_NDVI,aid0003,2003-04-07,1378173.0,-0.2,0.9857,"(-0.2,0.9857)",0.6308277,0.1445916,0.0209067,0.7212,0.9205,0.6563,0.3655,0.5789
MOD13Q1_061__250m_16_days_NDVI_doy2003113000000_aid0003,_250m_16_days_NDVI,aid0003,2003-04-23,1372779.0,-0.2,0.9228,"(-0.2,0.9228)",0.582491,0.1524502,0.0232411,0.6881,0.9228,0.6073,0.2571,0.5157
MOD13Q1_061__250m_16_days_NDVI_doy2003129000000_aid0003,_250m_16_days_NDVI,aid0003,2003-05-09,1371498.0,-0.2,0.9083,"(-0.2,0.9083)",0.5891668,0.1420691,0.0201836,0.6878,0.9083,0.6125,0.2758,0.523
MOD13Q1_061__250m_16_days_NDVI_doy2003145000000_aid0003,_250m_16_days_NDVI,aid0003,2003-05-25,1372634.0,-0.2,0.97,"(-0.2,0.97)",0.5735892,0.1277796,0.0163276,0.6577,0.8688,0.5942,0.3057,0.5169
MOD13Q1_061__250m_16_days_NDVI_doy2003161000000_aid0003,_250m_16_days_NDVI,aid0003,2003-06-10,1376463.0,-0.2,0.9873,"(-0.2,0.9873)",0.5693482,0.1289468,0.0166273,0.6541,0.8663,0.5911,0.2996,0.5123
MOD13Q1_061__250m_16_days_NDVI_doy2003177000000_aid0003,_250m_16_days_NDVI,aid0003,2003-06-26,1372178.0,-0.2,0.9305,"(-0.2,0.9305)",0.56195,0.1225442,0.0150171,0.643,0.8515,0.5827,0.2955,0.504
MOD13Q1_061__250m_16_days_NDVI_doy2003193000000_aid0003,_250m_16_days_NDVI,aid0003,2003-07-12,1372845.0,-0.2,0.8935,"(-0.2,0.8935)",0.5150518,0.1149763,0.0132196,0.5908,0.793,0.5254,0.2538,0.456
MOD13Q1_061__250m_16_days_NDVI_doy2003209000000_aid0003,_250m_16_days_NDVI,aid0003,2003-07-28,1371728.0,-0.2,0.9018,"(-0.2,0.9018)",0.4708808,0.1084476,0.0117609,0.5445,0.7533,0.4734,0.1965,0.4053
MOD13Q1_061__250m_16_days_NDVI_doy2003225000000_aid0003,_250m_16_days_NDVI,aid0003,2003-08-13,1373960.0,-0.2,0.9082,"(-0.2,0.9082)",0.456027,0.1075722,0.0115718,0.5274,0.7303,0.4601,0.1892,0.3921
MOD13Q1_061__250m_16_days_NDVI_doy2003241000000_aid0003,_250m_16_days_NDVI,aid0003,2003-08-29,1374108.0,-0.2,0.897,"(-0.2,0.897)",0.4407609,0.1011664,0.0102346,0.5054,0.6914,0.4432,0.1954,0.3814
MOD13Q1_061__250m_16_days_NDVI_doy2003257000000_aid0003,_250m_16_days_NDVI,aid0003,2003-09-14,1374849.0,-0.2,0.9113,"(-0.2,0.9113)",0.4462502,0.1002042,0.0100409,0.5082,0.6865,0.4482,0.211,0.3893
MOD13Q1_061__250m_16_days_NDVI_doy2003273000000_aid0003,_250m_16_days_NDVI,aid0003,2003-09-30,1375268.0,-0.2,0.9923,"(-0.2,0.9923)",0.525768,0.1305295,0.017038,0.6146,0.8564,0.5346,0.2116,0.4534
MOD13Q1_061__250m_16_days_NDVI_doy2003289000000_aid0003,_250m_16_days_NDVI,aid0003,2003-10-16,1375503.0,-0.2,0.9964,"(-0.2,0.9964)",0.5871265,0.1325699,0.0175748,0.6828,0.9316,0.5983,0.2458,0.508
MOD13Q1_061__250m_16_days_NDVI_doy2003305000000_aid0003,_250m_16_days_NDVI,aid0003,2003-11-01,1374027.0,-0.2,0.9085,"(-0.2,0.9085)",0.5912687,0.1284576,0.0165014,0.685,0.9085,0.6037,0.2673,0.5179
MOD13Q1_061__250m_16_days_NDVI_doy2003321000000_aid0003,_250m_16_days_NDVI,aid0003,2003-11-17,1374702.0,-0.1996,0.9944,"(-0.1996,0.9944)",0.6076386,0.1253754,0.015719,0.6953,0.9263,0.6171,0.3093,0.5409
MOD13Q1_061__250m_16_days_NDVI_doy2003337000000_aid0003,_250m_16_days_NDVI,aid0003,2003-12-03,1376882.0,-0.2,0.9664,"(-0.2,0.9664)",0.6152409,0.1343596,0.0180525,0.7081,0.9424,0.6298,0.3174,0.5518
MOD13Q1_061__250m_16_days_NDVI_doy2003353000000_aid0003,_250m_16_days_NDVI,aid0003,2003-12-19,1376152.0,-0.2,0.9951,"(-0.2,0.9951)",0.6142242,0.1426499,0.020349,0.7062,0.9337,0.6322,0.324,0.5533
MOD13Q1_061__250m_16_days_NDVI_doy2004001000000_aid0003,_250m_16_days_NDVI,aid0003,2004-01-01,1374124.0,-0.2,0.995,"(-0.2,0.995)",0.6355167,0.1315769,0.0173125,0.7236,0.9441,0.649,0.3561,0.5766
MOD13Q1_061__250m_16_days_NDVI_doy2004017000000_aid0003,_250m_16_days_NDVI,aid0003,2004-01-17,1375649.0,-0.2,0.978,"(-0.2,0.978)",0.6116063,0.1299664,0.0168913,0.6939,0.9058,0.6252,0.3407,0.5526
MOD13Q1_061__250m_16_days_NDVI_doy2004033000000_aid0003,_250m_16_days_NDVI,aid0003,2004-02-02,1376780.0,-0.2,0.9695,"(-0.2,0.9695)",0.6325716,0.1212556,0.0147029,0.7014,0.8752,0.647,0.4117,0.5855
MOD13Q1_061__250m_16_days_NDVI_doy2004049000000_aid0003,_250m_16_days_NDVI,aid0003,2004-02-18,1381681.0,-0.2,0.9455,"(-0.2,0.9455)",0.6133506,0.1320488,0.0174369,0.688,0.8735,0.6311,0.3788,0.5643
MOD13Q1_061__250m_16_days_NDVI_doy2004065000000_aid0003,_250m_16_days_NDVI,aid0003,2004-03-05,1377152.0,-0.2,0.9393,"(-0.2,0.9393)",0.6237947,0.1263146,0.0159554,0.693,0.8697,0.6348,0.3985,0.5752
MOD13Q1_061__250m_16_days_NDVI_doy2004081000000_aid0003,_250m_16_days_NDVI,aid0003,2004-03-21,1379726.0,-0.2,0.9389,"(-0.2,0.9389)",0.603317,0.1247755,0.0155689,0.6719,0.8441,0.6171,0.3849,0.5571
MOD13Q1_061__250m_16_days_NDVI_doy2004097000000_aid0003,_250m_16_days_NDVI,aid0003,2004-04-06,1375443.0,-0.2,0.9401,"(-0.2,0.9401)",0.6471494,0.114558,0.0131235,0.7149,0.8781,0.6616,0.4429,0.6061
MOD13Q1_061__250m_16_days_NDVI_doy2004113000000_aid0003,_250m_16_days_NDVI,aid0003,2004-04-22,1376073.0,-0.2,0.9117,"(-0.2,0.9117)",0.6206873,0.1284071,0.0164884,0.702,0.8935,0.6398,0.3825,0.5742
MOD13Q1_061__250m_16_days_NDVI_doy2004129000000_aid0003,_250m_16_days_NDVI,aid0003,2004-05-08,1370942.0,-0.2,0.9964,"(-0.2,0.9964)",0.59366,0.1195394,0.0142897,0.6733,0.8749,0.6045,0.3373,0.5389
MOD13Q1_061__250m_16_days_NDVI_doy2004145000000_aid0003,_250m_16_days_NDVI,aid0003,2004-05-24,1370681.0,-0.2,0.9055,"(-0.2,0.9055)",0.5583799,0.1177745,0.0138708,0.6327,0.823,0.5693,0.3155,0.5058
MOD13Q1_061__250m_16_days_NDVI_doy2004161000000_aid0003,_250m_16_days_NDVI,aid0003,2004-06-09,1370775.0,-0.2,0.9546,"(-0.2,0.9546)",0.4964584,0.1140167,0.0129998,0.5679,0.7671,0.5012,0.2359,0.4351
MOD13Q1_061__250m_16_days_NDVI_doy2004177000000_aid0003,_250m_16_days_NDVI,aid0003,2004-06-25,1371352.0,-0.2,0.9395,"(-0.2,0.9395)",0.4943077,0.1198658,0.0143678,0.5795,0.8286,0.495,0.1643,0.4134
MOD13Q1_061__250m_16_days_NDVI_doy2004193000000_aid0003,_250m_16_days_NDVI,aid0003,2004-07-11,1372107.0,-0.2,0.9752,"(-0.2,0.9752)",0.4567332,0.1168752,0.0136598,0.5396,0.7899,0.4568,0.1221,0.3726
MOD13Q1_061__250m_16_days_NDVI_doy2004209000000_aid0003,_250m_16_days_NDVI,aid0003,2004-07-27,1369594.0,-0.2,0.9197,"(-0.2,0.9197)",0.4577537,0.1129816,0.0127648,0.5337,0.7668,0.4538,0.1452,0.3783
MOD13Q1_061__250m_16_days_NDVI_doy2004225000000_aid0003,_250m_16_days_NDVI,aid0003,2004-08-12,1376408.0,-0.2,0.9416,"(-0.2,0.9416)",0.4259633,0.1084102,0.0117528,0.4941,0.7039,0.4201,0.1444,0.3542
MOD13Q1_061__250m_16_days_NDVI_doy2004241000000_aid0003,_250m_16_days_NDVI,aid0003,2004-08-28,1376205.0,-0.2,0.9038,"(-0.2,0.9038)",0.4197395,0.1080657,0.0116782,0.4867,0.6956,0.4096,0.1385,0.3474
MOD13Q1_061__250m_16_days_NDVI_doy2004257000000_aid0003,_250m_16_days_NDVI,aid0003,2004-09-13,1374400.0,-0.1995,0.8847,"(-0.1995,0.8847)",0.435747,0.1116269,0.0124606,0.5074,0.7297,0.4232,0.1369,0.3592
MOD13Q1_061__250m_16_days_NDVI_doy2004273000000_aid0003,_250m_16_days_NDVI,aid0003,2004-09-29,1374100.0,-0.2,0.897,"(-0.2,0.897)",0.4559351,0.1209029,0.0146175,0.5378,0.7898,0.4405,0.1178,0.3698
MOD13Q1_061__250m_16_days_NDVI_doy2004289000000_aid0003,_250m_16_days_NDVI,aid0003,2004-10-15,1374675.0,-0.2,0.9008,"(-0.2,0.9008)",0.4823933,0.1326155,0.0175869,0.5766,0.8598,0.4715,0.1044,0.3877
MOD13Q1_061__250m_16_days_NDVI_doy2004305000000_aid0003,_250m_16_days_NDVI,aid0003,2004-10-31,1375999.0,-0.2,0.998,"(-0.2,0.998)",0.515402,0.1442906,0.0208198,0.6211,0.9158,0.5139,0.1276,0.4237
MOD13Q1_061__250m_16_days_NDVI_doy2004321000000_aid0003,_250m_16_days_NDVI,aid0003,2004-11-16,1370672.0,-0.2,0.9983,"(-0.2,0.9983)",0.5426031,0.1347907,0.0181685,0.6467,0.9382,0.5433,0.1597,0.4519
MOD13Q1_061__250m_16_days_NDVI_doy2004337000000_aid0003,_250m_16_days_NDVI,aid0003,2004-12-02,1373629.0,-0.2,0.9956,"(-0.2,0.9956)",0.5934487,0.1380798,0.019066,0.6977,0.967,0.6052,0.224,0.5082
MOD13Q1_061__250m_16_days_NDVI_doy2004353000000_aid0003,_250m_16_days_NDVI,aid0003,2004-12-18,1372977.0,-0.1997,0.9875,"(-0.1997,0.9875)",0.6179412,0.1324163,0.0175341,0.7177,0.982,0.6301,0.2752,0.5407
MOD13Q1_061__250m_16_days_NDVI_doy2005001000000_aid0003,_250m_16_days_NDVI,aid0003,2005-01-01,1372300.0,-0.2,0.9992,"(-0.2,0.9992)",0.5962834,0.1126235,0.0126841,0.6672,0.8613,0.6036,0.3437,0.5378
MOD13Q1_061__250m_16_days_NDVI_doy2005017000000_aid0003,_250m_16_days_NDVI,aid0003,2005-01-17,1373276.0,-0.2,0.9328,"(-0.2,0.9328)",0.5706765,0.1104395,0.0121969,0.6404,0.8339,0.5768,0.3179,0.5114
MOD13Q1_061__250m_16_days_NDVI_doy2005033000000_aid0003,_250m_16_days_NDVI,aid0003,2005-02-02,1371449.0,-0.2,0.9609,"(-0.2,0.9609)",0.6083849,0.1133554,0.0128494,0.6805,0.8744,0.6132,0.3573,0.5512
MOD13Q1_061__250m_16_days_NDVI_doy2005049000000_aid0003,_250m_16_days_NDVI,aid0003,2005-02-18,1373750.0,-0.2,0.9491,"(-0.2,0.9491)",0.6091475,0.1142629,0.013056,0.6853,0.8914,0.6139,0.3418,0.5479
MOD13Q1_061__250m_16_days_NDVI_doy2005065000000_aid0003,_250m_16_days_NDVI,aid0003,2005-03-06,1379319.0,-0.1998,0.9493,"(-0.1998,0.9493)",0.6172624,0.1234101,0.01523,0.6968,0.9002,0.6264,0.3578,0.5612
MOD13Q1_061__250m_16_days_NDVI_doy2005081000000_aid0003,_250m_16_days_NDVI,aid0003,2005-03-22,1377560.0,-0.2,0.9314,"(-0.2,0.9314)",0.6435289,0.1190522,0.0141734,0.7204,0.9109,0.654,0.4029,0.5934
MOD13Q1_061__250m_16_days_NDVI_doy2005097000000_aid0003,_250m_16_days_NDVI,aid0003,2005-04-07,1376169.0,-0.2,0.9611,"(-0.2,0.9611)",0.6483157,0.1169303,0.0136727,0.7241,0.908,0.6625,0.4169,0.6012
MOD13Q1_061__250m_16_days_NDVI_doy2005113000000_aid0003,_250m_16_days_NDVI,aid0003,2005-04-23,1373695.0,-0.2,0.8969,"(-0.2,0.8969)",0.6414782,0.1069611,0.0114407,0.7088,0.8735,0.6552,0.4343,0.599
MOD13Q1_061__250m_16_days_NDVI_doy2005129000000_aid0003,_250m_16_days_NDVI,aid0003,2005-05-09,1372696.0,-0.2,0.9987,"(-0.2,0.9987)",0.6296109,0.1143112,0.0130671,0.7087,0.9059,0.6424,0.379,0.5768
MOD13Q1_061__250m_16_days_NDVI_doy2005145000000_aid0003,_250m_16_days_NDVI,aid0003,2005-05-25,1372690.0,-0.2,0.9565,"(-0.2,0.9565)",0.61561,0.1111379,0.0123516,0.6939,0.8912,0.6258,0.3644,0.5621
MOD13Q1_061__250m_16_days_NDVI_doy2005161000000_aid0003,_250m_16_days_NDVI,aid0003,2005-06-10,1374032.0,-0.2,0.9927,"(-0.2,0.9927)",0.5988028,0.12198,0.0148791,0.6848,0.8988,0.6102,0.3266,0.5415
MOD13Q1_061__250m_16_days_NDVI_doy2005177000000_aid0003,_250m_16_days_NDVI,aid0003,2005-06-26,1371204.0,-0.2,0.9911,"(-0.2,0.9911)",0.6103654,0.1124782,0.0126514,0.6912,0.8968,0.6194,0.3482,0.554
MOD13Q1_061__250m_16_days_NDVI_doy2005193000000_aid0003,_250m_16_days_NDVI,aid0003,2005-07-12,1371966.0,-0.2,0.9021,"(-0.2,0.9021)",0.5753354,0.1137044,0.0129287,0.6539,0.8573,0.5845,0.3149,0.5183
MOD13Q1_061__250m_16_days_NDVI_doy2005209000000_aid0003,_250m_16_days_NDVI,aid0003,2005-07-28,1373624.0,-0.2,0.9891,"(-0.2,0.9891)",0.4955251,0.116219,0.0135069,0.5756,0.8031,0.4961,0.1964,0.4239
MOD13Q1_061__250m_16_days_NDVI_doy2005225000000_aid0003,_250m_16_days_NDVI,aid0003,2005-08-13,1377136.0,-0.2,0.9255,"(-0.2,0.9255)",0.5006642,0.1111217,0.012348,0.5731,0.7769,0.5039,0.2334,0.4372
MOD13Q1_061__250m_16_days_NDVI_doy2005241000000_aid0003,_250m_16_days_NDVI,aid0003,2005-08-29,1374606.0,-0.2,0.9272,"(-0.2,0.9272)",0.4737451,0.1069159,0.011431,0.5431,0.7435,0.4734,0.2091,0.4095
MOD13Q1_061__250m_16_days_NDVI_doy2005257000000_aid0003,_250m_16_days_NDVI,aid0003,2005-09-14,1372870.0,-0.2,0.8642,"(-0.2,0.8642)",0.4331789,0.0991435,0.0098294,0.4943,0.6803,0.424,0.1843,0.3703
MOD13Q1_061__250m_16_days_NDVI_doy2005273000000_aid0003,_250m_16_days_NDVI,aid0003,2005-09-30,1374934.0,-0.2,0.966,"(-0.2,0.966)",0.4341119,0.1014423,0.0102905,0.497,0.6893,0.4238,0.1765,0.3688
MOD13Q1_061__250m_16_days_NDVI_doy2005289000000_aid0003,_250m_16_days_NDVI,aid0003,2005-10-16,1371499.0,-0.2,0.8936,"(-0.2,0.8936)",0.4382811,0.1146122,0.013136,0.511,0.7342,0.4207,0.139,0.3622
MOD13Q1_061__250m_16_days_NDVI_doy2005305000000_aid0003,_250m_16_days_NDVI,aid0003,2005-11-01,1370703.0,-0.2,0.9655,"(-0.2,0.9655)",0.4493657,0.1157101,0.0133888,0.5251,0.7555,0.44,0.1412,0.3715
MOD13Q1_061__250m_16_days_NDVI_doy2005321000000_aid0003,_250m_16_days_NDVI,aid0003,2005-11-17,1372846.0,-0.2,0.9036,"(-0.2,0.9036)",0.5179125,0.1262586,0.0159412,0.6071,0.8675,0.5187,0.1731,0.4335
MOD13Q1_061__250m_16_days_NDVI_doy2005337000000_aid0003,_250m_16_days_NDVI,aid0003,2005-12-03,1374229.0,-0.2,0.9922,"(-0.2,0.9922)",0.5732663,0.1194586,0.0142704,0.6566,0.8813,0.5821,0.2821,0.5068
MOD13Q1_061__250m_16_days_NDVI_doy2005353000000_aid0003,_250m_16_days_NDVI,aid0003,2005-12-19,1373376.0,-0.2,0.9843,"(-0.2,0.9843)",0.6051993,0.1137614,0.0129417,0.6831,0.8881,0.6128,0.3414,0.5464
MOD13Q1_061__250m_16_days_NDVI_doy2006001000000_aid0003,_250m_16_days_NDVI,aid0003,2006-01-01,1375142.0,-0.2,0.9721,"(-0.2,0.9721)",0.5736721,0.1168592,0.0136561,0.6469,0.8477,0.5797,0.3122,0.513
MOD13Q1_061__250m_16_days_NDVI_doy2006017000000_aid0003,_250m_16_days_NDVI,aid0003,2006-01-17,1375768.0,-0.2,0.9741,"(-0.2,0.9741)",0.5773275,0.1142361,0.0130499,0.6447,0.8305,0.5811,0.335,0.5208
MOD13Q1_061__250m_16_days_NDVI_doy2006033000000_aid0003,_250m_16_days_NDVI,aid0003,2006-02-02,1377614.0,-0.2,0.9404,"(-0.2,0.9404)",0.5759908,0.120125,0.01443,0.6489,0.8502,0.5822,0.3134,0.5147
MOD13Q1_061__250m_16_days_NDVI_doy2006049000000_aid0003,_250m_16_days_NDVI,aid0003,2006-02-18,1380209.0,-0.2,0.9808,"(-0.2,0.9808)",0.5881795,0.1284164,0.0164908,0.6685,0.8885,0.5964,0.3018,0.5218
MOD13Q1_061__250m_16_days_NDVI_doy2006065000000_aid0003,_250m_16_days_NDVI,aid0003,2006-03-06,1373684.0,-0.2,0.9597,"(-0.2,0.9597)",0.6609615,0.1144481,0.0130984,0.735,0.9252,0.6733,0.418,0.6082
MOD13Q1_061__250m_16_days_NDVI_doy2006081000000_aid0003,_250m_16_days_NDVI,aid0003,2006-03-22,1377516.0,-0.2,0.9306,"(-0.2,0.9306)",0.6479787,0.1181972,0.0139706,0.719,0.8963,0.6616,0.4235,0.6008
MOD13Q1_061__250m_16_days_NDVI_doy2006097000000_aid0003,_250m_16_days_NDVI,aid0003,2006-04-07,1374795.0,-0.2,0.9825,"(-0.2,0.9825)",0.6423879,0.1102187,0.0121482,0.7121,0.8894,0.6555,0.4166,0.5939
MOD13Q1_061__250m_16_days_NDVI_doy2006113000000_aid0003,_250m_16_days_NDVI,aid0003,2006-04-23,1373566.0,-0.2,0.9321,"(-0.2,0.9321)",0.619042,0.1099953,0.012099,0.691,0.8732,0.6338,0.3873,0.5695
MOD13Q1_061__250m_16_days_NDVI_doy2006129000000_aid0003,_250m_16_days_NDVI,aid0003,2006-05-09,1373132.0,-0.2,0.8954,"(-0.2,0.8954)",0.5786931,0.1151728,0.0132648,0.6572,0.8623,0.5932,0.3152,0.5204
MOD13Q1_061__250m_16_days_NDVI_doy2006145000000_aid0003,_250m_16_days_NDVI,aid0003,2006-05-25,1372373.0,-0.2,0.8936,"(-0.2,0.8936)",0.551375,0.1113838,0.0124064,0.6262,0.8266,0.5649,0.292,0.4925
MOD13Q1_061__250m_16_days_NDVI_doy2006161000000_aid0003,_250m_16_days_NDVI,aid0003,2006-06-10,1372246.0,-0.2,0.9082,"(-0.2,0.9082)",0.5593296,0.1131339,0.0127993,0.6374,0.8454,0.5713,0.2907,0.4987
MOD13Q1_061__250m_16_days_NDVI_doy2006177000000_aid0003,_250m_16_days_NDVI,aid0003,2006-06-26,1372728.0,-0.2,0.915,"(-0.2,0.915)",0.5719522,0.1160246,0.0134617,0.6547,0.8747,0.5816,0.288,0.508
MOD13Q1_061__250m_16_days_NDVI_doy2006193000000_aid0003,_250m_16_days_NDVI,aid0003,2006-07-12,1373288.0,-0.2,0.9139,"(-0.2,0.9139)",0.5572201,0.1132575,0.0128273,0.6346,0.8441,0.5671,0.2854,0.4949
MOD13Q1_061__250m_16_days_NDVI_doy2006209000000_aid0003,_250m_16_days_NDVI,aid0003,2006-07-28,1373896.0,-0.2,0.9089,"(-0.2,0.9089)",0.4974521,0.1182616,0.0139858,0.5812,0.8234,0.4984,0.1775,0.4197
MOD13Q1_061__250m_16_days_NDVI_doy2006225000000_aid0003,_250m_16_days_NDVI,aid0003,2006-08-13,1373930.0,-0.2,0.9028,"(-0.2,0.9028)",0.4403634,0.1069632,0.0114411,0.5101,0.7261,0.4374,0.1502,0.3661
MOD13Q1_061__250m_16_days_NDVI_doy2006241000000_aid0003,_250m_16_days_NDVI,aid0003,2006-08-29,1373599.0,-0.2,0.8926,"(-0.2,0.8926)",0.4070347,0.1010333,0.0102077,0.4704,0.6711,0.3998,0.1359,0.3366
MOD13Q1_061__250m_16_days_NDVI_doy2006257000000_aid0003,_250m_16_days_NDVI,aid0003,2006-09-14,1373511.0,-0.2,0.8559,"(-0.2,0.8559)",0.3776845,0.0862304,0.0074357,0.4289,0.5909,0.3707,0.1589,0.3209
MOD13Q1_061__250m_16_days_NDVI_doy2006273000000_aid0003,_250m_16_days_NDVI,aid0003,2006-09-30,1372654.0,-0.1992,0.8466,"(-0.1992,0.8466)",0.4089013,0.0998775,0.0099755,0.4736,0.6738,0.3988,0.1399,0.3401
MOD13Q1_061__250m_16_days_NDVI_doy2006289000000_aid0003,_250m_16_days_NDVI,aid0003,2006-10-16,1374195.0,-0.2,0.9459,"(-0.2,0.9459)",0.4982211,0.1325131,0.0175597,0.5994,0.8889,0.4951,0.1099,0.4036
MOD13Q1_061__250m_16_days_NDVI_doy2006305000000_aid0003,_250m_16_days_NDVI,aid0003,2006-11-01,1376681.0,-0.2,0.9961,"(-0.2,0.9961)",0.581743,0.1463315,0.0214129,0.6945,0.9961,0.5939,0.1693,0.4844
MOD13Q1_061__250m_16_days_NDVI_doy2006321000000_aid0003,_250m_16_days_NDVI,aid0003,2006-11-17,1376108.0,-0.1998,0.9445,"(-0.1998,0.9445)",0.5869401,0.1355066,0.018362,0.6886,0.9445,0.5939,0.2229,0.5023
MOD13Q1_061__250m_16_days_NDVI_doy2006337000000_aid0003,_250m_16_days_NDVI,aid0003,2006-12-03,1374294.0,-0.2,0.9806,"(-0.2,0.9806)",0.5988396,0.1351835,0.0182746,0.7009,0.9806,0.611,0.2337,0.514
MOD13Q1_061__250m_16_days_NDVI_doy2006353000000_aid0003,_250m_16_days_NDVI,aid0003,2006-12-19,1376398.0,-0.2,0.9975,"(-0.2,0.9975)",0.6374868,0.132787,0.0176324,0.7322,0.9726,0.6542,0.3237,0.5688
MOD13Q1_061__250m_16_days_NDVI_doy2007001000000_aid0003,_250m_16_days_NDVI,aid0003,2007-01-01,1376968.0,-0.2,0.9954,"(-0.2,0.9954)",0.6234472,0.128257,0.0164499,0.7152,0.9584,0.6343,0.3095,0.5529
MOD13Q1_061__250m_16_days_NDVI_doy2007017000000_aid0003,_250m_16_days_NDVI,aid0003,2007-01-17,1373683.0,-0.2,0.986,"(-0.2,0.986)",0.6416995,0.11591,0.0134351,0.7201,0.9239,0.6569,0.3801,0.5841
MOD13Q1_061__250m_16_days_NDVI_doy2007033000000_aid0003,_250m_16_days_NDVI,aid0003,2007-02-02,1372321.0,-0.2,0.998,"(-0.2,0.998)",0.6356479,0.1257805,0.0158207,0.72,0.941,0.6479,0.3488,0.5715
MOD13Q1_061__250m_16_days_NDVI_doy2007049000000_aid0003,_250m_16_days_NDVI,aid0003,2007-02-18,1372348.0,-0.2,0.9943,"(-0.2,0.9943)",0.6271344,0.1400597,0.0196167,0.7172,0.941,0.6413,0.343,0.5675
MOD13Q1_061__250m_16_days_NDVI_doy2007065000000_aid0003,_250m_16_days_NDVI,aid0003,2007-03-06,1369997.0,-0.2,0.989,"(-0.2,0.989)",0.6678938,0.1379135,0.0190201,0.7506,0.9462,0.6871,0.4201,0.6184
MOD13Q1_061__250m_16_days_NDVI_doy2007081000000_aid0003,_250m_16_days_NDVI,aid0003,2007-03-22,1377734.0,-0.2,0.9908,"(-0.2,0.9908)",0.6642534,0.138041,0.0190553,0.7506,0.9572,0.6859,0.4056,0.6126
MOD13Q1_061__250m_16_days_NDVI_doy2007097000000_aid0003,_250m_16_days_NDVI,aid0003,2007-04-07,1377900.0,-0.2,0.9755,"(-0.2,0.9755)",0.6725182,0.1310573,0.017176,0.754,0.9464,0.6938,0.4243,0.6221
MOD13Q1_061__250m_16_days_NDVI_doy2007113000000_aid0003,_250m_16_days_NDVI,aid0003,2007-04-23,1371331.0,-0.2,0.9915,"(-0.2,0.9915)",0.6611742,0.1205505,0.0145324,0.7415,0.9327,0.683,0.4213,0.6134
MOD13Q1_061__250m_16_days_NDVI_doy2007129000000_aid0003,_250m_16_days_NDVI,aid0003,2007-05-09,1369968.0,-0.2,0.917,"(-0.2,0.917)",0.6051466,0.1270895,0.0161518,0.6955,0.917,0.6258,0.314,0.5429
MOD13Q1_061__250m_16_days_NDVI_doy2007145000000_aid0003,_250m_16_days_NDVI,aid0003,2007-05-25,1369732.0,-0.2,0.9005,"(-0.2,0.9005)",0.5354393,0.1250598,0.01564,0.6254,0.8691,0.5506,0.2189,0.4628
MOD13Q1_061__250m_16_days_NDVI_doy2007161000000_aid0003,_250m_16_days_NDVI,aid0003,2007-06-10,1377047.0,-0.2,0.9969,"(-0.2,0.9969)",0.4632278,0.1359391,0.0184794,0.5554,0.821,0.4656,0.1127,0.3783
MOD13Q1_061__250m_16_days_NDVI_doy2007177000000_aid0003,_250m_16_days_NDVI,aid0003,2007-06-26,1373511.0,-0.1997,0.9231,"(-0.1997,0.9231)",0.4672356,0.122837,0.0150889,0.5528,0.8103,0.4693,0.1236,0.3811
MOD13Q1_061__250m_16_days_NDVI_doy2007193000000_aid0003,_250m_16_days_NDVI,aid0003,2007-07-12,1372262.0,-0.2,0.8931,"(-0.2,0.8931)",0.4131001,0.1126083,0.0126806,0.4872,0.7219,0.4095,0.096,0.3307
MOD13Q1_061__250m_16_days_NDVI_doy2007209000000_aid0003,_250m_16_days_NDVI,aid0003,2007-07-28,1371616.0,-0.2,0.8704,"(-0.2,0.8704)",0.3639054,0.0991653,0.0098338,0.4231,0.6182,0.3548,0.0979,0.293
MOD13Q1_061__250m_16_days_NDVI_doy2007225000000_aid0003,_250m_16_days_NDVI,aid0003,2007-08-13,1377376.0,-0.2,0.925,"(-0.2,0.925)",0.3480028,0.0976016,0.0095261,0.4054,0.593,0.3368,0.0927,0.2803
MOD13Q1_061__250m_16_days_NDVI_doy2007241000000_aid0003,_250m_16_days_NDVI,aid0003,2007-08-29,1377534.0,-0.2,0.9988,"(-0.2,0.9988)",0.3429906,0.1002995,0.01006,0.3986,0.5822,0.3302,0.0928,0.2762
MOD13Q1_061__250m_16_days_NDVI_doy2007257000000_aid0003,_250m_16_days_NDVI,aid0003,2007-09-14,1373403.0,-0.2,0.9562,"(-0.2,0.9562)",0.4512116,0.1281153,0.0164135,0.5371,0.8047,0.4408,0.0911,0.3587
MOD13Q1_061__250m_16_days_NDVI_doy2007273000000_aid0003,_250m_16_days_NDVI,aid0003,2007-09-30,1380982.0,-0.2,0.9959,"(-0.2,0.9959)",0.5176931,0.1485872,0.0220781,0.6318,0.9572,0.5187,0.0847,0.4129
MOD13Q1_061__250m_16_days_NDVI_doy2007289000000_aid0003,_250m_16_days_NDVI,aid0003,2007-10-16,1375157.0,-0.2,0.9832,"(-0.2,0.9832)",0.5523459,0.1546057,0.0239029,0.6796,0.9832,0.558,0.0831,0.441
MOD13Q1_061__250m_16_days_NDVI_doy2007305000000_aid0003,_250m_16_days_NDVI,aid0003,2007-11-01,1374593.0,-0.2,0.9659,"(-0.2,0.9659)",0.6050816,0.1440242,0.020743,0.7188,0.9659,0.6246,0.2028,0.5124
MOD13Q1_061__250m_16_days_NDVI_doy2007321000000_aid0003,_250m_16_days_NDVI,aid0003,2007-11-17,1373111.0,-0.2,0.9813,"(-0.2,0.9813)",0.5760564,0.1401509,0.0196423,0.6852,0.9813,0.5902,0.1805,0.4833
MOD13Q1_061__250m_16_days_NDVI_doy2007337000000_aid0003,_250m_16_days_NDVI,aid0003,2007-12-03,1375588.0,-0.2,0.9171,"(-0.2,0.9171)",0.6079677,0.1281962,0.0164343,0.701,0.9171,0.6248,0.2923,0.5375
MOD13Q1_061__250m_16_days_NDVI_doy2007353000000_aid0003,_250m_16_days_NDVI,aid0003,2007-12-19,1373474.0,-0.2,0.9669,"(-0.2,0.9669)",0.5964447,0.1254054,0.0157265,0.6872,0.9251,0.6098,0.2777,0.5234
MOD13Q1_061__250m_16_days_NDVI_doy2000049000000_aid0004,_250m_16_days_NDVI,aid0004,2000-02-18,1368623.0,-0.2,0.9554,"(-0.2,0.9554)",0.6048755,0.2415432,0.0583431,0.7487,0.9554,0.6907,0.3375,0.5842
MOD13Q1_061__250m_16_days_NDVI_doy2000065000000_aid0004,_250m_16_days_NDVI,aid0004,2000-03-05,1275384.0,-0.2,0.9992,"(-0.2,0.9992)",0.6127386,0.1934429,0.0374202,0.7366,0.9992,0.6663,0.2889,0.5575
MOD13Q1_061__250m_16_days_NDVI_doy2000081000000_aid0004,_250m_16_days_NDVI,aid0004,2000-03-21,1269251.0,-0.2,0.9951,"(-0.2,0.9951)",0.5729364,0.1835313,0.0336837,0.6881,0.9297,0.6206,0.2851,0.5269
MOD13Q1_061__250m_16_days_NDVI_doy2000097000000_aid0004,_250m_16_days_NDVI,aid0004,2000-04-06,1266877.0,-0.2,0.9983,"(-0.2,0.9983)",0.5850676,0.1704187,0.0290425,0.6951,0.9307,0.6325,0.3014,0.5376
MOD13Q1_061__250m_16_days_NDVI_doy2000113000000_aid0004,_250m_16_days_NDVI,aid0004,2000-04-22,1266660.0,-0.2,0.9706,"(-0.2,0.9706)",0.5582157,0.1731147,0.0299687,0.6638,0.8878,0.6024,0.2901,0.5143
MOD13Q1_061__250m_16_days_NDVI_doy2000129000000_aid0004,_250m_16_days_NDVI,aid0004,2000-05-08,1274303.0,-0.2,0.9687,"(-0.2,0.9687)",0.5341402,0.1769313,0.0313047,0.6421,0.8714,0.5813,0.2599,0.4892
MOD13Q1_061__250m_16_days_NDVI_doy2000145000000_aid0004,_250m_16_days_NDVI,aid0004,2000-05-24,1287831.0,-0.2,0.9634,"(-0.2,0.9634)",0.5044498,0.182491,0.033303,0.6108,0.8286,0.5467,0.2478,0.4656
MOD13Q1_061__250m_16_days_NDVI_doy2000161000000_aid0004,_250m_16_days_NDVI,aid0004,2000-06-09,1338261.0,-0.2,0.9708,"(-0.2,0.9708)",0.4546839,0.1948509,0.0379669,0.5732,0.8177,0.5035,0.1657,0.4102
MOD13Q1_061__250m_16_days_NDVI_doy2000177000000_aid0004,_250m_16_days_NDVI,aid0004,2000-06-25,1281289.0,-0.2,0.9682,"(-0.2,0.9682)",0.4491034,0.1584321,0.0251007,0.538,0.7505,0.4735,0.1838,0.3963
MOD13Q1_061__250m_16_days_NDVI_doy2000193000000_aid0004,_250m_16_days_NDVI,aid0004,2000-07-11,1275642.0,-0.2,0.9291,"(-0.2,0.9291)",0.3976947,0.1389154,0.0192975,0.4777,0.6778,0.4119,0.1442,0.3443
MOD13Q1_061__250m_16_days_NDVI_doy2000209000000_aid0004,_250m_16_days_NDVI,aid0004,2000-07-27,1347977.0,-0.2,0.8846,"(-0.2,0.8846)",0.3361707,0.1550346,0.0240357,0.4244,0.614,0.3615,0.1084,0.298
MOD13Q1_061__250m_16_days_NDVI_doy2000225000000_aid0004,_250m_16_days_NDVI,aid0004,2000-08-12,1269968.0,-0.2,0.9956,"(-0.2,0.9956)",0.3648153,0.1396334,0.0194975,0.4286,0.6087,0.3651,0.1284,0.3085
MOD13Q1_061__250m_16_days_NDVI_doy2000241000000_aid0004,_250m_16_days_NDVI,aid0004,2000-08-28,1325057.0,-0.2,0.9027,"(-0.2,0.9027)",0.3401351,0.157782,0.0248952,0.4167,0.6028,0.3526,0.1065,0.2926
MOD13Q1_061__250m_16_days_NDVI_doy2000257000000_aid0004,_250m_16_days_NDVI,aid0004,2000-09-13,1303996.0,-0.2,0.9926,"(-0.2,0.9926)",0.3615887,0.157619,0.0248438,0.4364,0.6342,0.3672,0.1067,0.3045
MOD13Q1_061__250m_16_days_NDVI_doy2000273000000_aid0004,_250m_16_days_NDVI,aid0004,2000-09-29,1279656.0,-0.2,0.9078,"(-0.2,0.9078)",0.3753448,0.1397952,0.0195427,0.4522,0.6667,0.3776,0.0947,0.3092
MOD13Q1_061__250m_16_days_NDVI_doy2000289000000_aid0004,_250m_16_days_NDVI,aid0004,2000-10-15,1267430.0,-0.2,0.9408,"(-0.2,0.9408)",0.4298393,0.1536662,0.0236133,0.5294,0.8135,0.4369,0.0559,0.34
MOD13Q1_061__250m_16_days_NDVI_doy2000305000000_aid0004,_250m_16_days_NDVI,aid0004,2000-10-31,1280609.0,-0.2,0.9791,"(-0.2,0.9791)",0.507071,0.1885973,0.0355689,0.6371,0.9593,0.5297,0.1001,0.4223
MOD13Q1_061__250m_16_days_NDVI_doy2000321000000_aid0004,_250m_16_days_NDVI,aid0004,2000-11-16,1286640.0,-0.2,0.9941,"(-0.2,0.9941)",0.5041599,0.1849495,0.0342063,0.6252,0.9054,0.5377,0.1582,0.4384
MOD13Q1_061__250m_16_days_NDVI_doy2000337000000_aid0004,_250m_16_days_NDVI,aid0004,2000-12-02,1329519.0,-0.2,0.9816,"(-0.2,0.9816)",0.5326653,0.2272699,0.0516516,0.6804,0.9448,0.5919,0.1814,0.4808
MOD13Q1_061__250m_16_days_NDVI_doy2000353000000_aid0004,_250m_16_days_NDVI,aid0004,2000-12-18,1291362.0,-0.2,0.9969,"(-0.2,0.9969)",0.5569156,0.1968585,0.0387533,0.6773,0.9203,0.6005,0.2723,0.5153
MOD13Q1_061__250m_16_days_NDVI_doy2001001000000_aid0004,_250m_16_days_NDVI,aid0004,2001-01-01,1303099.0,-0.2,0.9948,"(-0.2,0.9948)",0.5645721,0.2086265,0.043525,0.6833,0.9078,0.6111,0.3091,0.5336
MOD13Q1_061__250m_16_days_NDVI_doy2001017000000_aid0004,_250m_16_days_NDVI,aid0004,2001-01-17,1281296.0,-0.2,0.999,"(-0.2,0.999)",0.5788878,0.1940193,0.0376435,0.7031,0.9932,0.6126,0.2184,0.5092
MOD13Q1_061__250m_16_days_NDVI_doy2001033000000_aid0004,_250m_16_days_NDVI,aid0004,2001-02-02,1276762.0,-0.2,0.9955,"(-0.2,0.9955)",0.6292621,0.2050334,0.0420387,0.7463,0.9793,0.6732,0.3578,0.5909
MOD13Q1_061__250m_16_days_NDVI_doy2001049000000_aid0004,_250m_16_days_NDVI,aid0004,2001-02-18,1304408.0,-0.2,0.9996,"(-0.2,0.9996)",0.581198,0.2252567,0.0507406,0.704,0.9342,0.6325,0.3203,0.5505
MOD13Q1_061__250m_16_days_NDVI_doy2001065000000_aid0004,_250m_16_days_NDVI,aid0004,2001-03-06,1290716.0,-0.2,0.9931,"(-0.2,0.9931)",0.604832,0.1941227,0.0376836,0.7147,0.9232,0.6555,0.3672,0.5757
MOD13Q1_061__250m_16_days_NDVI_doy2001081000000_aid0004,_250m_16_days_NDVI,aid0004,2001-03-22,1269472.0,-0.2,0.998,"(-0.2,0.998)",0.6033698,0.1868309,0.0349058,0.7178,0.9395,0.6584,0.3398,0.5666
MOD13Q1_061__250m_16_days_NDVI_doy2001097000000_aid0004,_250m_16_days_NDVI,aid0004,2001-04-07,1266702.0,-0.2,0.9881,"(-0.2,0.9881)",0.5999347,0.1770296,0.0313395,0.7128,0.9566,0.655,0.3038,0.5492
MOD13Q1_061__250m_16_days_NDVI_doy2001113000000_aid0004,_250m_16_days_NDVI,aid0004,2001-04-23,1247126.0,-0.2,0.9138,"(-0.2,0.9138)",0.5787721,0.1671627,0.0279434,0.6877,0.9138,0.6288,0.291,0.529
MOD13Q1_061__250m_16_days_NDVI_doy2001129000000_aid0004,_250m_16_days_NDVI,aid0004,2001-05-09,1252697.0,-0.2,0.9882,"(-0.2,0.9882)",0.5397935,0.169969,0.0288895,0.6541,0.9106,0.5835,0.2181,0.4797
MOD13Q1_061__250m_16_days_NDVI_doy2001145000000_aid0004,_250m_16_days_NDVI,aid0004,2001-05-25,1335248.0,-0.2,0.9977,"(-0.2,0.9977)",0.5006063,0.2035818,0.0414455,0.6323,0.8965,0.5641,0.1906,0.4556
MOD13Q1_061__250m_16_days_NDVI_doy2001161000000_aid0004,_250m_16_days_NDVI,aid0004,2001-06-10,1293142.0,-0.2,0.9992,"(-0.2,0.9992)",0.4559096,0.1909577,0.0364648,0.5882,0.9267,0.4993,0.0237,0.3624
MOD13Q1_061__250m_16_days_NDVI_doy2001177000000_aid0004,_250m_16_days_NDVI,aid0004,2001-06-26,1361066.0,-0.2,0.9945,"(-0.2,0.9945)",0.3794553,0.1761499,0.0310288,0.4921,0.7387,0.4204,0.0811,0.3277
MOD13Q1_061__250m_16_days_NDVI_doy2001193000000_aid0004,_250m_16_days_NDVI,aid0004,2001-07-12,1245044.0,-0.2,0.9508,"(-0.2,0.9508)",0.4196406,0.1374591,0.018895,0.4981,0.7072,0.4328,0.1496,0.3587
MOD13Q1_061__250m_16_days_NDVI_doy2001209000000_aid0004,_250m_16_days_NDVI,aid0004,2001-07-28,1264721.0,-0.2,0.991,"(-0.2,0.991)",0.4011536,0.1466982,0.0215203,0.4777,0.6805,0.4122,0.1397,0.3425
MOD13Q1_061__250m_16_days_NDVI_doy2001225000000_aid0004,_250m_16_days_NDVI,aid0004,2001-08-13,1248101.0,-0.2,0.9412,"(-0.2,0.9412)",0.4111603,0.1462185,0.0213798,0.4852,0.7115,0.4115,0.108,0.3343
MOD13Q1_061__250m_16_days_NDVI_doy2001241000000_aid0004,_250m_16_days_NDVI,aid0004,2001-08-29,1321911.0,-0.2,0.9879,"(-0.2,0.9879)",0.3933256,0.190025,0.0361095,0.4989,0.7704,0.4121,0.0464,0.3179
MOD13Q1_061__250m_16_days_NDVI_doy2001257000000_aid0004,_250m_16_days_NDVI,aid0004,2001-09-14,1260681.0,-0.2,0.9518,"(-0.2,0.9518)",0.4001664,0.151896,0.0230724,0.4803,0.7182,0.4012,0.0838,0.3217
MOD13Q1_061__250m_16_days_NDVI_doy2001273000000_aid0004,_250m_16_days_NDVI,aid0004,2001-09-30,1275314.0,-0.2,0.9977,"(-0.2,0.9977)",0.4433155,0.1748827,0.030584,0.5478,0.8334,0.4565,0.0718,0.3574
MOD13Q1_061__250m_16_days_NDVI_doy2001289000000_aid0004,_250m_16_days_NDVI,aid0004,2001-10-16,1260600.0,-0.2,0.9968,"(-0.2,0.9968)",0.5666229,0.1836956,0.0337441,0.6824,0.9273,0.6061,0.2509,0.5098
MOD13Q1_061__250m_16_days_NDVI_doy2001305000000_aid0004,_250m_16_days_NDVI,aid0004,2001-11-01,1268828.0,-0.2,0.9957,"(-0.2,0.9957)",0.5381932,0.1884822,0.0355255,0.6588,0.9267,0.5811,0.2036,0.4767
MOD13Q1_061__250m_16_days_NDVI_doy2001321000000_aid0004,_250m_16_days_NDVI,aid0004,2001-11-17,1262879.0,-0.2,0.999,"(-0.2,0.999)",0.553996,0.1852542,0.0343191,0.6746,0.9492,0.5959,0.2121,0.4896
MOD13Q1_061__250m_16_days_NDVI_doy2001337000000_aid0004,_250m_16_days_NDVI,aid0004,2001-12-03,1252706.0,-0.2,0.9928,"(-0.2,0.9928)",0.5766914,0.1733281,0.0300426,0.6865,0.9404,0.6162,0.2623,0.5168
MOD13Q1_061__250m_16_days_NDVI_doy2001353000000_aid0004,_250m_16_days_NDVI,aid0004,2001-12-19,1253996.0,-0.2,0.9995,"(-0.2,0.9995)",0.570669,0.1737345,0.0301837,0.6755,0.9206,0.6027,0.267,0.5121
MOD13Q1_061__250m_16_days_NDVI_doy2002001000000_aid0004,_250m_16_days_NDVI,aid0004,2002-01-01,1259321.0,-0.2,0.9992,"(-0.2,0.9992)",0.5750831,0.1761831,0.0310405,0.6811,0.9232,0.6042,0.2776,0.5197
MOD13Q1_061__250m_16_days_NDVI_doy2002017000000_aid0004,_250m_16_days_NDVI,aid0004,2002-01-17,1270250.0,-0.2,0.9991,"(-0.2,0.9991)",0.6049422,0.1922125,0.0369456,0.7148,0.9512,0.6405,0.3208,0.5572
MOD13Q1_061__250m_16_days_NDVI_doy2002033000000_aid0004,_250m_16_days_NDVI,aid0004,2002-02-02,1256989.0,-0.2,0.9954,"(-0.2,0.9954)",0.6144673,0.1780749,0.0317107,0.7147,0.9397,0.6464,0.3397,0.5647
MOD13Q1_061__250m_16_days_NDVI_doy2002049000000_aid0004,_250m_16_days_NDVI,aid0004,2002-02-18,1259125.0,-0.2,0.9712,"(-0.2,0.9712)",0.5866953,0.1729045,0.029896,0.6831,0.9054,0.6161,0.3126,0.5349
MOD13Q1_061__250m_16_days_NDVI_doy2002065000000_aid0004,_250m_16_days_NDVI,aid0004,2002-03-06,1261564.0,-0.2,0.9937,"(-0.2,0.9937)",0.6187172,0.1793905,0.0321809,0.7225,0.9409,0.6594,0.3585,0.5769
MOD13Q1_061__250m_16_days_NDVI_doy2002081000000_aid0004,_250m_16_days_NDVI,aid0004,2002-03-22,1366025.0,-0.2,0.9988,"(-0.2,0.9988)",0.5507946,0.2361355,0.05576,0.7054,0.9988,0.6354,0.1847,0.4971
MOD13Q1_061__250m_16_days_NDVI_doy2002097000000_aid0004,_250m_16_days_NDVI,aid0004,2002-04-07,1317052.0,-0.2,0.9995,"(-0.2,0.9995)",0.5645351,0.2185642,0.0477703,0.7037,0.9617,0.6356,0.2572,0.5251
MOD13Q1_061__250m_16_days_NDVI_doy2002113000000_aid0004,_250m_16_days_NDVI,aid0004,2002-04-23,1269217.0,-0.2,0.9812,"(-0.2,0.9812)",0.553719,0.1900823,0.0361313,0.6729,0.9053,0.6046,0.2754,0.5139
MOD13Q1_061__250m_16_days_NDVI_doy2002129000000_aid0004,_250m_16_days_NDVI,aid0004,2002-05-09,1248640.0,-0.2,0.9442,"(-0.2,0.9442)",0.5534543,0.1663775,0.0276815,0.6598,0.9077,0.5901,0.2463,0.4944
MOD13Q1_061__250m_16_days_NDVI_doy2002145000000_aid0004,_250m_16_days_NDVI,aid0004,2002-05-25,1298957.0,-0.2,0.9958,"(-0.2,0.9958)",0.4854202,0.1896925,0.0359832,0.6031,0.8545,0.5344,0.1841,0.4355
MOD13Q1_061__250m_16_days_NDVI_doy2002161000000_aid0004,_250m_16_days_NDVI,aid0004,2002-06-10,1243823.0,-0.2,0.985,"(-0.2,0.985)",0.4894689,0.1558373,0.0242852,0.5896,0.8332,0.5199,0.1836,0.4272
MOD13Q1_061__250m_16_days_NDVI_doy2002177000000_aid0004,_250m_16_days_NDVI,aid0004,2002-06-26,1257024.0,-0.2,0.9143,"(-0.2,0.9143)",0.4512489,0.1441324,0.0207741,0.5414,0.7683,0.4743,0.1632,0.3901
MOD13Q1_061__250m_16_days_NDVI_doy2002193000000_aid0004,_250m_16_days_NDVI,aid0004,2002-07-12,1248390.0,-0.2,0.9545,"(-0.2,0.9545)",0.4465602,0.1491971,0.0222598,0.5307,0.7576,0.4609,0.1525,0.3794
MOD13Q1_061__250m_16_days_NDVI_doy2002209000000_aid0004,_250m_16_days_NDVI,aid0004,2002-07-28,1245124.0,-0.2,0.9294,"(-0.2,0.9294)",0.4213241,0.1469258,0.0215872,0.4971,0.7084,0.428,0.1449,0.3562
MOD13Q1_061__250m_16_days_NDVI_doy2002225000000_aid0004,_250m_16_days_NDVI,aid0004,2002-08-13,1251521.0,-0.2,0.9947,"(-0.2,0.9947)",0.4134426,0.1530447,0.0234227,0.4865,0.7068,0.4137,0.1193,0.3396
MOD13Q1_061__250m_16_days_NDVI_doy2002241000000_aid0004,_250m_16_days_NDVI,aid0004,2002-08-29,1263019.0,-0.2,0.9461,"(-0.2,0.9461)",0.4092826,0.15703,0.0246584,0.49,0.7262,0.4134,0.0963,0.3325
MOD13Q1_061__250m_16_days_NDVI_doy2002257000000_aid0004,_250m_16_days_NDVI,aid0004,2002-09-14,1338399.0,-0.2,0.9301,"(-0.2,0.9301)",0.3798357,0.1854946,0.0344083,0.4827,0.7404,0.4035,0.0532,0.3109
MOD13Q1_061__250m_16_days_NDVI_doy2002273000000_aid0004,_250m_16_days_NDVI,aid0004,2002-09-30,1324080.0,-0.2,0.929,"(-0.2,0.929)",0.3835564,0.1840924,0.03389,0.4967,0.776,0.409,0.0312,0.3105
MOD13Q1_061__250m_16_days_NDVI_doy2002289000000_aid0004,_250m_16_days_NDVI,aid0004,2002-10-16,1264280.0,-0.2,0.9291,"(-0.2,0.9291)",0.4567565,0.1596515,0.0254886,0.5651,0.8635,0.4734,0.0669,0.3658
MOD13Q1_061__250m_16_days_NDVI_doy2002305000000_aid0004,_250m_16_days_NDVI,aid0004,2002-11-01,1291017.0,-0.2,0.998,"(-0.2,0.998)",0.4642916,0.1866222,0.0348279,0.5915,0.9062,0.5061,0.0655,0.3811
MOD13Q1_061__250m_16_days_NDVI_doy2002321000000_aid0004,_250m_16_days_NDVI,aid0004,2002-11-17,1252258.0,-0.2,0.974,"(-0.2,0.974)",0.5052048,0.1632208,0.026641,0.6208,0.9112,0.5435,0.1273,0.4234
MOD13Q1_061__250m_16_days_NDVI_doy2002337000000_aid0004,_250m_16_days_NDVI,aid0004,2002-12-03,1287270.0,-0.2,0.9925,"(-0.2,0.9925)",0.5410283,0.2007797,0.0403125,0.6676,0.9322,0.5882,0.2209,0.4889
MOD13Q1_061__250m_16_days_NDVI_doy2002353000000_aid0004,_250m_16_days_NDVI,aid0004,2002-12-19,1255479.0,-0.2,0.9983,"(-0.2,0.9983)",0.5508306,0.1757864,0.0309008,0.6587,0.9033,0.5853,0.251,0.4956
MOD13Q1_061__250m_16_days_NDVI_doy2003001000000_aid0004,_250m_16_days_NDVI,aid0004,2003-01-01,1263978.0,-0.2,0.9985,"(-0.2,0.9985)",0.6047927,0.2039954,0.0416141,0.7291,0.9812,0.6474,0.3071,0.5603
MOD13Q1_061__250m_16_days_NDVI_doy2003017000000_aid0004,_250m_16_days_NDVI,aid0004,2003-01-17,1293506.0,-0.2,0.9824,"(-0.2,0.9824)",0.6139108,0.2242318,0.0502799,0.7477,0.9824,0.6644,0.3187,0.5761
MOD13Q1_061__250m_16_days_NDVI_doy2003033000000_aid0004,_250m_16_days_NDVI,aid0004,2003-02-02,1311100.0,-0.2,0.9992,"(-0.2,0.9992)",0.6004754,0.2395278,0.0573736,0.7421,0.9992,0.6662,0.2939,0.5628
MOD13Q1_061__250m_16_days_NDVI_doy2003049000000_aid0004,_250m_16_days_NDVI,aid0004,2003-02-18,1279138.0,-0.2,0.997,"(-0.2,0.997)",0.5824297,0.198843,0.0395385,0.6935,0.9402,0.6149,0.2823,0.529
MOD13Q1_061__250m_16_days_NDVI_doy2003065000000_aid0004,_250m_16_days_NDVI,aid0004,2003-03-06,1259210.0,-0.2,0.9959,"(-0.2,0.9959)",0.6249886,0.1900331,0.0361126,0.736,0.9684,0.6741,0.3438,0.5791
MOD13Q1_061__250m_16_days_NDVI_doy2003081000000_aid0004,_250m_16_days_NDVI,aid0004,2003-03-22,1262982.0,-0.2,0.9979,"(-0.2,0.9979)",0.6001062,0.1874884,0.0351519,0.7139,0.9468,0.6491,0.3224,0.5573
MOD13Q1_061__250m_16_days_NDVI_doy2003097000000_aid0004,_250m_16_days_NDVI,aid0004,2003-04-07,1241071.0,-0.2,0.9886,"(-0.2,0.9886)",0.5817797,0.1693556,0.0286813,0.6913,0.9302,0.6267,0.2833,0.5281
MOD13Q1_061__250m_16_days_NDVI_doy2003113000000_aid0004,_250m_16_days_NDVI,aid0004,2003-04-23,1371586.0,-0.2,0.9865,"(-0.2,0.9865)",0.4877411,0.2288333,0.0523647,0.6471,0.9865,0.5684,0.0424,0.4052
MOD13Q1_061__250m_16_days_NDVI_doy2003129000000_aid0004,_250m_16_days_NDVI,aid0004,2003-05-09,1362066.0,-0.2,0.9136,"(-0.2,0.9136)",0.4816627,0.2256276,0.0509078,0.6318,0.9136,0.5563,0.0961,0.4175
MOD13Q1_061__250m_16_days_NDVI_doy2003145000000_aid0004,_250m_16_days_NDVI,aid0004,2003-05-25,1267342.0,-0.2,0.9766,"(-0.2,0.9766)",0.4954539,0.1809962,0.0327596,0.6088,0.8577,0.5393,0.1936,0.4427
MOD13Q1_061__250m_16_days_NDVI_doy2003161000000_aid0004,_250m_16_days_NDVI,aid0004,2003-06-10,1263676.0,-0.2,0.9921,"(-0.2,0.9921)",0.4640132,0.1676992,0.028123,0.5724,0.831,0.4971,0.1414,0.4
MOD13Q1_061__250m_16_days_NDVI_doy2003177000000_aid0004,_250m_16_days_NDVI,aid0004,2003-06-26,1373730.0,-0.2,0.9672,"(-0.2,0.9672)",0.4156805,0.2023546,0.0409474,0.5441,0.8123,0.4679,0.0971,0.3653
MOD13Q1_061__250m_16_days_NDVI_doy2003193000000_aid0004,_250m_16_days_NDVI,aid0004,2003-07-12,1256721.0,-0.2,0.9411,"(-0.2,0.9411)",0.4356604,0.1535216,0.0235689,0.5286,0.7473,0.4584,0.1641,0.3828
MOD13Q1_061__250m_16_days_NDVI_doy2003209000000_aid0004,_250m_16_days_NDVI,aid0004,2003-07-28,1270037.0,-0.2,0.9194,"(-0.2,0.9194)",0.4027374,0.1539385,0.0236971,0.4901,0.7056,0.4177,0.1309,0.3464
MOD13Q1_061__250m_16_days_NDVI_doy2003225000000_aid0004,_250m_16_days_NDVI,aid0004,2003-08-13,1267610.0,-0.2,0.9184,"(-0.2,0.9184)",0.392515,0.1560315,0.0243458,0.4741,0.6973,0.3975,0.1021,0.3253
MOD13Q1_061__250m_16_days_NDVI_doy2003241000000_aid0004,_250m_16_days_NDVI,aid0004,2003-08-29,1273262.0,-0.2,0.9756,"(-0.2,0.9756)",0.3731355,0.1589721,0.0252721,0.4509,0.6687,0.3748,0.0879,0.3057
MOD13Q1_061__250m_16_days_NDVI_doy2003257000000_aid0004,_250m_16_days_NDVI,aid0004,2003-09-14,1270840.0,-0.2,0.8982,"(-0.2,0.8982)",0.3718986,0.1534019,0.0235321,0.4521,0.6709,0.3757,0.0874,0.3062
MOD13Q1_061__250m_16_days_NDVI_doy2003273000000_aid0004,_250m_16_days_NDVI,aid0004,2003-09-30,1276748.0,-0.2,0.9939,"(-0.2,0.9939)",0.4099116,0.1674251,0.0280312,0.5157,0.7959,0.423,0.0487,0.3289
MOD13Q1_061__250m_16_days_NDVI_doy2003289000000_aid0004,_250m_16_days_NDVI,aid0004,2003-10-16,1299072.0,-0.2,0.9898,"(-0.2,0.9898)",0.4068036,0.1878888,0.0353022,0.5283,0.835,0.4322,0.0171,0.3238
MOD13Q1_061__250m_16_days_NDVI_doy2003305000000_aid0004,_250m_16_days_NDVI,aid0004,2003-11-01,1268767.0,-0.2,0.9988,"(-0.2,0.9988)",0.4279899,0.1742965,0.0303793,0.5474,0.8711,0.4486,0.0079,0.3316
MOD13Q1_061__250m_16_days_NDVI_doy2003321000000_aid0004,_250m_16_days_NDVI,aid0004,2003-11-17,1283686.0,-0.2,0.9888,"(-0.2,0.9888)",0.4513417,0.1840856,0.0338875,0.5751,0.9007,0.4867,0.0244,0.3548
MOD13Q1_061__250m_16_days_NDVI_doy2003337000000_aid0004,_250m_16_days_NDVI,aid0004,2003-12-03,1305951.0,-0.2,0.9937,"(-0.2,0.9937)",0.4743649,0.2037343,0.0415077,0.6095,0.9252,0.5273,0.076,0.3961
MOD13Q1_061__250m_16_days_NDVI_doy2003353000000_aid0004,_250m_16_days_NDVI,aid0004,2003-12-19,1369627.0,-0.2,0.9855,"(-0.2,0.9855)",0.4562092,0.2414442,0.0582953,0.6142,0.9416,0.5297,0.0416,0.38515
MOD13Q1_061__250m_16_days_NDVI_doy2004001000000_aid0004,_250m_16_days_NDVI,aid0004,2004-01-01,1248657.0,-0.2,0.9952,"(-0.2,0.9952)",0.5475112,0.1682843,0.0283196,0.6516,0.8962,0.5799,0.2439,0.4885
MOD13Q1_061__250m_16_days_NDVI_doy2004017000000_aid0004,_250m_16_days_NDVI,aid0004,2004-01-17,1247557.0,-0.2,0.9986,"(-0.2,0.9986)",0.5430178,0.1744816,0.0304438,0.6527,0.9176,0.5675,0.2112,0.4761
MOD13Q1_061__250m_16_days_NDVI_doy2004033000000_aid0004,_250m_16_days_NDVI,aid0004,2004-02-02,1256069.0,-0.2,0.9953,"(-0.2,0.9953)",0.5711391,0.1838794,0.0338116,0.6842,0.9502,0.5978,0.2382,0.5058
MOD13Q1_061__250m_16_days_NDVI_doy2004049000000_aid0004,_250m_16_days_NDVI,aid0004,2004-02-18,1277446.0,-0.2,0.993,"(-0.2,0.993)",0.5275527,0.1981304,0.0392556,0.6427,0.907,0.5593,0.2022,0.4665
MOD13Q1_061__250m_16_days_NDVI_doy2004065000000_aid0004,_250m_16_days_NDVI,aid0004,2004-03-05,1264893.0,-0.2,0.9931,"(-0.2,0.9931)",0.5588158,0.1726356,0.0298031,0.6629,0.923,0.5819,0.2294,0.4895
MOD13Q1_061__250m_16_days_NDVI_doy2004081000000_aid0004,_250m_16_days_NDVI,aid0004,2004-03-21,1257790.0,-0.2,0.9576,"(-0.2,0.9576)",0.5733198,0.1787644,0.0319567,0.6826,0.9281,0.6126,0.2726,0.5186
MOD13Q1_061__250m_16_days_NDVI_doy2004097000000_aid0004,_250m_16_days_NDVI,aid0004,2004-04-06,1273234.0,-0.2,0.9533,"(-0.2,0.9533)",0.5859292,0.1827274,0.0333893,0.7008,0.9462,0.6344,0.2866,0.5351
MOD13Q1_061__250m_16_days_NDVI_doy2004113000000_aid0004,_250m_16_days_NDVI,aid0004,2004-04-22,1259453.0,-0.2,0.9706,"(-0.2,0.9706)",0.5560717,0.1771131,0.0313691,0.6735,0.937,0.6042,0.2195,0.4919
MOD13Q1_061__250m_16_days_NDVI_doy2004129000000_aid0004,_250m_16_days_NDVI,aid0004,2004-05-08,1265178.0,-0.2,0.9242,"(-0.2,0.9242)",0.5236755,0.1756452,0.0308513,0.6396,0.9145,0.5652,0.1731,0.453
MOD13Q1_061__250m_16_days_NDVI_doy2004145000000_aid0004,_250m_16_days_NDVI,aid0004,2004-05-24,1267226.0,-0.2,0.9976,"(-0.2,0.9976)",0.4867507,0.1762713,0.0310716,0.607,0.9026,0.52065,0.1143,0.4099
MOD13Q1_061__250m_16_days_NDVI_doy2004161000000_aid0004,_250m_16_days_NDVI,aid0004,2004-06-09,1273776.0,-0.2,0.9311,"(-0.2,0.9311)",0.4281084,0.1625084,0.026409,0.5407,0.83,0.4491,0.0585,0.3478
MOD13Q1_061__250m_16_days_NDVI_doy2004177000000_aid0004,_250m_16_days_NDVI,aid0004,2004-06-25,1332464.0,-0.2,0.9842,"(-0.2,0.9842)",0.3941202,0.1748807,0.0305833,0.5084,0.7887,0.4182,0.0412,0.3215
MOD13Q1_061__250m_16_days_NDVI_doy2004193000000_aid0004,_250m_16_days_NDVI,aid0004,2004-07-11,1261314.0,-0.2,0.9839,"(-0.2,0.9839)",0.3971898,0.137186,0.01882,0.4837,0.7274,0.3988,0.0775,0.3212
MOD13Q1_061__250m_16_days_NDVI_doy2004209000000_aid0004,_250m_16_days_NDVI,aid0004,2004-07-27,1265344.0,-0.2,0.9775,"(-0.2,0.9775)",0.4038969,0.1442348,0.0208037,0.4889,0.7353,0.4003,0.0782,0.3246
MOD13Q1_061__250m_16_days_NDVI_doy2004225000000_aid0004,_250m_16_days_NDVI,aid0004,2004-08-12,1270239.0,-0.2,0.9387,"(-0.2,0.9387)",0.3634593,0.1455708,0.0211909,0.4419,0.6619,0.3631,0.0752,0.2952
MOD13Q1_061__250m_16_days_NDVI_doy2004241000000_aid0004,_250m_16_days_NDVI,aid0004,2004-08-28,1271523.0,-0.2,0.9315,"(-0.2,0.9315)",0.3508929,0.1416973,0.0200781,0.4226,0.6245,0.3508,0.0861,0.288
MOD13Q1_061__250m_16_days_NDVI_doy2004257000000_aid0004,_250m_16_days_NDVI,aid0004,2004-09-13,1272348.0,-0.2,0.9272,"(-0.2,0.9272)",0.3410471,0.1348888,0.018195,0.412,0.6076,0.3408,0.086,0.2816
MOD13Q1_061__250m_16_days_NDVI_doy2004273000000_aid0004,_250m_16_days_NDVI,aid0004,2004-09-29,1254059.0,-0.2,0.9679,"(-0.2,0.9679)",0.3482862,0.1132639,0.0128287,0.4144,0.601,0.3462,0.1034,0.29
MOD13Q1_061__250m_16_days_NDVI_doy2004289000000_aid0004,_250m_16_days_NDVI,aid0004,2004-10-15,1260765.0,-0.2,0.9777,"(-0.2,0.9777)",0.3521628,0.1172749,0.0137534,0.4249,0.6262,0.3549,0.0894,0.2907
MOD13Q1_061__250m_16_days_NDVI_doy2004305000000_aid0004,_250m_16_days_NDVI,aid0004,2004-10-31,1271776.0,-0.2,0.9093,"(-0.2,0.9093)",0.3339368,0.1196582,0.0143181,0.4055,0.6089,0.3329,0.0665,0.2699
MOD13Q1_061__250m_16_days_NDVI_doy2004321000000_aid0004,_250m_16_days_NDVI,aid0004,2004-11-16,1268119.0,-0.2,0.9576,"(-0.2,0.9576)",0.4164572,0.1570572,0.024667,0.5276,0.8321,0.4293,0.0201,0.3246
MOD13Q1_061__250m_16_days_NDVI_doy2004337000000_aid0004,_250m_16_days_NDVI,aid0004,2004-12-02,1281775.0,-0.2,0.975,"(-0.2,0.975)",0.4367128,0.1808194,0.0326957,0.5646,0.911,0.4536,-0.0194,0.331
MOD13Q1_061__250m_16_days_NDVI_doy2004353000000_aid0004,_250m_16_days_NDVI,aid0004,2004-12-18,1265157.0,-0.2,0.9965,"(-0.2,0.9965)",0.4703796,0.170421,0.0290433,0.5925,0.9219,0.4837,0.04,0.3715
MOD13Q1_061__250m_16_days_NDVI_doy2005001000000_aid0004,_250m_16_days_NDVI,aid0004,2005-01-01,1268769.0,-0.2,0.9687,"(-0.2,0.9687)",0.5385832,0.1931325,0.0373001,0.6638,0.9687,0.5701,0.1191,0.4459
MOD13Q1_061__250m_16_days_NDVI_doy2005017000000_aid0004,_250m_16_days_NDVI,aid0004,2005-01-17,1270968.0,-0.2,0.9965,"(-0.2,0.9965)",0.4963796,0.1915374,0.0366866,0.6112,0.9071,0.5129,0.118,0.4139
MOD13Q1_061__250m_16_days_NDVI_doy2005033000000_aid0004,_250m_16_days_NDVI,aid0004,2005-02-02,1259613.0,-0.2,0.9968,"(-0.2,0.9968)",0.5232751,0.1833809,0.0336286,0.6358,0.9338,0.5426,0.1391,0.4371
MOD13Q1_061__250m_16_days_NDVI_doy2005049000000_aid0004,_250m_16_days_NDVI,aid0004,2005-02-18,1258974.0,-0.2,0.9929,"(-0.2,0.9929)",0.5626492,0.1883605,0.0354797,0.6815,0.9929,0.5861,0.1608,0.4732
MOD13Q1_061__250m_16_days_NDVI_doy2005065000000_aid0004,_250m_16_days_NDVI,aid0004,2005-03-06,1263422.0,-0.2,0.9966,"(-0.2,0.9966)",0.5684165,0.1796096,0.0322596,0.6756,0.9307,0.6026,0.2504,0.5055
MOD13Q1_061__250m_16_days_NDVI_doy2005081000000_aid0004,_250m_16_days_NDVI,aid0004,2005-03-22,1256562.0,-0.2,0.9968,"(-0.2,0.9968)",0.5986201,0.1764978,0.0311515,0.7026,0.9199,0.6403,0.3404,0.5577
MOD13Q1_061__250m_16_days_NDVI_doy2005097000000_aid0004,_250m_16_days_NDVI,aid0004,2005-04-07,1262150.0,-0.2,0.9891,"(-0.2,0.9891)",0.5934241,0.1870795,0.0349987,0.7095,0.9388,0.6481,0.3263,0.5562
MOD13Q1_061__250m_16_days_NDVI_doy2005113000000_aid0004,_250m_16_days_NDVI,aid0004,2005-04-23,1258919.0,-0.2,0.9754,"(-0.2,0.9754)",0.5576595,0.1756748,0.0308616,0.6749,0.9282,0.6054,0.2312,0.4974
MOD13Q1_061__250m_16_days_NDVI_doy2005129000000_aid0004,_250m_16_days_NDVI,aid0004,2005-05-09,1278162.0,-0.2,0.9088,"(-0.2,0.9088)",0.5206116,0.1915116,0.0366767,0.6501,0.9088,0.5715,0.1344,0.4438
MOD13Q1_061__250m_16_days_NDVI_doy2005145000000_aid0004,_250m_16_days_NDVI,aid0004,2005-05-25,1263700.0,-0.2,0.9238,"(-0.2,0.9238)",0.4948238,0.1689369,0.0285397,0.6104,0.8975,0.5296,0.1317,0.4189
MOD13Q1_061__250m_16_days_NDVI_doy2005161000000_aid0004,_250m_16_days_NDVI,aid0004,2005-06-10,1337544.0,-0.2,0.9746,"(-0.2,0.9746)",0.4378891,0.2024396,0.0409818,0.5726,0.8813,0.4834,0.0576,0.3666
MOD13Q1_061__250m_16_days_NDVI_doy2005177000000_aid0004,_250m_16_days_NDVI,aid0004,2005-06-26,1321194.0,-0.2,0.9813,"(-0.2,0.9813)",0.4588761,0.1996503,0.0398602,0.5902,0.8984,0.502,0.0765,0.3847
MOD13Q1_061__250m_16_days_NDVI_doy2005193000000_aid0004,_250m_16_days_NDVI,aid0004,2005-07-12,1263347.0,-0.2,0.9316,"(-0.2,0.9316)",0.4484677,0.1530348,0.0234196,0.5443,0.8164,0.4609,0.0908,0.3629
MOD13Q1_061__250m_16_days_NDVI_doy2005209000000_aid0004,_250m_16_days_NDVI,aid0004,2005-07-28,1262472.0,-0.2,0.9305,"(-0.2,0.9305)",0.4263754,0.1580013,0.0249644,0.5192,0.7808,0.4372,0.0832,0.3448
MOD13Q1_061__250m_16_days_NDVI_doy2005225000000_aid0004,_250m_16_days_NDVI,aid0004,2005-08-13,1264719.0,-0.2,0.9373,"(-0.2,0.9373)",0.4241127,0.1548858,0.0239896,0.5116,0.7696,0.4302,0.0816,0.3396
MOD13Q1_061__250m_16_days_NDVI_doy2005241000000_aid0004,_250m_16_days_NDVI,aid0004,2005-08-29,1263234.0,-0.2,0.9416,"(-0.2,0.9416)",0.394396,0.1547108,0.0239354,0.4775,0.7202,0.3991,0.073,0.3157
MOD13Q1_061__250m_16_days_NDVI_doy2005257000000_aid0004,_250m_16_days_NDVI,aid0004,2005-09-14,1262915.0,-0.2,0.9959,"(-0.2,0.9959)",0.3776516,0.1340832,0.0179783,0.4501,0.6671,0.3799,0.0884,0.3054
MOD13Q1_061__250m_16_days_NDVI_doy2005273000000_aid0004,_250m_16_days_NDVI,aid0004,2005-09-30,1268564.0,-0.2,0.9005,"(-0.2,0.9005)",0.362746,0.1292688,0.0167104,0.4366,0.6484,0.3686,0.0836,0.2954
MOD13Q1_061__250m_16_days_NDVI_doy2005289000000_aid0004,_250m_16_days_NDVI,aid0004,2005-10-16,1269724.0,-0.2,0.9268,"(-0.2,0.9268)",0.3577096,0.1221448,0.0149194,0.439,0.6694,0.3661,0.055,0.2854
MOD13Q1_061__250m_16_days_NDVI_doy2005305000000_aid0004,_250m_16_days_NDVI,aid0004,2005-11-01,1269538.0,-0.2,0.9151,"(-0.2,0.9151)",0.3821379,0.1341658,0.0180005,0.4655,0.6999,0.4008,0.0748,0.3092
MOD13Q1_061__250m_16_days_NDVI_doy2005321000000_aid0004,_250m_16_days_NDVI,aid0004,2005-11-17,1268655.0,-0.2,0.9841,"(-0.2,0.9841)",0.4301598,0.1585182,0.025128,0.5341,0.8359,0.4515,0.0311,0.3329
MOD13Q1_061__250m_16_days_NDVI_doy2005337000000_aid0004,_250m_16_days_NDVI,aid0004,2005-12-03,1269703.0,-0.2,0.9693,"(-0.2,0.9693)",0.4998404,0.1828958,0.0334509,0.6302,0.9693,0.5375,0.0622,0.403
MOD13Q1_061__250m_16_days_NDVI_doy2005353000000_aid0004,_250m_16_days_NDVI,aid0004,2005-12-19,1274509.0,-0.2,0.9968,"(-0.2,0.9968)",0.5248236,0.1862949,0.0347058,0.6575,0.9968,0.5644,0.0908,0.4308
MOD13Q1_061__250m_16_days_NDVI_doy2006001000000_aid0004,_250m_16_days_NDVI,aid0004,2006-01-01,1275141.0,-0.2,0.9925,"(-0.2,0.9925)",0.5274739,0.1764236,0.0311253,0.6386,0.9071,0.5553,0.1911,0.4596
MOD13Q1_061__250m_16_days_NDVI_doy2006017000000_aid0004,_250m_16_days_NDVI,aid0004,2006-01-17,1264734.0,-0.2,0.9746,"(-0.2,0.9746)",0.592813,0.1804196,0.0325512,0.6978,0.9427,0.6221,0.2896,0.5345
MOD13Q1_061__250m_16_days_NDVI_doy2006033000000_aid0004,_250m_16_days_NDVI,aid0004,2006-02-02,1267314.0,-0.2,0.9721,"(-0.2,0.9721)",0.565105,0.1881287,0.0353924,0.6717,0.9333,0.5911,0.2357,0.4973
MOD13Q1_061__250m_16_days_NDVI_doy2006049000000_aid0004,_250m_16_days_NDVI,aid0004,2006-02-18,1269416.0,-0.2,0.9925,"(-0.2,0.9925)",0.5678298,0.1933364,0.037379,0.6799,0.9442,0.5992,0.2394,0.5037
MOD13Q1_061__250m_16_days_NDVI_doy2006065000000_aid0004,_250m_16_days_NDVI,aid0004,2006-03-06,1272638.0,-0.2,0.9854,"(-0.2,0.9854)",0.5680799,0.187016,0.034975,0.6795,0.9336,0.6005,0.2558,0.51
MOD13Q1_061__250m_16_days_NDVI_doy2006081000000_aid0004,_250m_16_days_NDVI,aid0004,2006-03-22,1283878.0,-0.2,0.9749,"(-0.2,0.9749)",0.5645675,0.1796756,0.0322833,0.6799,0.9381,0.6033,0.2412,0.5044
MOD13Q1_061__250m_16_days_NDVI_doy2006097000000_aid0004,_250m_16_days_NDVI,aid0004,2006-04-07,1267194.0,-0.2,0.9569,"(-0.2,0.9569)",0.5883937,0.1692044,0.0286301,0.6945,0.9196,0.6348,0.3183,0.544
MOD13Q1_061__250m_16_days_NDVI_doy2006113000000_aid0004,_250m_16_days_NDVI,aid0004,2006-04-23,1270133.0,-0.2,0.9961,"(-0.2,0.9961)",0.5505601,0.1729335,0.029906,0.662,0.8993,0.603,0.2653,0.5033
MOD13Q1_061__250m_16_days_NDVI_doy2006129000000_aid0004,_250m_16_days_NDVI,aid0004,2006-05-09,1298146.0,-0.2,0.9527,"(-0.2,0.9527)",0.4781288,0.183655,0.0337292,0.6029,0.8955,0.5306,0.0982,0.401
MOD13Q1_061__250m_16_days_NDVI_doy2006145000000_aid0004,_250m_16_days_NDVI,aid0004,2006-05-25,1272799.0,-0.2,0.9947,"(-0.2,0.9947)",0.4635639,0.1512468,0.0228756,0.5648,0.8216,0.4977,0.1368,0.3936
MOD13Q1_061__250m_16_days_NDVI_doy2006161000000_aid0004,_250m_16_days_NDVI,aid0004,2006-06-10,1275398.0,-0.2,0.9334,"(-0.2,0.9334)",0.4600577,0.1508428,0.0227535,0.5589,0.8098,0.4902,0.1407,0.3916
MOD13Q1_061__250m_16_days_NDVI_doy2006177000000_aid0004,_250m_16_days_NDVI,aid0004,2006-06-26,1271731.0,-0.2,0.9714,"(-0.2,0.9714)",0.4437666,0.1491116,0.0222343,0.5315,0.7662,0.4613,0.1403,0.375
MOD13Q1_061__250m_16_days_NDVI_doy2006193000000_aid0004,_250m_16_days_NDVI,aid0004,2006-07-12,1273647.0,-0.2,0.931,"(-0.2,0.931)",0.417606,0.1470151,0.0216135,0.4974,0.7228,0.4289,0.1217,0.3471
MOD13Q1_061__250m_16_days_NDVI_doy2006209000000_aid0004,_250m_16_days_NDVI,aid0004,2006-07-28,1292871.0,-0.2,0.914,"(-0.2,0.914)",0.3690931,0.1495328,0.0223601,0.4488,0.6643,0.3812,0.0896,0.3051
MOD13Q1_061__250m_16_days_NDVI_doy2006225000000_aid0004,_250m_16_days_NDVI,aid0004,2006-08-13,1275147.0,-0.2,0.9272,"(-0.2,0.9272)",0.3661024,0.1307979,0.0171081,0.4319,0.6257,0.3675,0.1089,0.3027
MOD13Q1_061__250m_16_days_NDVI_doy2006241000000_aid0004,_250m_16_days_NDVI,aid0004,2006-08-29,1277053.0,-0.2,0.912,"(-0.2,0.912)",0.3348998,0.1217268,0.0148174,0.3942,0.5713,0.332,0.099,0.2761
MOD13Q1_061__250m_16_days_NDVI_doy2006257000000_aid0004,_250m_16_days_NDVI,aid0004,2006-09-14,1276434.0,-0.2,0.892,"(-0.2,0.892)",0.3144106,0.1109562,0.0123113,0.3689,0.5283,0.3123,0.1032,0.2626
MOD13Q1_061__250m_16_days_NDVI_doy2006273000000_aid0004,_250m_16_days_NDVI,aid0004,2006-09-30,1329031.0,-0.2,0.9931,"(-0.2,0.9931)",0.3189277,0.1445135,0.0208841,0.397,0.5858,0.3308,0.0823,0.2711
MOD13Q1_061__250m_16_days_NDVI_doy2006289000000_aid0004,_250m_16_days_NDVI,aid0004,2006-10-16,1309841.0,-0.2,0.9814,"(-0.2,0.9814)",0.3152051,0.1270384,0.0161387,0.3896,0.5801,0.3216,0.0721,0.2626
MOD13Q1_061__250m_16_days_NDVI_doy2006305000000_aid0004,_250m_16_days_NDVI,aid0004,2006-11-01,1292087.0,-0.2,0.9814,"(-0.2,0.9814)",0.3381459,0.1296463,0.0168082,0.4166,0.6387,0.3389,0.0464,0.2685
MOD13Q1_061__250m_16_days_NDVI_doy2006321000000_aid0004,_250m_16_days_NDVI,aid0004,2006-11-17,1288985.0,-0.2,0.9351,"(-0.2,0.9351)",0.3789229,0.147633,0.0217955,0.4739,0.753,0.3799,0.0087,0.2878
MOD13Q1_061__250m_16_days_NDVI_doy2006337000000_aid0004,_250m_16_days_NDVI,aid0004,2006-12-03,1288829.0,-0.2,0.9874,"(-0.2,0.9874)",0.5149638,0.1871139,0.0350116,0.6511,0.9874,0.5584,0.0451,0.4087
MOD13Q1_061__250m_16_days_NDVI_doy2006353000000_aid0004,_250m_16_days_NDVI,aid0004,2006-12-19,1284475.0,-0.2,0.9935,"(-0.2,0.9935)",0.563059,0.191926,0.0368356,0.6927,0.9935,0.6114,0.1772,0.4865
MOD13Q1_061__250m_16_days_NDVI_doy2007001000000_aid0004,_250m_16_days_NDVI,aid0004,2007-01-01,1286632.0,-0.2,0.9888,"(-0.2,0.9888)",0.5423472,0.1879589,0.0353286,0.6619,0.9472,0.5819,0.1862,0.4716
MOD13Q1_061__250m_16_days_NDVI_doy2007017000000_aid0004,_250m_16_days_NDVI,aid0004,2007-01-17,1291396.0,-0.2,0.9965,"(-0.2,0.9965)",0.5769136,0.1917641,0.0367735,0.6923,0.9633,0.613,0.2376,0.5104
MOD13Q1_061__250m_16_days_NDVI_doy2007033000000_aid0004,_250m_16_days_NDVI,aid0004,2007-02-02,1356175.0,-0.2,0.9986,"(-0.2,0.9986)",0.5698766,0.2507385,0.0628698,0.7155,0.9986,0.6454,0.2173,0.5162
MOD13Q1_061__250m_16_days_NDVI_doy2007049000000_aid0004,_250m_16_days_NDVI,aid0004,2007-02-18,1300964.0,-0.2,0.9983,"(-0.2,0.9983)",0.5627088,0.2175965,0.0473482,0.6829,0.9535,0.6083,0.2319,0.5025
MOD13Q1_061__250m_16_days_NDVI_doy2007065000000_aid0004,_250m_16_days_NDVI,aid0004,2007-03-06,1280961.0,-0.2,0.9961,"(-0.2,0.9961)",0.6164879,0.2024678,0.0409932,0.7336,0.9697,0.6609,0.3349,0.5741
MOD13Q1_061__250m_16_days_NDVI_doy2007081000000_aid0004,_250m_16_days_NDVI,aid0004,2007-03-22,1360556.0,-0.2,0.9993,"(-0.2,0.9993)",0.5256616,0.2458372,0.0604359,0.6946,0.9993,0.6129,-0.0509,0.3964
MOD13Q1_061__250m_16_days_NDVI_doy2007097000000_aid0004,_250m_16_days_NDVI,aid0004,2007-04-07,1275874.0,-0.2,0.9995,"(-0.2,0.9995)",0.603421,0.1862018,0.0346711,0.7184,0.9542,0.6537,0.3132,0.5563
MOD13Q1_061__250m_16_days_NDVI_doy2007113000000_aid0004,_250m_16_days_NDVI,aid0004,2007-04-23,1268604.0,-0.2,0.998,"(-0.2,0.998)",0.567282,0.1868685,0.0349198,0.6894,0.9533,0.6233,0.2484,0.513
MOD13Q1_061__250m_16_days_NDVI_doy2007129000000_aid0004,_250m_16_days_NDVI,aid0004,2007-05-09,1267040.0,-0.2,0.9993,"(-0.2,0.9993)",0.508129,0.1732065,0.0300005,0.628525,0.9241,0.5537,0.1278,0.4282
MOD13Q1_061__250m_16_days_NDVI_doy2007145000000_aid0004,_250m_16_days_NDVI,aid0004,2007-05-25,1263747.0,-0.2,0.958,"(-0.2,0.958)",0.4717562,0.1604191,0.0257343,0.584,0.8694,0.5111,0.1083,0.3937
MOD13Q1_061__250m_16_days_NDVI_doy2007161000000_aid0004,_250m_16_days_NDVI,aid0004,2007-06-10,1279589.0,-0.2,0.9622,"(-0.2,0.9622)",0.4172935,0.1458427,0.0212701,0.5152,0.7661,0.4431,0.097,0.3479
MOD13Q1_061__250m_16_days_NDVI_doy2007177000000_aid0004,_250m_16_days_NDVI,aid0004,2007-06-26,1340189.0,-0.2,0.9448,"(-0.2,0.9448)",0.4009019,0.173271,0.0300229,0.5182,0.8012,0.4354,0.0465,0.3295
MOD13Q1_061__250m_16_days_NDVI_doy2007193000000_aid0004,_250m_16_days_NDVI,aid0004,2007-07-12,1283515.0,-0.2,0.9322,"(-0.2,0.9322)",0.3795724,0.1421749,0.0202137,0.4704,0.7027,0.3949,0.0832,0.3155
MOD13Q1_061__250m_16_days_NDVI_doy2007209000000_aid0004,_250m_16_days_NDVI,aid0004,2007-07-28,1276213.0,-0.2,0.9316,"(-0.2,0.9316)",0.3516777,0.1281549,0.0164237,0.4225,0.6118,0.3604,0.107,0.2963
MOD13Q1_061__250m_16_days_NDVI_doy2007225000000_aid0004,_250m_16_days_NDVI,aid0004,2007-08-13,1280031.0,-0.2,0.9808,"(-0.2,0.9808)",0.3330275,0.1232638,0.015194,0.3968,0.5706,0.3381,0.1071,0.2809
MOD13Q1_061__250m_16_days_NDVI_doy2007241000000_aid0004,_250m_16_days_NDVI,aid0004,2007-08-29,1360196.0,-0.2,0.9772,"(-0.2,0.9772)",0.3013039,0.1567467,0.0245695,0.38,0.5481,0.3242,0.0998,0.2679
MOD13Q1_061__250m_16_days_NDVI_doy2007257000000_aid0004,_250m_16_days_NDVI,aid0004,2007-09-14,1274000.0,-0.2,0.9303,"(-0.2,0.9303)",0.3926723,0.152684,0.0233124,0.4677,0.7048,0.3849,0.0725,0.3096
MOD13Q1_061__250m_16_days_NDVI_doy2007273000000_aid0004,_250m_16_days_NDVI,aid0004,2007-09-30,1319439.0,-0.2,0.9866,"(-0.2,0.9866)",0.4077898,0.1939372,0.0376116,0.5355,0.8734,0.4144,-0.0277,0.3102
MOD13Q1_061__250m_16_days_NDVI_doy2007289000000_aid0004,_250m_16_days_NDVI,aid0004,2007-10-16,1282485.0,-0.2,0.9879,"(-0.2,0.9879)",0.3906916,0.1580025,0.0249648,0.4876,0.7661,0.3948,0.0234,0.3019
MOD13Q1_061__250m_16_days_NDVI_doy2007305000000_aid0004,_250m_16_days_NDVI,aid0004,2007-11-01,1281684.0,-0.2,0.9092,"(-0.2,0.9092)",0.4185129,0.1619728,0.0262352,0.526,0.8386,0.4287,0.005,0.3176
MOD13Q1_061__250m_16_days_NDVI_doy2007321000000_aid0004,_250m_16_days_NDVI,aid0004,2007-11-17,1280378.0,-0.2,0.9953,"(-0.2,0.9953)",0.395719,0.1540651,0.0237361,0.4929,0.7755,0.4111,0.0219,0.3045
MOD13Q1_061__250m_16_days_NDVI_doy2007337000000_aid0004,_250m_16_days_NDVI,aid0004,2007-12-03,1281046.0,-0.2,0.9683,"(-0.2,0.9683)",0.3952318,0.152741,0.0233298,0.4926,0.7695,0.4105,0.0311,0.308
MOD13Q1_061__250m_16_days_NDVI_doy2007353000000_aid0004,_250m_16_days_NDVI,aid0004,2007-12-19,1282607.0,-0.2,0.974,"(-0.2,0.974)",0.4379383,0.1575263,0.0248146,0.5436,0.8386,0.4595,0.0519,0.3469
MOD13Q1_061__250m_16_days_NDVI_doy2000049000000_aid0005,_250m_16_days_NDVI,aid0005,2000-02-18,1146799.0,-0.2,0.9284,"(-0.2,0.9284)",0.5487401,0.1298718,0.0168667,0.6338,0.8805,0.5513,0.2226,0.4693
MOD13Q1_061__250m_16_days_NDVI_doy2000065000000_aid0005,_250m_16_days_NDVI,aid0005,2000-03-05,1140518.0,-0.2,0.9875,"(-0.2,0.9875)",0.6123264,0.121684,0.014807,0.6994,0.9439,0.6206,0.2919,0.5364
MOD13Q1_061__250m_16_days_NDVI_doy2000081000000_aid0005,_250m_16_days_NDVI,aid0005,2000-03-21,1139613.0,-0.2,0.9794,"(-0.2,0.9794)",0.6240369,0.1122179,0.0125929,0.7005,0.907,0.6351,0.3563,0.5628
MOD13Q1_061__250m_16_days_NDVI_doy2000097000000_aid0005,_250m_16_days_NDVI,aid0005,2000-04-06,1140193.0,-0.2,0.9905,"(-0.2,0.9905)",0.6814232,0.1064068,0.0113224,0.7438,0.8866,0.7038,0.5058,0.6486
MOD13Q1_061__250m_16_days_NDVI_doy2000113000000_aid0005,_250m_16_days_NDVI,aid0005,2000-04-22,1139075.0,-0.2,0.9882,"(-0.2,0.9882)",0.7127281,0.1017446,0.010352,0.7734,0.9122,0.7373,0.5419,0.6808
MOD13Q1_061__250m_16_days_NDVI_doy2000129000000_aid0005,_250m_16_days_NDVI,aid0005,2000-05-08,1139304.0,-0.2,0.9562,"(-0.2,0.9562)",0.6888083,0.1108484,0.0122874,0.7528,0.8986,0.714,0.5098,0.6556
MOD13Q1_061__250m_16_days_NDVI_doy2000145000000_aid0005,_250m_16_days_NDVI,aid0005,2000-05-24,1137689.0,-0.2,0.9336,"(-0.2,0.9336)",0.6828648,0.1136145,0.0129082,0.7462,0.8879,0.7085,0.51,0.6517
MOD13Q1_061__250m_16_days_NDVI_doy2000161000000_aid0005,_250m_16_days_NDVI,aid0005,2000-06-09,1139903.0,-0.2,0.9907,"(-0.2,0.9907)",0.674398,0.1101576,0.0121347,0.736,0.8747,0.6977,0.5048,0.6435
MOD13Q1_061__250m_16_days_NDVI_doy2000177000000_aid0005,_250m_16_days_NDVI,aid0005,2000-06-25,1139359.0,-0.2,0.944,"(-0.2,0.944)",0.6650105,0.103884,0.0107919,0.7236,0.8607,0.6849,0.4951,0.6322
MOD13Q1_061__250m_16_days_NDVI_doy2000193000000_aid0005,_250m_16_days_NDVI,aid0005,2000-07-11,1136309.0,-0.2,0.9618,"(-0.2,0.9618)",0.6354825,0.1047014,0.0109624,0.695,0.8393,0.6537,0.4545,0.5988
MOD13Q1_061__250m_16_days_NDVI_doy2000209000000_aid0005,_250m_16_days_NDVI,aid0005,2000-07-27,1139363.0,-0.2,0.931,"(-0.2,0.931)",0.57466,0.1008799,0.0101767,0.6305,0.7746,0.5874,0.3903,0.5344
MOD13Q1_061__250m_16_days_NDVI_doy2000225000000_aid0005,_250m_16_days_NDVI,aid0005,2000-08-12,1139153.0,-0.2,0.9292,"(-0.2,0.9292)",0.6253177,0.1041627,0.0108499,0.6842,0.8262,0.642,0.4475,0.5895
MOD13Q1_061__250m_16_days_NDVI_doy2000241000000_aid0005,_250m_16_days_NDVI,aid0005,2000-08-28,1137973.0,-0.2,0.9289,"(-0.2,0.9289)",0.6029465,0.0981922,0.0096417,0.6586,0.799,0.6161,0.4246,0.565
MOD13Q1_061__250m_16_days_NDVI_doy2000257000000_aid0005,_250m_16_days_NDVI,aid0005,2000-09-13,1138695.0,-0.2,0.9898,"(-0.2,0.9898)",0.6468197,0.1041714,0.0108517,0.7035,0.8386,0.6634,0.4783,0.6134
MOD13Q1_061__250m_16_days_NDVI_doy2000273000000_aid0005,_250m_16_days_NDVI,aid0005,2000-09-29,1138339.0,-0.1996,0.9234,"(-0.1996,0.9234)",0.6680725,0.1038512,0.0107851,0.7277,0.8673,0.6875,0.495,0.6346
MOD13Q1_061__250m_16_days_NDVI_doy2000289000000_aid0005,_250m_16_days_NDVI,aid0005,2000-10-15,1138751.0,-0.2,0.9379,"(-0.2,0.9379)",0.7059479,0.1049308,0.0110105,0.7678,0.903,0.7302,0.5421,0.6775
MOD13Q1_061__250m_16_days_NDVI_doy2000305000000_aid0005,_250m_16_days_NDVI,aid0005,2000-10-31,1138345.0,-0.2,0.9948,"(-0.2,0.9948)",0.703381,0.1048232,0.0109879,0.7653,0.9037,0.7254,0.5346,0.673
MOD13Q1_061__250m_16_days_NDVI_doy2000321000000_aid0005,_250m_16_days_NDVI,aid0005,2000-11-16,1140639.0,-0.1998,0.9293,"(-0.1998,0.9293)",0.6599002,0.110957,0.0123115,0.7303,0.9004,0.6803,0.4466,0.6168
MOD13Q1_061__250m_16_days_NDVI_doy2000337000000_aid0005,_250m_16_days_NDVI,aid0005,2000-12-02,1140520.0,-0.2,0.9631,"(-0.2,0.9631)",0.651077,0.1124273,0.0126399,0.7292,0.9235,0.6659,0.3982,0.5968
MOD13Q1_061__250m_16_days_NDVI_doy2000353000000_aid0005,_250m_16_days_NDVI,aid0005,2000-12-18,1141382.0,-0.2,0.9968,"(-0.2,0.9968)",0.6284648,0.1098008,0.0120562,0.7048,0.9126,0.6381,0.3581,0.5661
MOD13Q1_061__250m_16_days_NDVI_doy2001001000000_aid0005,_250m_16_days_NDVI,aid0005,2001-01-01,1141054.0,-0.1996,0.9837,"(-0.1996,0.9837)",0.6720047,0.1034554,0.010703,0.7338,0.8965,0.6836,0.4626,0.6253
MOD13Q1_061__250m_16_days_NDVI_doy2001017000000_aid0005,_250m_16_days_NDVI,aid0005,2001-01-17,1142567.0,-0.2,0.9306,"(-0.2,0.9306)",0.671756,0.1077056,0.0116005,0.7329,0.8877,0.6863,0.4749,0.6297
MOD13Q1_061__250m_16_days_NDVI_doy2001033000000_aid0005,_250m_16_days_NDVI,aid0005,2001-02-02,1139372.0,-0.2,0.9896,"(-0.2,0.9896)",0.6965855,0.1017923,0.0103617,0.7561,0.9152,0.7068,0.4909,0.65
MOD13Q1_061__250m_16_days_NDVI_doy2001049000000_aid0005,_250m_16_days_NDVI,aid0005,2001-02-18,1138830.0,-0.2,0.9942,"(-0.2,0.9942)",0.7179169,0.0952176,0.0090664,0.7694,0.9063,0.7272,0.5412,0.6781
MOD13Q1_061__250m_16_days_NDVI_doy2001065000000_aid0005,_250m_16_days_NDVI,aid0005,2001-03-06,1139010.0,-0.2,0.9781,"(-0.2,0.9781)",0.7051173,0.0976894,0.0095432,0.7587,0.9007,0.7132,0.522,0.664
MOD13Q1_061__250m_16_days_NDVI_doy2001081000000_aid0005,_250m_16_days_NDVI,aid0005,2001-03-22,1138758.0,-0.2,0.997,"(-0.2,0.997)",0.668271,0.1025297,0.0105123,0.7245,0.8677,0.6798,0.4858,0.629
MOD13Q1_061__250m_16_days_NDVI_doy2001097000000_aid0005,_250m_16_days_NDVI,aid0005,2001-04-07,1138408.0,-0.2,0.9385,"(-0.2,0.9385)",0.6621128,0.0978757,0.0095796,0.7169,0.857,0.6767,0.4834,0.6235
MOD13Q1_061__250m_16_days_NDVI_doy2001113000000_aid0005,_250m_16_days_NDVI,aid0005,2001-04-23,1142120.0,-0.2,0.9956,"(-0.2,0.9956)",0.6319153,0.1156215,0.0133683,0.7009,0.8722,0.6546,0.4154,0.5867
MOD13Q1_061__250m_16_days_NDVI_doy2001129000000_aid0005,_250m_16_days_NDVI,aid0005,2001-05-09,1137676.0,-0.2,0.9992,"(-0.2,0.9992)",0.6059977,0.1112537,0.0123774,0.672,0.8446,0.627,0.3843,0.5569
MOD13Q1_061__250m_16_days_NDVI_doy2001145000000_aid0005,_250m_16_days_NDVI,aid0005,2001-05-25,1143327.0,-0.2,0.9988,"(-0.2,0.9988)",0.5775121,0.1184836,0.0140384,0.6462,0.8244,0.5958,0.3492,0.5274
MOD13Q1_061__250m_16_days_NDVI_doy2001161000000_aid0005,_250m_16_days_NDVI,aid0005,2001-06-10,1136659.0,-0.2,0.996,"(-0.2,0.996)",0.5820251,0.125312,0.0157031,0.6573,0.8518,0.6037,0.3331,0.5276
MOD13Q1_061__250m_16_days_NDVI_doy2001177000000_aid0005,_250m_16_days_NDVI,aid0005,2001-06-26,1139782.0,-0.2,0.9717,"(-0.2,0.9717)",0.595547,0.106143,0.0112663,0.6485,0.7842,0.6076,0.4223,0.558
MOD13Q1_061__250m_16_days_NDVI_doy2001193000000_aid0005,_250m_16_days_NDVI,aid0005,2001-07-12,1140785.0,-0.2,0.9995,"(-0.2,0.9995)",0.5842549,0.10312,0.0106337,0.6343,0.767,0.5929,0.4131,0.5458
MOD13Q1_061__250m_16_days_NDVI_doy2001209000000_aid0005,_250m_16_days_NDVI,aid0005,2001-07-28,1137186.0,-0.2,0.9427,"(-0.2,0.9427)",0.5813909,0.1003482,0.0100698,0.6307,0.767,0.586,0.4035,0.5398
MOD13Q1_061__250m_16_days_NDVI_doy2001225000000_aid0005,_250m_16_days_NDVI,aid0005,2001-08-13,1138266.0,-0.2,0.9856,"(-0.2,0.9856)",0.6216804,0.0963541,0.0092841,0.6685,0.7982,0.6241,0.4523,0.582
MOD13Q1_061__250m_16_days_NDVI_doy2001241000000_aid0005,_250m_16_days_NDVI,aid0005,2001-08-29,1140526.0,-0.2,0.9574,"(-0.2,0.9574)",0.6310952,0.1030421,0.0106177,0.6837,0.8205,0.6379,0.4557,0.5925
MOD13Q1_061__250m_16_days_NDVI_doy2001257000000_aid0005,_250m_16_days_NDVI,aid0005,2001-09-14,1140491.0,-0.2,0.925,"(-0.2,0.925)",0.6208644,0.1036452,0.0107423,0.6763,0.8173,0.6295,0.4413,0.5823
MOD13Q1_061__250m_16_days_NDVI_doy2001273000000_aid0005,_250m_16_days_NDVI,aid0005,2001-09-30,1143022.0,-0.2,0.9516,"(-0.2,0.9516)",0.6419312,0.1286428,0.016549,0.7109,0.8643,0.6614,0.4552,0.6086
MOD13Q1_061__250m_16_days_NDVI_doy2001289000000_aid0005,_250m_16_days_NDVI,aid0005,2001-10-16,1137546.0,-0.2,0.9827,"(-0.2,0.9827)",0.6672301,0.1106774,0.0122495,0.728,0.8616,0.6887,0.5053,0.6389
MOD13Q1_061__250m_16_days_NDVI_doy2001305000000_aid0005,_250m_16_days_NDVI,aid0005,2001-11-01,1141211.0,-0.2,0.922,"(-0.2,0.922)",0.6661226,0.1148786,0.0131971,0.732,0.8827,0.6896,0.4808,0.6315
MOD13Q1_061__250m_16_days_NDVI_doy2001321000000_aid0005,_250m_16_days_NDVI,aid0005,2001-11-17,1144245.0,-0.2,0.9625,"(-0.2,0.9625)",0.6595272,0.1226321,0.0150386,0.7321,0.898,0.6858,0.4556,0.6215
MOD13Q1_061__250m_16_days_NDVI_doy2001337000000_aid0005,_250m_16_days_NDVI,aid0005,2001-12-03,1138376.0,-0.2,0.9839,"(-0.2,0.9839)",0.6399742,0.1050057,0.0110262,0.7066,0.8746,0.6581,0.4266,0.5946
MOD13Q1_061__250m_16_days_NDVI_doy2001353000000_aid0005,_250m_16_days_NDVI,aid0005,2001-12-19,1139955.0,-0.1998,0.9952,"(-0.1998,0.9952)",0.6400885,0.1025655,0.0105197,0.7023,0.8646,0.6511,0.4318,0.5941
MOD13Q1_061__250m_16_days_NDVI_doy2002001000000_aid0005,_250m_16_days_NDVI,aid0005,2002-01-01,1140739.0,-0.2,0.9865,"(-0.2,0.9865)",0.6380557,0.1023009,0.0104655,0.6968,0.8622,0.6422,0.4211,0.5865
MOD13Q1_061__250m_16_days_NDVI_doy2002017000000_aid0005,_250m_16_days_NDVI,aid0005,2002-01-17,1142133.0,-0.2,0.9881,"(-0.2,0.9881)",0.6312794,0.1078327,0.0116279,0.6962,0.8882,0.6314,0.3762,0.5682
MOD13Q1_061__250m_16_days_NDVI_doy2002033000000_aid0005,_250m_16_days_NDVI,aid0005,2002-02-02,1141946.0,-0.2,0.9962,"(-0.2,0.9962)",0.6664294,0.1083593,0.0117417,0.7278,0.9061,0.6672,0.4306,0.6089
MOD13Q1_061__250m_16_days_NDVI_doy2002049000000_aid0005,_250m_16_days_NDVI,aid0005,2002-02-18,1141360.0,-0.2,0.9982,"(-0.2,0.9982)",0.6611302,0.1106963,0.0122537,0.7257,0.9154,0.6643,0.4095,0.5992
MOD13Q1_061__250m_16_days_NDVI_doy2002065000000_aid0005,_250m_16_days_NDVI,aid0005,2002-03-06,1142995.0,-0.2,0.9994,"(-0.2,0.9994)",0.7005759,0.1058962,0.011214,0.7574,0.9047,0.7105,0.5119,0.6592
MOD13Q1_061__250m_16_days_NDVI_doy2002081000000_aid0005,_250m_16_days_NDVI,aid0005,2002-03-22,1146795.0,-0.2,0.9914,"(-0.2,0.9914)",0.6991736,0.11506,0.0132388,0.7678,0.9326,0.7201,0.4928,0.6578
MOD13Q1_061__250m_16_days_NDVI_doy2002097000000_aid0005,_250m_16_days_NDVI,aid0005,2002-04-07,1139499.0,-0.2,0.9615,"(-0.2,0.9615)",0.6747132,0.1177847,0.0138732,0.7497,0.9334,0.6982,0.4432,0.6271
MOD13Q1_061__250m_16_days_NDVI_doy2002113000000_aid0005,_250m_16_days_NDVI,aid0005,2002-04-23,1138126.0,-0.2,0.9911,"(-0.2,0.9911)",0.6429147,0.1229843,0.0151251,0.7195,0.9116,0.666,0.3993,0.5914
MOD13Q1_061__250m_16_days_NDVI_doy2002129000000_aid0005,_250m_16_days_NDVI,aid0005,2002-05-09,1138544.0,-0.2,0.974,"(-0.2,0.974)",0.6499025,0.1102396,0.0121528,0.7184,0.887,0.6691,0.4374,0.606
MOD13Q1_061__250m_16_days_NDVI_doy2002145000000_aid0005,_250m_16_days_NDVI,aid0005,2002-05-25,1146562.0,-0.2,0.9635,"(-0.2,0.9635)",0.64349,0.1189532,0.0141499,0.7058,0.8442,0.6674,0.4751,0.6135
MOD13Q1_061__250m_16_days_NDVI_doy2002161000000_aid0005,_250m_16_days_NDVI,aid0005,2002-06-10,1137299.0,-0.2,0.9527,"(-0.2,0.9527)",0.6125677,0.1086837,0.0118121,0.6793,0.8498,0.6295,0.3951,0.5656
MOD13Q1_061__250m_16_days_NDVI_doy2002177000000_aid0005,_250m_16_days_NDVI,aid0005,2002-06-26,1136001.0,-0.2,0.9375,"(-0.2,0.9375)",0.5455723,0.1049554,0.0110156,0.6034,0.7654,0.5522,0.3335,0.4954
MOD13Q1_061__250m_16_days_NDVI_doy2002193000000_aid0005,_250m_16_days_NDVI,aid0005,2002-07-12,1138636.0,-0.2,0.9672,"(-0.2,0.9672)",0.5301665,0.1019645,0.0103968,0.5879,0.7505,0.5317,0.3169,0.4795
MOD13Q1_061__250m_16_days_NDVI_doy2002209000000_aid0005,_250m_16_days_NDVI,aid0005,2002-07-28,1136505.0,-0.2,0.9262,"(-0.2,0.9262)",0.5476525,0.0978787,0.0095802,0.5961,0.7416,0.5479,0.3536,0.4991
MOD13Q1_061__250m_16_days_NDVI_doy2002225000000_aid0005,_250m_16_days_NDVI,aid0005,2002-08-13,1137839.0,-0.2,0.9223,"(-0.2,0.9223)",0.5833705,0.1059359,0.0112224,0.6416,0.8036,0.5909,0.3716,0.5336
MOD13Q1_061__250m_16_days_NDVI_doy2002241000000_aid0005,_250m_16_days_NDVI,aid0005,2002-08-29,1137385.0,-0.2,0.9207,"(-0.2,0.9207)",0.5981328,0.1070443,0.0114585,0.656,0.8076,0.6093,0.4033,0.5549
MOD13Q1_061__250m_16_days_NDVI_doy2002257000000_aid0005,_250m_16_days_NDVI,aid0005,2002-09-14,1138855.0,-0.2,0.9442,"(-0.2,0.9442)",0.6188168,0.1097567,0.0120465,0.6801,0.8388,0.6312,0.4156,0.5743
MOD13Q1_061__250m_16_days_NDVI_doy2002273000000_aid0005,_250m_16_days_NDVI,aid0005,2002-09-30,1140873.0,-0.2,0.9922,"(-0.2,0.9922)",0.6604839,0.1245026,0.0155009,0.7296,0.885,0.684,0.4706,0.626
MOD13Q1_061__250m_16_days_NDVI_doy2002289000000_aid0005,_250m_16_days_NDVI,aid0005,2002-10-16,1134192.0,-0.2,0.9783,"(-0.2,0.9783)",0.6690271,0.1331593,0.0177314,0.7487,0.9196,0.6949,0.46,0.6332
MOD13Q1_061__250m_16_days_NDVI_doy2002305000000_aid0005,_250m_16_days_NDVI,aid0005,2002-11-01,1138594.0,-0.2,0.999,"(-0.2,0.999)",0.6621594,0.1199825,0.0143958,0.7362,0.9045,0.6898,0.4555,0.6239
MOD13Q1_061__250m_16_days_NDVI_doy2002321000000_aid0005,_250m_16_days_NDVI,aid0005,2002-11-17,1142001.0,-0.2,0.9959,"(-0.2,0.9959)",0.6620762,0.1282631,0.0164514,0.7387,0.9107,0.6899,0.4515,0.6238
MOD13Q1_061__250m_16_days_NDVI_doy2002337000000_aid0005,_250m_16_days_NDVI,aid0005,2002-12-03,1142352.0,-0.2,0.9932,"(-0.2,0.9932)",0.626882,0.1396738,0.0195088,0.7107,0.9057,0.65565,0.3857,0.5807
MOD13Q1_061__250m_16_days_NDVI_doy2002353000000_aid0005,_250m_16_days_NDVI,aid0005,2002-12-19,1140952.0,-0.2,0.978,"(-0.2,0.978)",0.6344946,0.1289766,0.016635,0.7108,0.8897,0.6588,0.4126,0.5915
MOD13Q1_061__250m_16_days_NDVI_doy2003001000000_aid0005,_250m_16_days_NDVI,aid0005,2003-01-01,1138415.0,-0.2,0.978,"(-0.2,0.978)",0.6906865,0.0978932,0.0095831,0.7465,0.8876,0.7007,0.5113,0.6524
MOD13Q1_061__250m_16_days_NDVI_doy2003017000000_aid0005,_250m_16_days_NDVI,aid0005,2003-01-17,1140528.0,-0.2,0.95,"(-0.2,0.95)",0.6902832,0.1021829,0.0104414,0.743,0.8837,0.6994,0.5085,0.6492
MOD13Q1_061__250m_16_days_NDVI_doy2003033000000_aid0005,_250m_16_days_NDVI,aid0005,2003-02-02,1139934.0,-0.2,0.9815,"(-0.2,0.9815)",0.7036968,0.0987563,0.0097528,0.7541,0.8891,0.7089,0.5291,0.6641
MOD13Q1_061__250m_16_days_NDVI_doy2003049000000_aid0005,_250m_16_days_NDVI,aid0005,2003-02-18,1139866.0,-0.2,0.9995,"(-0.2,0.9995)",0.7172828,0.0960088,0.0092177,0.7634,0.8877,0.7233,0.5562,0.6805
MOD13Q1_061__250m_16_days_NDVI_doy2003065000000_aid0005,_250m_16_days_NDVI,aid0005,2003-03-06,1139631.0,-0.2,0.9811,"(-0.2,0.9811)",0.7258378,0.0987429,0.0097502,0.7723,0.8903,0.7338,0.5756,0.6936
MOD13Q1_061__250m_16_days_NDVI_doy2003081000000_aid0005,_250m_16_days_NDVI,aid0005,2003-03-22,1138555.0,-0.2,0.967,"(-0.2,0.967)",0.7124102,0.093136,0.0086743,0.7576,0.8741,0.722,0.5634,0.6799
MOD13Q1_061__250m_16_days_NDVI_doy2003097000000_aid0005,_250m_16_days_NDVI,aid0005,2003-04-07,1138764.0,-0.2,0.9306,"(-0.2,0.9306)",0.6686196,0.1026477,0.0105365,0.7272,0.8721,0.688,0.4857,0.6306
MOD13Q1_061__250m_16_days_NDVI_doy2003113000000_aid0005,_250m_16_days_NDVI,aid0005,2003-04-23,1145345.0,-0.2,0.975,"(-0.2,0.975)",0.590092,0.1437177,0.0206548,0.6767,0.8792,0.6243,0.3392,0.5417
MOD13Q1_061__250m_16_days_NDVI_doy2003129000000_aid0005,_250m_16_days_NDVI,aid0005,2003-05-09,1136454.0,-0.2,0.9721,"(-0.2,0.9721)",0.5998587,0.1334464,0.0178079,0.6769,0.8614,0.6319,0.3694,0.5539
MOD13Q1_061__250m_16_days_NDVI_doy2003145000000_aid0005,_250m_16_days_NDVI,aid0005,2003-05-25,1137571.0,-0.2,0.9475,"(-0.2,0.9475)",0.58944,0.1197371,0.014337,0.6566,0.8273,0.6121,0.3721,0.5428
MOD13Q1_061__250m_16_days_NDVI_doy2003161000000_aid0005,_250m_16_days_NDVI,aid0005,2003-06-10,1145505.0,-0.2,0.9911,"(-0.2,0.9911)",0.5597845,0.1187605,0.0141041,0.6262,0.7997,0.5759,0.337,0.5105
MOD13Q1_061__250m_16_days_NDVI_doy2003177000000_aid0005,_250m_16_days_NDVI,aid0005,2003-06-26,1139973.0,-0.2,0.9927,"(-0.2,0.9927)",0.6026506,0.104781,0.010979,0.6589,0.8057,0.6145,0.4142,0.561
MOD13Q1_061__250m_16_days_NDVI_doy2003193000000_aid0005,_250m_16_days_NDVI,aid0005,2003-07-12,1137922.0,-0.2,0.9291,"(-0.2,0.9291)",0.5620075,0.0967967,0.0093696,0.6081,0.7398,0.5657,0.3886,0.5203
MOD13Q1_061__250m_16_days_NDVI_doy2003209000000_aid0005,_250m_16_days_NDVI,aid0005,2003-07-28,1137109.0,-0.2,0.9279,"(-0.2,0.9279)",0.5642505,0.096304,0.0092745,0.6079,0.7411,0.5628,0.3859,0.5191
MOD13Q1_061__250m_16_days_NDVI_doy2003225000000_aid0005,_250m_16_days_NDVI,aid0005,2003-08-13,1140031.0,-0.2,0.9587,"(-0.2,0.9587)",0.5413196,0.1019523,0.0103943,0.5878,0.7231,0.5428,0.3623,0.4976
MOD13Q1_061__250m_16_days_NDVI_doy2003241000000_aid0005,_250m_16_days_NDVI,aid0005,2003-08-29,1140014.0,-0.2,0.9177,"(-0.2,0.9177)",0.5617234,0.1017412,0.0103513,0.6106,0.7541,0.5614,0.3714,0.5149
MOD13Q1_061__250m_16_days_NDVI_doy2003257000000_aid0005,_250m_16_days_NDVI,aid0005,2003-09-14,1140092.0,-0.2,0.9487,"(-0.2,0.9487)",0.5863298,0.1097832,0.0120524,0.6469,0.8134,0.5926,0.3694,0.5359
MOD13Q1_061__250m_16_days_NDVI_doy2003273000000_aid0005,_250m_16_days_NDVI,aid0005,2003-09-30,1140589.0,-0.2,0.9235,"(-0.2,0.9235)",0.6269177,0.1173906,0.0137806,0.6995,0.8759,0.6449,0.4055,0.5819
MOD13Q1_061__250m_16_days_NDVI_doy2003289000000_aid0005,_250m_16_days_NDVI,aid0005,2003-10-16,1141662.0,-0.2,0.9304,"(-0.2,0.9304)",0.6280636,0.114873,0.0131958,0.7008,0.873,0.6477,0.4138,0.586
MOD13Q1_061__250m_16_days_NDVI_doy2003305000000_aid0005,_250m_16_days_NDVI,aid0005,2003-11-01,1140081.0,-0.2,0.9734,"(-0.2,0.9734)",0.6173111,0.1184182,0.0140229,0.6922,0.8762,0.6398,0.3855,0.5695
MOD13Q1_061__250m_16_days_NDVI_doy2003321000000_aid0005,_250m_16_days_NDVI,aid0005,2003-11-17,1139174.0,-0.2,0.9948,"(-0.2,0.9948)",0.6289115,0.1146264,0.0131392,0.7038,0.8892,0.6495,0.3946,0.5801
MOD13Q1_061__250m_16_days_NDVI_doy2003337000000_aid0005,_250m_16_days_NDVI,aid0005,2003-12-03,1142102.0,-0.2,0.9691,"(-0.2,0.9691)",0.6380152,0.1220765,0.0149027,0.7165,0.9058,0.6614,0.3988,0.5894
MOD13Q1_061__250m_16_days_NDVI_doy2003353000000_aid0005,_250m_16_days_NDVI,aid0005,2003-12-19,1142328.0,-0.2,0.9832,"(-0.2,0.9832)",0.6435663,0.1215301,0.0147696,0.7157,0.8936,0.6607,0.4192,0.5971
MOD13Q1_061__250m_16_days_NDVI_doy2004001000000_aid0005,_250m_16_days_NDVI,aid0005,2004-01-01,1138886.0,-0.2,0.9961,"(-0.2,0.9961)",0.681873,0.1000574,0.0100115,0.7401,0.8971,0.6908,0.4784,0.6354
MOD13Q1_061__250m_16_days_NDVI_doy2004017000000_aid0005,_250m_16_days_NDVI,aid0005,2004-01-17,1139226.0,-0.2,0.9955,"(-0.2,0.9955)",0.6389501,0.1194478,0.0142678,0.7183,0.9483,0.6398,0.3346,0.5648
MOD13Q1_061__250m_16_days_NDVI_doy2004033000000_aid0005,_250m_16_days_NDVI,aid0005,2004-02-02,1139714.0,-0.2,0.9721,"(-0.2,0.9721)",0.6499473,0.1129176,0.0127504,0.7146,0.9135,0.6432,0.3831,0.582
MOD13Q1_061__250m_16_days_NDVI_doy2004049000000_aid0005,_250m_16_days_NDVI,aid0005,2004-02-18,1139735.0,-0.2,0.9904,"(-0.2,0.9904)",0.6183945,0.1166586,0.0136092,0.6885,0.9048,0.6124,0.328,0.5443
MOD13Q1_061__250m_16_days_NDVI_doy2004065000000_aid0005,_250m_16_days_NDVI,aid0005,2004-03-05,1140331.0,-0.2,0.9753,"(-0.2,0.9753)",0.6476183,0.1130364,0.0127772,0.7116,0.8997,0.6469,0.3981,0.5862
MOD13Q1_061__250m_16_days_NDVI_doy2004081000000_aid0005,_250m_16_days_NDVI,aid0005,2004-03-21,1141295.0,-0.2,0.9206,"(-0.2,0.9206)",0.5917362,0.1145279,0.0131166,0.6698,0.8966,0.6008,0.2918,0.5186
MOD13Q1_061__250m_16_days_NDVI_doy2004097000000_aid0005,_250m_16_days_NDVI,aid0005,2004-04-06,1141677.0,-0.2,0.9271,"(-0.2,0.9271)",0.6111431,0.1221075,0.0149103,0.7034,0.9271,0.6265,0.2962,0.5405
MOD13Q1_061__250m_16_days_NDVI_doy2004113000000_aid0005,_250m_16_days_NDVI,aid0005,2004-04-22,1141685.0,-0.2,0.9625,"(-0.2,0.9625)",0.625761,0.1228375,0.015089,0.7138,0.9246,0.6455,0.3548,0.5702
MOD13Q1_061__250m_16_days_NDVI_doy2004129000000_aid0005,_250m_16_days_NDVI,aid0005,2004-05-08,1140848.0,-0.2,0.984,"(-0.2,0.984)",0.6168416,0.1289755,0.0166347,0.7035,0.9118,0.6476,0.356,0.5645
MOD13Q1_061__250m_16_days_NDVI_doy2004145000000_aid0005,_250m_16_days_NDVI,aid0005,2004-05-24,1141838.0,-0.2,0.9357,"(-0.2,0.9357)",0.6059199,0.1280848,0.0164057,0.6892,0.8923,0.6327,0.3507,0.5538
MOD13Q1_061__250m_16_days_NDVI_doy2004161000000_aid0005,_250m_16_days_NDVI,aid0005,2004-06-09,1139708.0,-0.2,0.9666,"(-0.2,0.9666)",0.5789981,0.1179029,0.0139011,0.6522,0.8398,0.5977,0.3395,0.5271
MOD13Q1_061__250m_16_days_NDVI_doy2004177000000_aid0005,_250m_16_days_NDVI,aid0005,2004-06-25,1146055.0,-0.2,0.9362,"(-0.2,0.9362)",0.6026658,0.1238754,0.0153451,0.6678,0.829,0.6182,0.3991,0.5603
MOD13Q1_061__250m_16_days_NDVI_doy2004193000000_aid0005,_250m_16_days_NDVI,aid0005,2004-07-11,1137906.0,-0.2,0.967,"(-0.2,0.967)",0.575291,0.1080339,0.0116713,0.6346,0.8,0.5809,0.3589,0.5243
MOD13Q1_061__250m_16_days_NDVI_doy2004209000000_aid0005,_250m_16_days_NDVI,aid0005,2004-07-27,1137491.0,-0.2,0.9208,"(-0.2,0.9208)",0.5919692,0.113097,0.0127909,0.6567,0.841,0.5933,0.3495,0.5338
MOD13Q1_061__250m_16_days_NDVI_doy2004225000000_aid0005,_250m_16_days_NDVI,aid0005,2004-08-12,1139330.0,-0.2,0.9398,"(-0.2,0.9398)",0.5773286,0.1214402,0.0147477,0.6489,0.8509,0.5792,0.3122,0.5142
MOD13Q1_061__250m_16_days_NDVI_doy2004241000000_aid0005,_250m_16_days_NDVI,aid0005,2004-08-28,1139701.0,-0.2,0.9402,"(-0.2,0.9402)",0.5912027,0.1234799,0.0152473,0.6696,0.8887,0.5924,0.3044,0.5235
MOD13Q1_061__250m_16_days_NDVI_doy2004257000000_aid0005,_250m_16_days_NDVI,aid0005,2004-09-13,1139459.0,-0.2,0.9293,"(-0.2,0.9293)",0.5865661,0.1228012,0.0150801,0.6637,0.8807,0.5928,0.302,0.519
MOD13Q1_061__250m_16_days_NDVI_doy2004273000000_aid0005,_250m_16_days_NDVI,aid0005,2004-09-29,1139179.0,-0.2,0.9891,"(-0.2,0.9891)",0.56076,0.117066,0.0137045,0.635,0.8465,0.5664,0.2825,0.494
MOD13Q1_061__250m_16_days_NDVI_doy2004289000000_aid0005,_250m_16_days_NDVI,aid0005,2004-10-15,1139938.0,-0.2,0.9175,"(-0.2,0.9175)",0.5656708,0.1224412,0.0149919,0.6476,0.8678,0.5779,0.2806,0.5008
MOD13Q1_061__250m_16_days_NDVI_doy2004305000000_aid0005,_250m_16_days_NDVI,aid0005,2004-10-31,1139155.0,-0.2,0.9684,"(-0.2,0.9684)",0.5799404,0.1132742,0.012831,0.6531,0.8449,0.5957,0.3334,0.5252
MOD13Q1_061__250m_16_days_NDVI_doy2004321000000_aid0005,_250m_16_days_NDVI,aid0005,2004-11-16,1140145.0,-0.2,0.986,"(-0.2,0.986)",0.591999,0.1187454,0.0141005,0.6698,0.8753,0.6053,0.3273,0.5328
MOD13Q1_061__250m_16_days_NDVI_doy2004337000000_aid0005,_250m_16_days_NDVI,aid0005,2004-12-02,1140437.0,-0.2,0.9973,"(-0.2,0.9973)",0.6214756,0.1166856,0.0136155,0.6998,0.9063,0.6319,0.3556,0.5621
MOD13Q1_061__250m_16_days_NDVI_doy2004353000000_aid0005,_250m_16_days_NDVI,aid0005,2004-12-18,1142882.0,-0.2,0.9747,"(-0.2,0.9747)",0.633484,0.1171456,0.0137231,0.7106,0.9163,0.6466,0.3674,0.5733
MOD13Q1_061__250m_16_days_NDVI_doy2005001000000_aid0005,_250m_16_days_NDVI,aid0005,2005-01-01,1141405.0,-0.2,0.9616,"(-0.2,0.9616)",0.6145838,0.1155922,0.0133616,0.688,0.904,0.6106,0.328,0.544
MOD13Q1_061__250m_16_days_NDVI_doy2005017000000_aid0005,_250m_16_days_NDVI,aid0005,2005-01-17,1142902.0,-0.2,0.9891,"(-0.2,0.9891)",0.6031022,0.1255672,0.0157671,0.6816,0.9217,0.5958,0.2814,0.5215
MOD13Q1_061__250m_16_days_NDVI_doy2005033000000_aid0005,_250m_16_days_NDVI,aid0005,2005-02-02,1144326.0,-0.2,0.9926,"(-0.2,0.9926)",0.6995492,0.1150414,0.0132345,0.761,0.9248,0.7068,0.488,0.6518
MOD13Q1_061__250m_16_days_NDVI_doy2005049000000_aid0005,_250m_16_days_NDVI,aid0005,2005-02-18,1142236.0,-0.2,0.9803,"(-0.2,0.9803)",0.6943427,0.1043366,0.0108861,0.7549,0.9211,0.7013,0.4779,0.6441
MOD13Q1_061__250m_16_days_NDVI_doy2005065000000_aid0005,_250m_16_days_NDVI,aid0005,2005-03-06,1143836.0,-0.2,0.99,"(-0.2,0.99)",0.7038836,0.1082698,0.0117223,0.768925,0.9366,0.7185,0.4864,0.6559
MOD13Q1_061__250m_16_days_NDVI_doy2005081000000_aid0005,_250m_16_days_NDVI,aid0005,2005-03-22,1142468.0,-0.2,0.9656,"(-0.2,0.9656)",0.7034183,0.104989,0.0110227,0.7676,0.9223,0.7227,0.5094,0.6643
MOD13Q1_061__250m_16_days_NDVI_doy2005097000000_aid0005,_250m_16_days_NDVI,aid0005,2005-04-07,1141381.0,-0.2,0.9609,"(-0.2,0.9609)",0.6701882,0.1165446,0.0135826,0.743,0.9098,0.6996,0.4645,0.6316
MOD13Q1_061__250m_16_days_NDVI_doy2005113000000_aid0005,_250m_16_days_NDVI,aid0005,2005-04-23,1140398.0,-0.1994,0.9101,"(-0.1994,0.9101)",0.6280439,0.1279233,0.0163644,0.715,0.9101,0.665,0.3503,0.5691
MOD13Q1_061__250m_16_days_NDVI_doy2005129000000_aid0005,_250m_16_days_NDVI,aid0005,2005-05-09,1142085.0,-0.2,0.9123,"(-0.2,0.9123)",0.6136747,0.1343473,0.0180492,0.6993,0.9093,0.6508,0.3488,0.5591
MOD13Q1_061__250m_16_days_NDVI_doy2005145000000_aid0005,_250m_16_days_NDVI,aid0005,2005-05-25,1137292.0,-0.2,0.9979,"(-0.2,0.9979)",0.6323062,0.1237402,0.0153116,0.7081,0.8899,0.6627,0.4051,0.5869
MOD13Q1_061__250m_16_days_NDVI_doy2005161000000_aid0005,_250m_16_days_NDVI,aid0005,2005-06-10,1145702.0,-0.2,0.9746,"(-0.2,0.9746)",0.6442233,0.1305545,0.0170445,0.7167,0.8788,0.6765,0.4465,0.6086
MOD13Q1_061__250m_16_days_NDVI_doy2005177000000_aid0005,_250m_16_days_NDVI,aid0005,2005-06-26,1138665.0,-0.2,0.9962,"(-0.2,0.9962)",0.6393891,0.1115739,0.0124487,0.7024,0.8522,0.6617,0.4527,0.6025
MOD13Q1_061__250m_16_days_NDVI_doy2005193000000_aid0005,_250m_16_days_NDVI,aid0005,2005-07-12,1139309.0,-0.1996,0.9394,"(-0.1996,0.9394)",0.6419063,0.1063734,0.0113153,0.7004,0.8412,0.6617,0.4657,0.6065
MOD13Q1_061__250m_16_days_NDVI_doy2005209000000_aid0005,_250m_16_days_NDVI,aid0005,2005-07-28,1139221.0,-0.2,0.9199,"(-0.2,0.9199)",0.6010684,0.1077852,0.0116177,0.6599,0.8067,0.6176,0.4152,0.562
MOD13Q1_061__250m_16_days_NDVI_doy2005225000000_aid0005,_250m_16_days_NDVI,aid0005,2005-08-13,1140342.0,-0.2,0.997,"(-0.2,0.997)",0.6098382,0.1053945,0.011108,0.6679,0.8104,0.6275,0.4304,0.5729
MOD13Q1_061__250m_16_days_NDVI_doy2005241000000_aid0005,_250m_16_days_NDVI,aid0005,2005-08-29,1140801.0,-0.2,0.9689,"(-0.2,0.9689)",0.6013147,0.1101936,0.0121426,0.6616,0.8053,0.6192,0.4221,0.5658
MOD13Q1_061__250m_16_days_NDVI_doy2005257000000_aid0005,_250m_16_days_NDVI,aid0005,2005-09-14,1138808.0,-0.2,0.9969,"(-0.2,0.9969)",0.6041796,0.1146574,0.0131463,0.6702,0.8317,0.6213,0.401,0.5625
MOD13Q1_061__250m_16_days_NDVI_doy2005273000000_aid0005,_250m_16_days_NDVI,aid0005,2005-09-30,1138846.0,-0.2,0.9722,"(-0.2,0.9722)",0.6324847,0.1182862,0.0139916,0.7014,0.8631,0.6543,0.4319,0.5936
MOD13Q1_061__250m_16_days_NDVI_doy2005289000000_aid0005,_250m_16_days_NDVI,aid0005,2005-10-16,1137336.0,-0.2,0.9441,"(-0.2,0.9441)",0.6404018,0.1250415,0.0156354,0.7204,0.907,0.6689,0.4092,0.5959
MOD13Q1_061__250m_16_days_NDVI_doy2005305000000_aid0005,_250m_16_days_NDVI,aid0005,2005-11-01,1138493.0,-0.2,0.9948,"(-0.2,0.9948)",0.6284626,0.1221913,0.0149307,0.7072,0.8931,0.6542,0.3972,0.5832
MOD13Q1_061__250m_16_days_NDVI_doy2005321000000_aid0005,_250m_16_days_NDVI,aid0005,2005-11-17,1140213.0,-0.2,0.9244,"(-0.2,0.9244)",0.6379096,0.1171672,0.0137282,0.7177,0.9244,0.653,0.3677,0.5777
MOD13Q1_061__250m_16_days_NDVI_doy2005337000000_aid0005,_250m_16_days_NDVI,aid0005,2005-12-03,1139890.0,-0.2,0.9254,"(-0.2,0.9254)",0.5993155,0.1133559,0.0128496,0.6731,0.8747,0.611,0.3371,0.5387
MOD13Q1_061__250m_16_days_NDVI_doy2005353000000_aid0005,_250m_16_days_NDVI,aid0005,2005-12-19,1141709.0,-0.2,0.9977,"(-0.2,0.9977)",0.5860563,0.1262235,0.0159324,0.6788,0.9405,0.5922,0.2346,0.5011
MOD13Q1_061__250m_16_days_NDVI_doy2006001000000_aid0005,_250m_16_days_NDVI,aid0005,2006-01-01,1143858.0,-0.2,0.9732,"(-0.2,0.9732)",0.5470782,0.1329386,0.0176727,0.6379,0.9106,0.5461,0.1834,0.4561
MOD13Q1_061__250m_16_days_NDVI_doy2006017000000_aid0005,_250m_16_days_NDVI,aid0005,2006-01-17,1141611.0,-0.2,0.979,"(-0.2,0.979)",0.6424919,0.1272488,0.0161923,0.7227,0.9536,0.6439,0.3367,0.5683
MOD13Q1_061__250m_16_days_NDVI_doy2006033000000_aid0005,_250m_16_days_NDVI,aid0005,2006-02-02,1143533.0,-0.2,0.9993,"(-0.2,0.9993)",0.6603357,0.1327674,0.0176272,0.7471,0.9987,0.6676,0.3276,0.5793
MOD13Q1_061__250m_16_days_NDVI_doy2006049000000_aid0005,_250m_16_days_NDVI,aid0005,2006-02-18,1141459.0,-0.2,0.9854,"(-0.2,0.9854)",0.6295798,0.1393385,0.0194152,0.7313,0.9854,0.634,0.2374,0.5337
MOD13Q1_061__250m_16_days_NDVI_doy2006065000000_aid0005,_250m_16_days_NDVI,aid0005,2006-03-06,1141699.0,-0.2,0.9968,"(-0.2,0.9968)",0.6525694,0.1269975,0.0161284,0.7382,0.9717,0.668,0.3467,0.5816
MOD13Q1_061__250m_16_days_NDVI_doy2006081000000_aid0005,_250m_16_days_NDVI,aid0005,2006-03-22,1141972.0,-0.2,0.9986,"(-0.2,0.9986)",0.6060752,0.1321445,0.0174622,0.699,0.9609,0.6275,0.261,0.5238
MOD13Q1_061__250m_16_days_NDVI_doy2006097000000_aid0005,_250m_16_days_NDVI,aid0005,2006-04-07,1140211.0,-0.2,0.9388,"(-0.2,0.9388)",0.5492429,0.1295591,0.0167856,0.6438,0.9167,0.5581,0.1692,0.4539
MOD13Q1_061__250m_16_days_NDVI_doy2006113000000_aid0005,_250m_16_days_NDVI,aid0005,2006-04-23,1139211.0,-0.2,0.9187,"(-0.2,0.9187)",0.5405568,0.1283359,0.0164701,0.6312,0.8894,0.5522,0.2008,0.459
MOD13Q1_061__250m_16_days_NDVI_doy2006129000000_aid0005,_250m_16_days_NDVI,aid0005,2006-05-09,1141574.0,-0.2,0.9228,"(-0.2,0.9228)",0.5313046,0.1286265,0.0165448,0.617,0.8612,0.546,0.21,0.4542
MOD13Q1_061__250m_16_days_NDVI_doy2006145000000_aid0005,_250m_16_days_NDVI,aid0005,2006-05-25,1142464.0,-0.2,0.9182,"(-0.2,0.9182)",0.5162823,0.1328263,0.0176428,0.6027,0.8485,0.535,0.193,0.4388
MOD13Q1_061__250m_16_days_NDVI_doy2006161000000_aid0005,_250m_16_days_NDVI,aid0005,2006-06-10,1140111.0,-0.2,0.9312,"(-0.2,0.9312)",0.5524987,0.1268098,0.0160807,0.6315,0.8478,0.5725,0.271,0.4873
MOD13Q1_061__250m_16_days_NDVI_doy2006177000000_aid0005,_250m_16_days_NDVI,aid0005,2006-06-26,1141312.0,-0.2,0.9221,"(-0.2,0.9221)",0.5929121,0.1198081,0.014354,0.6634,0.8498,0.6123,0.3527,0.5391
MOD13Q1_061__250m_16_days_NDVI_doy2006193000000_aid0005,_250m_16_days_NDVI,aid0005,2006-07-12,1140582.0,-0.2,0.9318,"(-0.2,0.9318)",0.634415,0.1136893,0.0129253,0.6999,0.8635,0.6535,0.4272,0.5908
MOD13Q1_061__250m_16_days_NDVI_doy2006209000000_aid0005,_250m_16_days_NDVI,aid0005,2006-07-28,1139738.0,-0.2,0.9669,"(-0.2,0.9669)",0.6405611,0.1114117,0.0124126,0.7058,0.8727,0.655,0.4276,0.5945
MOD13Q1_061__250m_16_days_NDVI_doy2006225000000_aid0005,_250m_16_days_NDVI,aid0005,2006-08-13,1139110.0,-0.2,0.9308,"(-0.2,0.9308)",0.5926704,0.1119971,0.0125433,0.6571,0.8255,0.6028,0.3764,0.5448
MOD13Q1_061__250m_16_days_NDVI_doy2006241000000_aid0005,_250m_16_days_NDVI,aid0005,2006-08-29,1138708.0,-0.2,0.9381,"(-0.2,0.9381)",0.5896846,0.1134512,0.0128712,0.6523,0.8209,0.5969,0.3713,0.5399
MOD13Q1_061__250m_16_days_NDVI_doy2006257000000_aid0005,_250m_16_days_NDVI,aid0005,2006-09-14,1138394.0,-0.2,0.9465,"(-0.2,0.9465)",0.5696153,0.1196034,0.014305,0.6379,0.8284,0.5753,0.3204,0.5109
MOD13Q1_061__250m_16_days_NDVI_doy2006273000000_aid0005,_250m_16_days_NDVI,aid0005,2006-09-30,1139480.0,-0.2,0.9311,"(-0.2,0.9311)",0.5954457,0.1186225,0.0140713,0.6664,0.8504,0.6089,0.3597,0.5437
MOD13Q1_061__250m_16_days_NDVI_doy2006289000000_aid0005,_250m_16_days_NDVI,aid0005,2006-10-16,1140159.0,-0.2,0.9824,"(-0.2,0.9824)",0.6150981,0.1251248,0.0156562,0.6935,0.8841,0.6373,0.3758,0.5664
MOD13Q1_061__250m_16_days_NDVI_doy2006305000000_aid0005,_250m_16_days_NDVI,aid0005,2006-11-01,1140772.0,-0.2,0.964,"(-0.2,0.964)",0.6434997,0.1283662,0.0164779,0.7299,0.9362,0.6738,0.3794,0.5897
MOD13Q1_061__250m_16_days_NDVI_doy2006321000000_aid0005,_250m_16_days_NDVI,aid0005,2006-11-17,1140448.0,-0.1997,0.9646,"(-0.1997,0.9646)",0.6273767,0.1269247,0.0161099,0.7114,0.9215,0.6493,0.3594,0.5706
MOD13Q1_061__250m_16_days_NDVI_doy2006337000000_aid0005,_250m_16_days_NDVI,aid0005,2006-12-03,1141374.0,-0.2,0.9581,"(-0.2,0.9581)",0.6155225,0.1257641,0.0158166,0.7034,0.9234,0.6262,0.3097,0.5459
MOD13Q1_061__250m_16_days_NDVI_doy2006353000000_aid0005,_250m_16_days_NDVI,aid0005,2006-12-19,1142200.0,-0.2,0.9965,"(-0.2,0.9965)",0.6603885,0.1152278,0.0132774,0.7291,0.8999,0.6747,0.4444,0.6152
MOD13Q1_061__250m_16_days_NDVI_doy2007001000000_aid0005,_250m_16_days_NDVI,aid0005,2007-01-01,1139800.0,-0.2,0.9763,"(-0.2,0.9763)",0.7037819,0.1076866,0.0115964,0.7706,0.9447,0.7151,0.4804,0.6545
MOD13Q1_061__250m_16_days_NDVI_doy2007017000000_aid0005,_250m_16_days_NDVI,aid0005,2007-01-17,1140234.0,-0.2,0.9854,"(-0.2,0.9854)",0.7316735,0.1064124,0.0113236,0.7925,0.9551,0.7378,0.5135,0.6809
MOD13Q1_061__250m_16_days_NDVI_doy2007033000000_aid0005,_250m_16_days_NDVI,aid0005,2007-02-02,1140641.0,-0.1997,0.9538,"(-0.1997,0.9538)",0.7075488,0.1122338,0.0125964,0.7714,0.9538,0.7094,0.4672,0.6497
MOD13Q1_061__250m_16_days_NDVI_doy2007049000000_aid0005,_250m_16_days_NDVI,aid0005,2007-02-18,1146392.0,-0.2,0.9863,"(-0.2,0.9863)",0.6935034,0.1251297,0.0156574,0.7676,0.9684,0.6981,0.4296,0.6324
MOD13Q1_061__250m_16_days_NDVI_doy2007065000000_aid0005,_250m_16_days_NDVI,aid0005,2007-03-06,1139321.0,-0.2,0.9986,"(-0.2,0.9986)",0.7139306,0.1184934,0.0140407,0.7722,0.9246,0.7208,0.5182,0.6706
MOD13Q1_061__250m_16_days_NDVI_doy2007081000000_aid0005,_250m_16_days_NDVI,aid0005,2007-03-22,1147380.0,-0.2,0.9975,"(-0.2,0.9975)",0.6738301,0.1274104,0.0162334,0.7483,0.9274,0.6966,0.4498,0.6289
MOD13Q1_061__250m_16_days_NDVI_doy2007097000000_aid0005,_250m_16_days_NDVI,aid0005,2007-04-07,1139083.0,-0.2,0.927,"(-0.2,0.927)",0.6653559,0.1167522,0.0136311,0.7426,0.927,0.6948,0.4191,0.6132
MOD13Q1_061__250m_16_days_NDVI_doy2007113000000_aid0005,_250m_16_days_NDVI,aid0005,2007-04-23,1138897.0,-0.2,0.9379,"(-0.2,0.9379)",0.6444996,0.1322154,0.0174809,0.738,0.9379,0.6843,0.33,0.5748
MOD13Q1_061__250m_16_days_NDVI_doy2007129000000_aid0005,_250m_16_days_NDVI,aid0005,2007-05-09,1139572.0,-0.1994,0.9448,"(-0.1994,0.9448)",0.6254633,0.1327459,0.0176215,0.7195,0.9448,0.663,0.3058,0.554
MOD13Q1_061__250m_16_days_NDVI_doy2007145000000_aid0005,_250m_16_days_NDVI,aid0005,2007-05-25,1137169.0,-0.2,0.9452,"(-0.2,0.9452)",0.5598701,0.1334231,0.0178017,0.6489,0.9003,0.5926,0.2299,0.4813
MOD13Q1_061__250m_16_days_NDVI_doy2007161000000_aid0005,_250m_16_days_NDVI,aid0005,2007-06-10,1148277.0,-0.2,0.9988,"(-0.2,0.9988)",0.5033779,0.1272657,0.0161965,0.5811,0.81,0.5253,0.1996,0.4285
MOD13Q1_061__250m_16_days_NDVI_doy2007177000000_aid0005,_250m_16_days_NDVI,aid0005,2007-06-26,1142750.0,-0.2,0.9474,"(-0.2,0.9474)",0.5347401,0.1158759,0.0134272,0.6,0.7899,0.5462,0.2835,0.4734
MOD13Q1_061__250m_16_days_NDVI_doy2007193000000_aid0005,_250m_16_days_NDVI,aid0005,2007-07-12,1139695.0,-0.2,0.9181,"(-0.2,0.9181)",0.5051158,0.1100865,0.012119,0.5611,0.7268,0.5116,0.2849,0.4506
MOD13Q1_061__250m_16_days_NDVI_doy2007209000000_aid0005,_250m_16_days_NDVI,aid0005,2007-07-28,1138567.0,-0.2,0.9122,"(-0.2,0.9122)",0.480094,0.1065034,0.011343,0.5287,0.6815,0.4791,0.274,0.4268
MOD13Q1_061__250m_16_days_NDVI_doy2007225000000_aid0005,_250m_16_days_NDVI,aid0005,2007-08-13,1144097.0,-0.2,0.9357,"(-0.2,0.9357)",0.4954617,0.1160108,0.0134585,0.5509,0.719,0.492,0.2707,0.4388
MOD13Q1_061__250m_16_days_NDVI_doy2007241000000_aid0005,_250m_16_days_NDVI,aid0005,2007-08-29,1146985.0,-0.1996,0.9835,"(-0.1996,0.9835)",0.4987479,0.119737,0.0143369,0.559,0.7399,0.4942,0.2575,0.4384
MOD13Q1_061__250m_16_days_NDVI_doy2007257000000_aid0005,_250m_16_days_NDVI,aid0005,2007-09-14,1139957.0,-0.2,0.9371,"(-0.2,0.9371)",0.6313452,0.1186714,0.0140829,0.6997,0.8791,0.6408,0.4007,0.5801
MOD13Q1_061__250m_16_days_NDVI_doy2007273000000_aid0005,_250m_16_days_NDVI,aid0005,2007-09-30,1139685.0,-0.2,0.9966,"(-0.2,0.9966)",0.637132,0.1273494,0.0162179,0.719,0.9383,0.666,0.3533,0.5727
MOD13Q1_061__250m_16_days_NDVI_doy2007289000000_aid0005,_250m_16_days_NDVI,aid0005,2007-10-16,1140184.0,-0.2,0.9876,"(-0.2,0.9876)",0.677845,0.1281941,0.0164337,0.7599,0.9235,0.7131,0.4504,0.6361
MOD13Q1_061__250m_16_days_NDVI_doy2007305000000_aid0005,_250m_16_days_NDVI,aid0005,2007-11-01,1139000.0,-0.2,0.918,"(-0.2,0.918)",0.6289384,0.1265574,0.0160168,0.7141,0.918,0.6637,0.3599,0.5724
MOD13Q1_061__250m_16_days_NDVI_doy2007321000000_aid0005,_250m_16_days_NDVI,aid0005,2007-11-17,1139106.0,-0.2,0.92,"(-0.2,0.92)",0.5839146,0.1335441,0.017834,0.6786,0.92,0.6136,0.2464,0.5057
MOD13Q1_061__250m_16_days_NDVI_doy2007337000000_aid0005,_250m_16_days_NDVI,aid0005,2007-12-03,1138888.0,-0.2,0.9168,"(-0.2,0.9168)",0.576701,0.1237238,0.0153076,0.6627,0.8922,0.5905,0.2797,0.5095
MOD13Q1_061__250m_16_days_NDVI_doy2007353000000_aid0005,_250m_16_days_NDVI,aid0005,2007-12-19,1140734.0,-0.2,0.9227,"(-0.2,0.9227)",0.5793421,0.1268403,0.0160885,0.6701,0.9227,0.5796,0.2379,0.4972
MOD13Q1_061__250m_16_days_NDVI_doy2000049000000_aid0006,_250m_16_days_NDVI,aid0006,2000-02-18,2407316.0,-0.2,0.9985,"(-0.2,0.9985)",0.6790914,0.1651413,0.0272717,0.788,0.9985,0.7025,0.3385,0.6082
MOD13Q1_061__250m_16_days_NDVI_doy2000065000000_aid0006,_250m_16_days_NDVI,aid0006,2000-03-05,2383215.0,-0.2,0.9795,"(-0.2,0.9795)",0.6906876,0.1512257,0.0228692,0.7902,0.9795,0.7118,0.3615,0.6187
MOD13Q1_061__250m_16_days_NDVI_doy2000081000000_aid0006,_250m_16_days_NDVI,aid0006,2000-03-21,2381740.0,-0.2,0.9949,"(-0.2,0.9949)",0.6514162,0.1510488,0.0228157,0.7494,0.9949,0.6766,0.3379,0.5848
MOD13Q1_061__250m_16_days_NDVI_doy2000097000000_aid0006,_250m_16_days_NDVI,aid0006,2000-04-06,2375377.0,-0.2,0.9944,"(-0.2,0.9944)",0.5890163,0.1630398,0.026582,0.7113,0.9944,0.6268,0.1698,0.4947
MOD13Q1_061__250m_16_days_NDVI_doy2000113000000_aid0006,_250m_16_days_NDVI,aid0006,2000-04-22,2369130.0,-0.2,0.979,"(-0.2,0.979)",0.6091106,0.1600182,0.0256058,0.731,0.979,0.6445,0.1925,0.5156
MOD13Q1_061__250m_16_days_NDVI_doy2000129000000_aid0006,_250m_16_days_NDVI,aid0006,2000-05-08,2367930.0,-0.2,0.9943,"(-0.2,0.9943)",0.5737565,0.1669,0.0278556,0.7013,0.9943,0.6057,0.1361,0.4752
MOD13Q1_061__250m_16_days_NDVI_doy2000145000000_aid0006,_250m_16_days_NDVI,aid0006,2000-05-24,2350591.0,-0.2,0.9634,"(-0.2,0.9634)",0.5653997,0.1667378,0.0278015,0.6905,0.9634,0.5979,0.1405,0.4705
MOD13Q1_061__250m_16_days_NDVI_doy2000161000000_aid0006,_250m_16_days_NDVI,aid0006,2000-06-09,2371659.0,-0.2,0.9974,"(-0.2,0.9974)",0.5685607,0.1618595,0.0261985,0.6885,0.9974,0.6017,0.165,0.4791
MOD13Q1_061__250m_16_days_NDVI_doy2000177000000_aid0006,_250m_16_days_NDVI,aid0006,2000-06-25,2370910.0,-0.2,0.9634,"(-0.2,0.9634)",0.5352407,0.1629322,0.0265469,0.6612,0.9634,0.5623,0.09,0.4327
MOD13Q1_061__250m_16_days_NDVI_doy2000193000000_aid0006,_250m_16_days_NDVI,aid0006,2000-07-11,2352154.0,-0.2,0.9778,"(-0.2,0.9778)",0.4996491,0.1461443,0.0213582,0.6134,0.9188,0.5129,0.0779,0.3992
MOD13Q1_061__250m_16_days_NDVI_doy2000209000000_aid0006,_250m_16_days_NDVI,aid0006,2000-07-27,2392643.0,-0.2,0.9377,"(-0.2,0.9377)",0.4379301,0.1423861,0.0202738,0.5425,0.8348,0.4442,0.0553,0.3476
MOD13Q1_061__250m_16_days_NDVI_doy2000225000000_aid0006,_250m_16_days_NDVI,aid0006,2000-08-12,2377321.0,-0.2,0.9579,"(-0.2,0.9579)",0.5190632,0.1553996,0.024149,0.6329,0.93,0.5381,0.1087,0.4232
MOD13Q1_061__250m_16_days_NDVI_doy2000241000000_aid0006,_250m_16_days_NDVI,aid0006,2000-08-28,2369257.0,-0.2,0.9359,"(-0.2,0.9359)",0.5072139,0.1475596,0.0217738,0.6125,0.9103,0.5235,0.1155,0.4137
MOD13Q1_061__250m_16_days_NDVI_doy2000257000000_aid0006,_250m_16_days_NDVI,aid0006,2000-09-13,2360167.0,-0.2,0.9428,"(-0.2,0.9428)",0.5491502,0.1658912,0.0275199,0.6689,0.9428,0.5797,0.1149,0.4473
MOD13Q1_061__250m_16_days_NDVI_doy2000273000000_aid0006,_250m_16_days_NDVI,aid0006,2000-09-29,2350147.0,-0.2,0.9255,"(-0.2,0.9255)",0.5638819,0.1592021,0.0253453,0.6845,0.9255,0.5938,0.1413,0.4672
MOD13Q1_061__250m_16_days_NDVI_doy2000289000000_aid0006,_250m_16_days_NDVI,aid0006,2000-10-15,2352547.0,-0.2,0.9829,"(-0.2,0.9829)",0.5971762,0.1658089,0.0274926,0.7245,0.9829,0.6319,0.1668,0.5014
MOD13Q1_061__250m_16_days_NDVI_doy2000305000000_aid0006,_250m_16_days_NDVI,aid0006,2000-10-31,2349388.0,-0.2,0.9926,"(-0.2,0.9926)",0.5982611,0.1690238,0.0285691,0.7298,0.9926,0.6347,0.1478,0.497
MOD13Q1_061__250m_16_days_NDVI_doy2000321000000_aid0006,_250m_16_days_NDVI,aid0006,2000-11-16,2352581.0,-0.2,0.926,"(-0.2,0.926)",0.5668586,0.1666203,0.0277623,0.7027,0.926,0.5898,0.0635,0.447
MOD13Q1_061__250m_16_days_NDVI_doy2000337000000_aid0006,_250m_16_days_NDVI,aid0006,2000-12-02,2360670.0,-0.2,0.9967,"(-0.2,0.9967)",0.6082563,0.1672516,0.0279731,0.7386,0.9967,0.6397,0.1491,0.5028
MOD13Q1_061__250m_16_days_NDVI_doy2000353000000_aid0006,_250m_16_days_NDVI,aid0006,2000-12-18,2379406.0,-0.2,0.9969,"(-0.2,0.9969)",0.6213369,0.1627727,0.026495,0.7351,0.9969,0.6521,0.2511,0.5415
MOD13Q1_061__250m_16_days_NDVI_doy2001001000000_aid0006,_250m_16_days_NDVI,aid0006,2001-01-01,2380806.0,-0.2,0.9986,"(-0.2,0.9986)",0.6605254,0.1515168,0.0229573,0.756,0.9857,0.6856,0.3633,0.5989
MOD13Q1_061__250m_16_days_NDVI_doy2001017000000_aid0006,_250m_16_days_NDVI,aid0006,2001-01-17,2377212.0,-0.2,0.9978,"(-0.2,0.9978)",0.690995,0.1470258,0.0216166,0.7815,0.9978,0.7115,0.4093,0.6326
MOD13Q1_061__250m_16_days_NDVI_doy2001033000000_aid0006,_250m_16_days_NDVI,aid0006,2001-02-02,2362963.0,-0.2,0.9964,"(-0.2,0.9964)",0.7423711,0.14863,0.0220909,0.8403,0.9964,0.7593,0.4416,0.6808
MOD13Q1_061__250m_16_days_NDVI_doy2001049000000_aid0006,_250m_16_days_NDVI,aid0006,2001-02-18,2370712.0,-0.2,0.9972,"(-0.2,0.9972)",0.7260897,0.156253,0.024415,0.8285,0.9972,0.7443,0.4015,0.6577
MOD13Q1_061__250m_16_days_NDVI_doy2001065000000_aid0006,_250m_16_days_NDVI,aid0006,2001-03-06,2368022.0,-0.2,0.9988,"(-0.2,0.9988)",0.7133971,0.1549999,0.024025,0.8101,0.9988,0.7328,0.4091,0.6497
MOD13Q1_061__250m_16_days_NDVI_doy2001081000000_aid0006,_250m_16_days_NDVI,aid0006,2001-03-22,2365542.0,-0.2,0.9904,"(-0.2,0.9904)",0.6694194,0.1490479,0.0222153,0.7612,0.978,0.6954,0.3935,0.6141
MOD13Q1_061__250m_16_days_NDVI_doy2001097000000_aid0006,_250m_16_days_NDVI,aid0006,2001-04-07,2358774.0,-0.2,0.9921,"(-0.2,0.9921)",0.5974778,0.1498856,0.0224657,0.7073,0.9921,0.6294,0.2068,0.5071
MOD13Q1_061__250m_16_days_NDVI_doy2001113000000_aid0006,_250m_16_days_NDVI,aid0006,2001-04-23,2357379.0,-0.2,0.9845,"(-0.2,0.9845)",0.5508025,0.1635809,0.0267587,0.6822,0.9845,0.5831,0.0432,0.4266
MOD13Q1_061__250m_16_days_NDVI_doy2001129000000_aid0006,_250m_16_days_NDVI,aid0006,2001-05-09,2354799.0,-0.2,0.9994,"(-0.2,0.9994)",0.5018416,0.1591236,0.0253203,0.6295,0.9994,0.5183,-0.0122,0.3728
MOD13Q1_061__250m_16_days_NDVI_doy2001145000000_aid0006,_250m_16_days_NDVI,aid0006,2001-05-25,2370162.0,-0.2,0.9977,"(-0.2,0.9977)",0.5198803,0.1574242,0.0247824,0.637,0.9733,0.5417,0.0765,0.4128
MOD13Q1_061__250m_16_days_NDVI_doy2001161000000_aid0006,_250m_16_days_NDVI,aid0006,2001-06-10,2391759.0,-0.2,0.9994,"(-0.2,0.9994)",0.3687258,0.2154909,0.0464363,0.5547,0.9994,0.3639,-0.2,0.1792
MOD13Q1_061__250m_16_days_NDVI_doy2001177000000_aid0006,_250m_16_days_NDVI,aid0006,2001-06-26,2406593.0,-0.2,0.9137,"(-0.2,0.9137)",0.4867873,0.1543354,0.0238194,0.6037,0.9137,0.5024,0.069,0.3898
MOD13Q1_061__250m_16_days_NDVI_doy2001193000000_aid0006,_250m_16_days_NDVI,aid0006,2001-07-12,2368835.0,-0.2,0.9152,"(-0.2,0.9152)",0.4919911,0.134165,0.0180002,0.5933,0.8851,0.5014,0.1068,0.3987
MOD13Q1_061__250m_16_days_NDVI_doy2001209000000_aid0006,_250m_16_days_NDVI,aid0006,2001-07-28,2368744.0,-0.2,0.931,"(-0.2,0.931)",0.5174134,0.1359442,0.0184808,0.6116,0.8879,0.5308,0.1511,0.4274
MOD13Q1_061__250m_16_days_NDVI_doy2001225000000_aid0006,_250m_16_days_NDVI,aid0006,2001-08-13,2372757.0,-0.2,0.9856,"(-0.2,0.9856)",0.5756654,0.1455923,0.0211971,0.6696,0.9334,0.5957,0.2289,0.4933
MOD13Q1_061__250m_16_days_NDVI_doy2001241000000_aid0006,_250m_16_days_NDVI,aid0006,2001-08-29,2389705.0,-0.2,0.9879,"(-0.2,0.9879)",0.589503,0.1601716,0.0256549,0.695,0.9682,0.6174,0.2193,0.5047
MOD13Q1_061__250m_16_days_NDVI_doy2001257000000_aid0006,_250m_16_days_NDVI,aid0006,2001-09-14,2376655.0,-0.2,0.9995,"(-0.2,0.9995)",0.5792181,0.1572777,0.0247363,0.6914,0.9995,0.6077,0.1722,0.4837
MOD13Q1_061__250m_16_days_NDVI_doy2001273000000_aid0006,_250m_16_days_NDVI,aid0006,2001-09-30,2378614.0,-0.2,0.9991,"(-0.2,0.9991)",0.5904456,0.1704549,0.0290549,0.714,0.9991,0.6321,0.1603,0.4925
MOD13Q1_061__250m_16_days_NDVI_doy2001289000000_aid0006,_250m_16_days_NDVI,aid0006,2001-10-16,2360035.0,-0.2,0.9827,"(-0.2,0.9827)",0.6189659,0.1554309,0.0241588,0.7304,0.9827,0.6566,0.2507,0.5385
MOD13Q1_061__250m_16_days_NDVI_doy2001305000000_aid0006,_250m_16_days_NDVI,aid0006,2001-11-01,2363712.0,-0.2,0.9759,"(-0.2,0.9759)",0.5902552,0.1543841,0.0238345,0.7113,0.9759,0.6156,0.1633,0.4921
MOD13Q1_061__250m_16_days_NDVI_doy2001321000000_aid0006,_250m_16_days_NDVI,aid0006,2001-11-17,2371514.0,-0.2,0.9462,"(-0.2,0.9462)",0.5706853,0.1687382,0.0284726,0.7106,0.9462,0.6003,0.0356,0.4406
MOD13Q1_061__250m_16_days_NDVI_doy2001337000000_aid0006,_250m_16_days_NDVI,aid0006,2001-12-03,2368636.0,-0.2,0.9967,"(-0.2,0.9967)",0.5862946,0.1515067,0.0229543,0.7037,0.9967,0.6143,0.1582,0.4855
MOD13Q1_061__250m_16_days_NDVI_doy2001353000000_aid0006,_250m_16_days_NDVI,aid0006,2001-12-19,2373967.0,-0.2,0.9934,"(-0.2,0.9934)",0.6276882,0.1436747,0.0206424,0.7282,0.9927,0.6518,0.2867,0.5516
MOD13Q1_061__250m_16_days_NDVI_doy2002001000000_aid0006,_250m_16_days_NDVI,aid0006,2002-01-01,2381478.0,-0.2,0.9978,"(-0.2,0.9978)",0.6523279,0.1425515,0.0203209,0.7436,0.9715,0.6621,0.3399,0.5821
MOD13Q1_061__250m_16_days_NDVI_doy2002017000000_aid0006,_250m_16_days_NDVI,aid0006,2002-01-17,2380028.0,-0.2,0.9931,"(-0.2,0.9931)",0.6762079,0.1475336,0.0217662,0.7727,0.9931,0.6799,0.3315,0.5962
MOD13Q1_061__250m_16_days_NDVI_doy2002033000000_aid0006,_250m_16_days_NDVI,aid0006,2002-02-02,2370354.0,-0.2,0.9946,"(-0.2,0.9946)",0.6793099,0.1529038,0.0233796,0.7888,0.9946,0.6832,0.2836,0.5867
MOD13Q1_061__250m_16_days_NDVI_doy2002049000000_aid0006,_250m_16_days_NDVI,aid0006,2002-02-18,2366958.0,-0.2,0.9857,"(-0.2,0.9857)",0.6680707,0.1610642,0.0259417,0.7866,0.9857,0.6786,0.2436,0.5694
MOD13Q1_061__250m_16_days_NDVI_doy2002065000000_aid0006,_250m_16_days_NDVI,aid0006,2002-03-06,2367894.0,-0.2,0.9994,"(-0.2,0.9994)",0.692251,0.1437593,0.0206667,0.7857,0.9994,0.7134,0.392,0.6282
MOD13Q1_061__250m_16_days_NDVI_doy2002081000000_aid0006,_250m_16_days_NDVI,aid0006,2002-03-22,2401003.0,-0.2,0.9994,"(-0.2,0.9994)",0.6368835,0.1782179,0.0317616,0.7576,0.9994,0.6822,0.2746,0.5644
MOD13Q1_061__250m_16_days_NDVI_doy2002097000000_aid0006,_250m_16_days_NDVI,aid0006,2002-04-07,2386367.0,-0.2,0.995,"(-0.2,0.995)",0.59564,0.1743103,0.0303841,0.7247,0.995,0.6341,0.1705,0.503
MOD13Q1_061__250m_16_days_NDVI_doy2002113000000_aid0006,_250m_16_days_NDVI,aid0006,2002-04-23,2353386.0,-0.2,0.9726,"(-0.2,0.9726)",0.5679042,0.1595885,0.0254685,0.6951,0.9726,0.5924,0.1046,0.4589
MOD13Q1_061__250m_16_days_NDVI_doy2002129000000_aid0006,_250m_16_days_NDVI,aid0006,2002-05-09,2354785.0,-0.2,0.9573,"(-0.2,0.9573)",0.5758866,0.1615653,0.0261033,0.7057,0.9573,0.6067,0.0902,0.4595
MOD13Q1_061__250m_16_days_NDVI_doy2002145000000_aid0006,_250m_16_days_NDVI,aid0006,2002-05-25,2376148.0,-0.2,0.9966,"(-0.2,0.9966)",0.5798234,0.1592124,0.0253486,0.698,0.9966,0.6128,0.1668,0.4855
MOD13Q1_061__250m_16_days_NDVI_doy2002161000000_aid0006,_250m_16_days_NDVI,aid0006,2002-06-10,2353187.0,-0.2,0.9122,"(-0.2,0.9122)",0.5378606,0.1461986,0.021374,0.6531,0.9122,0.5545,0.1061,0.4343
MOD13Q1_061__250m_16_days_NDVI_doy2002177000000_aid0006,_250m_16_days_NDVI,aid0006,2002-06-26,2362321.0,-0.2,0.9976,"(-0.2,0.9976)",0.491618,0.1406265,0.0197758,0.596,0.8984,0.4967,0.0915,0.3942
MOD13Q1_061__250m_16_days_NDVI_doy2002193000000_aid0006,_250m_16_days_NDVI,aid0006,2002-07-12,2356584.0,-0.2,0.9186,"(-0.2,0.9186)",0.5203943,0.1345044,0.0180914,0.6158,0.8946,0.5275,0.1508,0.4298
MOD13Q1_061__250m_16_days_NDVI_doy2002209000000_aid0006,_250m_16_days_NDVI,aid0006,2002-07-28,2354491.0,-0.2,0.9216,"(-0.2,0.9216)",0.5133439,0.1280257,0.0163906,0.6005,0.8582,0.5213,0.171,0.4287
MOD13Q1_061__250m_16_days_NDVI_doy2002225000000_aid0006,_250m_16_days_NDVI,aid0006,2002-08-13,2360794.0,-0.2,0.9255,"(-0.2,0.9255)",0.531904,0.1352963,0.0183051,0.6236,0.8876,0.5425,0.1834,0.4475
MOD13Q1_061__250m_16_days_NDVI_doy2002241000000_aid0006,_250m_16_days_NDVI,aid0006,2002-08-29,2360264.0,-0.2,0.936,"(-0.2,0.936)",0.5649492,0.1483845,0.022018,0.6644,0.936,0.5898,0.2062,0.4811
MOD13Q1_061__250m_16_days_NDVI_doy2002257000000_aid0006,_250m_16_days_NDVI,aid0006,2002-09-14,2387156.0,-0.2,0.9687,"(-0.2,0.9687)",0.5606004,0.1664234,0.0276968,0.6767,0.9687,0.5944,0.1527,0.4671
MOD13Q1_061__250m_16_days_NDVI_doy2002273000000_aid0006,_250m_16_days_NDVI,aid0006,2002-09-30,2385383.0,-0.2,0.9906,"(-0.2,0.9906)",0.570339,0.1775271,0.0315159,0.7063,0.9906,0.611,0.0846,0.4576
MOD13Q1_061__250m_16_days_NDVI_doy2002289000000_aid0006,_250m_16_days_NDVI,aid0006,2002-10-16,2366481.0,-0.2,0.997,"(-0.2,0.997)",0.5913298,0.1664299,0.0276989,0.7231,0.997,0.6209,0.1289,0.4854
MOD13Q1_061__250m_16_days_NDVI_doy2002305000000_aid0006,_250m_16_days_NDVI,aid0006,2002-11-01,2362928.0,-0.2,0.999,"(-0.2,0.999)",0.5525867,0.1677049,0.0281249,0.6915,0.999,0.5717,0.0235,0.4243
MOD13Q1_061__250m_16_days_NDVI_doy2002321000000_aid0006,_250m_16_days_NDVI,aid0006,2002-11-17,2369474.0,-0.2,0.9872,"(-0.2,0.9872)",0.5560332,0.1822104,0.0332006,0.7091,0.9872,0.5845,-0.0331,0.4122
MOD13Q1_061__250m_16_days_NDVI_doy2002337000000_aid0006,_250m_16_days_NDVI,aid0006,2002-12-03,2376213.0,-0.2,0.9987,"(-0.2,0.9987)",0.5954364,0.1591303,0.0253225,0.7126,0.9987,0.6188,0.1956,0.5058
MOD13Q1_061__250m_16_days_NDVI_doy2002353000000_aid0006,_250m_16_days_NDVI,aid0006,2002-12-19,2359354.0,-0.2,0.9965,"(-0.2,0.9965)",0.6519584,0.1498117,0.0224436,0.7519,0.9965,0.6808,0.3264,0.5817
MOD13Q1_061__250m_16_days_NDVI_doy2003001000000_aid0006,_250m_16_days_NDVI,aid0006,2003-01-01,2367316.0,-0.2,0.9985,"(-0.2,0.9985)",0.7275727,0.1442646,0.0208123,0.815,0.9985,0.7485,0.4603,0.6731
MOD13Q1_061__250m_16_days_NDVI_doy2003017000000_aid0006,_250m_16_days_NDVI,aid0006,2003-01-17,2377073.0,-0.2,0.9824,"(-0.2,0.9824)",0.7246554,0.1575796,0.0248313,0.8197,0.9824,0.7409,0.4345,0.6656
MOD13Q1_061__250m_16_days_NDVI_doy2003033000000_aid0006,_250m_16_days_NDVI,aid0006,2003-02-02,2389498.0,-0.2,0.9969,"(-0.2,0.9969)",0.7276245,0.1758853,0.0309356,0.8358,0.9969,0.7507,0.4463,0.68
MOD13Q1_061__250m_16_days_NDVI_doy2003049000000_aid0006,_250m_16_days_NDVI,aid0006,2003-02-18,2373308.0,-0.2,0.9983,"(-0.2,0.9983)",0.7180099,0.160191,0.0256611,0.8194,0.9983,0.7392,0.4254,0.6618
MOD13Q1_061__250m_16_days_NDVI_doy2003065000000_aid0006,_250m_16_days_NDVI,aid0006,2003-03-06,2364666.0,-0.2,0.9989,"(-0.2,0.9989)",0.704805,0.1597076,0.0255065,0.8017,0.9989,0.7376,0.423,0.6502
MOD13Q1_061__250m_16_days_NDVI_doy2003081000000_aid0006,_250m_16_days_NDVI,aid0006,2003-03-22,2362549.0,-0.2,0.9908,"(-0.2,0.9908)",0.6420259,0.1640278,0.0269051,0.7492,0.9908,0.6821,0.307,0.5723
MOD13Q1_061__250m_16_days_NDVI_doy2003097000000_aid0006,_250m_16_days_NDVI,aid0006,2003-04-07,2355918.0,-0.2,0.9677,"(-0.2,0.9677)",0.5707486,0.1555961,0.0242101,0.6895,0.9677,0.6001,0.148,0.4729
MOD13Q1_061__250m_16_days_NDVI_doy2003113000000_aid0006,_250m_16_days_NDVI,aid0006,2003-04-23,2394792.0,-0.2,0.987,"(-0.2,0.987)",0.5040486,0.1724646,0.029744,0.6296,0.9608,0.5255,0.0764,0.4083
MOD13Q1_061__250m_16_days_NDVI_doy2003129000000_aid0006,_250m_16_days_NDVI,aid0006,2003-05-09,2387247.0,-0.2,0.9979,"(-0.2,0.9979)",0.5276704,0.1699389,0.0288792,0.6483,0.9441,0.552,0.1336,0.4424
MOD13Q1_061__250m_16_days_NDVI_doy2003145000000_aid0006,_250m_16_days_NDVI,aid0006,2003-05-25,2350306.0,-0.2,0.9088,"(-0.2,0.9088)",0.5309186,0.1466283,0.0214998,0.6354,0.9088,0.5465,0.1589,0.4448
MOD13Q1_061__250m_16_days_NDVI_doy2003161000000_aid0006,_250m_16_days_NDVI,aid0006,2003-06-10,2360093.0,-0.2,0.9843,"(-0.2,0.9843)",0.5085209,0.1427738,0.0203844,0.609,0.8926,0.5198,0.1363,0.4199
MOD13Q1_061__250m_16_days_NDVI_doy2003177000000_aid0006,_250m_16_days_NDVI,aid0006,2003-06-26,2391969.0,-0.2,0.9921,"(-0.2,0.9921)",0.5299589,0.1561245,0.0243749,0.6383,0.9176,0.5531,0.1668,0.4497
MOD13Q1_061__250m_16_days_NDVI_doy2003193000000_aid0006,_250m_16_days_NDVI,aid0006,2003-07-12,2362309.0,-0.2,0.9375,"(-0.2,0.9375)",0.4987314,0.1251116,0.0156529,0.5839,0.8202,0.5112,0.1899,0.4263
MOD13Q1_061__250m_16_days_NDVI_doy2003209000000_aid0006,_250m_16_days_NDVI,aid0006,2003-07-28,2367342.0,-0.2,0.9214,"(-0.2,0.9214)",0.4908759,0.1301044,0.0169272,0.5787,0.8284,0.5065,0.1625,0.4122
MOD13Q1_061__250m_16_days_NDVI_doy2003225000000_aid0006,_250m_16_days_NDVI,aid0006,2003-08-13,2367088.0,-0.2,0.9491,"(-0.2,0.9491)",0.5039921,0.1369188,0.0187467,0.5883,0.8392,0.5178,0.1701,0.421
MOD13Q1_061__250m_16_days_NDVI_doy2003241000000_aid0006,_250m_16_days_NDVI,aid0006,2003-08-29,2369944.0,-0.2,0.9756,"(-0.2,0.9756)",0.5111756,0.1447174,0.0209431,0.6033,0.8799,0.5258,0.1423,0.4189
MOD13Q1_061__250m_16_days_NDVI_doy2003257000000_aid0006,_250m_16_days_NDVI,aid0006,2003-09-14,2370367.0,-0.2,0.9918,"(-0.2,0.9918)",0.5225849,0.1507312,0.0227199,0.6291,0.9339,0.5422,0.1049,0.4194
MOD13Q1_061__250m_16_days_NDVI_doy2003273000000_aid0006,_250m_16_days_NDVI,aid0006,2003-09-30,2373166.0,-0.2,0.9938,"(-0.2,0.9938)",0.5374195,0.1688148,0.0284984,0.6706,0.9938,0.5686,0.0269,0.4131
MOD13Q1_061__250m_16_days_NDVI_doy2003289000000_aid0006,_250m_16_days_NDVI,aid0006,2003-10-16,2383073.0,-0.2,0.9959,"(-0.2,0.9959)",0.5409982,0.167972,0.0282146,0.6723,0.9959,0.5721,0.0541,0.425
MOD13Q1_061__250m_16_days_NDVI_doy2003305000000_aid0006,_250m_16_days_NDVI,aid0006,2003-11-01,2370712.0,-0.2,0.9908,"(-0.2,0.9908)",0.5239061,0.1575401,0.0248189,0.649,0.9908,0.5414,0.0413,0.4059
MOD13Q1_061__250m_16_days_NDVI_doy2003321000000_aid0006,_250m_16_days_NDVI,aid0006,2003-11-17,2372339.0,-0.2,0.9888,"(-0.2,0.9888)",0.5204597,0.1728622,0.0298813,0.6662,0.9888,0.5386,-0.0625,0.3747
MOD13Q1_061__250m_16_days_NDVI_doy2003337000000_aid0006,_250m_16_days_NDVI,aid0006,2003-12-03,2383396.0,-0.2,0.9539,"(-0.2,0.9539)",0.5669217,0.1655456,0.0274054,0.6925,0.9539,0.5946,0.123,0.4647
MOD13Q1_061__250m_16_days_NDVI_doy2003353000000_aid0006,_250m_16_days_NDVI,aid0006,2003-12-19,2396167.0,-0.2,0.9946,"(-0.2,0.9946)",0.6130831,0.1675889,0.028086,0.7238,0.9946,0.6404,0.2683,0.5416
MOD13Q1_061__250m_16_days_NDVI_doy2004001000000_aid0006,_250m_16_days_NDVI,aid0006,2004-01-01,2359144.0,-0.2,0.9966,"(-0.2,0.9966)",0.669962,0.1387165,0.0192423,0.7629,0.9966,0.6905,0.3479,0.5969
MOD13Q1_061__250m_16_days_NDVI_doy2004017000000_aid0006,_250m_16_days_NDVI,aid0006,2004-01-17,2360395.0,-0.2,0.994,"(-0.2,0.994)",0.6771834,0.146372,0.0214248,0.7792,0.994,0.6895,0.3042,0.5892
MOD13Q1_061__250m_16_days_NDVI_doy2004033000000_aid0006,_250m_16_days_NDVI,aid0006,2004-02-02,2363966.0,-0.2,0.9972,"(-0.2,0.9972)",0.696557,0.1535695,0.0235836,0.8081,0.9972,0.7038,0.3026,0.6059
MOD13Q1_061__250m_16_days_NDVI_doy2004049000000_aid0006,_250m_16_days_NDVI,aid0006,2004-02-18,2382927.0,-0.2,0.9904,"(-0.2,0.9904)",0.6748925,0.169826,0.0288409,0.7971,0.9904,0.6857,0.2549,0.5802
MOD13Q1_061__250m_16_days_NDVI_doy2004065000000_aid0006,_250m_16_days_NDVI,aid0006,2004-03-05,2379992.0,-0.2,0.96,"(-0.2,0.96)",0.667662,0.1562135,0.0244027,0.7693,0.96,0.6828,0.3278,0.5927
MOD13Q1_061__250m_16_days_NDVI_doy2004081000000_aid0006,_250m_16_days_NDVI,aid0006,2004-03-21,2374291.0,-0.2,0.9262,"(-0.2,0.9262)",0.5747484,0.14303,0.0204576,0.6754,0.9262,0.5915,0.2119,0.49
MOD13Q1_061__250m_16_days_NDVI_doy2004097000000_aid0006,_250m_16_days_NDVI,aid0006,2004-04-06,2376319.0,-0.2,0.9657,"(-0.2,0.9657)",0.5866117,0.1582685,0.0250489,0.7083,0.9657,0.6224,0.1423,0.4819
MOD13Q1_061__250m_16_days_NDVI_doy2004113000000_aid0006,_250m_16_days_NDVI,aid0006,2004-04-22,2373395.0,-0.2,0.9644,"(-0.2,0.9644)",0.5704671,0.1533449,0.0235147,0.689,0.9644,0.5954,0.1505,0.4736
MOD13Q1_061__250m_16_days_NDVI_doy2004129000000_aid0006,_250m_16_days_NDVI,aid0006,2004-05-08,2366569.0,-0.2,0.933,"(-0.2,0.933)",0.5550224,0.150583,0.0226752,0.6708,0.933,0.5779,0.1381,0.4577
MOD13Q1_061__250m_16_days_NDVI_doy2004145000000_aid0006,_250m_16_days_NDVI,aid0006,2004-05-24,2357232.0,-0.2,0.9976,"(-0.2,0.9976)",0.520068,0.1514513,0.0229375,0.6367,0.9384,0.5354,0.078,0.4132
MOD13Q1_061__250m_16_days_NDVI_doy2004161000000_aid0006,_250m_16_days_NDVI,aid0006,2004-06-09,2351070.0,-0.2,0.9349,"(-0.2,0.9349)",0.4921079,0.1454161,0.0211458,0.6025,0.9175,0.5017,0.072,0.3903
MOD13Q1_061__250m_16_days_NDVI_doy2004177000000_aid0006,_250m_16_days_NDVI,aid0006,2004-06-25,2397882.0,-0.2,0.9745,"(-0.2,0.9745)",0.5077828,0.1610373,0.025933,0.6232,0.9374,0.5277,0.0995,0.4137
MOD13Q1_061__250m_16_days_NDVI_doy2004193000000_aid0006,_250m_16_days_NDVI,aid0006,2004-07-11,2355406.0,-0.2,0.967,"(-0.2,0.967)",0.4836336,0.1336429,0.0178604,0.5797,0.8563,0.4918,0.1187,0.3953
MOD13Q1_061__250m_16_days_NDVI_doy2004209000000_aid0006,_250m_16_days_NDVI,aid0006,2004-07-27,2346026.0,-0.2,0.9887,"(-0.2,0.9887)",0.525381,0.1453344,0.0211221,0.6263,0.9225,0.5364,0.1326,0.4288
MOD13Q1_061__250m_16_days_NDVI_doy2004225000000_aid0006,_250m_16_days_NDVI,aid0006,2004-08-12,2356667.0,-0.2,0.9398,"(-0.2,0.9398)",0.4931749,0.1558166,0.0242788,0.5973,0.913,0.4984,0.0711,0.3868
MOD13Q1_061__250m_16_days_NDVI_doy2004241000000_aid0006,_250m_16_days_NDVI,aid0006,2004-08-28,2363786.0,-0.2,0.9274,"(-0.2,0.9274)",0.4984349,0.1483719,0.0220142,0.5972,0.9006,0.5034,0.0915,0.3949
MOD13Q1_061__250m_16_days_NDVI_doy2004257000000_aid0006,_250m_16_days_NDVI,aid0006,2004-09-13,2367464.0,-0.2,0.9623,"(-0.2,0.9623)",0.4877194,0.1504156,0.0226248,0.5894,0.9002,0.491,0.0714,0.3822
MOD13Q1_061__250m_16_days_NDVI_doy2004273000000_aid0006,_250m_16_days_NDVI,aid0006,2004-09-29,2371500.0,-0.2,0.9961,"(-0.2,0.9961)",0.4764327,0.1426826,0.0203583,0.5754,0.8815,0.4802,0.0652,0.3713
MOD13Q1_061__250m_16_days_NDVI_doy2004289000000_aid0006,_250m_16_days_NDVI,aid0006,2004-10-15,2377716.0,-0.2,0.9299,"(-0.2,0.9299)",0.4661425,0.1438571,0.0206949,0.5696,0.891,0.4708,0.0339,0.3553
MOD13Q1_061__250m_16_days_NDVI_doy2004305000000_aid0006,_250m_16_days_NDVI,aid0006,2004-10-31,2367526.0,-0.2,0.9636,"(-0.2,0.9636)",0.4837542,0.1509452,0.0227844,0.6013,0.9434,0.4957,0.0158,0.3671
MOD13Q1_061__250m_16_days_NDVI_doy2004321000000_aid0006,_250m_16_days_NDVI,aid0006,2004-11-16,2356461.0,-0.2,0.975,"(-0.2,0.975)",0.5438115,0.1531708,0.0234613,0.6615,0.975,0.5559,0.0888,0.4324
MOD13Q1_061__250m_16_days_NDVI_doy2004337000000_aid0006,_250m_16_days_NDVI,aid0006,2004-12-02,2366935.0,-0.2,0.9973,"(-0.2,0.9973)",0.621753,0.1528915,0.0233758,0.7314,0.9973,0.6446,0.2457,0.5371
MOD13Q1_061__250m_16_days_NDVI_doy2004353000000_aid0006,_250m_16_days_NDVI,aid0006,2004-12-18,2366313.0,-0.2,0.9979,"(-0.2,0.9979)",0.6551032,0.1490244,0.0222083,0.7585,0.9979,0.6778,0.3068,0.5778
MOD13Q1_061__250m_16_days_NDVI_doy2005001000000_aid0006,_250m_16_days_NDVI,aid0006,2005-01-01,2364122.0,-0.2,0.9917,"(-0.2,0.9917)",0.7099663,0.1445943,0.0209075,0.8169,0.9917,0.7242,0.3352,0.6242
MOD13Q1_061__250m_16_days_NDVI_doy2005017000000_aid0006,_250m_16_days_NDVI,aid0006,2005-01-17,2363364.0,-0.2,0.9981,"(-0.2,0.9981)",0.7129379,0.1527693,0.0233385,0.8295,0.9981,0.7249,0.3065,0.6203
MOD13Q1_061__250m_16_days_NDVI_doy2005033000000_aid0006,_250m_16_days_NDVI,aid0006,2005-02-02,2361333.0,-0.2,0.9975,"(-0.2,0.9975)",0.7341199,0.1450162,0.0210297,0.8423,0.9975,0.7477,0.3913,0.6619
MOD13Q1_061__250m_16_days_NDVI_doy2005049000000_aid0006,_250m_16_days_NDVI,aid0006,2005-02-18,2360993.0,-0.2,0.9803,"(-0.2,0.9803)",0.70875,0.1387166,0.0192423,0.8036,0.9803,0.7306,0.3939,0.6397
MOD13Q1_061__250m_16_days_NDVI_doy2005065000000_aid0006,_250m_16_days_NDVI,aid0006,2005-03-06,2365604.0,-0.2,0.974,"(-0.2,0.974)",0.6712,0.1506826,0.0227052,0.7724,0.974,0.7014,0.3344,0.5972
MOD13Q1_061__250m_16_days_NDVI_doy2005081000000_aid0006,_250m_16_days_NDVI,aid0006,2005-03-22,2361891.0,-0.2,0.9536,"(-0.2,0.9536)",0.6226165,0.1674069,0.0280251,0.7516,0.9536,0.6644,0.1716,0.5196
MOD13Q1_061__250m_16_days_NDVI_doy2005097000000_aid0006,_250m_16_days_NDVI,aid0006,2005-04-07,2362547.0,-0.2,0.9621,"(-0.2,0.9621)",0.5642254,0.1560514,0.024352,0.6921,0.9621,0.5874,0.0966,0.4539
MOD13Q1_061__250m_16_days_NDVI_doy2005113000000_aid0006,_250m_16_days_NDVI,aid0006,2005-04-23,2359778.0,-0.2,0.8957,"(-0.2,0.8957)",0.5390481,0.1576564,0.0248555,0.6683,0.8957,0.5586,0.0618,0.4257
MOD13Q1_061__250m_16_days_NDVI_doy2005129000000_aid0006,_250m_16_days_NDVI,aid0006,2005-05-09,2362663.0,-0.2,0.913,"(-0.2,0.913)",0.5457719,0.1548471,0.0239776,0.6689,0.913,0.5694,0.1027,0.4424
MOD13Q1_061__250m_16_days_NDVI_doy2005145000000_aid0006,_250m_16_days_NDVI,aid0006,2005-05-25,2357475.0,-0.2,0.9979,"(-0.2,0.9979)",0.5357111,0.1530573,0.0234265,0.6589,0.9979,0.5578,0.0837,0.4288
MOD13Q1_061__250m_16_days_NDVI_doy2005161000000_aid0006,_250m_16_days_NDVI,aid0006,2005-06-10,2380088.0,-0.2,0.9047,"(-0.2,0.9047)",0.5428539,0.1621191,0.0262826,0.6665,0.9047,0.5746,0.115,0.4459
MOD13Q1_061__250m_16_days_NDVI_doy2005177000000_aid0006,_250m_16_days_NDVI,aid0006,2005-06-26,2363748.0,-0.2,0.9962,"(-0.2,0.9962)",0.550932,0.1543102,0.0238117,0.6645,0.9618,0.5842,0.154,0.4603
MOD13Q1_061__250m_16_days_NDVI_doy2005193000000_aid0006,_250m_16_days_NDVI,aid0006,2005-07-12,2353604.0,-0.2,0.9357,"(-0.2,0.9357)",0.5531522,0.1471506,0.0216533,0.6633,0.9357,0.5813,0.1583,0.4613
MOD13Q1_061__250m_16_days_NDVI_doy2005209000000_aid0006,_250m_16_days_NDVI,aid0006,2005-07-28,2361935.0,-0.2,0.9363,"(-0.2,0.9363)",0.5280803,0.1477845,0.0218403,0.6335,0.9327,0.5503,0.1298,0.432
MOD13Q1_061__250m_16_days_NDVI_doy2005225000000_aid0006,_250m_16_days_NDVI,aid0006,2005-08-13,2370623.0,-0.2,0.998,"(-0.2,0.998)",0.5354066,0.1522882,0.0231917,0.6396,0.9377,0.5579,0.1421,0.4406
MOD13Q1_061__250m_16_days_NDVI_doy2005241000000_aid0006,_250m_16_days_NDVI,aid0006,2005-08-29,2371263.0,-0.2,0.9517,"(-0.2,0.9517)",0.5382023,0.1593662,0.0253976,0.6497,0.9517,0.5643,0.1012,0.4303
MOD13Q1_061__250m_16_days_NDVI_doy2005257000000_aid0006,_250m_16_days_NDVI,aid0006,2005-09-14,2368865.0,-0.2,0.9773,"(-0.2,0.9773)",0.5159909,0.1588194,0.0252236,0.6366,0.9773,0.5349,0.0431,0.3992
MOD13Q1_061__250m_16_days_NDVI_doy2005273000000_aid0006,_250m_16_days_NDVI,aid0006,2005-09-30,2364979.0,-0.2,0.9394,"(-0.2,0.9394)",0.5235068,0.1586355,0.0251652,0.6474,0.9394,0.5438,0.0429,0.4056
MOD13Q1_061__250m_16_days_NDVI_doy2005289000000_aid0006,_250m_16_days_NDVI,aid0006,2005-10-16,2358222.0,-0.2,0.9678,"(-0.2,0.9678)",0.5173136,0.157403,0.0247757,0.6443,0.9678,0.5289,0.0278,0.3977
MOD13Q1_061__250m_16_days_NDVI_doy2005305000000_aid0006,_250m_16_days_NDVI,aid0006,2005-11-01,2355660.0,-0.2,0.9814,"(-0.2,0.9814)",0.5333125,0.1548677,0.023984,0.6575,0.9814,0.549,0.0588,0.418
MOD13Q1_061__250m_16_days_NDVI_doy2005321000000_aid0006,_250m_16_days_NDVI,aid0006,2005-11-17,2361120.0,-0.2,0.9437,"(-0.2,0.9437)",0.5723501,0.1578355,0.024912,0.7001,0.9437,0.5933,0.0739,0.4496
MOD13Q1_061__250m_16_days_NDVI_doy2005337000000_aid0006,_250m_16_days_NDVI,aid0006,2005-12-03,2364290.0,-0.2,0.9846,"(-0.2,0.9846)",0.5840119,0.1418766,0.020129,0.6864,0.9654,0.6,0.2162,0.4983
MOD13Q1_061__250m_16_days_NDVI_doy2005353000000_aid0006,_250m_16_days_NDVI,aid0006,2005-12-19,2366176.0,-0.2,0.967,"(-0.2,0.967)",0.6235231,0.1464133,0.0214369,0.7306,0.967,0.6375,0.2371,0.5332
MOD13Q1_061__250m_16_days_NDVI_doy2006001000000_aid0006,_250m_16_days_NDVI,aid0006,2006-01-01,2370598.0,-0.2,0.999,"(-0.2,0.999)",0.6168695,0.1607043,0.0258259,0.7302,0.999,0.6204,0.196,0.5165
MOD13Q1_061__250m_16_days_NDVI_doy2006017000000_aid0006,_250m_16_days_NDVI,aid0006,2006-01-17,2363817.0,-0.2,0.9993,"(-0.2,0.9993)",0.6937334,0.1493462,0.0223043,0.8006,0.9993,0.7039,0.3114,0.6049
MOD13Q1_061__250m_16_days_NDVI_doy2006033000000_aid0006,_250m_16_days_NDVI,aid0006,2006-02-02,2365676.0,-0.2,0.9987,"(-0.2,0.9987)",0.7143782,0.1548371,0.0239745,0.8297,0.9987,0.7312,0.3275,0.6288
MOD13Q1_061__250m_16_days_NDVI_doy2006049000000_aid0006,_250m_16_days_NDVI,aid0006,2006-02-18,2372183.0,-0.2,0.9944,"(-0.2,0.9944)",0.695039,0.1565925,0.0245212,0.803,0.9944,0.7179,0.3415,0.6184
MOD13Q1_061__250m_16_days_NDVI_doy2006065000000_aid0006,_250m_16_days_NDVI,aid0006,2006-03-06,2363932.0,-0.2,0.9968,"(-0.2,0.9968)",0.6906475,0.1416006,0.0200507,0.7813,0.9968,0.7147,0.3986,0.6282
MOD13Q1_061__250m_16_days_NDVI_doy2006081000000_aid0006,_250m_16_days_NDVI,aid0006,2006-03-22,2373371.0,-0.2,0.9369,"(-0.2,0.9369)",0.6196819,0.1619193,0.0262179,0.7323,0.9369,0.6591,0.2283,0.5307
MOD13Q1_061__250m_16_days_NDVI_doy2006097000000_aid0006,_250m_16_days_NDVI,aid0006,2006-04-07,2358946.0,-0.2,0.985,"(-0.2,0.985)",0.6002673,0.1519122,0.0230773,0.713,0.985,0.6307,0.1833,0.5011
MOD13Q1_061__250m_16_days_NDVI_doy2006113000000_aid0006,_250m_16_days_NDVI,aid0006,2006-04-23,2357121.0,-0.2,0.9161,"(-0.2,0.9161)",0.5656546,0.1457656,0.0212476,0.6732,0.9161,0.593,0.159,0.4675
MOD13Q1_061__250m_16_days_NDVI_doy2006129000000_aid0006,_250m_16_days_NDVI,aid0006,2006-05-09,2364644.0,-0.2,0.9175,"(-0.2,0.9175)",0.5288098,0.1502871,0.0225862,0.6426,0.9175,0.5531,0.0934,0.4229
MOD13Q1_061__250m_16_days_NDVI_doy2006145000000_aid0006,_250m_16_days_NDVI,aid0006,2006-05-25,2363348.0,-0.2,0.9236,"(-0.2,0.9236)",0.4766436,0.1395644,0.0194782,0.5804,0.8905,0.4853,0.0627,0.3733
MOD13Q1_061__250m_16_days_NDVI_doy2006161000000_aid0006,_250m_16_days_NDVI,aid0006,2006-06-10,2362027.0,-0.2,0.9163,"(-0.2,0.9163)",0.4890745,0.1435895,0.0206179,0.5974,0.9163,0.4947,0.0659,0.3848
MOD13Q1_061__250m_16_days_NDVI_doy2006177000000_aid0006,_250m_16_days_NDVI,aid0006,2006-06-26,2364474.0,-0.2,0.9354,"(-0.2,0.9354)",0.5200452,0.1493865,0.0223163,0.6318,0.9354,0.5294,0.0943,0.4168
MOD13Q1_061__250m_16_days_NDVI_doy2006193000000_aid0006,_250m_16_days_NDVI,aid0006,2006-07-12,2366808.0,-0.2,0.9272,"(-0.2,0.9272)",0.5460238,0.1528897,0.0233753,0.6569,0.9272,0.5651,0.1289,0.4457
MOD13Q1_061__250m_16_days_NDVI_doy2006209000000_aid0006,_250m_16_days_NDVI,aid0006,2006-07-28,2373352.0,-0.2,0.9488,"(-0.2,0.9488)",0.5374153,0.1595618,0.02546,0.6553,0.9488,0.5586,0.0966,0.4318
MOD13Q1_061__250m_16_days_NDVI_doy2006225000000_aid0006,_250m_16_days_NDVI,aid0006,2006-08-13,2368767.0,-0.2,0.9393,"(-0.2,0.9393)",0.4884974,0.1470396,0.0216206,0.5949,0.914,0.4904,0.0627,0.382
MOD13Q1_061__250m_16_days_NDVI_doy2006241000000_aid0006,_250m_16_days_NDVI,aid0006,2006-08-29,2370131.0,-0.2,0.9301,"(-0.2,0.9301)",0.4773867,0.1506425,0.0226932,0.5851,0.9127,0.4748,0.0384,0.3664
MOD13Q1_061__250m_16_days_NDVI_doy2006257000000_aid0006,_250m_16_days_NDVI,aid0006,2006-09-14,2371402.0,-0.2,0.9303,"(-0.2,0.9303)",0.4581511,0.1445458,0.0208935,0.556,0.8623,0.4506,0.0455,0.3518
MOD13Q1_061__250m_16_days_NDVI_doy2006273000000_aid0006,_250m_16_days_NDVI,aid0006,2006-09-30,2388303.0,-0.2,0.9225,"(-0.2,0.9225)",0.4658608,0.1555518,0.0241964,0.5762,0.9038,0.4714,0.0302,0.3578
MOD13Q1_061__250m_16_days_NDVI_doy2006289000000_aid0006,_250m_16_days_NDVI,aid0006,2006-10-16,2386349.0,-0.2,0.9215,"(-0.2,0.9215)",0.4859181,0.1669252,0.027864,0.6178,0.9215,0.496,-0.0262,0.3602
MOD13Q1_061__250m_16_days_NDVI_doy2006305000000_aid0006,_250m_16_days_NDVI,aid0006,2006-11-01,2366665.0,-0.2,0.9626,"(-0.2,0.9626)",0.4973544,0.1663566,0.0276745,0.6364,0.9626,0.4922,-0.0546,0.36
MOD13Q1_061__250m_16_days_NDVI_doy2006321000000_aid0006,_250m_16_days_NDVI,aid0006,2006-11-17,2371758.0,-0.2,0.9991,"(-0.2,0.9991)",0.5370739,0.1690178,0.028567,0.6747,0.9991,0.5454,0.0035,0.4062
MOD13Q1_061__250m_16_days_NDVI_doy2006337000000_aid0006,_250m_16_days_NDVI,aid0006,2006-12-03,2368473.0,-0.2,0.9864,"(-0.2,0.9864)",0.617089,0.1493778,0.0223137,0.7279,0.9864,0.6362,0.2269,0.5275
MOD13Q1_061__250m_16_days_NDVI_doy2006353000000_aid0006,_250m_16_days_NDVI,aid0006,2006-12-19,2370062.0,-0.2,0.9988,"(-0.2,0.9988)",0.6883919,0.1538185,0.0236601,0.7938,0.9988,0.7148,0.3573,0.6192
MOD13Q1_061__250m_16_days_NDVI_doy2007001000000_aid0006,_250m_16_days_NDVI,aid0006,2007-01-01,2366581.0,-0.2,0.9952,"(-0.2,0.9952)",0.7317873,0.1445206,0.0208862,0.8274,0.9952,0.7584,0.4279,0.6676
MOD13Q1_061__250m_16_days_NDVI_doy2007017000000_aid0006,_250m_16_days_NDVI,aid0006,2007-01-17,2363256.0,-0.2,0.9965,"(-0.2,0.9965)",0.7497911,0.1437992,0.0206782,0.8568,0.9965,0.7697,0.4113,0.6786
MOD13Q1_061__250m_16_days_NDVI_doy2007033000000_aid0006,_250m_16_days_NDVI,aid0006,2007-02-02,2386463.0,-0.2,0.9995,"(-0.2,0.9995)",0.7286578,0.1688322,0.0285043,0.8542,0.9995,0.7475,0.3465,0.6511
MOD13Q1_061__250m_16_days_NDVI_doy2007049000000_aid0006,_250m_16_days_NDVI,aid0006,2007-02-18,2367580.0,-0.2,0.9951,"(-0.2,0.9951)",0.7251167,0.1608516,0.0258732,0.8495,0.9951,0.7448,0.336,0.6441
MOD13Q1_061__250m_16_days_NDVI_doy2007065000000_aid0006,_250m_16_days_NDVI,aid0006,2007-03-06,2344661.0,-0.2,0.9961,"(-0.2,0.9961)",0.6897642,0.1638618,0.0268507,0.8003,0.9961,0.7183,0.3491,0.6198
MOD13Q1_061__250m_16_days_NDVI_doy2007081000000_aid0006,_250m_16_days_NDVI,aid0006,2007-03-22,2365658.0,-0.2,0.9989,"(-0.2,0.9989)",0.5560459,0.2066671,0.0427113,0.7112,0.9989,0.6001,-0.0055,0.4245
MOD13Q1_061__250m_16_days_NDVI_doy2007097000000_aid0006,_250m_16_days_NDVI,aid0006,2007-04-07,2292370.0,-0.2,0.9924,"(-0.2,0.9924)",0.5471356,0.1797854,0.0323228,0.6881,0.9924,0.5723,0.0301,0.4249
MOD13Q1_061__250m_16_days_NDVI_doy2007113000000_aid0006,_250m_16_days_NDVI,aid0006,2007-04-23,2320045.0,-0.2,0.9535,"(-0.2,0.9535)",0.5424124,0.1656651,0.0274449,0.6718,0.9535,0.5621,0.0763,0.4336
MOD13Q1_061__250m_16_days_NDVI_doy2007129000000_aid0006,_250m_16_days_NDVI,aid0006,2007-05-09,2332656.0,-0.2,0.9103,"(-0.2,0.9103)",0.4937209,0.1600253,0.0256081,0.6197,0.9103,0.503,0.0137,0.3773
MOD13Q1_061__250m_16_days_NDVI_doy2007145000000_aid0006,_250m_16_days_NDVI,aid0006,2007-05-25,2336175.0,-0.2,0.8866,"(-0.2,0.8866)",0.4549654,0.1451223,0.0210605,0.56665,0.8866,0.4574,0.0123,0.3449
MOD13Q1_061__250m_16_days_NDVI_doy2007161000000_aid0006,_250m_16_days_NDVI,aid0006,2007-06-10,2349200.0,-0.2,0.9878,"(-0.2,0.9878)",0.4288267,0.1266524,0.0160408,0.5215,0.7933,0.4226,0.0685,0.3403
MOD13Q1_061__250m_16_days_NDVI_doy2007177000000_aid0006,_250m_16_days_NDVI,aid0006,2007-06-26,2385786.0,-0.2,0.9974,"(-0.2,0.9974)",0.4352242,0.1336924,0.0178736,0.5261,0.7808,0.4368,0.1016,0.3563
MOD13Q1_061__250m_16_days_NDVI_doy2007193000000_aid0006,_250m_16_days_NDVI,aid0006,2007-07-12,2352385.0,-0.2,0.9322,"(-0.2,0.9322)",0.4173284,0.1182612,0.0139857,0.5023,0.7552,0.4126,0.0808,0.3337
MOD13Q1_061__250m_16_days_NDVI_doy2007209000000_aid0006,_250m_16_days_NDVI,aid0006,2007-07-28,2354672.0,-0.2,0.9316,"(-0.2,0.9316)",0.4022638,0.1079456,0.0116522,0.4751,0.6924,0.4007,0.1129,0.3302
MOD13Q1_061__250m_16_days_NDVI_doy2007225000000_aid0006,_250m_16_days_NDVI,aid0006,2007-08-13,2362412.0,-0.2,0.9352,"(-0.2,0.9352)",0.4089294,0.1156777,0.0133813,0.4864,0.7201,0.4093,0.0969,0.3306
MOD13Q1_061__250m_16_days_NDVI_doy2007241000000_aid0006,_250m_16_days_NDVI,aid0006,2007-08-29,2393589.0,-0.2,0.9826,"(-0.2,0.9826)",0.4082159,0.1331271,0.0177228,0.4913,0.7371,0.4106,0.0816,0.3274
MOD13Q1_061__250m_16_days_NDVI_doy2007257000000_aid0006,_250m_16_days_NDVI,aid0006,2007-09-14,2363441.0,-0.2,0.9986,"(-0.2,0.9986)",0.5723647,0.1580925,0.0249933,0.6814,0.9867,0.5978,0.1662,0.4753
MOD13Q1_061__250m_16_days_NDVI_doy2007273000000_aid0006,_250m_16_days_NDVI,aid0006,2007-09-30,2392235.0,-0.2,0.9993,"(-0.2,0.9993)",0.5887642,0.1728812,0.0298879,0.7158,0.9993,0.6188,0.1358,0.4838
MOD13Q1_061__250m_16_days_NDVI_doy2007289000000_aid0006,_250m_16_days_NDVI,aid0006,2007-10-16,2373152.0,-0.2,0.9604,"(-0.2,0.9604)",0.6190404,0.1723076,0.0296899,0.7533,0.9604,0.6599,0.1363,0.5065
MOD13Q1_061__250m_16_days_NDVI_doy2007305000000_aid0006,_250m_16_days_NDVI,aid0006,2007-11-01,2371987.0,-0.2,0.9957,"(-0.2,0.9957)",0.5855152,0.162883,0.0265309,0.7131,0.9957,0.609,0.121,0.4762
MOD13Q1_061__250m_16_days_NDVI_doy2007321000000_aid0006,_250m_16_days_NDVI,aid0006,2007-11-17,2369237.0,-0.2,0.9953,"(-0.2,0.9953)",0.5228699,0.1658087,0.0274925,0.6572,0.9953,0.5157,-0.0068,0.3916
MOD13Q1_061__250m_16_days_NDVI_doy2007337000000_aid0006,_250m_16_days_NDVI,aid0006,2007-12-03,2367787.0,-0.2,0.964,"(-0.2,0.964)",0.5444776,0.1618653,0.0262004,0.6706,0.964,0.5527,0.0664,0.4289
MOD13Q1_061__250m_16_days_NDVI_doy2007353000000_aid0006,_250m_16_days_NDVI,aid0006,2007-12-19,2368874.0,-0.2,0.9812,"(-0.2,0.9812)",0.605134,0.15889,0.025246,0.7277,0.9812,0.6253,0.1725,0.5056
MOD13Q1_061__250m_16_days_NDVI_doy2000049000000_aid0007,_250m_16_days_NDVI,aid0007,2000-02-18,2758271.0,-0.2,0.9954,"(-0.2,0.9954)",0.6644057,0.1499883,0.0224965,0.7679,0.9954,0.6771,0.3067,0.5834
MOD13Q1_061__250m_16_days_NDVI_doy2000065000000_aid0007,_250m_16_days_NDVI,aid0007,2000-03-05,2752607.0,-0.2,0.9819,"(-0.2,0.9819)",0.6695147,0.1460263,0.0213237,0.7713,0.9819,0.6865,0.3153,0.5889
MOD13Q1_061__250m_16_days_NDVI_doy2000081000000_aid0007,_250m_16_days_NDVI,aid0007,2000-03-21,2756594.0,-0.2,0.9899,"(-0.2,0.9899)",0.6076064,0.1469281,0.0215879,0.714,0.9899,0.6206,0.2285,0.5198
MOD13Q1_061__250m_16_days_NDVI_doy2000097000000_aid0007,_250m_16_days_NDVI,aid0007,2000-04-06,2753019.0,-0.2,0.9906,"(-0.2,0.9906)",0.5613998,0.1489915,0.0221985,0.6742,0.9906,0.5824,0.141,0.4609
MOD13Q1_061__250m_16_days_NDVI_doy2000113000000_aid0007,_250m_16_days_NDVI,aid0007,2000-04-22,2746638.0,-0.2,0.9458,"(-0.2,0.9458)",0.5746876,0.1496133,0.0223841,0.6921,0.9458,0.5943,0.1466,0.4739
MOD13Q1_061__250m_16_days_NDVI_doy2000129000000_aid0007,_250m_16_days_NDVI,aid0007,2000-05-08,2749802.0,-0.2,0.9943,"(-0.2,0.9943)",0.5426166,0.1561953,0.024397,0.6602,0.9803,0.5603,0.1155,0.4423
MOD13Q1_061__250m_16_days_NDVI_doy2000145000000_aid0007,_250m_16_days_NDVI,aid0007,2000-05-24,2732538.0,-0.2,0.9167,"(-0.2,0.9167)",0.5384071,0.1585165,0.0251275,0.6565,0.9167,0.5564,0.1088,0.4374
MOD13Q1_061__250m_16_days_NDVI_doy2000161000000_aid0007,_250m_16_days_NDVI,aid0007,2000-06-09,2743555.0,-0.2,0.9974,"(-0.2,0.9974)",0.5613034,0.1566886,0.0245513,0.6781,0.9974,0.5852,0.1456,0.4651
MOD13Q1_061__250m_16_days_NDVI_doy2000177000000_aid0007,_250m_16_days_NDVI,aid0007,2000-06-25,2746571.0,-0.2,0.9634,"(-0.2,0.9634)",0.51686,0.1577604,0.0248884,0.6376,0.9634,0.5344,0.0651,0.4086
MOD13Q1_061__250m_16_days_NDVI_doy2000193000000_aid0007,_250m_16_days_NDVI,aid0007,2000-07-11,2738022.0,-0.2,0.946,"(-0.2,0.946)",0.4821134,0.1474264,0.0217346,0.5953,0.9176,0.4912,0.0471,0.376
MOD13Q1_061__250m_16_days_NDVI_doy2000209000000_aid0007,_250m_16_days_NDVI,aid0007,2000-07-27,2742416.0,-0.2,0.9464,"(-0.2,0.9464)",0.4438831,0.1372134,0.0188275,0.5472,0.85,0.4456,0.042,0.3451
MOD13Q1_061__250m_16_days_NDVI_doy2000225000000_aid0007,_250m_16_days_NDVI,aid0007,2000-08-12,2754624.0,-0.2,0.9582,"(-0.2,0.9582)",0.4954513,0.155506,0.0241821,0.6153,0.93,0.5071,0.0466,0.3878
MOD13Q1_061__250m_16_days_NDVI_doy2000241000000_aid0007,_250m_16_days_NDVI,aid0007,2000-08-28,2746278.0,-0.2,0.9193,"(-0.2,0.9193)",0.4852,0.1463276,0.0214118,0.5962,0.9193,0.4953,0.0515,0.3783
MOD13Q1_061__250m_16_days_NDVI_doy2000257000000_aid0007,_250m_16_days_NDVI,aid0007,2000-09-13,2745863.0,-0.2,0.9953,"(-0.2,0.9953)",0.5280831,0.1672018,0.0279564,0.6582,0.9953,0.5512,0.018,0.4021
MOD13Q1_061__250m_16_days_NDVI_doy2000273000000_aid0007,_250m_16_days_NDVI,aid0007,2000-09-29,2744939.0,-0.2,0.9802,"(-0.2,0.9802)",0.5605094,0.1696196,0.0287708,0.6928,0.9802,0.5903,0.0541,0.4373
MOD13Q1_061__250m_16_days_NDVI_doy2000289000000_aid0007,_250m_16_days_NDVI,aid0007,2000-10-15,2743942.0,-0.2,0.9875,"(-0.2,0.9875)",0.6013372,0.1755858,0.0308304,0.7397,0.9875,0.6437,0.0842,0.4775
MOD13Q1_061__250m_16_days_NDVI_doy2000305000000_aid0007,_250m_16_days_NDVI,aid0007,2000-10-31,2743773.0,-0.2,0.9904,"(-0.2,0.9904)",0.6124875,0.1770678,0.031353,0.7512,0.9904,0.6572,0.1167,0.4974
MOD13Q1_061__250m_16_days_NDVI_doy2000321000000_aid0007,_250m_16_days_NDVI,aid0007,2000-11-16,2746951.0,-0.2,0.9489,"(-0.2,0.9489)",0.589474,0.1658075,0.0274921,0.7174,0.9489,0.6248,0.1309,0.4828
MOD13Q1_061__250m_16_days_NDVI_doy2000337000000_aid0007,_250m_16_days_NDVI,aid0007,2000-12-02,2745354.0,-0.2,0.9979,"(-0.2,0.9979)",0.5863454,0.1613232,0.0260252,0.7102,0.9979,0.6082,0.1257,0.4764
MOD13Q1_061__250m_16_days_NDVI_doy2000353000000_aid0007,_250m_16_days_NDVI,aid0007,2000-12-18,2751029.0,-0.2,0.9937,"(-0.2,0.9937)",0.5791756,0.1513359,0.0229026,0.6881,0.9834,0.589,0.1866,0.4875
MOD13Q1_061__250m_16_days_NDVI_doy2001001000000_aid0007,_250m_16_days_NDVI,aid0007,2001-01-01,2751871.0,-0.2,0.9926,"(-0.2,0.9926)",0.6279535,0.1453588,0.0211292,0.7326,0.9926,0.6451,0.2741,0.5492
MOD13Q1_061__250m_16_days_NDVI_doy2001017000000_aid0007,_250m_16_days_NDVI,aid0007,2001-01-17,2759719.0,-0.2,0.9774,"(-0.2,0.9774)",0.6818634,0.1511307,0.0228405,0.7799,0.9774,0.7067,0.3819,0.6207
MOD13Q1_061__250m_16_days_NDVI_doy2001033000000_aid0007,_250m_16_days_NDVI,aid0007,2001-02-02,2744992.0,-0.2,0.9862,"(-0.2,0.9862)",0.7430076,0.1360981,0.0185227,0.8286,0.9862,0.7585,0.4776,0.6882
MOD13Q1_061__250m_16_days_NDVI_doy2001049000000_aid0007,_250m_16_days_NDVI,aid0007,2001-02-18,2745336.0,-0.2,0.9956,"(-0.2,0.9956)",0.7288679,0.1396424,0.0195,0.82,0.9956,0.7447,0.4373,0.6669
MOD13Q1_061__250m_16_days_NDVI_doy2001065000000_aid0007,_250m_16_days_NDVI,aid0007,2001-03-06,2743308.0,-0.2,0.9988,"(-0.2,0.9988)",0.7361535,0.1442111,0.0207968,0.8279,0.9988,0.7625,0.4689,0.6843
MOD13Q1_061__250m_16_days_NDVI_doy2001081000000_aid0007,_250m_16_days_NDVI,aid0007,2001-03-22,2742373.0,-0.2,0.9921,"(-0.2,0.9921)",0.6613521,0.1503588,0.0226078,0.7604,0.9921,0.694,0.3477,0.5953
MOD13Q1_061__250m_16_days_NDVI_doy2001097000000_aid0007,_250m_16_days_NDVI,aid0007,2001-04-07,2741520.0,-0.2,0.9543,"(-0.2,0.9543)",0.5911934,0.1568675,0.0246074,0.7115,0.9543,0.6243,0.1393,0.4826
MOD13Q1_061__250m_16_days_NDVI_doy2001113000000_aid0007,_250m_16_days_NDVI,aid0007,2001-04-23,2742985.0,-0.2,0.9949,"(-0.2,0.9949)",0.5331173,0.165374,0.0273486,0.6666,0.9949,0.5555,0.0094,0.4037
MOD13Q1_061__250m_16_days_NDVI_doy2001129000000_aid0007,_250m_16_days_NDVI,aid0007,2001-05-09,2739553.0,-0.2,0.9994,"(-0.2,0.9994)",0.4823783,0.1568718,0.0246088,0.6027,0.9699,0.4896,-0.0118,0.3569
MOD13Q1_061__250m_16_days_NDVI_doy2001145000000_aid0007,_250m_16_days_NDVI,aid0007,2001-05-25,2739963.0,-0.2,0.9961,"(-0.2,0.9961)",0.5169347,0.1538149,0.023659,0.6273,0.9468,0.5358,0.0943,0.4141
MOD13Q1_061__250m_16_days_NDVI_doy2001161000000_aid0007,_250m_16_days_NDVI,aid0007,2001-06-10,2747643.0,-0.2,0.9979,"(-0.2,0.9979)",0.1510262,0.1653638,0.0273452,0.2083,0.466,0.0904,-0.2,0.0365
MOD13Q1_061__250m_16_days_NDVI_doy2001177000000_aid0007,_250m_16_days_NDVI,aid0007,2001-06-26,2755171.0,-0.2,0.901,"(-0.2,0.901)",0.4936289,0.1424005,0.0202779,0.5943,0.8774,0.5092,0.1213,0.4051
MOD13Q1_061__250m_16_days_NDVI_doy2001193000000_aid0007,_250m_16_days_NDVI,aid0007,2001-07-12,2749498.0,-0.2,0.9926,"(-0.2,0.9926)",0.5010712,0.1320818,0.0174456,0.5925,0.85,0.5155,0.1633,0.4208
MOD13Q1_061__250m_16_days_NDVI_doy2001209000000_aid0007,_250m_16_days_NDVI,aid0007,2001-07-28,2748423.0,-0.2,0.9342,"(-0.2,0.9342)",0.5226717,0.1418275,0.0201151,0.6187,0.8872,0.5401,0.1712,0.4397
MOD13Q1_061__250m_16_days_NDVI_doy2001225000000_aid0007,_250m_16_days_NDVI,aid0007,2001-08-13,2749727.0,-0.2,0.9856,"(-0.2,0.9856)",0.5735167,0.1522567,0.0231821,0.6731,0.9355,0.5975,0.2356,0.4981
MOD13Q1_061__250m_16_days_NDVI_doy2001241000000_aid0007,_250m_16_days_NDVI,aid0007,2001-08-29,2751068.0,-0.2,0.9483,"(-0.2,0.9483)",0.5930077,0.1603318,0.0257063,0.6996,0.9483,0.6202,0.2304,0.5119
MOD13Q1_061__250m_16_days_NDVI_doy2001257000000_aid0007,_250m_16_days_NDVI,aid0007,2001-09-14,2752654.0,-0.2,0.9995,"(-0.2,0.9995)",0.5629313,0.1587061,0.0251876,0.6729,0.9766,0.5882,0.1664,0.4703
MOD13Q1_061__250m_16_days_NDVI_doy2001273000000_aid0007,_250m_16_days_NDVI,aid0007,2001-09-30,2751820.0,-0.2,0.9976,"(-0.2,0.9976)",0.5975589,0.1803121,0.0325125,0.7303,0.9976,0.6417,0.1273,0.4891
MOD13Q1_061__250m_16_days_NDVI_doy2001289000000_aid0007,_250m_16_days_NDVI,aid0007,2001-10-16,2745331.0,-0.2,0.9675,"(-0.2,0.9675)",0.616134,0.1701306,0.0289444,0.7415,0.9675,0.6591,0.1885,0.5203
MOD13Q1_061__250m_16_days_NDVI_doy2001305000000_aid0007,_250m_16_days_NDVI,aid0007,2001-11-01,2747359.0,-0.2,0.9982,"(-0.2,0.9982)",0.5985886,0.1656158,0.0274286,0.7204,0.9982,0.6359,0.1894,0.508
MOD13Q1_061__250m_16_days_NDVI_doy2001321000000_aid0007,_250m_16_days_NDVI,aid0007,2001-11-17,2750113.0,-0.2,0.9909,"(-0.2,0.9909)",0.571627,0.1749702,0.0306146,0.7072,0.9909,0.6065,0.0767,0.455
MOD13Q1_061__250m_16_days_NDVI_doy2001337000000_aid0007,_250m_16_days_NDVI,aid0007,2001-12-03,2747495.0,-0.2,0.9967,"(-0.2,0.9967)",0.561512,0.1628503,0.0265202,0.6872,0.9967,0.5874,0.092,0.4491
MOD13Q1_061__250m_16_days_NDVI_doy2001353000000_aid0007,_250m_16_days_NDVI,aid0007,2001-12-19,2751125.0,-0.2,0.9984,"(-0.2,0.9984)",0.5962872,0.1499749,0.0224925,0.6982,0.9692,0.6185,0.2452,0.517
MOD13Q1_061__250m_16_days_NDVI_doy2002001000000_aid0007,_250m_16_days_NDVI,aid0007,2002-01-01,2750261.0,-0.2,0.9994,"(-0.2,0.9994)",0.6683499,0.1455897,0.0211964,0.7611,0.9905,0.6873,0.3699,0.6046
MOD13Q1_061__250m_16_days_NDVI_doy2002017000000_aid0007,_250m_16_days_NDVI,aid0007,2002-01-17,2750774.0,-0.2,0.9984,"(-0.2,0.9984)",0.6978405,0.1468519,0.0215655,0.7927,0.9984,0.7144,0.3785,0.627
MOD13Q1_061__250m_16_days_NDVI_doy2002033000000_aid0007,_250m_16_days_NDVI,aid0007,2002-02-02,2750978.0,-0.2,0.9996,"(-0.2,0.9996)",0.7196818,0.1468323,0.0215597,0.8235,0.9996,0.7318,0.3875,0.6491
MOD13Q1_061__250m_16_days_NDVI_doy2002049000000_aid0007,_250m_16_days_NDVI,aid0007,2002-02-18,2750199.0,-0.2,0.9993,"(-0.2,0.9993)",0.7040284,0.1500725,0.0225218,0.8165,0.9993,0.7153,0.338,0.6251
MOD13Q1_061__250m_16_days_NDVI_doy2002065000000_aid0007,_250m_16_days_NDVI,aid0007,2002-03-06,2750491.0,-0.2,0.9994,"(-0.2,0.9994)",0.6958219,0.1476905,0.0218125,0.7943,0.9994,0.7161,0.3851,0.6306
MOD13Q1_061__250m_16_days_NDVI_doy2002081000000_aid0007,_250m_16_days_NDVI,aid0007,2002-03-22,2752052.0,-0.2,0.9972,"(-0.2,0.9972)",0.6283133,0.1671231,0.0279301,0.7424,0.9972,0.6658,0.2639,0.551
MOD13Q1_061__250m_16_days_NDVI_doy2002097000000_aid0007,_250m_16_days_NDVI,aid0007,2002-04-07,2750505.0,-0.2,0.9936,"(-0.2,0.9936)",0.5785998,0.1636536,0.0267825,0.7008,0.9936,0.6115,0.1423,0.4774
MOD13Q1_061__250m_16_days_NDVI_doy2002113000000_aid0007,_250m_16_days_NDVI,aid0007,2002-04-23,2733035.0,-0.2,0.9725,"(-0.2,0.9725)",0.5400731,0.159709,0.025507,0.6654,0.9725,0.5617,0.0617,0.4239
MOD13Q1_061__250m_16_days_NDVI_doy2002129000000_aid0007,_250m_16_days_NDVI,aid0007,2002-05-09,2740220.0,-0.2,0.9218,"(-0.2,0.9218)",0.5369655,0.1602037,0.0256652,0.6607,0.9218,0.5625,0.0657,0.4227
MOD13Q1_061__250m_16_days_NDVI_doy2002145000000_aid0007,_250m_16_days_NDVI,aid0007,2002-05-25,2736739.0,-0.2,0.9267,"(-0.2,0.9267)",0.5644823,0.1532963,0.0234998,0.6769,0.9267,0.5908,0.1571,0.46895
MOD13Q1_061__250m_16_days_NDVI_doy2002161000000_aid0007,_250m_16_days_NDVI,aid0007,2002-06-10,2736027.0,-0.2,0.9245,"(-0.2,0.9245)",0.5051041,0.1488827,0.0221661,0.6156,0.9245,0.5157,0.0864,0.4039
MOD13Q1_061__250m_16_days_NDVI_doy2002177000000_aid0007,_250m_16_days_NDVI,aid0007,2002-06-26,2739416.0,-0.2,0.9976,"(-0.2,0.9976)",0.4516542,0.1313821,0.0172612,0.5376,0.7923,0.4555,0.1131,0.3678
MOD13Q1_061__250m_16_days_NDVI_doy2002193000000_aid0007,_250m_16_days_NDVI,aid0007,2002-07-12,2737698.0,-0.2,0.9078,"(-0.2,0.9078)",0.4754306,0.130458,0.0170193,0.5592,0.8044,0.4828,0.1505,0.3957
MOD13Q1_061__250m_16_days_NDVI_doy2002209000000_aid0007,_250m_16_days_NDVI,aid0007,2002-07-28,2734816.0,-0.2,0.8978,"(-0.2,0.8978)",0.4734384,0.1272073,0.0161817,0.5551,0.7945,0.4796,0.1561,0.3955
MOD13Q1_061__250m_16_days_NDVI_doy2002225000000_aid0007,_250m_16_days_NDVI,aid0007,2002-08-13,2741439.0,-0.2,0.9591,"(-0.2,0.9591)",0.5024166,0.1324979,0.0175557,0.5916,0.8458,0.5139,0.1679,0.4221
MOD13Q1_061__250m_16_days_NDVI_doy2002241000000_aid0007,_250m_16_days_NDVI,aid0007,2002-08-29,2745411.0,-0.2,0.9917,"(-0.2,0.9917)",0.5453901,0.157634,0.0248485,0.6571,0.9706,0.5687,0.1336,0.4477
MOD13Q1_061__250m_16_days_NDVI_doy2002257000000_aid0007,_250m_16_days_NDVI,aid0007,2002-09-14,2751450.0,-0.2,0.9913,"(-0.2,0.9913)",0.5669198,0.1661491,0.0276055,0.6895,0.9913,0.5968,0.1115,0.4583
MOD13Q1_061__250m_16_days_NDVI_doy2002273000000_aid0007,_250m_16_days_NDVI,aid0007,2002-09-30,2748262.0,-0.2,0.9841,"(-0.2,0.9841)",0.5799714,0.1806077,0.0326191,0.7248,0.9841,0.6173,0.0228,0.444
MOD13Q1_061__250m_16_days_NDVI_doy2002289000000_aid0007,_250m_16_days_NDVI,aid0007,2002-10-16,2750134.0,-0.2,0.9961,"(-0.2,0.9961)",0.6044935,0.1743497,0.0303978,0.7421,0.9961,0.6457,0.0959,0.4836
MOD13Q1_061__250m_16_days_NDVI_doy2002305000000_aid0007,_250m_16_days_NDVI,aid0007,2002-11-01,2747513.0,-0.2,0.9964,"(-0.2,0.9964)",0.5721811,0.1701602,0.0289545,0.708,0.9964,0.6051,0.0688,0.4523
MOD13Q1_061__250m_16_days_NDVI_doy2002321000000_aid0007,_250m_16_days_NDVI,aid0007,2002-11-17,2752685.0,-0.2,0.9834,"(-0.2,0.9834)",0.563716,0.1739302,0.0302517,0.7032,0.9834,0.5977,0.0385,0.4373
MOD13Q1_061__250m_16_days_NDVI_doy2002337000000_aid0007,_250m_16_days_NDVI,aid0007,2002-12-03,2751677.0,-0.2,0.9665,"(-0.2,0.9665)",0.5956942,0.1608498,0.0258727,0.7109,0.9665,0.6214,0.2007,0.5068
MOD13Q1_061__250m_16_days_NDVI_doy2002353000000_aid0007,_250m_16_days_NDVI,aid0007,2002-12-19,2744910.0,-0.2,0.9965,"(-0.2,0.9965)",0.653587,0.1540848,0.0237421,0.7546,0.9965,0.6798,0.3391,0.5884
MOD13Q1_061__250m_16_days_NDVI_doy2003001000000_aid0007,_250m_16_days_NDVI,aid0007,2003-01-01,2745357.0,-0.2,0.9965,"(-0.2,0.9965)",0.7111993,0.1531461,0.0234537,0.807,0.9965,0.7333,0.425,0.6542
MOD13Q1_061__250m_16_days_NDVI_doy2003017000000_aid0007,_250m_16_days_NDVI,aid0007,2003-01-17,2748535.0,-0.2,0.9838,"(-0.2,0.9838)",0.7321845,0.1538281,0.0236631,0.8302,0.9838,0.7469,0.438,0.6733
MOD13Q1_061__250m_16_days_NDVI_doy2003033000000_aid0007,_250m_16_days_NDVI,aid0007,2003-02-02,2748099.0,-0.2,0.9955,"(-0.2,0.9955)",0.7515085,0.1499685,0.0224905,0.8568,0.9955,0.7667,0.4571,0.6969
MOD13Q1_061__250m_16_days_NDVI_doy2003049000000_aid0007,_250m_16_days_NDVI,aid0007,2003-02-18,2744381.0,-0.2,0.9991,"(-0.2,0.9991)",0.7387358,0.150434,0.0226304,0.8427,0.9991,0.7605,0.4502,0.6857
MOD13Q1_061__250m_16_days_NDVI_doy2003065000000_aid0007,_250m_16_days_NDVI,aid0007,2003-03-06,2742679.0,-0.2,0.9986,"(-0.2,0.9986)",0.7147565,0.1554396,0.0241615,0.8124,0.9986,0.7478,0.4362,0.6619
MOD13Q1_061__250m_16_days_NDVI_doy2003081000000_aid0007,_250m_16_days_NDVI,aid0007,2003-03-22,2741895.0,-0.2,0.9908,"(-0.2,0.9908)",0.635664,0.1634698,0.0267224,0.7476,0.9908,0.6792,0.2611,0.553
MOD13Q1_061__250m_16_days_NDVI_doy2003097000000_aid0007,_250m_16_days_NDVI,aid0007,2003-04-07,2741014.0,-0.2,0.9144,"(-0.2,0.9144)",0.5514301,0.1596166,0.0254775,0.678,0.9144,0.5802,0.0718,0.4355
MOD13Q1_061__250m_16_days_NDVI_doy2003113000000_aid0007,_250m_16_days_NDVI,aid0007,2003-04-23,2746210.0,-0.2,0.9522,"(-0.2,0.9522)",0.5162785,0.1599743,0.0255918,0.6386,0.9522,0.5359,0.0621,0.408
MOD13Q1_061__250m_16_days_NDVI_doy2003129000000_aid0007,_250m_16_days_NDVI,aid0007,2003-05-09,2749186.0,-0.2,0.9979,"(-0.2,0.9979)",0.5207548,0.1558731,0.0242964,0.6304,0.9268,0.5406,0.1314,0.4308
MOD13Q1_061__250m_16_days_NDVI_doy2003145000000_aid0007,_250m_16_days_NDVI,aid0007,2003-05-25,2736532.0,-0.2,0.9236,"(-0.2,0.9236)",0.5229695,0.1462201,0.0213803,0.6244,0.9025,0.5369,0.1537,0.4361
MOD13Q1_061__250m_16_days_NDVI_doy2003161000000_aid0007,_250m_16_days_NDVI,aid0007,2003-06-10,2741728.0,-0.2,0.9843,"(-0.2,0.9843)",0.4917107,0.1370015,0.0187694,0.5789,0.8298,0.4972,0.1607,0.4116
MOD13Q1_061__250m_16_days_NDVI_doy2003177000000_aid0007,_250m_16_days_NDVI,aid0007,2003-06-26,2748610.0,-0.2,0.9921,"(-0.2,0.9921)",0.5162542,0.14788,0.0218685,0.6176,0.897,0.5286,0.1516,0.4312
MOD13Q1_061__250m_16_days_NDVI_doy2003193000000_aid0007,_250m_16_days_NDVI,aid0007,2003-07-12,2744704.0,-0.2,0.9375,"(-0.2,0.9375)",0.4899656,0.1328564,0.0176508,0.5798,0.8306,0.4997,0.1618,0.4126
MOD13Q1_061__250m_16_days_NDVI_doy2003209000000_aid0007,_250m_16_days_NDVI,aid0007,2003-07-28,2746843.0,-0.2,0.9214,"(-0.2,0.9214)",0.4813897,0.1345563,0.0181054,0.5726,0.8256,0.4947,0.1509,0.4039
MOD13Q1_061__250m_16_days_NDVI_doy2003225000000_aid0007,_250m_16_days_NDVI,aid0007,2003-08-13,2748913.0,-0.2,0.9491,"(-0.2,0.9491)",0.4947829,0.1393653,0.0194227,0.586,0.845,0.5087,0.1543,0.4133
MOD13Q1_061__250m_16_days_NDVI_doy2003241000000_aid0007,_250m_16_days_NDVI,aid0007,2003-08-29,2749184.0,-0.2,0.9344,"(-0.2,0.9344)",0.4983142,0.1453792,0.0211351,0.5965,0.886,0.5112,0.114,0.4035
MOD13Q1_061__250m_16_days_NDVI_doy2003257000000_aid0007,_250m_16_days_NDVI,aid0007,2003-09-14,2751011.0,-0.2,0.9918,"(-0.2,0.9918)",0.4963205,0.1529502,0.0233938,0.6075,0.9439,0.5048,0.0435,0.3819
MOD13Q1_061__250m_16_days_NDVI_doy2003273000000_aid0007,_250m_16_days_NDVI,aid0007,2003-09-30,2752639.0,-0.2,0.9908,"(-0.2,0.9908)",0.5180629,0.1699728,0.0288907,0.6516,0.9908,0.5369,-0.0266,0.3803
MOD13Q1_061__250m_16_days_NDVI_doy2003289000000_aid0007,_250m_16_days_NDVI,aid0007,2003-10-16,2751127.0,-0.2,0.9959,"(-0.2,0.9959)",0.5337592,0.1697232,0.028806,0.6722,0.9959,0.5545,-0.0233,0.394
MOD13Q1_061__250m_16_days_NDVI_doy2003305000000_aid0007,_250m_16_days_NDVI,aid0007,2003-11-01,2750397.0,-0.2,0.9908,"(-0.2,0.9908)",0.53561,0.1677542,0.0281415,0.6721,0.9908,0.5573,-0.0069,0.4005
MOD13Q1_061__250m_16_days_NDVI_doy2003321000000_aid0007,_250m_16_days_NDVI,aid0007,2003-11-17,2751406.0,-0.2,0.9697,"(-0.2,0.9697)",0.5346055,0.170316,0.0290075,0.6752,0.9697,0.5591,-0.0245,0.3953
MOD13Q1_061__250m_16_days_NDVI_doy2003337000000_aid0007,_250m_16_days_NDVI,aid0007,2003-12-03,2753722.0,-0.2,0.9941,"(-0.2,0.9941)",0.5785717,0.158912,0.025253,0.6995,0.9941,0.6057,0.1373,0.4746
MOD13Q1_061__250m_16_days_NDVI_doy2003353000000_aid0007,_250m_16_days_NDVI,aid0007,2003-12-19,2751603.0,-0.2,0.9662,"(-0.2,0.9662)",0.6417646,0.1473717,0.0217184,0.7444,0.9662,0.6676,0.3002,0.5667
MOD13Q1_061__250m_16_days_NDVI_doy2004001000000_aid0007,_250m_16_days_NDVI,aid0007,2004-01-01,2742816.0,-0.2,0.9896,"(-0.2,0.9896)",0.6882274,0.1397146,0.0195202,0.7858,0.9896,0.7035,0.3643,0.6172
MOD13Q1_061__250m_16_days_NDVI_doy2004017000000_aid0007,_250m_16_days_NDVI,aid0007,2004-01-17,2744901.0,-0.2,0.9967,"(-0.2,0.9967)",0.70326,0.1463601,0.0214213,0.8076,0.9967,0.7168,0.3414,0.6211
MOD13Q1_061__250m_16_days_NDVI_doy2004033000000_aid0007,_250m_16_days_NDVI,aid0007,2004-02-02,2745489.0,-0.2,0.9993,"(-0.2,0.9993)",0.7439356,0.1460712,0.0213368,0.8582,0.9993,0.7573,0.3792,0.6666
MOD13Q1_061__250m_16_days_NDVI_doy2004049000000_aid0007,_250m_16_days_NDVI,aid0007,2004-02-18,2755158.0,-0.2,0.9947,"(-0.2,0.9947)",0.718902,0.1597366,0.0255158,0.8436,0.9947,0.7343,0.3174,0.6331
MOD13Q1_061__250m_16_days_NDVI_doy2004065000000_aid0007,_250m_16_days_NDVI,aid0007,2004-03-05,2757054.0,-0.2,0.9511,"(-0.2,0.9511)",0.6829088,0.1532653,0.0234903,0.7872,0.9511,0.6978,0.3375,0.6073
MOD13Q1_061__250m_16_days_NDVI_doy2004081000000_aid0007,_250m_16_days_NDVI,aid0007,2004-03-21,2751385.0,-0.2,0.9188,"(-0.2,0.9188)",0.5550418,0.1375305,0.0189146,0.6493,0.9188,0.5659,0.1953,0.4677
MOD13Q1_061__250m_16_days_NDVI_doy2004097000000_aid0007,_250m_16_days_NDVI,aid0007,2004-04-06,2751535.0,-0.2,0.9657,"(-0.2,0.9657)",0.5332142,0.1538094,0.0236573,0.6562,0.9657,0.551,0.0375,0.4087
MOD13Q1_061__250m_16_days_NDVI_doy2004113000000_aid0007,_250m_16_days_NDVI,aid0007,2004-04-22,2751817.0,-0.2,0.9712,"(-0.2,0.9712)",0.5298594,0.148901,0.0221715,0.648,0.9712,0.544,0.0738,0.4183
MOD13Q1_061__250m_16_days_NDVI_doy2004129000000_aid0007,_250m_16_days_NDVI,aid0007,2004-05-08,2746241.0,-0.2,0.984,"(-0.2,0.984)",0.504114,0.1458934,0.0212849,0.6203,0.9201,0.5138,0.0603,0.3963
MOD13Q1_061__250m_16_days_NDVI_doy2004145000000_aid0007,_250m_16_days_NDVI,aid0007,2004-05-24,2745055.0,-0.2,0.9233,"(-0.2,0.9233)",0.4705586,0.1432587,0.020523,0.5831,0.9111,0.4706,0.0364,0.3644
MOD13Q1_061__250m_16_days_NDVI_doy2004161000000_aid0007,_250m_16_days_NDVI,aid0007,2004-06-09,2745146.0,-0.2,0.925,"(-0.2,0.925)",0.4632174,0.1374063,0.0188805,0.5684,0.8774,0.4664,0.0534,0.3624
MOD13Q1_061__250m_16_days_NDVI_doy2004177000000_aid0007,_250m_16_days_NDVI,aid0007,2004-06-25,2755615.0,-0.2,0.9362,"(-0.2,0.9362)",0.4896757,0.1450609,0.0210427,0.5926,0.8955,0.4991,0.0871,0.3904
MOD13Q1_061__250m_16_days_NDVI_doy2004193000000_aid0007,_250m_16_days_NDVI,aid0007,2004-07-11,2743499.0,-0.2,0.9074,"(-0.2,0.9074)",0.4636895,0.1321326,0.017459,0.5553,0.8298,0.4682,0.0978,0.3723
MOD13Q1_061__250m_16_days_NDVI_doy2004209000000_aid0007,_250m_16_days_NDVI,aid0007,2004-07-27,2741066.0,-0.2,0.9887,"(-0.2,0.9887)",0.5125524,0.1458653,0.0212767,0.6143,0.9113,0.5195,0.1193,0.4163
MOD13Q1_061__250m_16_days_NDVI_doy2004225000000_aid0007,_250m_16_days_NDVI,aid0007,2004-08-12,2745235.0,-0.2,0.9398,"(-0.2,0.9398)",0.5178381,0.1650285,0.0272344,0.6345,0.9398,0.5243,0.068,0.4079
MOD13Q1_061__250m_16_days_NDVI_doy2004241000000_aid0007,_250m_16_days_NDVI,aid0007,2004-08-28,2747382.0,-0.2,0.9789,"(-0.2,0.9789)",0.5359177,0.1660568,0.0275749,0.659,0.9789,0.5426,0.0538,0.4169
MOD13Q1_061__250m_16_days_NDVI_doy2004257000000_aid0007,_250m_16_days_NDVI,aid0007,2004-09-13,2749695.0,-0.2,0.9623,"(-0.2,0.9623)",0.521455,0.1703149,0.0290072,0.6465,0.9623,0.525,0.0123,0.3928
MOD13Q1_061__250m_16_days_NDVI_doy2004273000000_aid0007,_250m_16_days_NDVI,aid0007,2004-09-29,2751130.0,-0.2,0.9961,"(-0.2,0.9961)",0.5286331,0.1670045,0.0278905,0.6485,0.9961,0.5371,0.0303,0.4012
MOD13Q1_061__250m_16_days_NDVI_doy2004289000000_aid0007,_250m_16_days_NDVI,aid0007,2004-10-15,2754885.0,-0.1998,0.9945,"(-0.1998,0.9945)",0.5253125,0.1715702,0.0294363,0.6547,0.9945,0.5386,-0.02,0.3848
MOD13Q1_061__250m_16_days_NDVI_doy2004305000000_aid0007,_250m_16_days_NDVI,aid0007,2004-10-31,2752836.0,-0.2,0.9549,"(-0.2,0.9549)",0.5173747,0.1615784,0.0261076,0.6432,0.9549,0.5377,0.0022,0.3868
MOD13Q1_061__250m_16_days_NDVI_doy2004321000000_aid0007,_250m_16_days_NDVI,aid0007,2004-11-16,2746810.0,-0.2,0.9788,"(-0.2,0.9788)",0.5631379,0.1538923,0.0236828,0.6819,0.9788,0.5822,0.1024,0.4501
MOD13Q1_061__250m_16_days_NDVI_doy2004337000000_aid0007,_250m_16_days_NDVI,aid0007,2004-12-02,2751683.0,-0.2,0.9845,"(-0.2,0.9845)",0.6290101,0.1557262,0.0242506,0.7411,0.9845,0.6563,0.2444,0.5424
MOD13Q1_061__250m_16_days_NDVI_doy2004353000000_aid0007,_250m_16_days_NDVI,aid0007,2004-12-18,2752161.0,-0.2,0.9977,"(-0.2,0.9977)",0.6741354,0.1535825,0.0235876,0.7816,0.9977,0.7014,0.3314,0.6015
MOD13Q1_061__250m_16_days_NDVI_doy2005001000000_aid0007,_250m_16_days_NDVI,aid0007,2005-01-01,2747706.0,-0.2,0.9972,"(-0.2,0.9972)",0.7218348,0.1472782,0.0216909,0.8318,0.9972,0.7424,0.3561,0.6415
MOD13Q1_061__250m_16_days_NDVI_doy2005017000000_aid0007,_250m_16_days_NDVI,aid0007,2005-01-17,2748855.0,-0.2,0.9981,"(-0.2,0.9981)",0.7285811,0.1522969,0.0231944,0.846,0.9981,0.7491,0.331,0.64
MOD13Q1_061__250m_16_days_NDVI_doy2005033000000_aid0007,_250m_16_days_NDVI,aid0007,2005-02-02,2746709.0,-0.2,0.9951,"(-0.2,0.9951)",0.7537624,0.1380237,0.0190505,0.859,0.9951,0.7703,0.4275,0.6864
MOD13Q1_061__250m_16_days_NDVI_doy2005049000000_aid0007,_250m_16_days_NDVI,aid0007,2005-02-18,2747505.0,-0.2,0.9995,"(-0.2,0.9995)",0.7429883,0.1341546,0.0179975,0.8392,0.9995,0.7642,0.4492,0.6832
MOD13Q1_061__250m_16_days_NDVI_doy2005065000000_aid0007,_250m_16_days_NDVI,aid0007,2005-03-06,2747878.0,-0.2,0.974,"(-0.2,0.974)",0.6878928,0.1451616,0.0210719,0.7851,0.974,0.7173,0.3744,0.6208
MOD13Q1_061__250m_16_days_NDVI_doy2005081000000_aid0007,_250m_16_days_NDVI,aid0007,2005-03-22,2746668.0,-0.2,0.9927,"(-0.2,0.9927)",0.6044827,0.160748,0.0258399,0.7299,0.9927,0.6367,0.1342,0.4916
MOD13Q1_061__250m_16_days_NDVI_doy2005097000000_aid0007,_250m_16_days_NDVI,aid0007,2005-04-07,2745849.0,-0.2,0.996,"(-0.2,0.996)",0.5468889,0.1575007,0.0248065,0.6791,0.996,0.5634,0.0344,0.4212
MOD13Q1_061__250m_16_days_NDVI_doy2005113000000_aid0007,_250m_16_days_NDVI,aid0007,2005-04-23,2746954.0,-0.2,0.9137,"(-0.2,0.9137)",0.4950437,0.1575109,0.0248097,0.6244,0.9137,0.4991,-0.0201,0.3666
MOD13Q1_061__250m_16_days_NDVI_doy2005129000000_aid0007,_250m_16_days_NDVI,aid0007,2005-05-09,2745831.0,-0.2,0.913,"(-0.2,0.913)",0.484521,0.1467341,0.0215309,0.5968,0.913,0.4898,0.0326,0.3711
MOD13Q1_061__250m_16_days_NDVI_doy2005145000000_aid0007,_250m_16_days_NDVI,aid0007,2005-05-25,2745607.0,-0.2,0.9961,"(-0.2,0.9961)",0.4799085,0.1440183,0.0207413,0.5918,0.918,0.4811,0.0421,0.3719
MOD13Q1_061__250m_16_days_NDVI_doy2005161000000_aid0007,_250m_16_days_NDVI,aid0007,2005-06-10,2746578.0,-0.2,0.917,"(-0.2,0.917)",0.4968208,0.146516,0.0214669,0.6133,0.917,0.5033,0.0496,0.3878
MOD13Q1_061__250m_16_days_NDVI_doy2005177000000_aid0007,_250m_16_days_NDVI,aid0007,2005-06-26,2746644.0,-0.2,0.9826,"(-0.2,0.9826)",0.4912894,0.1449499,0.0210105,0.6034,0.9188,0.4989,0.0569,0.3848
MOD13Q1_061__250m_16_days_NDVI_doy2005193000000_aid0007,_250m_16_days_NDVI,aid0007,2005-07-12,2742352.0,-0.2,0.9357,"(-0.2,0.9357)",0.511923,0.1439302,0.0207159,0.62,0.9257,0.5242,0.095,0.41
MOD13Q1_061__250m_16_days_NDVI_doy2005209000000_aid0007,_250m_16_days_NDVI,aid0007,2005-07-28,2745685.0,-0.2,0.9363,"(-0.2,0.9363)",0.4991025,0.1469026,0.0215804,0.605,0.9199,0.5116,0.08,0.395
MOD13Q1_061__250m_16_days_NDVI_doy2005225000000_aid0007,_250m_16_days_NDVI,aid0007,2005-08-13,2753130.0,-0.2,0.998,"(-0.2,0.998)",0.5122908,0.1541798,0.0237714,0.6202,0.9432,0.5257,0.0802,0.4042
MOD13Q1_061__250m_16_days_NDVI_doy2005241000000_aid0007,_250m_16_days_NDVI,aid0007,2005-08-29,2750313.0,-0.2,0.9974,"(-0.2,0.9974)",0.5284312,0.1690617,0.0285818,0.6505,0.9974,0.5463,0.0215,0.3989
MOD13Q1_061__250m_16_days_NDVI_doy2005257000000_aid0007,_250m_16_days_NDVI,aid0007,2005-09-14,2750213.0,-0.2,0.9927,"(-0.2,0.9927)",0.5266505,0.1757269,0.0308799,0.6583,0.9927,0.5438,-0.0282,0.3837
MOD13Q1_061__250m_16_days_NDVI_doy2005273000000_aid0007,_250m_16_days_NDVI,aid0007,2005-09-30,2748802.0,-0.2,0.9851,"(-0.2,0.9851)",0.5334065,0.1783411,0.0318055,0.6727,0.9851,0.5516,-0.054,0.382
MOD13Q1_061__250m_16_days_NDVI_doy2005289000000_aid0007,_250m_16_days_NDVI,aid0007,2005-10-16,2747183.0,-0.2,0.9973,"(-0.2,0.9973)",0.5305526,0.1765703,0.0311771,0.671,0.9973,0.5487,-0.062,0.3778
MOD13Q1_061__250m_16_days_NDVI_doy2005305000000_aid0007,_250m_16_days_NDVI,aid0007,2005-11-01,2745924.0,-0.2,0.9814,"(-0.2,0.9814)",0.5240894,0.1604435,0.0257421,0.6494,0.9814,0.5399,0.0124,0.3946
MOD13Q1_061__250m_16_days_NDVI_doy2005321000000_aid0007,_250m_16_days_NDVI,aid0007,2005-11-17,2746388.0,-0.2,0.9437,"(-0.2,0.9437)",0.5566247,0.1438415,0.0206904,0.6637,0.9437,0.5748,0.1362,0.4527
MOD13Q1_061__250m_16_days_NDVI_doy2005337000000_aid0007,_250m_16_days_NDVI,aid0007,2005-12-03,2746392.0,-0.2,0.999,"(-0.2,0.999)",0.5783135,0.1436394,0.0206323,0.6752,0.9405,0.5868,0.2227,0.4942
MOD13Q1_061__250m_16_days_NDVI_doy2005353000000_aid0007,_250m_16_days_NDVI,aid0007,2005-12-19,2747045.0,-0.2,0.9514,"(-0.2,0.9514)",0.5987985,0.1558562,0.0242911,0.7173,0.9514,0.5993,0.1601,0.4944
MOD13Q1_061__250m_16_days_NDVI_doy2006001000000_aid0007,_250m_16_days_NDVI,aid0007,2006-01-01,2752898.0,-0.2,0.9986,"(-0.2,0.9986)",0.6018695,0.1714234,0.029386,0.736,0.9986,0.6051,0.0945,0.4794
MOD13Q1_061__250m_16_days_NDVI_doy2006017000000_aid0007,_250m_16_days_NDVI,aid0007,2006-01-17,2747761.0,-0.2,0.9993,"(-0.2,0.9993)",0.736965,0.1434215,0.0205697,0.8426,0.9993,0.7556,0.3936,0.663
MOD13Q1_061__250m_16_days_NDVI_doy2006033000000_aid0007,_250m_16_days_NDVI,aid0007,2006-02-02,2748465.0,-0.2,0.9993,"(-0.2,0.9993)",0.7683653,0.1385951,0.0192086,0.8692,0.9993,0.7888,0.4635,0.7069
MOD13Q1_061__250m_16_days_NDVI_doy2006049000000_aid0007,_250m_16_days_NDVI,aid0007,2006-02-18,2751391.0,-0.2,0.9944,"(-0.2,0.9944)",0.7352682,0.1411335,0.0199187,0.8345,0.9944,0.7556,0.4283,0.672
MOD13Q1_061__250m_16_days_NDVI_doy2006065000000_aid0007,_250m_16_days_NDVI,aid0007,2006-03-06,2748998.0,-0.2,0.9976,"(-0.2,0.9976)",0.7007914,0.1405167,0.0197449,0.7936,0.9976,0.7264,0.4021,0.637
MOD13Q1_061__250m_16_days_NDVI_doy2006081000000_aid0007,_250m_16_days_NDVI,aid0007,2006-03-22,2748196.0,-0.2,0.9815,"(-0.2,0.9815)",0.6017833,0.1583184,0.0250647,0.7248,0.9815,0.6336,0.1341,0.4885
MOD13Q1_061__250m_16_days_NDVI_doy2006097000000_aid0007,_250m_16_days_NDVI,aid0007,2006-04-07,2744738.0,-0.2,0.9734,"(-0.2,0.9734)",0.5803248,0.1588859,0.0252447,0.7107,0.9734,0.604,0.0822,0.4593
MOD13Q1_061__250m_16_days_NDVI_doy2006113000000_aid0007,_250m_16_days_NDVI,aid0007,2006-04-23,2743695.0,-0.2,0.9167,"(-0.2,0.9167)",0.5429277,0.1517571,0.0230302,0.6656,0.9167,0.561,0.0686,0.4268
MOD13Q1_061__250m_16_days_NDVI_doy2006129000000_aid0007,_250m_16_days_NDVI,aid0007,2006-05-09,2741266.0,-0.2,0.9873,"(-0.2,0.9873)",0.508409,0.1479981,0.0219034,0.6267,0.936,0.5236,0.0412,0.3925
MOD13Q1_061__250m_16_days_NDVI_doy2006145000000_aid0007,_250m_16_days_NDVI,aid0007,2006-05-25,2745144.0,-0.2,0.8938,"(-0.2,0.8938)",0.4376511,0.1234888,0.0152495,0.5243,0.794,0.4411,0.0748,0.3445
MOD13Q1_061__250m_16_days_NDVI_doy2006161000000_aid0007,_250m_16_days_NDVI,aid0007,2006-06-10,2745316.0,-0.2,0.917,"(-0.2,0.917)",0.4420144,0.1286451,0.0165496,0.5317,0.8084,0.4426,0.0705,0.3472
MOD13Q1_061__250m_16_days_NDVI_doy2006177000000_aid0007,_250m_16_days_NDVI,aid0007,2006-06-26,2749886.0,-0.2,0.9239,"(-0.2,0.9239)",0.4730741,0.1347542,0.0181587,0.5689,0.854,0.4777,0.0937,0.3788
MOD13Q1_061__250m_16_days_NDVI_doy2006193000000_aid0007,_250m_16_days_NDVI,aid0007,2006-07-12,2747140.0,-0.2,0.9683,"(-0.2,0.9683)",0.4960493,0.1439166,0.020712,0.5978,0.9017,0.5024,0.0911,0.3951
MOD13Q1_061__250m_16_days_NDVI_doy2006209000000_aid0007,_250m_16_days_NDVI,aid0007,2006-07-28,2749451.0,-0.2,0.9332,"(-0.2,0.9332)",0.5109546,0.1492963,0.0222894,0.6192,0.9332,0.5196,0.0842,0.4052
MOD13Q1_061__250m_16_days_NDVI_doy2006225000000_aid0007,_250m_16_days_NDVI,aid0007,2006-08-13,2748771.0,-0.2,0.9268,"(-0.2,0.9268)",0.4704784,0.1435409,0.020604,0.5702,0.8781,0.468,0.057,0.3649
MOD13Q1_061__250m_16_days_NDVI_doy2006241000000_aid0007,_250m_16_days_NDVI,aid0007,2006-08-29,2748804.0,-0.2,0.9271,"(-0.2,0.9271)",0.4663091,0.1494332,0.0223303,0.5705,0.8982,0.4592,0.0243,0.352
MOD13Q1_061__250m_16_days_NDVI_doy2006257000000_aid0007,_250m_16_days_NDVI,aid0007,2006-09-14,2750610.0,-0.2,0.9655,"(-0.2,0.9655)",0.4718914,0.1568316,0.0245962,0.5784,0.9201,0.4622,0.0089,0.3506
MOD13Q1_061__250m_16_days_NDVI_doy2006273000000_aid0007,_250m_16_days_NDVI,aid0007,2006-09-30,2749870.0,-0.2,0.9485,"(-0.2,0.9485)",0.4968351,0.1641815,0.0269556,0.6194,0.9485,0.497,-0.0241,0.362
MOD13Q1_061__250m_16_days_NDVI_doy2006289000000_aid0007,_250m_16_days_NDVI,aid0007,2006-10-16,2750786.0,-0.2,0.9991,"(-0.2,0.9991)",0.5486184,0.1863341,0.0347204,0.7041,0.9991,0.5686,-0.0804,0.3903
MOD13Q1_061__250m_16_days_NDVI_doy2006305000000_aid0007,_250m_16_days_NDVI,aid0007,2006-11-01,2748405.0,-0.2,0.9465,"(-0.2,0.9465)",0.5477369,0.1731663,0.0299866,0.6904,0.9465,0.5688,-0.0261,0.4038
MOD13Q1_061__250m_16_days_NDVI_doy2006321000000_aid0007,_250m_16_days_NDVI,aid0007,2006-11-17,2749250.0,-0.2,0.9991,"(-0.2,0.9991)",0.5556177,0.1600018,0.0256006,0.6838,0.9991,0.5704,0.0513,0.4308
MOD13Q1_061__250m_16_days_NDVI_doy2006337000000_aid0007,_250m_16_days_NDVI,aid0007,2006-12-03,2750111.0,-0.2,0.9851,"(-0.2,0.9851)",0.6015371,0.1520073,0.0231062,0.713,0.9851,0.6156,0.189,0.5034
MOD13Q1_061__250m_16_days_NDVI_doy2006353000000_aid0007,_250m_16_days_NDVI,aid0007,2006-12-19,2754413.0,-0.2,0.9926,"(-0.2,0.9926)",0.698224,0.1502504,0.0225752,0.8062,0.9926,0.7233,0.3567,0.6264
MOD13Q1_061__250m_16_days_NDVI_doy2007001000000_aid0007,_250m_16_days_NDVI,aid0007,2007-01-01,2748751.0,-0.2,0.9941,"(-0.2,0.9941)",0.7712264,0.1282998,0.0164608,0.8615,0.9941,0.7953,0.4945,0.7147
MOD13Q1_061__250m_16_days_NDVI_doy2007017000000_aid0007,_250m_16_days_NDVI,aid0007,2007-01-17,2747010.0,-0.2,0.9832,"(-0.2,0.9832)",0.7870862,0.1329303,0.0176705,0.8845,0.9832,0.8128,0.4888,0.7262
MOD13Q1_061__250m_16_days_NDVI_doy2007033000000_aid0007,_250m_16_days_NDVI,aid0007,2007-02-02,2748033.0,-0.2,0.9995,"(-0.2,0.9995)",0.7803195,0.1375627,0.0189235,0.8886,0.9995,0.8028,0.4476,0.7122
MOD13Q1_061__250m_16_days_NDVI_doy2007049000000_aid0007,_250m_16_days_NDVI,aid0007,2007-02-18,2746538.0,-0.2,0.9996,"(-0.2,0.9996)",0.7669177,0.1384336,0.0191639,0.8769,0.9996,0.7864,0.4337,0.6996
MOD13Q1_061__250m_16_days_NDVI_doy2007065000000_aid0007,_250m_16_days_NDVI,aid0007,2007-03-06,2741339.0,-0.2,0.9956,"(-0.2,0.9956)",0.6915995,0.1580369,0.0249757,0.8004,0.9956,0.7204,0.3482,0.6195
MOD13Q1_061__250m_16_days_NDVI_doy2007081000000_aid0007,_250m_16_days_NDVI,aid0007,2007-03-22,2732742.0,-0.2,0.9982,"(-0.2,0.9982)",0.5724351,0.183868,0.0338074,0.7169,0.9982,0.6018,0.0294,0.4419
MOD13Q1_061__250m_16_days_NDVI_doy2007097000000_aid0007,_250m_16_days_NDVI,aid0007,2007-04-07,2675386.0,-0.2,0.9736,"(-0.2,0.9736)",0.508303,0.1724162,0.0297273,0.6462,0.9736,0.5084,-0.0103,0.3836
MOD13Q1_061__250m_16_days_NDVI_doy2007113000000_aid0007,_250m_16_days_NDVI,aid0007,2007-04-23,2707781.0,-0.2,0.9535,"(-0.2,0.9535)",0.5190518,0.1652873,0.0273199,0.648,0.9535,0.5293,0.035,0.4028
MOD13Q1_061__250m_16_days_NDVI_doy2007129000000_aid0007,_250m_16_days_NDVI,aid0007,2007-05-09,2721966.0,-0.2,0.9396,"(-0.2,0.9396)",0.4623671,0.1557036,0.0242436,0.5818,0.9325,0.4638,-0.0069,0.3463
MOD13Q1_061__250m_16_days_NDVI_doy2007145000000_aid0007,_250m_16_days_NDVI,aid0007,2007-05-25,2725121.0,-0.2,0.9478,"(-0.2,0.9478)",0.4268882,0.1400722,0.0196202,0.524,0.8243,0.4242,0.0235,0.3238
MOD13Q1_061__250m_16_days_NDVI_doy2007161000000_aid0007,_250m_16_days_NDVI,aid0007,2007-06-10,2729413.0,-0.2,0.9367,"(-0.2,0.9367)",0.4199181,0.1244255,0.0154817,0.5024,0.7586,0.4141,0.0754,0.3316
MOD13Q1_061__250m_16_days_NDVI_doy2007177000000_aid0007,_250m_16_days_NDVI,aid0007,2007-06-26,2737509.0,-0.2,0.9974,"(-0.2,0.9974)",0.4152057,0.1198977,0.0143755,0.4908,0.724,0.4119,0.1021,0.3353
MOD13Q1_061__250m_16_days_NDVI_doy2007193000000_aid0007,_250m_16_days_NDVI,aid0007,2007-07-12,2737797.0,-0.2,0.9087,"(-0.2,0.9087)",0.4006556,0.1133659,0.0128518,0.4723,0.6955,0.3946,0.1003,0.3235
MOD13Q1_061__250m_16_days_NDVI_doy2007209000000_aid0007,_250m_16_days_NDVI,aid0007,2007-07-28,2739187.0,-0.2,0.8869,"(-0.2,0.8869)",0.3892215,0.1026247,0.0105318,0.4541,0.6521,0.3866,0.1241,0.3221
MOD13Q1_061__250m_16_days_NDVI_doy2007225000000_aid0007,_250m_16_days_NDVI,aid0007,2007-08-13,2741890.0,-0.2,0.8932,"(-0.2,0.8932)",0.4005677,0.1125956,0.0126778,0.4758,0.7039,0.3971,0.0956,0.3237
MOD13Q1_061__250m_16_days_NDVI_doy2007241000000_aid0007,_250m_16_days_NDVI,aid0007,2007-08-29,2751282.0,-0.2,0.9503,"(-0.2,0.9503)",0.4023349,0.1200245,0.0144059,0.4789,0.715,0.398,0.0854,0.3215
MOD13Q1_061__250m_16_days_NDVI_doy2007257000000_aid0007,_250m_16_days_NDVI,aid0007,2007-09-14,2746150.0,-0.2,0.9833,"(-0.2,0.9833)",0.542842,0.1676416,0.0281037,0.6681,0.9833,0.5601,0.0561,0.4233
MOD13Q1_061__250m_16_days_NDVI_doy2007273000000_aid0007,_250m_16_days_NDVI,aid0007,2007-09-30,2751267.0,-0.2,0.9993,"(-0.2,0.9993)",0.5696346,0.1771373,0.0313776,0.7129,0.9993,0.5953,0.0127,0.4328
MOD13Q1_061__250m_16_days_NDVI_doy2007289000000_aid0007,_250m_16_days_NDVI,aid0007,2007-10-16,2749623.0,-0.2,0.9686,"(-0.2,0.9686)",0.6043019,0.18673,0.0348681,0.7587,0.9686,0.6414,-0.001,0.4548
MOD13Q1_061__250m_16_days_NDVI_doy2007305000000_aid0007,_250m_16_days_NDVI,aid0007,2007-11-01,2749563.0,-0.2,0.9964,"(-0.2,0.9964)",0.583262,0.1722454,0.0296685,0.7231,0.9964,0.6076,0.0434,0.4512
MOD13Q1_061__250m_16_days_NDVI_doy2007321000000_aid0007,_250m_16_days_NDVI,aid0007,2007-11-17,2749117.0,-0.2,0.9698,"(-0.2,0.9698)",0.5458547,0.1636768,0.0267901,0.6774,0.9698,0.5511,0.0299,0.4184
MOD13Q1_061__250m_16_days_NDVI_doy2007337000000_aid0007,_250m_16_days_NDVI,aid0007,2007-12-03,2749039.0,-0.2,0.9208,"(-0.2,0.9208)",0.5569133,0.15283,0.023357,0.6692,0.9208,0.5598,0.1287,0.453
MOD13Q1_061__250m_16_days_NDVI_doy2007353000000_aid0007,_250m_16_days_NDVI,aid0007,2007-12-19,2750037.0,-0.2,0.9866,"(-0.2,0.9866)",0.6033742,0.1607338,0.0258354,0.732,0.9866,0.6126,0.1483,0.4985
MOD13Q1_061__250m_16_days_NDVI_doy2000049000000_aid0008,_250m_16_days_NDVI,aid0008,2000-02-18,1727702.0,-0.2,0.9954,"(-0.2,0.9954)",0.6771493,0.1446277,0.0209172,0.777,0.9954,0.682,0.3315,0.5988
MOD13Q1_061__250m_16_days_NDVI_doy2000065000000_aid0008,_250m_16_days_NDVI,aid0008,2000-03-05,1727306.0,-0.2,0.9932,"(-0.2,0.9932)",0.666713,0.155147,0.0240706,0.776675,0.9932,0.6717,0.2878,0.5811
MOD13Q1_061__250m_16_days_NDVI_doy2000081000000_aid0008,_250m_16_days_NDVI,aid0008,2000-03-21,1727337.0,-0.2,0.9865,"(-0.2,0.9865)",0.6034945,0.1542803,0.0238024,0.7103,0.9865,0.6083,0.2128,0.5113
MOD13Q1_061__250m_16_days_NDVI_doy2000097000000_aid0008,_250m_16_days_NDVI,aid0008,2000-04-06,1724742.0,-0.2,0.9327,"(-0.2,0.9327)",0.5256597,0.1428601,0.020409,0.6203,0.9044,0.5299,0.1468,0.4309
MOD13Q1_061__250m_16_days_NDVI_doy2000113000000_aid0008,_250m_16_days_NDVI,aid0008,2000-04-22,1724153.0,-0.2,0.9333,"(-0.2,0.9333)",0.527102,0.142275,0.0202422,0.6185,0.8988,0.5258,0.1513,0.4316
MOD13Q1_061__250m_16_days_NDVI_doy2000129000000_aid0008,_250m_16_days_NDVI,aid0008,2000-05-08,1725797.0,-0.2,0.9555,"(-0.2,0.9555)",0.5010508,0.1489192,0.0221769,0.597,0.8962,0.4996,0.0983,0.3975
MOD13Q1_061__250m_16_days_NDVI_doy2000145000000_aid0008,_250m_16_days_NDVI,aid0008,2000-05-24,1725782.0,-0.2,0.917,"(-0.2,0.917)",0.4952013,0.1545764,0.0238939,0.597,0.908,0.4872,0.078,0.3894
MOD13Q1_061__250m_16_days_NDVI_doy2000161000000_aid0008,_250m_16_days_NDVI,aid0008,2000-06-09,1725179.0,-0.2,0.9212,"(-0.2,0.9212)",0.5003184,0.1569498,0.0246333,0.6086,0.9212,0.4897,0.0624,0.3901
MOD13Q1_061__250m_16_days_NDVI_doy2000177000000_aid0008,_250m_16_days_NDVI,aid0008,2000-06-25,1725378.0,-0.2,0.8993,"(-0.2,0.8993)",0.4485643,0.1411572,0.0199254,0.5418,0.8299,0.4342,0.0616,0.3497
MOD13Q1_061__250m_16_days_NDVI_doy2000193000000_aid0008,_250m_16_days_NDVI,aid0008,2000-07-11,1722377.0,-0.2,0.8958,"(-0.2,0.8958)",0.4054322,0.1347421,0.0181554,0.4886,0.7526,0.3878,0.0486,0.3126
MOD13Q1_061__250m_16_days_NDVI_doy2000209000000_aid0008,_250m_16_days_NDVI,aid0008,2000-07-27,1722977.0,-0.2,0.8811,"(-0.2,0.8811)",0.3878933,0.1229915,0.0151269,0.4643,0.7038,0.3713,0.0651,0.3046
MOD13Q1_061__250m_16_days_NDVI_doy2000225000000_aid0008,_250m_16_days_NDVI,aid0008,2000-08-12,1725952.0,-0.2,0.9582,"(-0.2,0.9582)",0.4294449,0.1417477,0.0200924,0.5263,0.8233,0.4151,0.0313,0.3283
MOD13Q1_061__250m_16_days_NDVI_doy2000241000000_aid0008,_250m_16_days_NDVI,aid0008,2000-08-28,1726567.0,-0.2,0.9415,"(-0.2,0.9415)",0.4388511,0.1440257,0.0207434,0.5383,0.8479,0.4245,0.0223,0.3319
MOD13Q1_061__250m_16_days_NDVI_doy2000257000000_aid0008,_250m_16_days_NDVI,aid0008,2000-09-13,1726941.0,-0.2,0.9349,"(-0.2,0.9349)",0.4651218,0.1541497,0.0237621,0.5756,0.917,0.4529,0.0066,0.348
MOD13Q1_061__250m_16_days_NDVI_doy2000273000000_aid0008,_250m_16_days_NDVI,aid0008,2000-09-29,1727308.0,-0.2,0.9767,"(-0.2,0.9767)",0.4885521,0.1601077,0.0256345,0.6036,0.9438,0.48175,0.0126,0.3672
MOD13Q1_061__250m_16_days_NDVI_doy2000289000000_aid0008,_250m_16_days_NDVI,aid0008,2000-10-15,1727459.0,-0.1984,0.9875,"(-0.1984,0.9875)",0.5311638,0.1738827,0.0302352,0.6641,0.9875,0.5372,-0.0024,0.3975
MOD13Q1_061__250m_16_days_NDVI_doy2000305000000_aid0008,_250m_16_days_NDVI,aid0008,2000-10-31,1726783.0,-0.2,0.9904,"(-0.2,0.9904)",0.5527852,0.1711067,0.0292775,0.6841,0.9904,0.5662,0.0456,0.4287
MOD13Q1_061__250m_16_days_NDVI_doy2000321000000_aid0008,_250m_16_days_NDVI,aid0008,2000-11-16,1727114.0,-0.2,0.9489,"(-0.2,0.9489)",0.5285006,0.1591755,0.0253368,0.6451,0.9489,0.538,0.0854,0.4212
MOD13Q1_061__250m_16_days_NDVI_doy2000337000000_aid0008,_250m_16_days_NDVI,aid0008,2000-12-02,1727331.0,-0.2,0.9636,"(-0.2,0.9636)",0.5284778,0.1519205,0.0230798,0.6366,0.948,0.5342,0.1071,0.4248
MOD13Q1_061__250m_16_days_NDVI_doy2000353000000_aid0008,_250m_16_days_NDVI,aid0008,2000-12-18,1727737.0,-0.2,0.9937,"(-0.2,0.9937)",0.5497733,0.1482559,0.0219798,0.6492,0.9307,0.5531,0.166,0.4559
MOD13Q1_061__250m_16_days_NDVI_doy2001001000000_aid0008,_250m_16_days_NDVI,aid0008,2001-01-01,1727843.0,-0.2,0.9361,"(-0.2,0.9361)",0.6058215,0.1450391,0.0210363,0.7118,0.9361,0.6143,0.2293,0.5188
MOD13Q1_061__250m_16_days_NDVI_doy2001017000000_aid0008,_250m_16_days_NDVI,aid0008,2001-01-17,1727605.0,-0.2,0.9853,"(-0.2,0.9853)",0.6706504,0.1454631,0.0211595,0.7745,0.9853,0.6885,0.32,0.5927
MOD13Q1_061__250m_16_days_NDVI_doy2001033000000_aid0008,_250m_16_days_NDVI,aid0008,2001-02-02,1727688.0,-0.2,0.9885,"(-0.2,0.9885)",0.6805315,0.148691,0.022109,0.7845,0.9885,0.6912,0.3153,0.5968
MOD13Q1_061__250m_16_days_NDVI_doy2001049000000_aid0008,_250m_16_days_NDVI,aid0008,2001-02-18,1727756.0,-0.2,0.9969,"(-0.2,0.9969)",0.6529539,0.1592103,0.0253479,0.7682,0.9969,0.6563,0.235,0.5549
MOD13Q1_061__250m_16_days_NDVI_doy2001065000000_aid0008,_250m_16_days_NDVI,aid0008,2001-03-06,1727463.0,-0.2,0.9966,"(-0.2,0.9966)",0.6665898,0.1587318,0.0251958,0.7815,0.9966,0.6812,0.2585,0.5723
MOD13Q1_061__250m_16_days_NDVI_doy2001081000000_aid0008,_250m_16_days_NDVI,aid0008,2001-03-22,1726766.0,-0.2,0.9989,"(-0.2,0.9989)",0.6340023,0.1534403,0.0235439,0.7431,0.9989,0.6526,0.2559,0.5482
MOD13Q1_061__250m_16_days_NDVI_doy2001097000000_aid0008,_250m_16_days_NDVI,aid0008,2001-04-07,1726503.0,-0.2,0.9949,"(-0.2,0.9949)",0.5870841,0.1520172,0.0231092,0.6956,0.9949,0.6025,0.1896,0.4932
MOD13Q1_061__250m_16_days_NDVI_doy2001113000000_aid0008,_250m_16_days_NDVI,aid0008,2001-04-23,1726380.0,-0.2,0.9743,"(-0.2,0.9743)",0.5267979,0.1553678,0.0241392,0.636,0.9486,0.5323,0.0953,0.4197
MOD13Q1_061__250m_16_days_NDVI_doy2001129000000_aid0008,_250m_16_days_NDVI,aid0008,2001-05-09,1725520.0,-0.2,0.9963,"(-0.2,0.9963)",0.4389793,0.1443258,0.0208299,0.5326,0.8287,0.431,0.0391,0.3352
MOD13Q1_061__250m_16_days_NDVI_doy2001145000000_aid0008,_250m_16_days_NDVI,aid0008,2001-05-25,1725314.0,-0.2,0.9817,"(-0.2,0.9817)",0.4884438,0.1573292,0.0247525,0.5952,0.9286,0.4855,0.0395,0.3729
MOD13Q1_061__250m_16_days_NDVI_doy2001161000000_aid0008,_250m_16_days_NDVI,aid0008,2001-06-10,1723835.0,-0.1712,0.9995,"(-0.1712,0.9995)",0.0832208,0.1047129,0.0109648,0.1054,0.2306,0.053,-0.1032,0.0219
MOD13Q1_061__250m_16_days_NDVI_doy2001177000000_aid0008,_250m_16_days_NDVI,aid0008,2001-06-26,1725914.0,-0.2,0.8967,"(-0.2,0.8967)",0.4188931,0.137006,0.0187707,0.5048,0.7797,0.4029,0.0466,0.3215
MOD13Q1_061__250m_16_days_NDVI_doy2001193000000_aid0008,_250m_16_days_NDVI,aid0008,2001-07-12,1726150.0,-0.2,0.9534,"(-0.2,0.9534)",0.4327218,0.1310444,0.0171726,0.5184,0.7857,0.4216,0.0729,0.3402
MOD13Q1_061__250m_16_days_NDVI_doy2001209000000_aid0008,_250m_16_days_NDVI,aid0008,2001-07-28,1726494.0,-0.2,0.918,"(-0.2,0.918)",0.4500115,0.1410502,0.0198952,0.5435,0.8306,0.436,0.065,0.3521
MOD13Q1_061__250m_16_days_NDVI_doy2001225000000_aid0008,_250m_16_days_NDVI,aid0008,2001-08-13,1726256.0,-0.2,0.9405,"(-0.2,0.9405)",0.4745996,0.1560745,0.0243592,0.5834,0.914,0.4608,0.0324,0.363
MOD13Q1_061__250m_16_days_NDVI_doy2001241000000_aid0008,_250m_16_days_NDVI,aid0008,2001-08-29,1727116.0,-0.2,0.9663,"(-0.2,0.9663)",0.5081694,0.1697318,0.0288089,0.6339,0.9663,0.4973,0.0022,0.3812
MOD13Q1_061__250m_16_days_NDVI_doy2001257000000_aid0008,_250m_16_days_NDVI,aid0008,2001-09-14,1726549.0,-0.2,0.9942,"(-0.2,0.9942)",0.4868711,0.1739254,0.03025,0.6132,0.9942,0.4718,-0.0333,0.3546
MOD13Q1_061__250m_16_days_NDVI_doy2001273000000_aid0008,_250m_16_days_NDVI,aid0008,2001-09-30,1726881.0,-0.2,0.9942,"(-0.2,0.9942)",0.5093648,0.1886539,0.0355903,0.6522,0.9942,0.5053,-0.0588,0.3678
MOD13Q1_061__250m_16_days_NDVI_doy2001289000000_aid0008,_250m_16_days_NDVI,aid0008,2001-10-16,1726092.0,-0.2,0.9625,"(-0.2,0.9625)",0.5645226,0.1823171,0.0332395,0.7067,0.9625,0.58,0.0325,0.437
MOD13Q1_061__250m_16_days_NDVI_doy2001305000000_aid0008,_250m_16_days_NDVI,aid0008,2001-11-01,1727209.0,-0.2,0.9731,"(-0.2,0.9731)",0.5445788,0.1737382,0.030185,0.6726,0.9731,0.5645,0.0801,0.4356
MOD13Q1_061__250m_16_days_NDVI_doy2001321000000_aid0008,_250m_16_days_NDVI,aid0008,2001-11-17,1727205.0,-0.2,0.9909,"(-0.2,0.9909)",0.5064207,0.1651527,0.0272754,0.6239,0.9554,0.5145,0.0692,0.402
MOD13Q1_061__250m_16_days_NDVI_doy2001337000000_aid0008,_250m_16_days_NDVI,aid0008,2001-12-03,1724323.0,-0.2,0.935,"(-0.2,0.935)",0.4809752,0.1512442,0.0228748,0.5857,0.8968,0.4818,0.0667,0.3781
MOD13Q1_061__250m_16_days_NDVI_doy2001353000000_aid0008,_250m_16_days_NDVI,aid0008,2001-12-19,1727628.0,-0.2,0.9773,"(-0.2,0.9773)",0.5298244,0.152879,0.023372,0.6345,0.9301,0.5339,0.1273,0.4316
MOD13Q1_061__250m_16_days_NDVI_doy2002001000000_aid0008,_250m_16_days_NDVI,aid0008,2002-01-01,1725319.0,-0.2,0.9977,"(-0.2,0.9977)",0.644541,0.1573905,0.0247718,0.7555,0.9977,0.6679,0.2705,0.5615
MOD13Q1_061__250m_16_days_NDVI_doy2002017000000_aid0008,_250m_16_days_NDVI,aid0008,2002-01-17,1725970.0,-0.2,0.9716,"(-0.2,0.9716)",0.7016668,0.1531266,0.0234478,0.8051,0.9716,0.7283,0.3721,0.6319
MOD13Q1_061__250m_16_days_NDVI_doy2002033000000_aid0008,_250m_16_days_NDVI,aid0008,2002-02-02,1727442.0,-0.2,0.9996,"(-0.2,0.9996)",0.7054873,0.1502181,0.0225655,0.806,0.9996,0.7267,0.3788,0.6351
MOD13Q1_061__250m_16_days_NDVI_doy2002049000000_aid0008,_250m_16_days_NDVI,aid0008,2002-02-18,1727475.0,-0.2,0.9992,"(-0.2,0.9992)",0.6702541,0.1511662,0.0228512,0.7789,0.9992,0.6753,0.2894,0.5831
MOD13Q1_061__250m_16_days_NDVI_doy2002065000000_aid0008,_250m_16_days_NDVI,aid0008,2002-03-06,1726221.0,-0.2,0.9994,"(-0.2,0.9994)",0.6662248,0.1479016,0.0218749,0.7706,0.9994,0.6776,0.2936,0.5798
MOD13Q1_061__250m_16_days_NDVI_doy2002081000000_aid0008,_250m_16_days_NDVI,aid0008,2002-03-22,1725402.0,-0.2,0.9296,"(-0.2,0.9296)",0.5861521,0.1688221,0.0285009,0.7039,0.9296,0.596,0.1549,0.4843
MOD13Q1_061__250m_16_days_NDVI_doy2002097000000_aid0008,_250m_16_days_NDVI,aid0008,2002-04-07,1724579.0,-0.2,0.988,"(-0.2,0.988)",0.5635603,0.1584309,0.0251003,0.6743,0.988,0.5753,0.1508,0.4649
MOD13Q1_061__250m_16_days_NDVI_doy2002113000000_aid0008,_250m_16_days_NDVI,aid0008,2002-04-23,1719207.0,-0.2,0.9205,"(-0.2,0.9205)",0.5131054,0.1495926,0.022378,0.6155,0.9179,0.5178,0.1093,0.413
MOD13Q1_061__250m_16_days_NDVI_doy2002129000000_aid0008,_250m_16_days_NDVI,aid0008,2002-05-09,1724367.0,-0.2,0.9183,"(-0.2,0.9183)",0.4853905,0.1492332,0.0222706,0.5871,0.8964,0.4861,0.0715,0.38085
MOD13Q1_061__250m_16_days_NDVI_doy2002145000000_aid0008,_250m_16_days_NDVI,aid0008,2002-05-25,1721276.0,-0.2,0.9369,"(-0.2,0.9369)",0.4999572,0.1532434,0.0234835,0.6052,0.9283,0.5005,0.0647,0.389
MOD13Q1_061__250m_16_days_NDVI_doy2002161000000_aid0008,_250m_16_days_NDVI,aid0008,2002-06-10,1720243.0,-0.2,0.9088,"(-0.2,0.9088)",0.431802,0.1388431,0.0192774,0.5186,0.7994,0.4212,0.0506,0.3314
MOD13Q1_061__250m_16_days_NDVI_doy2002177000000_aid0008,_250m_16_days_NDVI,aid0008,2002-06-26,1721737.0,-0.2,0.8722,"(-0.2,0.8722)",0.3834105,0.1180691,0.0139403,0.4529,0.6777,0.3704,0.0782,0.303
MOD13Q1_061__250m_16_days_NDVI_doy2002193000000_aid0008,_250m_16_days_NDVI,aid0008,2002-07-12,1719847.0,-0.2,0.9087,"(-0.2,0.9087)",0.4014303,0.1247768,0.0155692,0.4759,0.7126,0.3854,0.0814,0.3181
MOD13Q1_061__250m_16_days_NDVI_doy2002209000000_aid0008,_250m_16_days_NDVI,aid0008,2002-07-28,1719826.0,-0.2,0.9184,"(-0.2,0.9184)",0.4062947,0.1232277,0.0151851,0.4815,0.7209,0.3898,0.0825,0.3219
MOD13Q1_061__250m_16_days_NDVI_doy2002225000000_aid0008,_250m_16_days_NDVI,aid0008,2002-08-13,1724124.0,-0.2,0.8989,"(-0.2,0.8989)",0.4142415,0.1243281,0.0154575,0.4908,0.7339,0.3998,0.0856,0.3287
MOD13Q1_061__250m_16_days_NDVI_doy2002241000000_aid0008,_250m_16_days_NDVI,aid0008,2002-08-29,1726636.0,-0.2,0.9426,"(-0.2,0.9426)",0.4679275,0.1517914,0.0230406,0.5718,0.8913,0.453,0.0391,0.3587
MOD13Q1_061__250m_16_days_NDVI_doy2002257000000_aid0008,_250m_16_days_NDVI,aid0008,2002-09-14,1727621.0,-0.2,0.9497,"(-0.2,0.9497)",0.4807738,0.1579969,0.024963,0.5896,0.9276,0.4662,0.0254,0.3639
MOD13Q1_061__250m_16_days_NDVI_doy2002273000000_aid0008,_250m_16_days_NDVI,aid0008,2002-09-30,1727722.0,-0.1996,0.98,"(-0.1996,0.98)",0.4943868,0.1599469,0.025583,0.6073,0.9461,0.4872,0.0208,0.3727
MOD13Q1_061__250m_16_days_NDVI_doy2002289000000_aid0008,_250m_16_days_NDVI,aid0008,2002-10-16,1727534.0,-0.1994,0.9992,"(-0.1994,0.9992)",0.5334338,0.1604254,0.0257363,0.6525,0.9992,0.5394,0.0624,0.4164
MOD13Q1_061__250m_16_days_NDVI_doy2002305000000_aid0008,_250m_16_days_NDVI,aid0008,2002-11-01,1727544.0,-0.2,0.9175,"(-0.2,0.9175)",0.4881363,0.1555329,0.0241905,0.6034,0.9175,0.4909,0.0194,0.3698
MOD13Q1_061__250m_16_days_NDVI_doy2002321000000_aid0008,_250m_16_days_NDVI,aid0008,2002-11-17,1727499.0,-0.2,0.991,"(-0.2,0.991)",0.5050448,0.1504573,0.0226374,0.6145,0.9232,0.5043,0.0707,0.39695
MOD13Q1_061__250m_16_days_NDVI_doy2002337000000_aid0008,_250m_16_days_NDVI,aid0008,2002-12-03,1726246.0,-0.2,0.9871,"(-0.2,0.9871)",0.5717511,0.1588307,0.0252272,0.6852,0.9871,0.5807,0.1525,0.4721
MOD13Q1_061__250m_16_days_NDVI_doy2002353000000_aid0008,_250m_16_days_NDVI,aid0008,2002-12-19,1727368.0,-0.2,0.9767,"(-0.2,0.9767)",0.6150246,0.1617412,0.0261602,0.7341,0.9767,0.6315,0.1931,0.5177
MOD13Q1_061__250m_16_days_NDVI_doy2003001000000_aid0008,_250m_16_days_NDVI,aid0008,2003-01-01,1725504.0,-0.2,0.9949,"(-0.2,0.9949)",0.6814121,0.1666942,0.027787,0.8064,0.9949,0.7041,0.2654,0.59
MOD13Q1_061__250m_16_days_NDVI_doy2003017000000_aid0008,_250m_16_days_NDVI,aid0008,2003-01-17,1727426.0,-0.2,0.9838,"(-0.2,0.9838)",0.7090555,0.1639713,0.0268866,0.8248,0.9838,0.7329,0.3258,0.6252
MOD13Q1_061__250m_16_days_NDVI_doy2003033000000_aid0008,_250m_16_days_NDVI,aid0008,2003-02-02,1727562.0,-0.2,0.9983,"(-0.2,0.9983)",0.6944277,0.1626864,0.0264669,0.8202,0.9983,0.706,0.2695,0.5999
MOD13Q1_061__250m_16_days_NDVI_doy2003049000000_aid0008,_250m_16_days_NDVI,aid0008,2003-02-18,1726848.0,-0.2,0.9964,"(-0.2,0.9964)",0.6463771,0.1790999,0.0320768,0.7924,0.9964,0.6497,0.1292,0.5271
MOD13Q1_061__250m_16_days_NDVI_doy2003065000000_aid0008,_250m_16_days_NDVI,aid0008,2003-03-06,1726026.0,-0.2,0.9843,"(-0.2,0.9843)",0.636862,0.1692229,0.0286364,0.7629,0.9843,0.6487,0.1792,0.5294
MOD13Q1_061__250m_16_days_NDVI_doy2003081000000_aid0008,_250m_16_days_NDVI,aid0008,2003-03-22,1726088.0,-0.2,0.9288,"(-0.2,0.9288)",0.5664791,0.1608414,0.02587,0.6795,0.9288,0.5735,0.1378,0.4628
MOD13Q1_061__250m_16_days_NDVI_doy2003097000000_aid0008,_250m_16_days_NDVI,aid0008,2003-04-07,1725938.0,-0.2,0.9133,"(-0.2,0.9133)",0.4980085,0.1457145,0.0212327,0.5977,0.8965,0.5,0.099,0.3982
MOD13Q1_061__250m_16_days_NDVI_doy2003113000000_aid0008,_250m_16_days_NDVI,aid0008,2003-04-23,1723700.0,-0.2,0.9703,"(-0.2,0.9703)",0.4653782,0.1510704,0.0228223,0.5675,0.8886,0.4608,0.0323,0.3534
MOD13Q1_061__250m_16_days_NDVI_doy2003129000000_aid0008,_250m_16_days_NDVI,aid0008,2003-05-09,1726970.0,-0.2,0.9623,"(-0.2,0.9623)",0.4721366,0.157077,0.0246732,0.5765,0.9069,0.4661,0.0258,0.3562
MOD13Q1_061__250m_16_days_NDVI_doy2003145000000_aid0008,_250m_16_days_NDVI,aid0008,2003-05-25,1726311.0,-0.2,0.9199,"(-0.2,0.9199)",0.4711226,0.1519315,0.0230832,0.5721,0.8905,0.4632,0.0415,0.3598
MOD13Q1_061__250m_16_days_NDVI_doy2003161000000_aid0008,_250m_16_days_NDVI,aid0008,2003-06-10,1725420.0,-0.2,0.9242,"(-0.2,0.9242)",0.4452222,0.1408265,0.0198321,0.5344,0.8171,0.4301,0.0632,0.3459
MOD13Q1_061__250m_16_days_NDVI_doy2003177000000_aid0008,_250m_16_days_NDVI,aid0008,2003-06-26,1726395.0,-0.2,0.9902,"(-0.2,0.9902)",0.4504063,0.1430173,0.0204539,0.5429,0.8325,0.4346,0.0602,0.3498
MOD13Q1_061__250m_16_days_NDVI_doy2003193000000_aid0008,_250m_16_days_NDVI,aid0008,2003-07-12,1725798.0,-0.2,0.9156,"(-0.2,0.9156)",0.4290073,0.1316451,0.0173304,0.513,0.7767,0.4156,0.0735,0.3372
MOD13Q1_061__250m_16_days_NDVI_doy2003209000000_aid0008,_250m_16_days_NDVI,aid0008,2003-07-28,1727261.0,-0.2,0.8925,"(-0.2,0.8925)",0.4101398,0.1236845,0.0152978,0.4858,0.7276,0.3957,0.0828,0.3246
MOD13Q1_061__250m_16_days_NDVI_doy2003225000000_aid0008,_250m_16_days_NDVI,aid0008,2003-08-13,1726804.0,-0.2,0.9335,"(-0.2,0.9335)",0.4137484,0.1374214,0.0188846,0.4969,0.7684,0.3909,0.0444,0.3159
MOD13Q1_061__250m_16_days_NDVI_doy2003241000000_aid0008,_250m_16_days_NDVI,aid0008,2003-08-29,1727456.0,-0.2,0.9285,"(-0.2,0.9285)",0.4037739,0.1423354,0.0202594,0.485,0.7614,0.3734,0.0243,0.3007
MOD13Q1_061__250m_16_days_NDVI_doy2003257000000_aid0008,_250m_16_days_NDVI,aid0008,2003-09-14,1727612.0,-0.2,0.9527,"(-0.2,0.9527)",0.4022203,0.139769,0.0195354,0.4747,0.7349,0.3708,0.041,0.3012
MOD13Q1_061__250m_16_days_NDVI_doy2003273000000_aid0008,_250m_16_days_NDVI,aid0008,2003-09-30,1727828.0,-0.1982,0.939,"(-0.1982,0.939)",0.4073026,0.1461115,0.0213486,0.4885,0.7762,0.3776,0.009,0.2967
MOD13Q1_061__250m_16_days_NDVI_doy2003289000000_aid0008,_250m_16_days_NDVI,aid0008,2003-10-16,1727687.0,-0.2,0.9362,"(-0.2,0.9362)",0.3983449,0.1415543,0.0200376,0.4768,0.7541,0.3685,0.0146,0.2919
MOD13Q1_061__250m_16_days_NDVI_doy2003305000000_aid0008,_250m_16_days_NDVI,aid0008,2003-11-01,1727743.0,-0.1993,0.9047,"(-0.1993,0.9047)",0.3787446,0.1288539,0.0166033,0.4494,0.6991,0.352,0.0332,0.2829
MOD13Q1_061__250m_16_days_NDVI_doy2003321000000_aid0008,_250m_16_days_NDVI,aid0008,2003-11-17,1727874.0,-0.2,0.9378,"(-0.2,0.9378)",0.3792191,0.1287297,0.0165713,0.4498,0.7009,0.3503,0.0313,0.2824
MOD13Q1_061__250m_16_days_NDVI_doy2003337000000_aid0008,_250m_16_days_NDVI,aid0008,2003-12-03,1727852.0,-0.2,0.9091,"(-0.2,0.9091)",0.4043574,0.1416885,0.0200756,0.4918,0.7882,0.3794,-0.0021,0.2942
MOD13Q1_061__250m_16_days_NDVI_doy2003353000000_aid0008,_250m_16_days_NDVI,aid0008,2003-12-19,1727741.0,-0.2,0.9645,"(-0.2,0.9645)",0.4640739,0.1532571,0.0234877,0.5661,0.8914,0.4428,0.024,0.3492
MOD13Q1_061__250m_16_days_NDVI_doy2004001000000_aid0008,_250m_16_days_NDVI,aid0008,2004-01-01,1723824.0,-0.2,0.9665,"(-0.2,0.9665)",0.5624849,0.1628969,0.0265354,0.6842,0.9665,0.5593,0.081,0.4429
MOD13Q1_061__250m_16_days_NDVI_doy2004017000000_aid0008,_250m_16_days_NDVI,aid0008,2004-01-17,1725959.0,-0.2,0.9813,"(-0.2,0.9813)",0.6128441,0.1656578,0.0274425,0.737,0.9813,0.6192,0.1473,0.5011
MOD13Q1_061__250m_16_days_NDVI_doy2004033000000_aid0008,_250m_16_days_NDVI,aid0008,2004-02-02,1726319.0,-0.2,0.9993,"(-0.2,0.9993)",0.7271358,0.1504051,0.0226217,0.8412,0.9993,0.7519,0.3522,0.6456
MOD13Q1_061__250m_16_days_NDVI_doy2004049000000_aid0008,_250m_16_days_NDVI,aid0008,2004-02-18,1727353.0,-0.2,0.9961,"(-0.2,0.9961)",0.7223576,0.1574177,0.0247803,0.8464,0.9961,0.7454,0.3122,0.6327
MOD13Q1_061__250m_16_days_NDVI_doy2004065000000_aid0008,_250m_16_days_NDVI,aid0008,2004-03-05,1727550.0,-0.2,0.9511,"(-0.2,0.9511)",0.7008972,0.1595788,0.0254654,0.8279,0.9511,0.7198,0.2757,0.607
MOD13Q1_061__250m_16_days_NDVI_doy2004081000000_aid0008,_250m_16_days_NDVI,aid0008,2004-03-21,1727510.0,-0.2,0.9498,"(-0.2,0.9498)",0.6378037,0.1545156,0.0238751,0.7542,0.9498,0.6446,0.2207,0.5408
MOD13Q1_061__250m_16_days_NDVI_doy2004097000000_aid0008,_250m_16_days_NDVI,aid0008,2004-04-06,1726893.0,-0.2,0.9911,"(-0.2,0.9911)",0.576776,0.1571536,0.0246973,0.6877,0.9911,0.5857,0.1372,0.4675
MOD13Q1_061__250m_16_days_NDVI_doy2004113000000_aid0008,_250m_16_days_NDVI,aid0008,2004-04-22,1726817.0,-0.2,0.9953,"(-0.2,0.9953)",0.5346204,0.1478055,0.0218465,0.638,0.9444,0.5399,0.1173,0.4297
MOD13Q1_061__250m_16_days_NDVI_doy2004129000000_aid0008,_250m_16_days_NDVI,aid0008,2004-05-08,1726308.0,-0.2,0.9234,"(-0.2,0.9234)",0.4732881,0.1443911,0.0208488,0.5685,0.8704,0.4691,0.0653,0.3672
MOD13Q1_061__250m_16_days_NDVI_doy2004145000000_aid0008,_250m_16_days_NDVI,aid0008,2004-05-24,1724751.0,-0.2,0.9374,"(-0.2,0.9374)",0.4398458,0.1465895,0.0214885,0.5287,0.8227,0.4259,0.0387,0.3327
MOD13Q1_061__250m_16_days_NDVI_doy2004161000000_aid0008,_250m_16_days_NDVI,aid0008,2004-06-09,1725144.0,-0.2,0.9435,"(-0.2,0.9435)",0.4060757,0.1366527,0.018674,0.4834,0.7474,0.3863,0.0434,0.3074
MOD13Q1_061__250m_16_days_NDVI_doy2004177000000_aid0008,_250m_16_days_NDVI,aid0008,2004-06-25,1726674.0,-0.2,0.9205,"(-0.2,0.9205)",0.4195052,0.1384029,0.0191554,0.4992,0.7687,0.397,0.05,0.3195
MOD13Q1_061__250m_16_days_NDVI_doy2004193000000_aid0008,_250m_16_days_NDVI,aid0008,2004-07-11,1726781.0,-0.2,0.9631,"(-0.2,0.9631)",0.38839,0.1267969,0.0160775,0.4578,0.6937,0.3678,0.0646,0.3005
MOD13Q1_061__250m_16_days_NDVI_doy2004209000000_aid0008,_250m_16_days_NDVI,aid0008,2004-07-27,1724745.0,-0.2,0.9553,"(-0.2,0.9553)",0.4672151,0.1507331,0.0227205,0.5653,0.8725,0.4521,0.0533,0.3605
MOD13Q1_061__250m_16_days_NDVI_doy2004225000000_aid0008,_250m_16_days_NDVI,aid0008,2004-08-12,1725446.0,-0.2,0.9359,"(-0.2,0.9359)",0.487838,0.1629642,0.0265573,0.5997,0.9359,0.4771,0.0292,0.3715
MOD13Q1_061__250m_16_days_NDVI_doy2004241000000_aid0008,_250m_16_days_NDVI,aid0008,2004-08-28,1726783.0,-0.1995,0.994,"(-0.1995,0.994)",0.5217647,0.169765,0.0288202,0.647,0.994,0.5191,0.0115,0.3928
MOD13Q1_061__250m_16_days_NDVI_doy2004257000000_aid0008,_250m_16_days_NDVI,aid0008,2004-09-13,1727044.0,-0.1996,0.9623,"(-0.1996,0.9623)",0.4987507,0.1768593,0.0312792,0.6244,0.9623,0.4864,-0.0426,0.3576
MOD13Q1_061__250m_16_days_NDVI_doy2004273000000_aid0008,_250m_16_days_NDVI,aid0008,2004-09-29,1727314.0,-0.2,0.9961,"(-0.2,0.9961)",0.5044871,0.1692446,0.0286437,0.6205,0.9961,0.5025,-0.0152,0.3662
MOD13Q1_061__250m_16_days_NDVI_doy2004289000000_aid0008,_250m_16_days_NDVI,aid0008,2004-10-15,1727490.0,-0.1992,0.9912,"(-0.1992,0.9912)",0.4979861,0.174116,0.0303164,0.6255,0.9912,0.4981,-0.0645,0.3495
MOD13Q1_061__250m_16_days_NDVI_doy2004305000000_aid0008,_250m_16_days_NDVI,aid0008,2004-10-31,1727599.0,-0.2,0.9213,"(-0.2,0.9213)",0.4776019,0.1633855,0.0266948,0.6017,0.9213,0.4703,-0.0523,0.3401
MOD13Q1_061__250m_16_days_NDVI_doy2004321000000_aid0008,_250m_16_days_NDVI,aid0008,2004-11-16,1726793.0,-0.2,0.9894,"(-0.2,0.9894)",0.5406496,0.150288,0.0225865,0.6485,0.9676,0.542,0.1133,0.4344
MOD13Q1_061__250m_16_days_NDVI_doy2004337000000_aid0008,_250m_16_days_NDVI,aid0008,2004-12-02,1727397.0,-0.2,0.985,"(-0.2,0.985)",0.5879692,0.1656435,0.0274378,0.713,0.985,0.603,0.1223,0.4767
MOD13Q1_061__250m_16_days_NDVI_doy2004353000000_aid0008,_250m_16_days_NDVI,aid0008,2004-12-18,1727367.0,-0.2,0.9922,"(-0.2,0.9922)",0.6369087,0.1642862,0.02699,0.7664,0.9922,0.6562,0.1844,0.5336
MOD13Q1_061__250m_16_days_NDVI_doy2005001000000_aid0008,_250m_16_days_NDVI,aid0008,2005-01-01,1727367.0,-0.2,0.9972,"(-0.2,0.9972)",0.7306327,0.1479478,0.0218885,0.8424,0.9972,0.7579,0.3597,0.6493
MOD13Q1_061__250m_16_days_NDVI_doy2005017000000_aid0008,_250m_16_days_NDVI,aid0008,2005-01-17,1727626.0,-0.1998,0.9981,"(-0.1998,0.9981)",0.7317329,0.1489852,0.0221966,0.843,0.9981,0.7556,0.352,0.6466
MOD13Q1_061__250m_16_days_NDVI_doy2005033000000_aid0008,_250m_16_days_NDVI,aid0008,2005-02-02,1727471.0,-0.2,0.9958,"(-0.2,0.9958)",0.7400668,0.1468614,0.0215683,0.856,0.9958,0.7621,0.356,0.656
MOD13Q1_061__250m_16_days_NDVI_doy2005049000000_aid0008,_250m_16_days_NDVI,aid0008,2005-02-18,1727619.0,-0.1997,0.993,"(-0.1997,0.993)",0.7191822,0.1499466,0.022484,0.842,0.993,0.7381,0.3015,0.6258
MOD13Q1_061__250m_16_days_NDVI_doy2005065000000_aid0008,_250m_16_days_NDVI,aid0008,2005-03-06,1727413.0,-0.1989,0.9947,"(-0.1989,0.9947)",0.6734831,0.1612376,0.0259976,0.7996,0.9947,0.6857,0.2314,0.5723
MOD13Q1_061__250m_16_days_NDVI_doy2005081000000_aid0008,_250m_16_days_NDVI,aid0008,2005-03-22,1727386.0,-0.2,0.9937,"(-0.2,0.9937)",0.5874408,0.1625913,0.0264359,0.7071,0.9937,0.5916,0.1316,0.4769
MOD13Q1_061__250m_16_days_NDVI_doy2005097000000_aid0008,_250m_16_days_NDVI,aid0008,2005-04-07,1727081.0,-0.2,0.996,"(-0.2,0.996)",0.5003981,0.1494775,0.0223435,0.6018,0.9183,0.4945,0.0688,0.3886
MOD13Q1_061__250m_16_days_NDVI_doy2005113000000_aid0008,_250m_16_days_NDVI,aid0008,2005-04-23,1726815.0,-0.2,0.9031,"(-0.2,0.9031)",0.427362,0.1367132,0.0186905,0.5091,0.7878,0.4082,0.0446,0.3233
MOD13Q1_061__250m_16_days_NDVI_doy2005129000000_aid0008,_250m_16_days_NDVI,aid0008,2005-05-09,1725807.0,-0.2,0.9016,"(-0.2,0.9016)",0.3883155,0.1268471,0.0160902,0.4587,0.7063,0.3613,0.046,0.2936
MOD13Q1_061__250m_16_days_NDVI_doy2005145000000_aid0008,_250m_16_days_NDVI,aid0008,2005-05-25,1726867.0,-0.2,0.9992,"(-0.2,0.9992)",0.3695414,0.1183075,0.0139967,0.4329,0.6571,0.3434,0.0592,0.2834
MOD13Q1_061__250m_16_days_NDVI_doy2005161000000_aid0008,_250m_16_days_NDVI,aid0008,2005-06-10,1727317.0,-0.2,0.9796,"(-0.2,0.9796)",0.3429222,0.1101382,0.0121304,0.4012,0.6014,0.3232,0.0675,0.2677
MOD13Q1_061__250m_16_days_NDVI_doy2005177000000_aid0008,_250m_16_days_NDVI,aid0008,2005-06-26,1726268.0,-0.2,0.9493,"(-0.2,0.9493)",0.3852108,0.1222624,0.0149481,0.4521,0.6871,0.3631,0.0604,0.2954
MOD13Q1_061__250m_16_days_NDVI_doy2005193000000_aid0008,_250m_16_days_NDVI,aid0008,2005-07-12,1726689.0,-0.2,0.9314,"(-0.2,0.9314)",0.4070179,0.1253768,0.0157194,0.477,0.7201,0.382,0.0718,0.3149
MOD13Q1_061__250m_16_days_NDVI_doy2005209000000_aid0008,_250m_16_days_NDVI,aid0008,2005-07-28,1727105.0,-0.2,0.9196,"(-0.2,0.9196)",0.3853639,0.1353112,0.0183091,0.4604,0.7245,0.3551,0.0202,0.2843
MOD13Q1_061__250m_16_days_NDVI_doy2005225000000_aid0008,_250m_16_days_NDVI,aid0008,2005-08-13,1727193.0,-0.1994,0.9354,"(-0.1994,0.9354)",0.4064892,0.1461593,0.0213626,0.4884,0.7791,0.3699,0.0039,0.2946
MOD13Q1_061__250m_16_days_NDVI_doy2005241000000_aid0008,_250m_16_days_NDVI,aid0008,2005-08-29,1726993.0,-0.2,0.958,"(-0.2,0.958)",0.4132953,0.1597354,0.0255154,0.5044,0.8281,0.3704,-0.0351,0.2886
MOD13Q1_061__250m_16_days_NDVI_doy2005257000000_aid0008,_250m_16_days_NDVI,aid0008,2005-09-14,1727257.0,-0.2,0.9347,"(-0.2,0.9347)",0.4152629,0.1640672,0.0269181,0.5116,0.851,0.3716,-0.0541,0.2853
MOD13Q1_061__250m_16_days_NDVI_doy2005273000000_aid0008,_250m_16_days_NDVI,aid0008,2005-09-30,1727739.0,-0.1986,0.9621,"(-0.1986,0.9621)",0.4313452,0.1697546,0.0288166,0.5387,0.9087,0.3928,-0.078,0.292
MOD13Q1_061__250m_16_days_NDVI_doy2005289000000_aid0008,_250m_16_days_NDVI,aid0008,2005-10-16,1727588.0,-0.1991,0.935,"(-0.1991,0.935)",0.4253298,0.1573888,0.0247712,0.523,0.8614,0.3945,-0.041,0.2974
MOD13Q1_061__250m_16_days_NDVI_doy2005305000000_aid0008,_250m_16_days_NDVI,aid0008,2005-11-01,1727862.0,-0.1992,0.9266,"(-0.1992,0.9266)",0.4331342,0.1453388,0.0211234,0.5279,0.843,0.4127,0.0027,0.3178
MOD13Q1_061__250m_16_days_NDVI_doy2005321000000_aid0008,_250m_16_days_NDVI,aid0008,2005-11-17,1727508.0,-0.2,0.93,"(-0.2,0.93)",0.4829848,0.1429667,0.0204395,0.5849,0.9013,0.4778,0.0569,0.3737
MOD13Q1_061__250m_16_days_NDVI_doy2005337000000_aid0008,_250m_16_days_NDVI,aid0008,2005-12-03,1725697.0,-0.2,0.9333,"(-0.2,0.9333)",0.5055841,0.1495164,0.0223551,0.6021,0.9073,0.4981,0.0934,0.3986
MOD13Q1_061__250m_16_days_NDVI_doy2005353000000_aid0008,_250m_16_days_NDVI,aid0008,2005-12-19,1727033.0,-0.2,0.9635,"(-0.2,0.9635)",0.5621596,0.1640782,0.0269217,0.6827,0.9635,0.5495,0.089,0.4452
MOD13Q1_061__250m_16_days_NDVI_doy2006001000000_aid0008,_250m_16_days_NDVI,aid0008,2006-01-01,1727259.0,-0.2,0.9886,"(-0.2,0.9886)",0.5729965,0.1654886,0.0273865,0.7022,0.9886,0.5615,0.0727,0.4504
MOD13Q1_061__250m_16_days_NDVI_doy2006017000000_aid0008,_250m_16_days_NDVI,aid0008,2006-01-17,1727563.0,-0.2,0.9867,"(-0.2,0.9867)",0.6861177,0.1608287,0.0258659,0.8129,0.9867,0.7065,0.2347,0.5816
MOD13Q1_061__250m_16_days_NDVI_doy2006033000000_aid0008,_250m_16_days_NDVI,aid0008,2006-02-02,1727363.0,-0.2,0.998,"(-0.2,0.998)",0.731423,0.1599406,0.025581,0.8577,0.998,0.7636,0.3102,0.6387
MOD13Q1_061__250m_16_days_NDVI_doy2006049000000_aid0008,_250m_16_days_NDVI,aid0008,2006-02-18,1726559.0,-0.2,0.993,"(-0.2,0.993)",0.6833327,0.1586182,0.0251597,0.81,0.993,0.6972,0.2365,0.5806
MOD13Q1_061__250m_16_days_NDVI_doy2006065000000_aid0008,_250m_16_days_NDVI,aid0008,2006-03-06,1727279.0,-0.2,0.9649,"(-0.2,0.9649)",0.6298673,0.1562405,0.0244111,0.7496,0.9649,0.6405,0.1889,0.5253
MOD13Q1_061__250m_16_days_NDVI_doy2006081000000_aid0008,_250m_16_days_NDVI,aid0008,2006-03-22,1726704.0,-0.2,0.9607,"(-0.2,0.9607)",0.5488864,0.1593197,0.0253828,0.6694,0.9607,0.5484,0.0639,0.4272
MOD13Q1_061__250m_16_days_NDVI_doy2006097000000_aid0008,_250m_16_days_NDVI,aid0008,2006-04-07,1725849.0,-0.2,0.9901,"(-0.2,0.9901)",0.5373542,0.1605116,0.025764,0.657,0.9901,0.535,0.0473,0.4131
MOD13Q1_061__250m_16_days_NDVI_doy2006113000000_aid0008,_250m_16_days_NDVI,aid0008,2006-04-23,1725815.0,-0.2,0.9201,"(-0.2,0.9201)",0.4848571,0.1547983,0.0239625,0.5948,0.9201,0.4728,0.0056,0.3591
MOD13Q1_061__250m_16_days_NDVI_doy2006129000000_aid0008,_250m_16_days_NDVI,aid0008,2006-05-09,1724932.0,-0.2,0.9873,"(-0.2,0.9873)",0.4232909,0.1385052,0.0191837,0.5117,0.8103,0.4025,0.014,0.3126
MOD13Q1_061__250m_16_days_NDVI_doy2006145000000_aid0008,_250m_16_days_NDVI,aid0008,2006-05-25,1725687.0,-0.2,0.9124,"(-0.2,0.9124)",0.3673534,0.1106013,0.0122327,0.4281,0.6409,0.3447,0.0735,0.2862
MOD13Q1_061__250m_16_days_NDVI_doy2006161000000_aid0008,_250m_16_days_NDVI,aid0008,2006-06-10,1725915.0,-0.2,0.9546,"(-0.2,0.9546)",0.3847482,0.1178596,0.0138909,0.4478,0.6713,0.36,0.0753,0.2988
MOD13Q1_061__250m_16_days_NDVI_doy2006177000000_aid0008,_250m_16_days_NDVI,aid0008,2006-06-26,1727005.0,-0.2,0.9466,"(-0.2,0.9466)",0.3835521,0.1181609,0.013962,0.4474,0.6721,0.3617,0.0729,0.2976
MOD13Q1_061__250m_16_days_NDVI_doy2006193000000_aid0008,_250m_16_days_NDVI,aid0008,2006-07-12,1727159.0,-0.1998,0.9283,"(-0.1998,0.9283)",0.4006252,0.1278208,0.0163382,0.4736,0.7263,0.3788,0.0524,0.3051
MOD13Q1_061__250m_16_days_NDVI_doy2006209000000_aid0008,_250m_16_days_NDVI,aid0008,2006-07-28,1727371.0,-0.2,0.9258,"(-0.2,0.9258)",0.3929282,0.126138,0.0159108,0.4657,0.721,0.3704,0.0402,0.2955
MOD13Q1_061__250m_16_days_NDVI_doy2006225000000_aid0008,_250m_16_days_NDVI,aid0008,2006-08-13,1727171.0,-0.2,0.9292,"(-0.2,0.9292)",0.365606,0.121242,0.0146996,0.4265,0.6504,0.3372,0.0533,0.2772
MOD13Q1_061__250m_16_days_NDVI_doy2006241000000_aid0008,_250m_16_days_NDVI,aid0008,2006-08-29,1727613.0,-0.2,0.9058,"(-0.2,0.9058)",0.3557913,0.1206847,0.0145648,0.4084,0.6151,0.3235,0.0639,0.2706
MOD13Q1_061__250m_16_days_NDVI_doy2006257000000_aid0008,_250m_16_days_NDVI,aid0008,2006-09-14,1727698.0,-0.1997,0.951,"(-0.1997,0.951)",0.365759,0.1301313,0.0169342,0.4219,0.6467,0.3322,0.0472,0.272
MOD13Q1_061__250m_16_days_NDVI_doy2006273000000_aid0008,_250m_16_days_NDVI,aid0008,2006-09-30,1727874.0,-0.1987,0.9514,"(-0.1987,0.9514)",0.4140393,0.1456664,0.0212187,0.4974,0.7984,0.3839,-0.0043,0.2967
MOD13Q1_061__250m_16_days_NDVI_doy2006289000000_aid0008,_250m_16_days_NDVI,aid0008,2006-10-16,1727850.0,-0.2,0.991,"(-0.2,0.991)",0.4136739,0.1512328,0.0228714,0.5098,0.8444,0.3847,-0.0472,0.2867
MOD13Q1_061__250m_16_days_NDVI_doy2006305000000_aid0008,_250m_16_days_NDVI,aid0008,2006-11-01,1727853.0,-0.2,0.9145,"(-0.2,0.9145)",0.4368686,0.149456,0.0223371,0.5378,0.8732,0.4144,-0.0212,0.3142
MOD13Q1_061__250m_16_days_NDVI_doy2006321000000_aid0008,_250m_16_days_NDVI,aid0008,2006-11-17,1727290.0,-0.2,0.9292,"(-0.2,0.9292)",0.4629773,0.1431281,0.0204857,0.5615,0.8754,0.4497,0.0383,0.3522
MOD13Q1_061__250m_16_days_NDVI_doy2006337000000_aid0008,_250m_16_days_NDVI,aid0008,2006-12-03,1727541.0,-0.2,0.9436,"(-0.2,0.9436)",0.5533961,0.1579446,0.0249465,0.6663,0.9436,0.5513,0.0991,0.4394
MOD13Q1_061__250m_16_days_NDVI_doy2006353000000_aid0008,_250m_16_days_NDVI,aid0008,2006-12-19,1727710.0,-0.2,0.9622,"(-0.2,0.9622)",0.6736575,0.1625483,0.0264219,0.8068,0.9622,0.6904,0.2038,0.5656
MOD13Q1_061__250m_16_days_NDVI_doy2007001000000_aid0008,_250m_16_days_NDVI,aid0008,2007-01-01,1727760.0,-0.1997,0.998,"(-0.1997,0.998)",0.7343813,0.143034,0.0204587,0.8474,0.998,0.7647,0.3534,0.6498
MOD13Q1_061__250m_16_days_NDVI_doy2007017000000_aid0008,_250m_16_days_NDVI,aid0008,2007-01-17,1727812.0,-0.2,0.9923,"(-0.2,0.9923)",0.7767421,0.1464379,0.0214441,0.8902,0.9923,0.8183,0.4055,0.6963
MOD13Q1_061__250m_16_days_NDVI_doy2007033000000_aid0008,_250m_16_days_NDVI,aid0008,2007-02-02,1727752.0,-0.1969,0.9995,"(-0.1969,0.9995)",0.7775447,0.1470789,0.0216322,0.8978,0.9995,0.8147,0.3861,0.6931
MOD13Q1_061__250m_16_days_NDVI_doy2007049000000_aid0008,_250m_16_days_NDVI,aid0008,2007-02-18,1727571.0,-0.2,0.9921,"(-0.2,0.9921)",0.757564,0.1495923,0.0223778,0.8826,0.9921,0.7903,0.3421,0.6664
MOD13Q1_061__250m_16_days_NDVI_doy2007065000000_aid0008,_250m_16_days_NDVI,aid0008,2007-03-06,1727091.0,-0.2,0.9993,"(-0.2,0.9993)",0.6950174,0.1588355,0.0252287,0.8222,0.9993,0.7165,0.2642,0.599
MOD13Q1_061__250m_16_days_NDVI_doy2007081000000_aid0008,_250m_16_days_NDVI,aid0008,2007-03-22,1725788.0,-0.2,0.9914,"(-0.2,0.9914)",0.6047026,0.1652826,0.0273183,0.7287,0.9914,0.618,0.1322,0.4901
MOD13Q1_061__250m_16_days_NDVI_doy2007097000000_aid0008,_250m_16_days_NDVI,aid0008,2007-04-07,1726430.0,-0.2,0.9681,"(-0.2,0.9681)",0.5029153,0.1485867,0.022078,0.6114,0.9399,0.4954,0.0559,0.3892
MOD13Q1_061__250m_16_days_NDVI_doy2007113000000_aid0008,_250m_16_days_NDVI,aid0008,2007-04-23,1725742.0,-0.2,0.9116,"(-0.2,0.9116)",0.4868446,0.1513515,0.0229073,0.5982,0.9116,0.4781,0.0227,0.368
MOD13Q1_061__250m_16_days_NDVI_doy2007129000000_aid0008,_250m_16_days_NDVI,aid0008,2007-05-09,1725928.0,-0.2,0.9003,"(-0.2,0.9003)",0.4101474,0.137596,0.0189327,0.5022,0.8014,0.3875,0.0035,0.3027
MOD13Q1_061__250m_16_days_NDVI_doy2007145000000_aid0008,_250m_16_days_NDVI,aid0008,2007-05-25,1724245.0,-0.2,0.9012,"(-0.2,0.9012)",0.3704631,0.1191514,0.0141971,0.4383,0.6709,0.3464,0.0506,0.2832
MOD13Q1_061__250m_16_days_NDVI_doy2007161000000_aid0008,_250m_16_days_NDVI,aid0008,2007-06-10,1722831.0,-0.2,0.9245,"(-0.2,0.9245)",0.3577691,0.0992793,0.0098564,0.4098,0.5901,0.3396,0.1093,0.2896
MOD13Q1_061__250m_16_days_NDVI_doy2007177000000_aid0008,_250m_16_days_NDVI,aid0008,2007-06-26,1721469.0,-0.2,0.9039,"(-0.2,0.9039)",0.348957,0.1038902,0.0107932,0.399,0.5815,0.3268,0.0948,0.2773
MOD13Q1_061__250m_16_days_NDVI_doy2007193000000_aid0008,_250m_16_days_NDVI,aid0008,2007-07-12,1725951.0,-0.2,0.9087,"(-0.2,0.9087)",0.3320888,0.1014946,0.0103011,0.37745,0.5429,0.3113,0.1016,0.2671
MOD13Q1_061__250m_16_days_NDVI_doy2007209000000_aid0008,_250m_16_days_NDVI,aid0008,2007-07-28,1723428.0,-0.2,0.8822,"(-0.2,0.8822)",0.3284129,0.0926266,0.0085797,0.3715,0.5272,0.3107,0.112,0.2677
MOD13Q1_061__250m_16_days_NDVI_doy2007225000000_aid0008,_250m_16_days_NDVI,aid0008,2007-08-13,1724073.0,-0.2,0.8806,"(-0.2,0.8806)",0.3310855,0.0942375,0.0088807,0.3781,0.5437,0.3144,0.1021,0.2677
MOD13Q1_061__250m_16_days_NDVI_doy2007241000000_aid0008,_250m_16_days_NDVI,aid0008,2007-08-29,1726744.0,-0.2,0.8646,"(-0.2,0.8646)",0.3382967,0.0979833,0.0096007,0.3863,0.5555,0.3206,0.1043,0.2735
MOD13Q1_061__250m_16_days_NDVI_doy2007257000000_aid0008,_250m_16_days_NDVI,aid0008,2007-09-14,1726105.0,-0.2,0.9474,"(-0.2,0.9474)",0.4440894,0.161776,0.0261715,0.55,0.9001,0.4223,-0.0335,0.3166
MOD13Q1_061__250m_16_days_NDVI_doy2007273000000_aid0008,_250m_16_days_NDVI,aid0008,2007-09-30,1727791.0,-0.2,0.9993,"(-0.2,0.9993)",0.4707873,0.1728999,0.0298944,0.5955,0.9993,0.449,-0.0807,0.325
MOD13Q1_061__250m_16_days_NDVI_doy2007289000000_aid0008,_250m_16_days_NDVI,aid0008,2007-10-16,1727800.0,-0.1996,0.9659,"(-0.1996,0.9659)",0.4992764,0.1931107,0.0372917,0.6473,0.9659,0.478,-0.1497,0.3285
MOD13Q1_061__250m_16_days_NDVI_doy2007305000000_aid0008,_250m_16_days_NDVI,aid0008,2007-11-01,1727539.0,-0.2,0.9411,"(-0.2,0.9411)",0.4936257,0.1753142,0.0307351,0.6227,0.9411,0.4754,-0.0615,0.349
MOD13Q1_061__250m_16_days_NDVI_doy2007321000000_aid0008,_250m_16_days_NDVI,aid0008,2007-11-17,1727794.0,-0.2,0.9196,"(-0.2,0.9196)",0.4647649,0.1414426,0.020006,0.565,0.88,0.4567,0.0398,0.3549
MOD13Q1_061__250m_16_days_NDVI_doy2007337000000_aid0008,_250m_16_days_NDVI,aid0008,2007-12-03,1727895.0,-0.1996,0.9201,"(-0.1996,0.9201)",0.4880253,0.1436732,0.020642,0.5793,0.8739,0.4741,0.0883,0.3829
MOD13Q1_061__250m_16_days_NDVI_doy2007353000000_aid0008,_250m_16_days_NDVI,aid0008,2007-12-19,1727833.0,-0.2,0.9537,"(-0.2,0.9537)",0.5647969,0.1712279,0.029319,0.7002,0.9537,0.5603,0.05,0.4401
MOD13Q1_061__250m_16_days_NDVI_doy2000049000000_aid0009,_250m_16_days_NDVI,aid0009,2000-02-18,2014373.0,-0.1991,0.9849,"(-0.1991,0.9849)",0.566069,0.1177807,0.0138723,0.6411,0.8769,0.5616,0.2481,0.4839
MOD13Q1_061__250m_16_days_NDVI_doy2000065000000_aid0009,_250m_16_days_NDVI,aid0009,2000-03-05,2014258.0,-0.1994,0.9993,"(-0.1994,0.9993)",0.557875,0.1146381,0.0131419,0.6256,0.839,0.5532,0.2699,0.4833
MOD13Q1_061__250m_16_days_NDVI_doy2000081000000_aid0009,_250m_16_days_NDVI,aid0009,2000-03-21,2013951.0,-0.2,0.998,"(-0.2,0.998)",0.5292133,0.1061064,0.0112586,0.595,0.7979,0.5254,0.2568,0.4597
MOD13Q1_061__250m_16_days_NDVI_doy2000097000000_aid0009,_250m_16_days_NDVI,aid0009,2000-04-06,2014052.0,-0.2,0.9866,"(-0.2,0.9866)",0.4966777,0.1019179,0.0103872,0.5613,0.7552,0.4916,0.2381,0.432
MOD13Q1_061__250m_16_days_NDVI_doy2000113000000_aid0009,_250m_16_days_NDVI,aid0009,2000-04-22,2014045.0,-0.2,0.9776,"(-0.2,0.9776)",0.4871085,0.0955345,0.0091268,0.5444,0.7229,0.4799,0.2469,0.4254
MOD13Q1_061__250m_16_days_NDVI_doy2000129000000_aid0009,_250m_16_days_NDVI,aid0009,2000-05-08,2014049.0,-0.2,0.9938,"(-0.2,0.9938)",0.4668833,0.0952097,0.0090649,0.5204,0.6929,0.4587,0.2329,0.4054
MOD13Q1_061__250m_16_days_NDVI_doy2000145000000_aid0009,_250m_16_days_NDVI,aid0009,2000-05-24,2013984.0,-0.2,0.9931,"(-0.2,0.9931)",0.4348426,0.0970091,0.0094108,0.4845,0.6526,0.4249,0.2043,0.3724
MOD13Q1_061__250m_16_days_NDVI_doy2000161000000_aid0009,_250m_16_days_NDVI,aid0009,2000-06-09,2013935.0,-0.2,0.9908,"(-0.2,0.9908)",0.4226864,0.0962245,0.0092592,0.4664,0.6239,0.4106,0.2039,0.3614
MOD13Q1_061__250m_16_days_NDVI_doy2000177000000_aid0009,_250m_16_days_NDVI,aid0009,2000-06-25,2013965.0,-0.1974,0.9105,"(-0.1974,0.9105)",0.3974924,0.0902241,0.0081404,0.4373,0.582,0.3835,0.1961,0.3408
MOD13Q1_061__250m_16_days_NDVI_doy2000193000000_aid0009,_250m_16_days_NDVI,aid0009,2000-07-11,2013604.0,-0.2,0.9368,"(-0.2,0.9368)",0.3601872,0.0844509,0.007132,0.3964,0.5306,0.3477,0.1727,0.3069
MOD13Q1_061__250m_16_days_NDVI_doy2000209000000_aid0009,_250m_16_days_NDVI,aid0009,2000-07-27,2014017.0,-0.2,0.9216,"(-0.2,0.9216)",0.3341754,0.0756543,0.0057236,0.3644,0.479,0.3216,0.1734,0.288
MOD13Q1_061__250m_16_days_NDVI_doy2000225000000_aid0009,_250m_16_days_NDVI,aid0009,2000-08-12,2014294.0,-0.2,0.9609,"(-0.2,0.9609)",0.3329257,0.0894322,0.0079981,0.3655,0.4963,0.3138,0.1475,0.2783
MOD13Q1_061__250m_16_days_NDVI_doy2000241000000_aid0009,_250m_16_days_NDVI,aid0009,2000-08-28,2014012.0,-0.2,0.8831,"(-0.2,0.8831)",0.3309136,0.0898497,0.008073,0.3613,0.4894,0.3101,0.1478,0.2759
MOD13Q1_061__250m_16_days_NDVI_doy2000257000000_aid0009,_250m_16_days_NDVI,aid0009,2000-09-13,2014052.0,-0.2,0.9134,"(-0.2,0.9134)",0.337082,0.0926688,0.0085875,0.3692,0.5037,0.3154,0.145,0.2795
MOD13Q1_061__250m_16_days_NDVI_doy2000273000000_aid0009,_250m_16_days_NDVI,aid0009,2000-09-29,2014769.0,-0.2,0.9867,"(-0.2,0.9867)",0.3512059,0.0946494,0.0089585,0.3903,0.5388,0.3302,0.1428,0.2913
MOD13Q1_061__250m_16_days_NDVI_doy2000289000000_aid0009,_250m_16_days_NDVI,aid0009,2000-10-15,2014665.0,-0.2,0.9179,"(-0.2,0.9179)",0.4163059,0.104626,0.0109466,0.4704,0.6492,0.3987,0.1724,0.3512
MOD13Q1_061__250m_16_days_NDVI_doy2000305000000_aid0009,_250m_16_days_NDVI,aid0009,2000-10-31,2014704.0,-0.2,0.9522,"(-0.2,0.9522)",0.4750369,0.1126995,0.0127012,0.5389,0.7378,0.4653,0.2074,0.4063
MOD13Q1_061__250m_16_days_NDVI_doy2000321000000_aid0009,_250m_16_days_NDVI,aid0009,2000-11-16,2014689.0,-0.2,0.9978,"(-0.2,0.9978)",0.4588739,0.1115275,0.0124384,0.5237,0.7302,0.4468,0.1795,0.386
MOD13Q1_061__250m_16_days_NDVI_doy2000337000000_aid0009,_250m_16_days_NDVI,aid0009,2000-12-02,2015661.0,-0.2,0.9764,"(-0.2,0.9764)",0.45744,0.1162165,0.0135063,0.5315,0.7635,0.4445,0.1448,0.3768
MOD13Q1_061__250m_16_days_NDVI_doy2000353000000_aid0009,_250m_16_days_NDVI,aid0009,2000-12-18,2015430.0,-0.1993,0.9404,"(-0.1993,0.9404)",0.4690094,0.123385,0.0152239,0.5506,0.812,0.4598,0.1149,0.3763
MOD13Q1_061__250m_16_days_NDVI_doy2001001000000_aid0009,_250m_16_days_NDVI,aid0009,2001-01-01,2015387.0,-0.1974,0.9457,"(-0.1974,0.9457)",0.4861999,0.1342192,0.0180148,0.5748,0.85,0.4785,0.1161,0.3913
MOD13Q1_061__250m_16_days_NDVI_doy2001017000000_aid0009,_250m_16_days_NDVI,aid0009,2001-01-17,2015727.0,-0.199,0.9825,"(-0.199,0.9825)",0.525398,0.1421083,0.0201948,0.6216,0.913,0.5214,0.1359,0.4273
MOD13Q1_061__250m_16_days_NDVI_doy2001033000000_aid0009,_250m_16_days_NDVI,aid0009,2001-02-02,2015873.0,-0.2,0.9885,"(-0.2,0.9885)",0.5029885,0.1464888,0.021459,0.6005,0.8982,0.492,0.1043,0.402
MOD13Q1_061__250m_16_days_NDVI_doy2001049000000_aid0009,_250m_16_days_NDVI,aid0009,2001-02-18,2015142.0,-0.2,0.9868,"(-0.2,0.9868)",0.4891004,0.133644,0.0178607,0.5742,0.8355,0.4831,0.1387,0.4
MOD13Q1_061__250m_16_days_NDVI_doy2001065000000_aid0009,_250m_16_days_NDVI,aid0009,2001-03-06,2014699.0,-0.2,0.9966,"(-0.2,0.9966)",0.5171496,0.1365892,0.0186566,0.6116,0.8874,0.5208,0.1519,0.4277
MOD13Q1_061__250m_16_days_NDVI_doy2001081000000_aid0009,_250m_16_days_NDVI,aid0009,2001-03-22,2014055.0,-0.2,0.9805,"(-0.2,0.9805)",0.5333212,0.1281975,0.0164346,0.6238,0.8843,0.5377,0.1896,0.4501
MOD13Q1_061__250m_16_days_NDVI_doy2001097000000_aid0009,_250m_16_days_NDVI,aid0009,2001-04-07,2013810.0,-0.2,0.9909,"(-0.2,0.9909)",0.5454294,0.1178797,0.0138956,0.629,0.8678,0.5491,0.231,0.4698
MOD13Q1_061__250m_16_days_NDVI_doy2001113000000_aid0009,_250m_16_days_NDVI,aid0009,2001-04-23,2013640.0,-0.2,0.9122,"(-0.2,0.9122)",0.5148595,0.1142135,0.0130447,0.594,0.8221,0.5161,0.2138,0.4419
MOD13Q1_061__250m_16_days_NDVI_doy2001129000000_aid0009,_250m_16_days_NDVI,aid0009,2001-05-09,2014406.0,-0.2,0.9836,"(-0.2,0.9836)",0.4437403,0.109913,0.0120809,0.5216,0.7506,0.4386,0.1399,0.3689
MOD13Q1_061__250m_16_days_NDVI_doy2001145000000_aid0009,_250m_16_days_NDVI,aid0009,2001-05-25,2014000.0,-0.1986,0.9921,"(-0.1986,0.9921)",0.4459853,0.1059132,0.0112176,0.5161,0.73,0.4406,0.1596,0.3735
MOD13Q1_061__250m_16_days_NDVI_doy2001161000000_aid0009,_250m_16_days_NDVI,aid0009,2001-06-10,2010649.0,-0.2,0.9989,"(-0.2,0.9989)",0.2462643,0.1676067,0.028092,0.3645,0.7605,0.2291,-0.2,0.1005
MOD13Q1_061__250m_16_days_NDVI_doy2001177000000_aid0009,_250m_16_days_NDVI,aid0009,2001-06-26,2015637.0,-0.2,0.8728,"(-0.2,0.8728)",0.3644866,0.0840614,0.0070663,0.4093,0.5561,0.3565,0.1646,0.3114
MOD13Q1_061__250m_16_days_NDVI_doy2001193000000_aid0009,_250m_16_days_NDVI,aid0009,2001-07-12,2014051.0,-0.2,0.9115,"(-0.2,0.9115)",0.3621188,0.0815929,0.0066574,0.4053,0.5484,0.3519,0.1668,0.3099
MOD13Q1_061__250m_16_days_NDVI_doy2001209000000_aid0009,_250m_16_days_NDVI,aid0009,2001-07-28,2014087.0,-0.2,0.9446,"(-0.2,0.9446)",0.3480308,0.0807943,0.0065277,0.3892,0.5306,0.3355,0.1535,0.2949
MOD13Q1_061__250m_16_days_NDVI_doy2001225000000_aid0009,_250m_16_days_NDVI,aid0009,2001-08-13,2014001.0,-0.2,0.9185,"(-0.2,0.9185)",0.3416292,0.0806216,0.0064998,0.3798,0.5158,0.3289,0.1531,0.2891
MOD13Q1_061__250m_16_days_NDVI_doy2001241000000_aid0009,_250m_16_days_NDVI,aid0009,2001-08-29,2014126.0,-0.2,0.903,"(-0.2,0.903)",0.3502513,0.0857291,0.0073495,0.3911,0.5373,0.3365,0.1474,0.2936
MOD13Q1_061__250m_16_days_NDVI_doy2001257000000_aid0009,_250m_16_days_NDVI,aid0009,2001-09-14,2015382.0,-0.2,0.9719,"(-0.2,0.9719)",0.3417392,0.0849274,0.0072127,0.3818,0.5252,0.3288,0.1428,0.2862
MOD13Q1_061__250m_16_days_NDVI_doy2001273000000_aid0009,_250m_16_days_NDVI,aid0009,2001-09-30,2014016.0,-0.2,0.9299,"(-0.2,0.9299)",0.3812076,0.0942693,0.0088867,0.4301,0.5964,0.3709,0.1529,0.3192
MOD13Q1_061__250m_16_days_NDVI_doy2001289000000_aid0009,_250m_16_days_NDVI,aid0009,2001-10-16,2014061.0,-0.1989,0.9647,"(-0.1989,0.9647)",0.4691712,0.1144621,0.0131016,0.5412,0.7612,0.4625,0.1745,0.3945
MOD13Q1_061__250m_16_days_NDVI_doy2001305000000_aid0009,_250m_16_days_NDVI,aid0009,2001-11-01,2014182.0,-0.1987,0.9961,"(-0.1987,0.9961)",0.4844552,0.1157702,0.0134027,0.558,0.7789,0.4783,0.1898,0.4107
MOD13Q1_061__250m_16_days_NDVI_doy2001321000000_aid0009,_250m_16_days_NDVI,aid0009,2001-11-17,2014568.0,-0.1996,0.9059,"(-0.1996,0.9059)",0.4520099,0.1172226,0.0137411,0.5221,0.7376,0.4398,0.1629,0.3784
MOD13Q1_061__250m_16_days_NDVI_doy2001337000000_aid0009,_250m_16_days_NDVI,aid0009,2001-12-03,2014939.0,-0.2,0.9964,"(-0.2,0.9964)",0.4248782,0.1073607,0.0115263,0.4851,0.6813,0.4085,0.1581,0.3543
MOD13Q1_061__250m_16_days_NDVI_doy2001353000000_aid0009,_250m_16_days_NDVI,aid0009,2001-12-19,2015588.0,-0.2,0.9773,"(-0.2,0.9773)",0.4635644,0.1143835,0.0130836,0.5296,0.7399,0.4515,0.1791,0.3894
MOD13Q1_061__250m_16_days_NDVI_doy2002001000000_aid0009,_250m_16_days_NDVI,aid0009,2002-01-01,2014690.0,-0.2,0.9977,"(-0.2,0.9977)",0.5112824,0.1289647,0.0166319,0.5905,0.8383,0.4953,0.1775,0.4253
MOD13Q1_061__250m_16_days_NDVI_doy2002017000000_aid0009,_250m_16_days_NDVI,aid0009,2002-01-17,2014929.0,-0.2,0.9598,"(-0.2,0.9598)",0.5477746,0.1319058,0.0173991,0.6267,0.8746,0.532,0.2135,0.4614
MOD13Q1_061__250m_16_days_NDVI_doy2002033000000_aid0009,_250m_16_days_NDVI,aid0009,2002-02-02,2015273.0,-0.2,0.9924,"(-0.2,0.9924)",0.5502869,0.1311353,0.0171965,0.6332,0.8924,0.534,0.2012,0.4604
MOD13Q1_061__250m_16_days_NDVI_doy2002049000000_aid0009,_250m_16_days_NDVI,aid0009,2002-02-18,2014342.0,-0.1988,0.9992,"(-0.1988,0.9992)",0.557794,0.1179174,0.0139045,0.633,0.8683,0.547,0.2408,0.4761
MOD13Q1_061__250m_16_days_NDVI_doy2002065000000_aid0009,_250m_16_days_NDVI,aid0009,2002-03-06,2014588.0,-0.1998,0.9917,"(-0.1998,0.9917)",0.5669854,0.1218703,0.0148524,0.6404,0.8688,0.5582,0.2597,0.4881
MOD13Q1_061__250m_16_days_NDVI_doy2002081000000_aid0009,_250m_16_days_NDVI,aid0009,2002-03-22,2015487.0,-0.2,0.9333,"(-0.2,0.9333)",0.5137288,0.1173184,0.0137636,0.5824,0.7969,0.5044,0.2249,0.4394
MOD13Q1_061__250m_16_days_NDVI_doy2002097000000_aid0009,_250m_16_days_NDVI,aid0009,2002-04-07,2014321.0,-0.1991,0.979,"(-0.1991,0.979)",0.4998124,0.10764,0.0115864,0.568,0.7759,0.4932,0.2215,0.4294
MOD13Q1_061__250m_16_days_NDVI_doy2002113000000_aid0009,_250m_16_days_NDVI,aid0009,2002-04-23,2014274.0,-0.1996,0.9578,"(-0.1996,0.9578)",0.4656633,0.1046633,0.0109544,0.5317,0.7381,0.4565,0.1877,0.3941
MOD13Q1_061__250m_16_days_NDVI_doy2002129000000_aid0009,_250m_16_days_NDVI,aid0009,2002-05-09,2014608.0,-0.2,0.9183,"(-0.2,0.9183)",0.4334969,0.0953318,0.0090882,0.4902,0.6705,0.4236,0.1897,0.37
MOD13Q1_061__250m_16_days_NDVI_doy2002145000000_aid0009,_250m_16_days_NDVI,aid0009,2002-05-25,2014527.0,-0.2,0.975,"(-0.2,0.975)",0.4255218,0.1001406,0.0100281,0.4785,0.6579,0.4131,0.1795,0.3589
MOD13Q1_061__250m_16_days_NDVI_doy2002161000000_aid0009,_250m_16_days_NDVI,aid0009,2002-06-10,2014403.0,-0.2,0.9942,"(-0.2,0.9942)",0.3860828,0.0937247,0.0087843,0.4327,0.5954,0.3741,0.1615,0.3242
MOD13Q1_061__250m_16_days_NDVI_doy2002177000000_aid0009,_250m_16_days_NDVI,aid0009,2002-06-26,2014658.0,-0.2,0.9608,"(-0.2,0.9608)",0.3637907,0.0837268,0.0070102,0.4046,0.5474,0.3522,0.1666,0.3094
MOD13Q1_061__250m_16_days_NDVI_doy2002193000000_aid0009,_250m_16_days_NDVI,aid0009,2002-07-12,2014737.0,-0.2,0.9087,"(-0.2,0.9087)",0.3447236,0.0839981,0.0070557,0.382,0.5191,0.33,0.1535,0.2906
MOD13Q1_061__250m_16_days_NDVI_doy2002209000000_aid0009,_250m_16_days_NDVI,aid0009,2002-07-28,2015055.0,-0.1995,0.8897,"(-0.1995,0.8897)",0.3338597,0.079566,0.0063307,0.3664,0.488,0.3205,0.1637,0.2853
MOD13Q1_061__250m_16_days_NDVI_doy2002225000000_aid0009,_250m_16_days_NDVI,aid0009,2002-08-13,2015085.0,-0.199,0.9509,"(-0.199,0.9509)",0.3213985,0.0736303,0.0054214,0.3529,0.4679,0.31,0.1612,0.2762
MOD13Q1_061__250m_16_days_NDVI_doy2002241000000_aid0009,_250m_16_days_NDVI,aid0009,2002-08-29,2015088.0,-0.1998,0.9053,"(-0.1998,0.9053)",0.3378544,0.0889887,0.007919,0.3712,0.5054,0.3201,0.1475,0.2817
MOD13Q1_061__250m_16_days_NDVI_doy2002257000000_aid0009,_250m_16_days_NDVI,aid0009,2002-09-14,2015523.0,-0.2,0.9146,"(-0.2,0.9146)",0.3463642,0.0976866,0.0095427,0.3837,0.5314,0.3246,0.1375,0.2852
MOD13Q1_061__250m_16_days_NDVI_doy2002273000000_aid0009,_250m_16_days_NDVI,aid0009,2002-09-30,2015887.0,-0.2,0.9228,"(-0.2,0.9228)",0.3571792,0.098423,0.0096871,0.4031,0.5675,0.3362,0.1291,0.2935
MOD13Q1_061__250m_16_days_NDVI_doy2002289000000_aid0009,_250m_16_days_NDVI,aid0009,2002-10-16,2015728.0,-0.1992,0.9387,"(-0.1992,0.9387)",0.398981,0.1141503,0.0130303,0.4619,0.6725,0.3834,0.1109,0.3215
MOD13Q1_061__250m_16_days_NDVI_doy2002305000000_aid0009,_250m_16_days_NDVI,aid0009,2002-11-01,2015644.0,-0.1983,0.9068,"(-0.1983,0.9068)",0.37362,0.1114923,0.0124305,0.4323,0.6345,0.3561,0.0953,0.2975
MOD13Q1_061__250m_16_days_NDVI_doy2002321000000_aid0009,_250m_16_days_NDVI,aid0009,2002-11-17,2015770.0,-0.1987,0.9535,"(-0.1987,0.9535)",0.3727986,0.1066885,0.0113824,0.4305,0.628,0.3538,0.1013,0.2988
MOD13Q1_061__250m_16_days_NDVI_doy2002337000000_aid0009,_250m_16_days_NDVI,aid0009,2002-12-03,2014424.0,-0.2,0.9871,"(-0.2,0.9871)",0.4367061,0.1292935,0.0167168,0.5221,0.7937,0.425,0.0694,0.341
MOD13Q1_061__250m_16_days_NDVI_doy2002353000000_aid0009,_250m_16_days_NDVI,aid0009,2002-12-19,2014724.0,-0.2,0.9897,"(-0.2,0.9897)",0.522884,0.1249346,0.0156086,0.601,0.8365,0.5126,0.2085,0.444
MOD13Q1_061__250m_16_days_NDVI_doy2003001000000_aid0009,_250m_16_days_NDVI,aid0009,2003-01-01,2014529.0,-0.2,0.9979,"(-0.2,0.9979)",0.5414931,0.1283306,0.0164687,0.6211,0.8707,0.5282,0.2051,0.4547
MOD13Q1_061__250m_16_days_NDVI_doy2003017000000_aid0009,_250m_16_days_NDVI,aid0009,2003-01-17,2014705.0,-0.2,0.9539,"(-0.2,0.9539)",0.5465948,0.1303677,0.0169957,0.6229,0.8671,0.5296,0.2159,0.4601
MOD13Q1_061__250m_16_days_NDVI_doy2003033000000_aid0009,_250m_16_days_NDVI,aid0009,2003-02-02,2015380.0,-0.1998,0.9983,"(-0.1998,0.9983)",0.5333265,0.1351661,0.0182699,0.6157,0.8762,0.5168,0.1815,0.442
MOD13Q1_061__250m_16_days_NDVI_doy2003049000000_aid0009,_250m_16_days_NDVI,aid0009,2003-02-18,2015685.0,-0.1969,0.9469,"(-0.1969,0.9469)",0.4823385,0.141746,0.0200919,0.5653,0.8413,0.463,0.1053,0.3813
MOD13Q1_061__250m_16_days_NDVI_doy2003065000000_aid0009,_250m_16_days_NDVI,aid0009,2003-03-06,2015796.0,-0.1986,0.9623,"(-0.1986,0.9623)",0.4777455,0.1459984,0.0213155,0.5728,0.8854,0.4637,0.0518,0.3644
MOD13Q1_061__250m_16_days_NDVI_doy2003081000000_aid0009,_250m_16_days_NDVI,aid0009,2003-03-22,2015765.0,-0.2,0.9797,"(-0.2,0.9797)",0.4571197,0.1333031,0.0177697,0.5445,0.8269,0.4437,0.0738,0.3562
MOD13Q1_061__250m_16_days_NDVI_doy2003097000000_aid0009,_250m_16_days_NDVI,aid0009,2003-04-07,2015534.0,-0.2,0.9133,"(-0.2,0.9133)",0.4270141,0.1156281,0.0133699,0.4993,0.7333,0.4128,0.1093,0.3433
MOD13Q1_061__250m_16_days_NDVI_doy2003113000000_aid0009,_250m_16_days_NDVI,aid0009,2003-04-23,2015413.0,-0.2,0.9153,"(-0.2,0.9153)",0.4111897,0.1121453,0.0125766,0.4787,0.6959,0.3953,0.1167,0.3339
MOD13Q1_061__250m_16_days_NDVI_doy2003129000000_aid0009,_250m_16_days_NDVI,aid0009,2003-05-09,2015560.0,-0.1999,0.9623,"(-0.1999,0.9623)",0.4156498,0.1081206,0.0116901,0.4771,0.677,0.4006,0.1439,0.3438
MOD13Q1_061__250m_16_days_NDVI_doy2003145000000_aid0009,_250m_16_days_NDVI,aid0009,2003-05-25,2015693.0,-0.2,0.9205,"(-0.2,0.9205)",0.3998008,0.1066094,0.0113656,0.456,0.649,0.3836,0.1343,0.3273
MOD13Q1_061__250m_16_days_NDVI_doy2003161000000_aid0009,_250m_16_days_NDVI,aid0009,2003-06-10,2015644.0,-0.1997,0.9793,"(-0.1997,0.9793)",0.3733435,0.1014264,0.0102873,0.4225,0.5981,0.3553,0.1298,0.3054
MOD13Q1_061__250m_16_days_NDVI_doy2003177000000_aid0009,_250m_16_days_NDVI,aid0009,2003-06-26,2015554.0,-0.2,0.9478,"(-0.2,0.9478)",0.36481,0.1017738,0.0103579,0.4118,0.5831,0.3443,0.1263,0.2976
MOD13Q1_061__250m_16_days_NDVI_doy2003193000000_aid0009,_250m_16_days_NDVI,aid0009,2003-07-12,2014985.0,-0.2,0.9645,"(-0.2,0.9645)",0.3408073,0.0955007,0.0091204,0.3844,0.5423,0.322,0.1212,0.2791
MOD13Q1_061__250m_16_days_NDVI_doy2003209000000_aid0009,_250m_16_days_NDVI,aid0009,2003-07-28,2015095.0,-0.1992,0.8815,"(-0.1992,0.8815)",0.321022,0.0810668,0.0065718,0.358,0.4894,0.3063,0.139,0.2704
MOD13Q1_061__250m_16_days_NDVI_doy2003225000000_aid0009,_250m_16_days_NDVI,aid0009,2003-08-13,2015419.0,-0.1989,0.9195,"(-0.1989,0.9195)",0.3004891,0.0754072,0.0056862,0.3331,0.4531,0.2883,0.1331,0.2531
MOD13Q1_061__250m_16_days_NDVI_doy2003241000000_aid0009,_250m_16_days_NDVI,aid0009,2003-08-29,2015659.0,-0.2,0.8928,"(-0.2,0.8928)",0.2783007,0.0697446,0.0048643,0.3065,0.4121,0.2667,0.1305,0.2361
MOD13Q1_061__250m_16_days_NDVI_doy2003257000000_aid0009,_250m_16_days_NDVI,aid0009,2003-09-14,2015774.0,-0.2,0.8716,"(-0.2,0.8716)",0.2771984,0.0679318,0.0046147,0.3033,0.4033,0.2667,0.1366,0.2366
MOD13Q1_061__250m_16_days_NDVI_doy2003273000000_aid0009,_250m_16_days_NDVI,aid0009,2003-09-30,2015734.0,-0.1996,0.924,"(-0.1996,0.924)",0.2816115,0.0751225,0.0056434,0.311,0.4253,0.2678,0.1205,0.2348
MOD13Q1_061__250m_16_days_NDVI_doy2003289000000_aid0009,_250m_16_days_NDVI,aid0009,2003-10-16,2015714.0,-0.1991,0.915,"(-0.1991,0.915)",0.2802444,0.0809737,0.0065567,0.3148,0.4457,0.2635,0.0966,0.2275
MOD13Q1_061__250m_16_days_NDVI_doy2003305000000_aid0009,_250m_16_days_NDVI,aid0009,2003-11-01,2015870.0,-0.1977,0.8721,"(-0.1977,0.8721)",0.2748756,0.0762918,0.0058204,0.3083,0.432,0.259,0.1021,0.2258
MOD13Q1_061__250m_16_days_NDVI_doy2003321000000_aid0009,_250m_16_days_NDVI,aid0009,2003-11-17,2015910.0,-0.2,0.8822,"(-0.2,0.8822)",0.287461,0.0837756,0.0070183,0.324,0.4591,0.2713,0.0988,0.2339
MOD13Q1_061__250m_16_days_NDVI_doy2003337000000_aid0009,_250m_16_days_NDVI,aid0009,2003-12-03,2015734.0,-0.2,0.9007,"(-0.2,0.9007)",0.3150574,0.1055916,0.0111496,0.3731,0.5757,0.2948,0.0354,0.238
MOD13Q1_061__250m_16_days_NDVI_doy2003353000000_aid0009,_250m_16_days_NDVI,aid0009,2003-12-19,2015910.0,-0.2,0.9988,"(-0.2,0.9988)",0.3255137,0.1197452,0.0143389,0.3984,0.6436,0.3078,-0.0101,0.2349
MOD13Q1_061__250m_16_days_NDVI_doy2004001000000_aid0009,_250m_16_days_NDVI,aid0009,2004-01-01,2015821.0,-0.197,0.9682,"(-0.197,0.9682)",0.3703873,0.1318073,0.0173732,0.4535,0.7262,0.3587,-0.0008,0.2717
MOD13Q1_061__250m_16_days_NDVI_doy2004017000000_aid0009,_250m_16_days_NDVI,aid0009,2004-01-17,2015819.0,-0.1982,0.9668,"(-0.1982,0.9668)",0.403043,0.1366407,0.0186707,0.4871,0.7568,0.3933,0.0376,0.3073
MOD13Q1_061__250m_16_days_NDVI_doy2004033000000_aid0009,_250m_16_days_NDVI,aid0009,2004-02-02,2015540.0,-0.2,0.9938,"(-0.2,0.9938)",0.5335759,0.1602804,0.0256898,0.6472,0.9801,0.5372,0.0905,0.4245
MOD13Q1_061__250m_16_days_NDVI_doy2004049000000_aid0009,_250m_16_days_NDVI,aid0009,2004-02-18,2015697.0,-0.2,0.9958,"(-0.2,0.9958)",0.5336601,0.1622799,0.0263348,0.6471,0.9337,0.5356,0.0849,0.4222
MOD13Q1_061__250m_16_days_NDVI_doy2004065000000_aid0009,_250m_16_days_NDVI,aid0009,2004-03-05,2015744.0,-0.198,0.9795,"(-0.198,0.9795)",0.5268305,0.1557159,0.0242474,0.6323,0.9438,0.5256,0.0998,0.4193
MOD13Q1_061__250m_16_days_NDVI_doy2004081000000_aid0009,_250m_16_days_NDVI,aid0009,2004-03-21,2015562.0,-0.1991,0.9429,"(-0.1991,0.9429)",0.5422398,0.1387996,0.0192653,0.6312,0.9009,0.5409,0.1817,0.4514
MOD13Q1_061__250m_16_days_NDVI_doy2004097000000_aid0009,_250m_16_days_NDVI,aid0009,2004-04-06,2015313.0,-0.2,0.9911,"(-0.2,0.9911)",0.5354584,0.1291457,0.0166786,0.6212,0.8754,0.5326,0.1975,0.4517
MOD13Q1_061__250m_16_days_NDVI_doy2004113000000_aid0009,_250m_16_days_NDVI,aid0009,2004-04-22,2015418.0,-0.2,0.9953,"(-0.2,0.9953)",0.497111,0.1238622,0.0153418,0.5785,0.8276,0.4846,0.1633,0.4124
MOD13Q1_061__250m_16_days_NDVI_doy2004129000000_aid0009,_250m_16_days_NDVI,aid0009,2004-05-08,2015579.0,-0.2,0.9922,"(-0.2,0.9922)",0.4530202,0.1176269,0.0138361,0.5242,0.7499,0.4386,0.148,0.3737
MOD13Q1_061__250m_16_days_NDVI_doy2004145000000_aid0009,_250m_16_days_NDVI,aid0009,2004-05-24,2015080.0,-0.2,0.9374,"(-0.2,0.9374)",0.4295496,0.11014,0.0121308,0.4919,0.6972,0.4153,0.1497,0.355
MOD13Q1_061__250m_16_days_NDVI_doy2004161000000_aid0009,_250m_16_days_NDVI,aid0009,2004-06-09,2014715.0,-0.2,0.9307,"(-0.2,0.9307)",0.3920546,0.1050475,0.011035,0.4503,0.6463,0.3762,0.1236,0.3196
MOD13Q1_061__250m_16_days_NDVI_doy2004177000000_aid0009,_250m_16_days_NDVI,aid0009,2004-06-25,2014944.0,-0.2,0.936,"(-0.2,0.936)",0.3686026,0.0999256,0.0099851,0.42,0.5997,0.352,0.1205,0.3002
MOD13Q1_061__250m_16_days_NDVI_doy2004193000000_aid0009,_250m_16_days_NDVI,aid0009,2004-07-11,2015264.0,-0.1995,0.9631,"(-0.1995,0.9631)",0.3459552,0.0878644,0.0077202,0.3881,0.5376,0.3319,0.1389,0.2884
MOD13Q1_061__250m_16_days_NDVI_doy2004209000000_aid0009,_250m_16_days_NDVI,aid0009,2004-07-27,2014784.0,-0.1985,0.9974,"(-0.1985,0.9974)",0.3612301,0.0973777,0.0094824,0.4069,0.5752,0.3436,0.1264,0.2947
MOD13Q1_061__250m_16_days_NDVI_doy2004225000000_aid0009,_250m_16_days_NDVI,aid0009,2004-08-12,2015063.0,-0.2,0.9282,"(-0.2,0.9282)",0.3627608,0.1063326,0.0113066,0.4128,0.5965,0.3404,0.1066,0.2903
MOD13Q1_061__250m_16_days_NDVI_doy2004241000000_aid0009,_250m_16_days_NDVI,aid0009,2004-08-28,2015443.0,-0.1992,0.9859,"(-0.1992,0.9859)",0.3824017,0.1133671,0.0128521,0.4371,0.6331,0.3584,0.1104,0.3064
MOD13Q1_061__250m_16_days_NDVI_doy2004257000000_aid0009,_250m_16_days_NDVI,aid0009,2004-09-13,2015444.0,-0.2,0.9356,"(-0.2,0.9356)",0.3714861,0.1113742,0.0124042,0.4252,0.616,0.3485,0.1072,0.298
MOD13Q1_061__250m_16_days_NDVI_doy2004273000000_aid0009,_250m_16_days_NDVI,aid0009,2004-09-29,2015641.0,-0.1994,0.9361,"(-0.1994,0.9361)",0.401323,0.1124195,0.0126381,0.4614,0.6655,0.3858,0.1212,0.3253
MOD13Q1_061__250m_16_days_NDVI_doy2004289000000_aid0009,_250m_16_days_NDVI,aid0009,2004-10-15,2015599.0,-0.2,0.9759,"(-0.2,0.9759)",0.4134293,0.1125829,0.0126749,0.4771,0.683,0.4023,0.134,0.3398
MOD13Q1_061__250m_16_days_NDVI_doy2004305000000_aid0009,_250m_16_days_NDVI,aid0009,2004-10-31,2015876.0,-0.2,0.9213,"(-0.2,0.9213)",0.4156611,0.116245,0.0135129,0.484,0.71,0.4043,0.1073,0.3333
MOD13Q1_061__250m_16_days_NDVI_doy2004321000000_aid0009,_250m_16_days_NDVI,aid0009,2004-11-16,2015579.0,-0.1993,0.9558,"(-0.1993,0.9558)",0.4350775,0.120147,0.0144353,0.5021,0.7266,0.4178,0.1279,0.3524
MOD13Q1_061__250m_16_days_NDVI_doy2004337000000_aid0009,_250m_16_days_NDVI,aid0009,2004-12-02,2015434.0,-0.1996,0.9926,"(-0.1996,0.9926)",0.4639485,0.1275273,0.0162632,0.5398,0.7834,0.4457,0.1338,0.3774
MOD13Q1_061__250m_16_days_NDVI_doy2004353000000_aid0009,_250m_16_days_NDVI,aid0009,2004-12-18,2015277.0,-0.2,0.9676,"(-0.2,0.9676)",0.510536,0.1316434,0.01733,0.5961,0.8596,0.4899,0.1569,0.4204
MOD13Q1_061__250m_16_days_NDVI_doy2005001000000_aid0009,_250m_16_days_NDVI,aid0009,2005-01-01,2014866.0,-0.1997,0.9936,"(-0.1997,0.9936)",0.5561393,0.1367929,0.0187123,0.6488,0.9346,0.5379,0.1723,0.4582
MOD13Q1_061__250m_16_days_NDVI_doy2005017000000_aid0009,_250m_16_days_NDVI,aid0009,2005-01-17,2014718.0,-0.2,0.9483,"(-0.2,0.9483)",0.539924,0.1433072,0.0205369,0.6328,0.9278,0.5164,0.1411,0.4361
MOD13Q1_061__250m_16_days_NDVI_doy2005033000000_aid0009,_250m_16_days_NDVI,aid0009,2005-02-02,2014713.0,-0.2,0.9814,"(-0.2,0.9814)",0.530772,0.1412524,0.0199522,0.611,0.8778,0.5036,0.1663,0.4331
MOD13Q1_061__250m_16_days_NDVI_doy2005049000000_aid0009,_250m_16_days_NDVI,aid0009,2005-02-18,2014943.0,-0.2,0.9507,"(-0.2,0.9507)",0.54961,0.137827,0.0189963,0.6326,0.9038,0.5241,0.1806,0.4518
MOD13Q1_061__250m_16_days_NDVI_doy2005065000000_aid0009,_250m_16_days_NDVI,aid0009,2005-03-06,2014613.0,-0.1987,0.9947,"(-0.1987,0.9947)",0.5428594,0.1308575,0.0171237,0.6169,0.8608,0.5175,0.2104,0.4543
MOD13Q1_061__250m_16_days_NDVI_doy2005081000000_aid0009,_250m_16_days_NDVI,aid0009,2005-03-22,2014548.0,-0.2,0.9601,"(-0.2,0.9601)",0.5180017,0.1210156,0.0146448,0.5877,0.8139,0.4977,0.2107,0.4369
MOD13Q1_061__250m_16_days_NDVI_doy2005097000000_aid0009,_250m_16_days_NDVI,aid0009,2005-04-07,2014850.0,-0.2,0.9715,"(-0.2,0.9715)",0.4688829,0.1067372,0.0113928,0.5332,0.736,0.454,0.1952,0.398
MOD13Q1_061__250m_16_days_NDVI_doy2005113000000_aid0009,_250m_16_days_NDVI,aid0009,2005-04-23,2014790.0,-0.2,0.8964,"(-0.2,0.8964)",0.4235922,0.0960349,0.0092227,0.4805,0.6617,0.4094,0.1785,0.3597
MOD13Q1_061__250m_16_days_NDVI_doy2005129000000_aid0009,_250m_16_days_NDVI,aid0009,2005-05-09,2015028.0,-0.1992,0.9967,"(-0.1992,0.9967)",0.3833231,0.0978486,0.0095744,0.4425,0.6363,0.3665,0.1195,0.3133
MOD13Q1_061__250m_16_days_NDVI_doy2005145000000_aid0009,_250m_16_days_NDVI,aid0009,2005-05-25,2015305.0,-0.199,0.9816,"(-0.199,0.9816)",0.3465906,0.0865012,0.0074825,0.3951,0.5571,0.3318,0.1251,0.2871
MOD13Q1_061__250m_16_days_NDVI_doy2005161000000_aid0009,_250m_16_days_NDVI,aid0009,2005-06-10,2015484.0,-0.2,0.9979,"(-0.2,0.9979)",0.3304383,0.0895935,0.008027,0.3749,0.5292,0.3136,0.1177,0.272
MOD13Q1_061__250m_16_days_NDVI_doy2005177000000_aid0009,_250m_16_days_NDVI,aid0009,2005-06-26,2015301.0,-0.1993,0.9224,"(-0.1993,0.9224)",0.3358494,0.0863141,0.0074501,0.3795,0.531,0.3191,0.127,0.2785
MOD13Q1_061__250m_16_days_NDVI_doy2005193000000_aid0009,_250m_16_days_NDVI,aid0009,2005-07-12,2015232.0,-0.1992,0.964,"(-0.1992,0.964)",0.3394225,0.0823699,0.0067848,0.3785,0.5198,0.3235,0.143,0.2843
MOD13Q1_061__250m_16_days_NDVI_doy2005209000000_aid0009,_250m_16_days_NDVI,aid0009,2005-07-28,2015436.0,-0.2,0.9016,"(-0.2,0.9016)",0.3126593,0.0803934,0.0064631,0.351,0.4888,0.2965,0.1213,0.2591
MOD13Q1_061__250m_16_days_NDVI_doy2005225000000_aid0009,_250m_16_days_NDVI,aid0009,2005-08-13,2015516.0,-0.2,0.918,"(-0.2,0.918)",0.3103731,0.0784614,0.0061562,0.3455,0.4754,0.2945,0.129,0.2589
MOD13Q1_061__250m_16_days_NDVI_doy2005241000000_aid0009,_250m_16_days_NDVI,aid0009,2005-08-29,2015561.0,-0.1992,0.9739,"(-0.1992,0.9739)",0.3053951,0.0800144,0.0064023,0.3396,0.4686,0.2892,0.1246,0.2536
MOD13Q1_061__250m_16_days_NDVI_doy2005257000000_aid0009,_250m_16_days_NDVI,aid0009,2005-09-14,2015497.0,-0.2,0.9113,"(-0.2,0.9113)",0.3028365,0.0838833,0.0070364,0.3344,0.4587,0.2843,0.1272,0.2515
MOD13Q1_061__250m_16_days_NDVI_doy2005273000000_aid0009,_250m_16_days_NDVI,aid0009,2005-09-30,2015664.0,-0.199,0.9135,"(-0.199,0.9135)",0.3122238,0.0924322,0.0085437,0.344,0.4772,0.2906,0.122,0.2552
MOD13Q1_061__250m_16_days_NDVI_doy2005289000000_aid0009,_250m_16_days_NDVI,aid0009,2005-10-16,2015706.0,-0.2,0.9411,"(-0.2,0.9411)",0.3293224,0.0971388,0.009436,0.3694,0.5248,0.3074,0.1104,0.2658
MOD13Q1_061__250m_16_days_NDVI_doy2005305000000_aid0009,_250m_16_days_NDVI,aid0009,2005-11-01,2015660.0,-0.2,0.962,"(-0.2,0.962)",0.3531816,0.0983933,0.0096812,0.4048,0.5861,0.3378,0.1027,0.2839
MOD13Q1_061__250m_16_days_NDVI_doy2005321000000_aid0009,_250m_16_days_NDVI,aid0009,2005-11-17,2015133.0,-0.2,0.9323,"(-0.2,0.9323)",0.4010863,0.1079794,0.0116595,0.4609,0.6607,0.3888,0.1279,0.3277
MOD13Q1_061__250m_16_days_NDVI_doy2005337000000_aid0009,_250m_16_days_NDVI,aid0009,2005-12-03,2015186.0,-0.1994,0.994,"(-0.1994,0.994)",0.3981584,0.1135801,0.0129004,0.4626,0.6802,0.384,0.0999,0.3175
MOD13Q1_061__250m_16_days_NDVI_doy2005353000000_aid0009,_250m_16_days_NDVI,aid0009,2005-12-19,2015690.0,-0.1992,0.9635,"(-0.1992,0.9635)",0.4093707,0.1241876,0.0154226,0.4827,0.7315,0.3938,0.068,0.3168
MOD13Q1_061__250m_16_days_NDVI_doy2006001000000_aid0009,_250m_16_days_NDVI,aid0009,2006-01-01,2015851.0,-0.1992,0.983,"(-0.1992,0.983)",0.4373728,0.1338425,0.0179138,0.5222,0.7992,0.4217,0.0605,0.3375
MOD13Q1_061__250m_16_days_NDVI_doy2006017000000_aid0009,_250m_16_days_NDVI,aid0009,2006-01-17,2015643.0,-0.2,0.9814,"(-0.2,0.9814)",0.4704821,0.1412882,0.0199624,0.5496,0.8139,0.4531,0.1092,0.3734
MOD13Q1_061__250m_16_days_NDVI_doy2006033000000_aid0009,_250m_16_days_NDVI,aid0009,2006-02-02,2015144.0,-0.199,0.998,"(-0.199,0.998)",0.5276821,0.1526829,0.0233121,0.632,0.9578,0.5123,0.0879,0.4143
MOD13Q1_061__250m_16_days_NDVI_doy2006049000000_aid0009,_250m_16_days_NDVI,aid0009,2006-02-18,2014781.0,-0.199,0.9454,"(-0.199,0.9454)",0.5293793,0.1405995,0.0197682,0.6255,0.9219,0.5193,0.1315,0.4279
MOD13Q1_061__250m_16_days_NDVI_doy2006065000000_aid0009,_250m_16_days_NDVI,aid0009,2006-03-06,2014853.0,-0.2,0.9741,"(-0.2,0.9741)",0.5248541,0.1328432,0.0176473,0.6124,0.8773,0.5207,0.1709,0.4358
MOD13Q1_061__250m_16_days_NDVI_doy2006081000000_aid0009,_250m_16_days_NDVI,aid0009,2006-03-22,2015510.0,-0.199,0.9914,"(-0.199,0.9914)",0.5010594,0.1279713,0.0163766,0.5875,0.8497,0.4965,0.1506,0.4127
MOD13Q1_061__250m_16_days_NDVI_doy2006097000000_aid0009,_250m_16_days_NDVI,aid0009,2006-04-07,2015242.0,-0.2,0.9284,"(-0.2,0.9284)",0.4888539,0.1258131,0.0158289,0.5684,0.8171,0.4799,0.1539,0.4026
MOD13Q1_061__250m_16_days_NDVI_doy2006113000000_aid0009,_250m_16_days_NDVI,aid0009,2006-04-23,2015188.0,-0.198,0.9785,"(-0.198,0.9785)",0.4493765,0.1132633,0.0128286,0.5163,0.7315,0.4384,0.1576,0.3728
MOD13Q1_061__250m_16_days_NDVI_doy2006129000000_aid0009,_250m_16_days_NDVI,aid0009,2006-05-09,2015468.0,-0.2,0.9027,"(-0.2,0.9027)",0.4024885,0.1049141,0.011007,0.4636,0.6647,0.3895,0.1284,0.3295
MOD13Q1_061__250m_16_days_NDVI_doy2006145000000_aid0009,_250m_16_days_NDVI,aid0009,2006-05-25,2015525.0,-0.199,0.9257,"(-0.199,0.9257)",0.3664769,0.0923766,0.0085334,0.4231,0.607,0.3544,0.1166,0.3005
MOD13Q1_061__250m_16_days_NDVI_doy2006161000000_aid0009,_250m_16_days_NDVI,aid0009,2006-06-10,2015541.0,-0.2,0.9441,"(-0.2,0.9441)",0.3600815,0.0921514,0.0084919,0.4118,0.5849,0.3466,0.1233,0.2964
MOD13Q1_061__250m_16_days_NDVI_doy2006177000000_aid0009,_250m_16_days_NDVI,aid0009,2006-06-26,2015621.0,-0.199,0.8927,"(-0.199,0.8927)",0.3470071,0.08582,0.0073651,0.393,0.5499,0.3335,0.1315,0.2884
MOD13Q1_061__250m_16_days_NDVI_doy2006193000000_aid0009,_250m_16_days_NDVI,aid0009,2006-07-12,2015579.0,-0.2,0.8789,"(-0.2,0.8789)",0.3253104,0.0802749,0.0064441,0.3657,0.507,0.3123,0.1302,0.2715
MOD13Q1_061__250m_16_days_NDVI_doy2006209000000_aid0009,_250m_16_days_NDVI,aid0009,2006-07-28,2015601.0,-0.2,0.8811,"(-0.2,0.8811)",0.3069387,0.0746486,0.0055724,0.3438,0.4726,0.2949,0.1291,0.2579
MOD13Q1_061__250m_16_days_NDVI_doy2006225000000_aid0009,_250m_16_days_NDVI,aid0009,2006-08-13,2015538.0,-0.1979,0.8982,"(-0.1979,0.8982)",0.2916742,0.0671277,0.0045061,0.3245,0.4389,0.2812,0.1338,0.2482
MOD13Q1_061__250m_16_days_NDVI_doy2006241000000_aid0009,_250m_16_days_NDVI,aid0009,2006-08-29,2015766.0,-0.1989,0.8895,"(-0.1989,0.8895)",0.2805536,0.0614988,0.0037821,0.3097,0.4118,0.2714,0.1395,0.2416
MOD13Q1_061__250m_16_days_NDVI_doy2006257000000_aid0009,_250m_16_days_NDVI,aid0009,2006-09-14,2015726.0,-0.1995,0.8929,"(-0.1995,0.8929)",0.2751027,0.0639766,0.004093,0.3008,0.3971,0.2649,0.1403,0.2366
MOD13Q1_061__250m_16_days_NDVI_doy2006273000000_aid0009,_250m_16_days_NDVI,aid0009,2006-09-30,2015629.0,-0.1991,0.9213,"(-0.1991,0.9213)",0.2989535,0.0845725,0.0071525,0.3328,0.4649,0.2832,0.1126,0.2447
MOD13Q1_061__250m_16_days_NDVI_doy2006289000000_aid0009,_250m_16_days_NDVI,aid0009,2006-10-16,2015782.0,-0.2,0.9476,"(-0.2,0.9476)",0.3168142,0.0950434,0.0090332,0.3641,0.5366,0.2984,0.0766,0.2491
MOD13Q1_061__250m_16_days_NDVI_doy2006305000000_aid0009,_250m_16_days_NDVI,aid0009,2006-11-01,2015696.0,-0.2,0.9215,"(-0.2,0.9215)",0.338816,0.0984144,0.0096854,0.3905,0.573,0.3226,0.0863,0.2688
MOD13Q1_061__250m_16_days_NDVI_doy2006321000000_aid0009,_250m_16_days_NDVI,aid0009,2006-11-17,2015493.0,-0.199,0.9115,"(-0.199,0.9115)",0.3655491,0.1099674,0.0120928,0.4354,0.6652,0.3542,0.0524,0.2822
MOD13Q1_061__250m_16_days_NDVI_doy2006337000000_aid0009,_250m_16_days_NDVI,aid0009,2006-12-03,2015705.0,-0.1998,0.9489,"(-0.1998,0.9489)",0.429543,0.1332193,0.0177474,0.518,0.8091,0.4212,0.033,0.3239
MOD13Q1_061__250m_16_days_NDVI_doy2006353000000_aid0009,_250m_16_days_NDVI,aid0009,2006-12-19,2015868.0,-0.1964,0.987,"(-0.1964,0.987)",0.4609979,0.1569729,0.0246405,0.5669,0.915,0.4508,-0.0131,0.3348
MOD13Q1_061__250m_16_days_NDVI_doy2007001000000_aid0009,_250m_16_days_NDVI,aid0009,2007-01-01,2015545.0,-0.2,0.9964,"(-0.2,0.9964)",0.5069172,0.1606487,0.025808,0.617,0.9684,0.5048,0.0284,0.3815
MOD13Q1_061__250m_16_days_NDVI_doy2007017000000_aid0009,_250m_16_days_NDVI,aid0009,2007-01-17,2015494.0,-0.2,0.9573,"(-0.2,0.9573)",0.5411234,0.1577461,0.0248838,0.6371,0.9518,0.5253,0.1121,0.4271
MOD13Q1_061__250m_16_days_NDVI_doy2007033000000_aid0009,_250m_16_days_NDVI,aid0009,2007-02-02,2015141.0,-0.1995,0.9983,"(-0.1995,0.9983)",0.5682092,0.154841,0.0239757,0.6612,0.9619,0.5587,0.1595,0.4605
MOD13Q1_061__250m_16_days_NDVI_doy2007049000000_aid0009,_250m_16_days_NDVI,aid0009,2007-02-18,2015303.0,-0.1991,0.9982,"(-0.1991,0.9982)",0.5605622,0.152117,0.0231396,0.6475,0.9335,0.5464,0.1708,0.4568
MOD13Q1_061__250m_16_days_NDVI_doy2007065000000_aid0009,_250m_16_days_NDVI,aid0009,2007-03-06,2015100.0,-0.2,0.9892,"(-0.2,0.9892)",0.5590337,0.1437713,0.0206702,0.6442,0.9167,0.5497,0.19,0.4625
MOD13Q1_061__250m_16_days_NDVI_doy2007081000000_aid0009,_250m_16_days_NDVI,aid0009,2007-03-22,2014791.0,-0.1994,0.9965,"(-0.1994,0.9965)",0.5510591,0.1249778,0.0156195,0.6279,0.8701,0.5438,0.2242,0.4664
MOD13Q1_061__250m_16_days_NDVI_doy2007097000000_aid0009,_250m_16_days_NDVI,aid0009,2007-04-07,2015097.0,-0.1991,0.9835,"(-0.1991,0.9835)",0.5065403,0.113108,0.0127934,0.5835,0.8122,0.4989,0.2023,0.431
MOD13Q1_061__250m_16_days_NDVI_doy2007113000000_aid0009,_250m_16_days_NDVI,aid0009,2007-04-23,2014446.0,-0.2,0.9047,"(-0.2,0.9047)",0.481571,0.1086798,0.0118113,0.5523,0.7653,0.4728,0.1973,0.4103
MOD13Q1_061__250m_16_days_NDVI_doy2007129000000_aid0009,_250m_16_days_NDVI,aid0009,2007-05-09,2014415.0,-0.2,0.9979,"(-0.2,0.9979)",0.4206563,0.1019728,0.0103985,0.4865,0.6911,0.4089,0.1455,0.3501
MOD13Q1_061__250m_16_days_NDVI_doy2007145000000_aid0009,_250m_16_days_NDVI,aid0009,2007-05-25,2014524.0,-0.1996,0.8894,"(-0.1996,0.8894)",0.3817846,0.093008,0.0086505,0.4397,0.6243,0.3695,0.132,0.3166
MOD13Q1_061__250m_16_days_NDVI_doy2007161000000_aid0009,_250m_16_days_NDVI,aid0009,2007-06-10,2014582.0,-0.2,0.895,"(-0.2,0.895)",0.3613779,0.0818344,0.0066969,0.4097,0.5675,0.3497,0.1467,0.3045
MOD13Q1_061__250m_16_days_NDVI_doy2007177000000_aid0009,_250m_16_days_NDVI,aid0009,2007-06-26,2014400.0,-0.2,0.8952,"(-0.2,0.8952)",0.3370829,0.079947,0.0063915,0.3824,0.5336,0.3236,0.1304,0.2816
MOD13Q1_061__250m_16_days_NDVI_doy2007193000000_aid0009,_250m_16_days_NDVI,aid0009,2007-07-12,2014730.0,-0.2,0.9032,"(-0.2,0.9032)",0.3110532,0.0751536,0.0056481,0.3529,0.4925,0.2981,0.1202,0.2598
MOD13Q1_061__250m_16_days_NDVI_doy2007209000000_aid0009,_250m_16_days_NDVI,aid0009,2007-07-28,2014955.0,-0.2,0.8695,"(-0.2,0.8695)",0.2972736,0.0677599,0.0045914,0.3313,0.4493,0.2876,0.1346,0.2526
MOD13Q1_061__250m_16_days_NDVI_doy2007225000000_aid0009,_250m_16_days_NDVI,aid0009,2007-08-13,2015170.0,-0.1989,0.8762,"(-0.1989,0.8762)",0.2862999,0.0651262,0.0042414,0.3173,0.4266,0.2761,0.1351,0.2444
MOD13Q1_061__250m_16_days_NDVI_doy2007241000000_aid0009,_250m_16_days_NDVI,aid0009,2007-08-29,2015640.0,-0.1993,0.8646,"(-0.1993,0.8646)",0.279384,0.0626076,0.0039197,0.3074,0.4091,0.2695,0.1379,0.2396
MOD13Q1_061__250m_16_days_NDVI_doy2007257000000_aid0009,_250m_16_days_NDVI,aid0009,2007-09-14,2015578.0,-0.199,0.9474,"(-0.199,0.9474)",0.3193376,0.0889924,0.0079196,0.3563,0.4965,0.301,0.1226,0.2628
MOD13Q1_061__250m_16_days_NDVI_doy2007273000000_aid0009,_250m_16_days_NDVI,aid0009,2007-09-30,2015880.0,-0.2,0.988,"(-0.2,0.988)",0.3669074,0.1150609,0.013239,0.4201,0.6176,0.3395,0.0909,0.2884
MOD13Q1_061__250m_16_days_NDVI_doy2007289000000_aid0009,_250m_16_days_NDVI,aid0009,2007-10-16,2015836.0,-0.2,0.9335,"(-0.2,0.9335)",0.3950476,0.1151467,0.0132588,0.4477,0.6368,0.3745,0.1325,0.3216
MOD13Q1_061__250m_16_days_NDVI_doy2007305000000_aid0009,_250m_16_days_NDVI,aid0009,2007-11-01,2015740.0,-0.2,0.9681,"(-0.2,0.9681)",0.4191399,0.1150701,0.0132411,0.4772,0.6749,0.401,0.1477,0.3454
MOD13Q1_061__250m_16_days_NDVI_doy2007321000000_aid0009,_250m_16_days_NDVI,aid0009,2007-11-17,2015625.0,-0.1993,0.9111,"(-0.1993,0.9111)",0.407309,0.1058534,0.0112049,0.4635,0.6529,0.394,0.1478,0.3372
MOD13Q1_061__250m_16_days_NDVI_doy2007337000000_aid0009,_250m_16_days_NDVI,aid0009,2007-12-03,2015573.0,-0.1992,0.9806,"(-0.1992,0.9806)",0.4171979,0.1041326,0.0108436,0.4747,0.6679,0.4056,0.1527,0.3459
MOD13Q1_061__250m_16_days_NDVI_doy2007353000000_aid0009,_250m_16_days_NDVI,aid0009,2007-12-19,2015813.0,-0.1973,0.9823,"(-0.1973,0.9823)",0.4470004,0.1225283,0.0150132,0.5108,0.7334,0.4289,0.1398,0.3624
MOD13Q1_061__250m_16_days_NDVI_doy2000049000000_aid0010,_250m_16_days_NDVI,aid0010,2000-02-18,2818967.0,-0.2,0.9948,"(-0.2,0.9948)",0.5695928,0.1289993,0.0166408,0.6523,0.892,0.5722,0.2528,0.4925
MOD13Q1_061__250m_16_days_NDVI_doy2000065000000_aid0010,_250m_16_days_NDVI,aid0010,2000-03-05,2817687.0,-0.2,0.9619,"(-0.2,0.9619)",0.5712397,0.1266895,0.0160502,0.6478,0.8684,0.5695,0.2801,0.5007
MOD13Q1_061__250m_16_days_NDVI_doy2000081000000_aid0010,_250m_16_days_NDVI,aid0010,2000-03-21,2814257.0,-0.2,0.9249,"(-0.2,0.9249)",0.53258,0.1228919,0.0151024,0.6036,0.8155,0.5292,0.2504,0.4623
MOD13Q1_061__250m_16_days_NDVI_doy2000097000000_aid0010,_250m_16_days_NDVI,aid0010,2000-04-06,2811960.0,-0.2,0.9549,"(-0.2,0.9549)",0.5101142,0.1225065,0.0150079,0.5778,0.787,0.5034,0.2291,0.4383
MOD13Q1_061__250m_16_days_NDVI_doy2000113000000_aid0010,_250m_16_days_NDVI,aid0010,2000-04-22,2811209.0,-0.2,0.9333,"(-0.2,0.9333)",0.5063107,0.128439,0.0164966,0.5726,0.7889,0.4931,0.2121,0.4284
MOD13Q1_061__250m_16_days_NDVI_doy2000129000000_aid0010,_250m_16_days_NDVI,aid0010,2000-05-08,2813344.0,-0.2,0.98,"(-0.2,0.98)",0.4931802,0.1299227,0.0168799,0.5579,0.7691,0.4806,0.2059,0.4171
MOD13Q1_061__250m_16_days_NDVI_doy2000145000000_aid0010,_250m_16_days_NDVI,aid0010,2000-05-24,2812230.0,-0.2,0.9259,"(-0.2,0.9259)",0.4856746,0.1369101,0.0187444,0.5585,0.7922,0.4642,0.169,0.4027
MOD13Q1_061__250m_16_days_NDVI_doy2000161000000_aid0010,_250m_16_days_NDVI,aid0010,2000-06-09,2812074.0,-0.2,0.9487,"(-0.2,0.9487)",0.4893363,0.1339562,0.0179443,0.5623,0.794,0.4676,0.1761,0.4078
MOD13Q1_061__250m_16_days_NDVI_doy2000177000000_aid0010,_250m_16_days_NDVI,aid0010,2000-06-25,2816295.0,-0.2,0.9001,"(-0.2,0.9001)",0.4431795,0.1190629,0.014176,0.5081,0.7134,0.428,0.1659,0.3712
MOD13Q1_061__250m_16_days_NDVI_doy2000193000000_aid0010,_250m_16_days_NDVI,aid0010,2000-07-11,2808411.0,-0.2,0.9245,"(-0.2,0.9245)",0.4073798,0.1135867,0.0129019,0.4661,0.6552,0.3925,0.1509,0.34
MOD13Q1_061__250m_16_days_NDVI_doy2000209000000_aid0010,_250m_16_days_NDVI,aid0010,2000-07-27,2810293.0,-0.2,0.9708,"(-0.2,0.9708)",0.377182,0.1060154,0.0112393,0.4315,0.6086,0.3613,0.1363,0.3134
MOD13Q1_061__250m_16_days_NDVI_doy2000225000000_aid0010,_250m_16_days_NDVI,aid0010,2000-08-12,2814746.0,-0.2,0.897,"(-0.2,0.897)",0.4035224,0.1183526,0.0140073,0.4686,0.6787,0.3837,0.1184,0.3285
MOD13Q1_061__250m_16_days_NDVI_doy2000241000000_aid0010,_250m_16_days_NDVI,aid0010,2000-08-28,2810288.0,-0.2,0.9356,"(-0.2,0.9356)",0.4250241,0.1296198,0.0168013,0.5039,0.7572,0.3997,0.0817,0.335
MOD13Q1_061__250m_16_days_NDVI_doy2000257000000_aid0010,_250m_16_days_NDVI,aid0010,2000-09-13,2814532.0,-0.2,0.9323,"(-0.2,0.9323)",0.4439282,0.1358044,0.0184428,0.5287,0.7957,0.4175,0.0837,0.3507
MOD13Q1_061__250m_16_days_NDVI_doy2000273000000_aid0010,_250m_16_days_NDVI,aid0010,2000-09-29,2813711.0,-0.2,0.9767,"(-0.2,0.9767)",0.4802417,0.1439168,0.020712,0.5738,0.8607,0.4549,0.0956,0.3825
MOD13Q1_061__250m_16_days_NDVI_doy2000289000000_aid0010,_250m_16_days_NDVI,aid0010,2000-10-15,2816659.0,-0.2,0.9792,"(-0.2,0.9792)",0.5493554,0.1531351,0.0234504,0.6568,0.9626,0.5367,0.1383,0.4494
MOD13Q1_061__250m_16_days_NDVI_doy2000305000000_aid0010,_250m_16_days_NDVI,aid0010,2000-10-31,2815720.0,-0.2,0.9988,"(-0.2,0.9988)",0.5730036,0.1445518,0.0208952,0.673,0.9522,0.5713,0.2073,0.4867
MOD13Q1_061__250m_16_days_NDVI_doy2000321000000_aid0010,_250m_16_days_NDVI,aid0010,2000-11-16,2815600.0,-0.2,0.9483,"(-0.2,0.9483)",0.530337,0.1360334,0.0185051,0.6222,0.8874,0.5274,0.1802,0.4454
MOD13Q1_061__250m_16_days_NDVI_doy2000337000000_aid0010,_250m_16_days_NDVI,aid0010,2000-12-02,2814825.0,-0.2,0.932,"(-0.2,0.932)",0.4851695,0.1303134,0.0169816,0.5732,0.84,0.4772,0.1285,0.3953
MOD13Q1_061__250m_16_days_NDVI_doy2000353000000_aid0010,_250m_16_days_NDVI,aid0010,2000-12-18,2817593.0,-0.2,0.9066,"(-0.2,0.9066)",0.451254,0.1345444,0.0181022,0.5431,0.8291,0.4427,0.0664,0.3524
MOD13Q1_061__250m_16_days_NDVI_doy2001001000000_aid0010,_250m_16_days_NDVI,aid0010,2001-01-01,2820218.0,-0.2,0.9346,"(-0.2,0.9346)",0.4662283,0.1546838,0.0239271,0.5742,0.9111,0.4542,0.0125,0.3495
MOD13Q1_061__250m_16_days_NDVI_doy2001017000000_aid0010,_250m_16_days_NDVI,aid0010,2001-01-17,2816296.0,-0.2,0.9825,"(-0.2,0.9825)",0.5382695,0.1607562,0.0258425,0.6594,0.9825,0.542,0.0607,0.4199
MOD13Q1_061__250m_16_days_NDVI_doy2001033000000_aid0010,_250m_16_days_NDVI,aid0010,2001-02-02,2816151.0,-0.2,0.9855,"(-0.2,0.9855)",0.5254845,0.1575736,0.0248295,0.639,0.9601,0.5277,0.0838,0.4169
MOD13Q1_061__250m_16_days_NDVI_doy2001049000000_aid0010,_250m_16_days_NDVI,aid0010,2001-02-18,2819510.0,-0.2,0.9808,"(-0.2,0.9808)",0.521428,0.1487703,0.0221326,0.6213,0.9193,0.5224,0.1246,0.4226
MOD13Q1_061__250m_16_days_NDVI_doy2001065000000_aid0010,_250m_16_days_NDVI,aid0010,2001-03-06,2817149.0,-0.2,0.9951,"(-0.2,0.9951)",0.5767976,0.1431082,0.02048,0.6774,0.9454,0.5891,0.2069,0.4892
MOD13Q1_061__250m_16_days_NDVI_doy2001081000000_aid0010,_250m_16_days_NDVI,aid0010,2001-03-22,2812163.0,-0.2,0.9404,"(-0.2,0.9404)",0.5706628,0.1352262,0.0182861,0.6638,0.9206,0.583,0.2346,0.4921
MOD13Q1_061__250m_16_days_NDVI_doy2001097000000_aid0010,_250m_16_days_NDVI,aid0010,2001-04-07,2811900.0,-0.2,0.9949,"(-0.2,0.9949)",0.5753166,0.1299599,0.0168896,0.6593,0.8946,0.5862,0.2671,0.5024
MOD13Q1_061__250m_16_days_NDVI_doy2001113000000_aid0010,_250m_16_days_NDVI,aid0010,2001-04-23,2810671.0,-0.2,0.9192,"(-0.2,0.9192)",0.5472646,0.1307003,0.0170826,0.6315,0.8743,0.5568,0.2268,0.4696
MOD13Q1_061__250m_16_days_NDVI_doy2001129000000_aid0010,_250m_16_days_NDVI,aid0010,2001-05-09,2813634.0,-0.2,0.9984,"(-0.2,0.9984)",0.4837495,0.1274803,0.0162512,0.5646,0.8101,0.49,0.1554,0.4009
MOD13Q1_061__250m_16_days_NDVI_doy2001145000000_aid0010,_250m_16_days_NDVI,aid0010,2001-05-25,2809683.0,-0.2,0.9665,"(-0.2,0.9665)",0.509612,0.1330406,0.0176998,0.5894,0.8351,0.5085,0.1799,0.4256
MOD13Q1_061__250m_16_days_NDVI_doy2001161000000_aid0010,_250m_16_days_NDVI,aid0010,2001-06-10,2818022.0,-0.1836,0.9995,"(-0.1836,0.9995)",0.0899231,0.0891732,0.0079519,0.1162,0.2405,0.0658,-0.091,0.0333
MOD13Q1_061__250m_16_days_NDVI_doy2001177000000_aid0010,_250m_16_days_NDVI,aid0010,2001-06-26,2817763.0,-0.2,0.9205,"(-0.2,0.9205)",0.4420302,0.1195209,0.0142852,0.5138,0.7338,0.4417,0.1471,0.3671
MOD13Q1_061__250m_16_days_NDVI_doy2001193000000_aid0010,_250m_16_days_NDVI,aid0010,2001-07-12,2814655.0,-0.2,0.9769,"(-0.2,0.9769)",0.4543074,0.1114118,0.0124126,0.5224,0.7306,0.4499,0.1754,0.3836
MOD13Q1_061__250m_16_days_NDVI_doy2001209000000_aid0010,_250m_16_days_NDVI,aid0010,2001-07-28,2814920.0,-0.2,0.8987,"(-0.2,0.8987)",0.4529594,0.1205405,0.01453,0.5271,0.7522,0.4461,0.1519,0.377
MOD13Q1_061__250m_16_days_NDVI_doy2001225000000_aid0010,_250m_16_days_NDVI,aid0010,2001-08-13,2810963.0,-0.2,0.9118,"(-0.2,0.9118)",0.4639041,0.1261716,0.0159193,0.5456,0.7973,0.4522,0.1261,0.3778
MOD13Q1_061__250m_16_days_NDVI_doy2001241000000_aid0010,_250m_16_days_NDVI,aid0010,2001-08-29,2812060.0,-0.2,0.9439,"(-0.2,0.9439)",0.4928169,0.135991,0.0184936,0.5849,0.8652,0.4803,0.1177,0.398
MOD13Q1_061__250m_16_days_NDVI_doy2001257000000_aid0010,_250m_16_days_NDVI,aid0010,2001-09-14,2817489.0,-0.2,0.9333,"(-0.2,0.9333)",0.4726137,0.1343896,0.0180606,0.558,0.8202,0.4616,0.121,0.3832
MOD13Q1_061__250m_16_days_NDVI_doy2001273000000_aid0010,_250m_16_days_NDVI,aid0010,2001-09-30,2815528.0,-0.2,0.9975,"(-0.2,0.9975)",0.5160886,0.1543351,0.0238193,0.6181,0.9145,0.5081,0.1241,0.4205
MOD13Q1_061__250m_16_days_NDVI_doy2001289000000_aid0010,_250m_16_days_NDVI,aid0010,2001-10-16,2812917.0,-0.2,0.9951,"(-0.2,0.9951)",0.5826183,0.1460849,0.0213408,0.6859,0.9632,0.5805,0.2092,0.4952
MOD13Q1_061__250m_16_days_NDVI_doy2001305000000_aid0010,_250m_16_days_NDVI,aid0010,2001-11-01,2818662.0,-0.2,0.9994,"(-0.2,0.9994)",0.5792879,0.1477886,0.0218415,0.6802,0.9439,0.5893,0.237,0.5029
MOD13Q1_061__250m_16_days_NDVI_doy2001321000000_aid0010,_250m_16_days_NDVI,aid0010,2001-11-17,2818128.0,-0.2,0.9962,"(-0.2,0.9962)",0.5343363,0.142277,0.0202427,0.6292,0.8866,0.5477,0.2002,0.4576
MOD13Q1_061__250m_16_days_NDVI_doy2001337000000_aid0010,_250m_16_days_NDVI,aid0010,2001-12-03,2815057.0,-0.2,0.935,"(-0.2,0.935)",0.492125,0.129005,0.0166423,0.5766,0.8163,0.4981,0.1771,0.4168
MOD13Q1_061__250m_16_days_NDVI_doy2001353000000_aid0010,_250m_16_days_NDVI,aid0010,2001-12-19,2817137.0,-0.2,0.9252,"(-0.2,0.9252)",0.4871383,0.1322616,0.0174931,0.5719,0.8276,0.4821,0.1457,0.4014
MOD13Q1_061__250m_16_days_NDVI_doy2002001000000_aid0010,_250m_16_days_NDVI,aid0010,2002-01-01,2817604.0,-0.2,0.9977,"(-0.2,0.9977)",0.5444361,0.1542142,0.023782,0.6569,0.9707,0.543,0.1054,0.4363
MOD13Q1_061__250m_16_days_NDVI_doy2002017000000_aid0010,_250m_16_days_NDVI,aid0010,2002-01-17,2818025.0,-0.2,0.9528,"(-0.2,0.9528)",0.5783767,0.1656374,0.0274357,0.7076,0.9528,0.5861,0.0926,0.4616
MOD13Q1_061__250m_16_days_NDVI_doy2002033000000_aid0010,_250m_16_days_NDVI,aid0010,2002-02-02,2818079.0,-0.2,0.9797,"(-0.2,0.9797)",0.5664682,0.1621448,0.0262909,0.6908,0.9797,0.5787,0.0976,0.4535
MOD13Q1_061__250m_16_days_NDVI_doy2002049000000_aid0010,_250m_16_days_NDVI,aid0010,2002-02-18,2819299.0,-0.2,0.9992,"(-0.2,0.9992)",0.5401962,0.1565115,0.0244959,0.6508,0.972,0.552,0.1106,0.4347
MOD13Q1_061__250m_16_days_NDVI_doy2002065000000_aid0010,_250m_16_days_NDVI,aid0010,2002-03-06,2816163.0,-0.2,0.9979,"(-0.2,0.9979)",0.5436206,0.1549994,0.0240248,0.6546,0.9758,0.5533,0.1104,0.4369
MOD13Q1_061__250m_16_days_NDVI_doy2002081000000_aid0010,_250m_16_days_NDVI,aid0010,2002-03-22,2815422.0,-0.2,0.9225,"(-0.2,0.9225)",0.4976279,0.1494042,0.0223216,0.6013,0.9053,0.5009,0.0946,0.3986
MOD13Q1_061__250m_16_days_NDVI_doy2002097000000_aid0010,_250m_16_days_NDVI,aid0010,2002-04-07,2818329.0,-0.2,0.9943,"(-0.2,0.9943)",0.5110382,0.141531,0.020031,0.6054,0.8788,0.5159,0.1497,0.4231
MOD13Q1_061__250m_16_days_NDVI_doy2002113000000_aid0010,_250m_16_days_NDVI,aid0010,2002-04-23,2806827.0,-0.2,0.929,"(-0.2,0.929)",0.4879665,0.1349201,0.0182034,0.5742,0.8338,0.4874,0.1415,0.4011
MOD13Q1_061__250m_16_days_NDVI_doy2002129000000_aid0010,_250m_16_days_NDVI,aid0010,2002-05-09,2816714.0,-0.2,0.9976,"(-0.2,0.9976)",0.4667466,0.1335132,0.0178258,0.548,0.7973,0.4615,0.1325,0.3818
MOD13Q1_061__250m_16_days_NDVI_doy2002145000000_aid0010,_250m_16_days_NDVI,aid0010,2002-05-25,2812823.0,-0.2,0.9362,"(-0.2,0.9362)",0.474696,0.1370242,0.0187756,0.5533,0.7999,0.465,0.1423,0.3889
MOD13Q1_061__250m_16_days_NDVI_doy2002161000000_aid0010,_250m_16_days_NDVI,aid0010,2002-06-10,2808581.0,-0.2,0.912,"(-0.2,0.912)",0.4254185,0.1225322,0.0150141,0.491,0.7017,0.4169,0.1398,0.3505
MOD13Q1_061__250m_16_days_NDVI_doy2002177000000_aid0010,_250m_16_days_NDVI,aid0010,2002-06-26,2806976.0,-0.2,0.8816,"(-0.2,0.8816)",0.3948125,0.1035722,0.0107272,0.4507,0.6259,0.3884,0.1587,0.3339
MOD13Q1_061__250m_16_days_NDVI_doy2002193000000_aid0010,_250m_16_days_NDVI,aid0010,2002-07-12,2808070.0,-0.2,0.8939,"(-0.2,0.8939)",0.3841131,0.1067856,0.0114032,0.4413,0.6232,0.3736,0.1381,0.32
MOD13Q1_061__250m_16_days_NDVI_doy2002209000000_aid0010,_250m_16_days_NDVI,aid0010,2002-07-28,2805283.0,-0.2,0.9184,"(-0.2,0.9184)",0.3841072,0.1064363,0.0113287,0.441,0.6225,0.3709,0.1385,0.32
MOD13Q1_061__250m_16_days_NDVI_doy2002225000000_aid0010,_250m_16_days_NDVI,aid0010,2002-08-13,2816538.0,-0.2,0.9146,"(-0.2,0.9146)",0.3773401,0.1137259,0.0129336,0.4433,0.6459,0.3663,0.1056,0.3082
MOD13Q1_061__250m_16_days_NDVI_doy2002241000000_aid0010,_250m_16_days_NDVI,aid0010,2002-08-29,2811247.0,-0.2,0.9151,"(-0.2,0.9151)",0.4326525,0.127081,0.0161496,0.5106,0.7558,0.4145,0.1019,0.3471
MOD13Q1_061__250m_16_days_NDVI_doy2002257000000_aid0010,_250m_16_days_NDVI,aid0010,2002-09-14,2813546.0,-0.2,0.9233,"(-0.2,0.9233)",0.4630552,0.1374926,0.0189042,0.5522,0.8292,0.443,0.0905,0.3675
MOD13Q1_061__250m_16_days_NDVI_doy2002273000000_aid0010,_250m_16_days_NDVI,aid0010,2002-09-30,2817861.0,-0.2,0.9769,"(-0.2,0.9769)",0.4791311,0.1431607,0.020495,0.5785,0.8852,0.46,0.0673,0.374
MOD13Q1_061__250m_16_days_NDVI_doy2002289000000_aid0010,_250m_16_days_NDVI,aid0010,2002-10-16,2813368.0,-0.2,0.9616,"(-0.2,0.9616)",0.5311582,0.1464185,0.0214384,0.6365,0.9396,0.5248,0.1108,0.4262
MOD13Q1_061__250m_16_days_NDVI_doy2002305000000_aid0010,_250m_16_days_NDVI,aid0010,2002-11-01,2818951.0,-0.2,0.9622,"(-0.2,0.9622)",0.5052748,0.1456323,0.0212088,0.6103,0.9175,0.5076,0.0936,0.4036
MOD13Q1_061__250m_16_days_NDVI_doy2002321000000_aid0010,_250m_16_days_NDVI,aid0010,2002-11-17,2819442.0,-0.2,0.9957,"(-0.2,0.9957)",0.4821132,0.1389626,0.0193106,0.5782,0.8648,0.4832,0.1005,0.3871
MOD13Q1_061__250m_16_days_NDVI_doy2002337000000_aid0010,_250m_16_days_NDVI,aid0010,2002-12-03,2817366.0,-0.2,0.9934,"(-0.2,0.9934)",0.4897576,0.1482847,0.0219883,0.5913,0.9001,0.483,0.0766,0.3854
MOD13Q1_061__250m_16_days_NDVI_doy2002353000000_aid0010,_250m_16_days_NDVI,aid0010,2002-12-19,2813827.0,-0.2,0.9922,"(-0.2,0.9922)",0.5164126,0.1535188,0.023568,0.625,0.9445,0.5146,0.0858,0.4093
MOD13Q1_061__250m_16_days_NDVI_doy2003001000000_aid0010,_250m_16_days_NDVI,aid0010,2003-01-01,2815641.0,-0.2,0.9989,"(-0.2,0.9989)",0.5355575,0.1671377,0.027935,0.6564,0.9989,0.5296,0.0514,0.4144
MOD13Q1_061__250m_16_days_NDVI_doy2003017000000_aid0010,_250m_16_days_NDVI,aid0010,2003-01-17,2815390.0,-0.2,0.9786,"(-0.2,0.9786)",0.526932,0.1694026,0.0286972,0.649,0.9786,0.5206,0.0355,0.4036
MOD13Q1_061__250m_16_days_NDVI_doy2003033000000_aid0010,_250m_16_days_NDVI,aid0010,2003-02-02,2819102.0,-0.2,0.98,"(-0.2,0.98)",0.5028777,0.1688254,0.028502,0.6213,0.98,0.4928,0.0153,0.3789
MOD13Q1_061__250m_16_days_NDVI_doy2003049000000_aid0010,_250m_16_days_NDVI,aid0010,2003-02-18,2815054.0,-0.2,0.9879,"(-0.2,0.9879)",0.4643528,0.161031,0.025931,0.5678,0.896,0.4455,0.0208,0.349
MOD13Q1_061__250m_16_days_NDVI_doy2003065000000_aid0010,_250m_16_days_NDVI,aid0010,2003-03-06,2813149.0,-0.2,0.9507,"(-0.2,0.9507)",0.4618088,0.1627179,0.0264771,0.5679,0.9072,0.4411,0.0024,0.3417
MOD13Q1_061__250m_16_days_NDVI_doy2003081000000_aid0010,_250m_16_days_NDVI,aid0010,2003-03-22,2814202.0,-0.2,0.9844,"(-0.2,0.9844)",0.4504935,0.1450224,0.0210315,0.5462,0.8487,0.4371,0.042,0.3445
MOD13Q1_061__250m_16_days_NDVI_doy2003097000000_aid0010,_250m_16_days_NDVI,aid0010,2003-04-07,2811822.0,-0.2,0.9001,"(-0.2,0.9001)",0.4663247,0.1318835,0.0173933,0.5545,0.8251,0.4634,0.1035,0.3741
MOD13Q1_061__250m_16_days_NDVI_doy2003113000000_aid0010,_250m_16_days_NDVI,aid0010,2003-04-23,2813871.0,-0.2,0.9915,"(-0.2,0.9915)",0.4851583,0.1360644,0.0185135,0.5747,0.848,0.4851,0.1192,0.3925
MOD13Q1_061__250m_16_days_NDVI_doy2003129000000_aid0010,_250m_16_days_NDVI,aid0010,2003-05-09,2817070.0,-0.2,0.9763,"(-0.2,0.9763)",0.4922143,0.1405215,0.0197463,0.5818,0.8599,0.4907,0.1183,0.3964
MOD13Q1_061__250m_16_days_NDVI_doy2003145000000_aid0010,_250m_16_days_NDVI,aid0010,2003-05-25,2813093.0,-0.2,0.926,"(-0.2,0.926)",0.485265,0.1361924,0.0185484,0.5704,0.8372,0.4823,0.1257,0.3925
MOD13Q1_061__250m_16_days_NDVI_doy2003161000000_aid0010,_250m_16_days_NDVI,aid0010,2003-06-10,2813653.0,-0.2,0.8974,"(-0.2,0.8974)",0.4282097,0.1185467,0.0140533,0.4975,0.7196,0.4218,0.1273,0.3494
MOD13Q1_061__250m_16_days_NDVI_doy2003177000000_aid0010,_250m_16_days_NDVI,aid0010,2003-06-26,2812675.0,-0.2,0.9097,"(-0.2,0.9097)",0.4176431,0.118296,0.0139939,0.4838,0.7014,0.4079,0.1211,0.3387
MOD13Q1_061__250m_16_days_NDVI_doy2003193000000_aid0010,_250m_16_days_NDVI,aid0010,2003-07-12,2811982.0,-0.2,0.8928,"(-0.2,0.8928)",0.3957503,0.1085974,0.0117934,0.4554,0.6517,0.3857,0.1282,0.3245
MOD13Q1_061__250m_16_days_NDVI_doy2003209000000_aid0010,_250m_16_days_NDVI,aid0010,2003-07-28,2812469.0,-0.2,0.8802,"(-0.2,0.8802)",0.3715551,0.099772,0.0099544,0.4245,0.5988,0.36,0.134,0.3083
MOD13Q1_061__250m_16_days_NDVI_doy2003225000000_aid0010,_250m_16_days_NDVI,aid0010,2003-08-13,2811720.0,-0.2,0.8922,"(-0.2,0.8922)",0.3665658,0.1006266,0.0101257,0.4195,0.5969,0.3523,0.1238,0.3012
MOD13Q1_061__250m_16_days_NDVI_doy2003241000000_aid0010,_250m_16_days_NDVI,aid0010,2003-08-29,2811973.0,-0.2,0.9064,"(-0.2,0.9064)",0.3482943,0.0999265,0.0099853,0.3987,0.5739,0.3335,0.1067,0.2819
MOD13Q1_061__250m_16_days_NDVI_doy2003257000000_aid0010,_250m_16_days_NDVI,aid0010,2003-09-14,2814450.0,-0.2,0.9094,"(-0.2,0.9094)",0.3427869,0.1005776,0.0101159,0.3901,0.5603,0.3258,0.1064,0.2766
MOD13Q1_061__250m_16_days_NDVI_doy2003273000000_aid0010,_250m_16_days_NDVI,aid0010,2003-09-30,2818618.0,-0.2,0.9199,"(-0.2,0.9199)",0.3557097,0.1166325,0.0136032,0.4149,0.6232,0.3329,0.0677,0.276
MOD13Q1_061__250m_16_days_NDVI_doy2003289000000_aid0010,_250m_16_days_NDVI,aid0010,2003-10-16,2818073.0,-0.2,0.9248,"(-0.2,0.9248)",0.3723648,0.1302938,0.0169765,0.448,0.7045,0.3508,0.0205,0.277
MOD13Q1_061__250m_16_days_NDVI_doy2003305000000_aid0010,_250m_16_days_NDVI,aid0010,2003-11-01,2815971.0,-0.2,0.9092,"(-0.2,0.9092)",0.3736927,0.1240546,0.0153895,0.4484,0.6975,0.3564,0.0332,0.2823
MOD13Q1_061__250m_16_days_NDVI_doy2003321000000_aid0010,_250m_16_days_NDVI,aid0010,2003-11-17,2817004.0,-0.2,0.9378,"(-0.2,0.9378)",0.3998498,0.1327025,0.01761,0.4849,0.7603,0.3855,0.0259,0.3013
MOD13Q1_061__250m_16_days_NDVI_doy2003337000000_aid0010,_250m_16_days_NDVI,aid0010,2003-12-03,2819640.0,-0.2,0.9334,"(-0.2,0.9334)",0.3979291,0.1355776,0.0183813,0.4808,0.7532,0.3809,0.0269,0.2992
MOD13Q1_061__250m_16_days_NDVI_doy2003353000000_aid0010,_250m_16_days_NDVI,aid0010,2003-12-19,2818288.0,-0.2,0.969,"(-0.2,0.969)",0.4011643,0.1518366,0.0230544,0.4926,0.7995,0.3709,-0.0188,0.288
MOD13Q1_061__250m_16_days_NDVI_doy2004001000000_aid0010,_250m_16_days_NDVI,aid0010,2004-01-01,2815713.0,-0.2,0.9408,"(-0.2,0.9408)",0.4495446,0.1720808,0.0296118,0.5652,0.9369,0.4197,-0.0555,0.3169
MOD13Q1_061__250m_16_days_NDVI_doy2004017000000_aid0010,_250m_16_days_NDVI,aid0010,2004-01-17,2817962.0,-0.2,0.9813,"(-0.2,0.9813)",0.4703658,0.1732795,0.0300258,0.5896,0.9668,0.4528,-0.0421,0.3369
MOD13Q1_061__250m_16_days_NDVI_doy2004033000000_aid0010,_250m_16_days_NDVI,aid0010,2004-02-02,2814820.0,-0.2,0.9814,"(-0.2,0.9814)",0.5745304,0.1717499,0.029498,0.7007,0.9814,0.5852,0.0717,0.4491
MOD13Q1_061__250m_16_days_NDVI_doy2004049000000_aid0010,_250m_16_days_NDVI,aid0010,2004-02-18,2814257.0,-0.2,0.9961,"(-0.2,0.9961)",0.5541839,0.1645569,0.027079,0.6666,0.9961,0.5504,0.0964,0.4385
MOD13Q1_061__250m_16_days_NDVI_doy2004065000000_aid0010,_250m_16_days_NDVI,aid0010,2004-03-05,2816517.0,-0.2,0.9499,"(-0.2,0.9499)",0.5551288,0.1525745,0.023279,0.6535,0.942,0.5527,0.1598,0.456
MOD13Q1_061__250m_16_days_NDVI_doy2004081000000_aid0010,_250m_16_days_NDVI,aid0010,2004-03-21,2814791.0,-0.2,0.9422,"(-0.2,0.9422)",0.5460174,0.1296692,0.0168141,0.6284,0.875,0.5522,0.2174,0.464
MOD13Q1_061__250m_16_days_NDVI_doy2004097000000_aid0010,_250m_16_days_NDVI,aid0010,2004-04-06,2814019.0,-0.2,0.9911,"(-0.2,0.9911)",0.557038,0.1251487,0.0156622,0.6398,0.8778,0.5699,0.2431,0.4811
MOD13Q1_061__250m_16_days_NDVI_doy2004113000000_aid0010,_250m_16_days_NDVI,aid0010,2004-04-22,2813214.0,-0.2,0.9668,"(-0.2,0.9668)",0.55343,0.1289605,0.0166308,0.6386,0.8903,0.5661,0.2191,0.4708
MOD13Q1_061__250m_16_days_NDVI_doy2004129000000_aid0010,_250m_16_days_NDVI,aid0010,2004-05-08,2814092.0,-0.2,0.966,"(-0.2,0.966)",0.4920887,0.1291132,0.0166702,0.5759,0.8372,0.5001,0.1404,0.4017
MOD13Q1_061__250m_16_days_NDVI_doy2004145000000_aid0010,_250m_16_days_NDVI,aid0010,2004-05-24,2812621.0,-0.2,0.9374,"(-0.2,0.9374)",0.4838326,0.1319772,0.017418,0.5684,0.8373,0.4872,0.1202,0.3891
MOD13Q1_061__250m_16_days_NDVI_doy2004161000000_aid0010,_250m_16_days_NDVI,aid0010,2004-06-09,2812381.0,-0.2,0.9435,"(-0.2,0.9435)",0.4552718,0.1268355,0.0160872,0.5353,0.7943,0.4542,0.1036,0.3626
MOD13Q1_061__250m_16_days_NDVI_doy2004177000000_aid0010,_250m_16_days_NDVI,aid0010,2004-06-25,2813684.0,-0.2,0.9148,"(-0.2,0.9148)",0.4397275,0.1208534,0.0146055,0.5127,0.7512,0.4343,0.1152,0.3537
MOD13Q1_061__250m_16_days_NDVI_doy2004193000000_aid0010,_250m_16_days_NDVI,aid0010,2004-07-11,2815683.0,-0.2,0.9631,"(-0.2,0.9631)",0.3976687,0.1086355,0.0118017,0.4627,0.6733,0.3922,0.1117,0.3223
MOD13Q1_061__250m_16_days_NDVI_doy2004209000000_aid0010,_250m_16_days_NDVI,aid0010,2004-07-27,2809358.0,-0.2,0.9553,"(-0.2,0.9553)",0.4620133,0.1243668,0.0154671,0.5335,0.7628,0.453,0.1513,0.3806
MOD13Q1_061__250m_16_days_NDVI_doy2004225000000_aid0010,_250m_16_days_NDVI,aid0010,2004-08-12,2812276.0,-0.2,0.9324,"(-0.2,0.9324)",0.4843341,0.1261356,0.0159102,0.5581,0.7883,0.4781,0.1744,0.4046
MOD13Q1_061__250m_16_days_NDVI_doy2004241000000_aid0010,_250m_16_days_NDVI,aid0010,2004-08-28,2817123.0,-0.2,0.9859,"(-0.2,0.9859)",0.4932385,0.1324735,0.0175492,0.5716,0.8135,0.4808,0.1684,0.4103
MOD13Q1_061__250m_16_days_NDVI_doy2004257000000_aid0010,_250m_16_days_NDVI,aid0010,2004-09-13,2812916.0,-0.2,0.9334,"(-0.2,0.9334)",0.4786258,0.1360102,0.0184988,0.5566,0.8038,0.4624,0.1446,0.3918
MOD13Q1_061__250m_16_days_NDVI_doy2004273000000_aid0010,_250m_16_days_NDVI,aid0010,2004-09-29,2813638.0,-0.2,0.938,"(-0.2,0.938)",0.489984,0.1340524,0.01797,0.569,0.8192,0.4782,0.152,0.4022
MOD13Q1_061__250m_16_days_NDVI_doy2004289000000_aid0010,_250m_16_days_NDVI,aid0010,2004-10-15,2814768.0,-0.2,0.9923,"(-0.2,0.9923)",0.4999552,0.1373072,0.0188533,0.5829,0.8364,0.4912,0.1604,0.4139
MOD13Q1_061__250m_16_days_NDVI_doy2004305000000_aid0010,_250m_16_days_NDVI,aid0010,2004-10-31,2816119.0,-0.2,0.9987,"(-0.2,0.9987)",0.506542,0.1372579,0.0188397,0.5955,0.8592,0.5029,0.156,0.4197
MOD13Q1_061__250m_16_days_NDVI_doy2004321000000_aid0010,_250m_16_days_NDVI,aid0010,2004-11-16,2816213.0,-0.2,0.9749,"(-0.2,0.9749)",0.5312157,0.1309823,0.0171564,0.6169,0.8693,0.5287,0.1962,0.4486
MOD13Q1_061__250m_16_days_NDVI_doy2004337000000_aid0010,_250m_16_days_NDVI,aid0010,2004-12-02,2818212.0,-0.2,0.9981,"(-0.2,0.9981)",0.5445324,0.1445786,0.020903,0.6437,0.9355,0.5398,0.153,0.4474
MOD13Q1_061__250m_16_days_NDVI_doy2004353000000_aid0010,_250m_16_days_NDVI,aid0010,2004-12-18,2815592.0,-0.2,0.9862,"(-0.2,0.9862)",0.5672992,0.1534998,0.0235622,0.6797,0.9862,0.5629,0.1207,0.4561
MOD13Q1_061__250m_16_days_NDVI_doy2005001000000_aid0010,_250m_16_days_NDVI,aid0010,2005-01-01,2816910.0,-0.2,0.9656,"(-0.2,0.9656)",0.6091894,0.1578125,0.0249048,0.7312,0.9656,0.604,0.1405,0.4949
MOD13Q1_061__250m_16_days_NDVI_doy2005017000000_aid0010,_250m_16_days_NDVI,aid0010,2005-01-17,2818463.0,-0.2,0.9996,"(-0.2,0.9996)",0.573309,0.1660991,0.0275889,0.6963,0.9996,0.5627,0.0803,0.4499
MOD13Q1_061__250m_16_days_NDVI_doy2005033000000_aid0010,_250m_16_days_NDVI,aid0010,2005-02-02,2815392.0,-0.2,0.9892,"(-0.2,0.9892)",0.5745839,0.162048,0.0262595,0.6905,0.9892,0.5587,0.1073,0.4572
MOD13Q1_061__250m_16_days_NDVI_doy2005049000000_aid0010,_250m_16_days_NDVI,aid0010,2005-02-18,2816476.0,-0.2,0.993,"(-0.2,0.993)",0.5572933,0.1604837,0.025755,0.6613,0.9851,0.5399,0.1208,0.4451
MOD13Q1_061__250m_16_days_NDVI_doy2005065000000_aid0010,_250m_16_days_NDVI,aid0010,2005-03-06,2815723.0,-0.2,0.9446,"(-0.2,0.9446)",0.5353138,0.1620597,0.0262633,0.645,0.9446,0.5217,0.0753,0.4171
MOD13Q1_061__250m_16_days_NDVI_doy2005081000000_aid0010,_250m_16_days_NDVI,aid0010,2005-03-22,2816482.0,-0.2,0.9742,"(-0.2,0.9742)",0.5059912,0.1481266,0.0219415,0.6067,0.9196,0.4946,0.0852,0.3981
MOD13Q1_061__250m_16_days_NDVI_doy2005097000000_aid0010,_250m_16_days_NDVI,aid0010,2005-04-07,2814404.0,-0.2,0.9279,"(-0.2,0.9279)",0.4590719,0.1339769,0.0179498,0.544,0.8149,0.4442,0.0925,0.3634
MOD13Q1_061__250m_16_days_NDVI_doy2005113000000_aid0010,_250m_16_days_NDVI,aid0010,2005-04-23,2813102.0,-0.2,0.9031,"(-0.2,0.9031)",0.4097706,0.1179205,0.0139052,0.4734,0.6909,0.3914,0.1109,0.3284
MOD13Q1_061__250m_16_days_NDVI_doy2005129000000_aid0010,_250m_16_days_NDVI,aid0010,2005-05-09,2811753.0,-0.2,0.8919,"(-0.2,0.8919)",0.3858116,0.1087598,0.0118287,0.4407,0.6343,0.3667,0.118,0.3116
MOD13Q1_061__250m_16_days_NDVI_doy2005145000000_aid0010,_250m_16_days_NDVI,aid0010,2005-05-25,2813203.0,-0.2,0.9992,"(-0.2,0.9992)",0.3663481,0.1048964,0.0110032,0.4157,0.5966,0.3484,0.1142,0.2951
MOD13Q1_061__250m_16_days_NDVI_doy2005161000000_aid0010,_250m_16_days_NDVI,aid0010,2005-06-10,2819954.0,-0.1996,0.9965,"(-0.1996,0.9965)",0.3338842,0.1069571,0.0114398,0.3946,0.5816,0.3282,0.0829,0.2699
MOD13Q1_061__250m_16_days_NDVI_doy2005177000000_aid0010,_250m_16_days_NDVI,aid0010,2005-06-26,2815279.0,-0.2,0.9224,"(-0.2,0.9224)",0.3619023,0.1102067,0.0121455,0.4122,0.5998,0.3425,0.0995,0.2871
MOD13Q1_061__250m_16_days_NDVI_doy2005193000000_aid0010,_250m_16_days_NDVI,aid0010,2005-07-12,2812171.0,-0.2,0.9196,"(-0.2,0.9196)",0.3828112,0.1108401,0.0122855,0.4334,0.6225,0.3609,0.1182,0.3073
MOD13Q1_061__250m_16_days_NDVI_doy2005209000000_aid0010,_250m_16_days_NDVI,aid0010,2005-07-28,2814754.0,-0.2,0.9196,"(-0.2,0.9196)",0.349072,0.1061132,0.01126,0.3951,0.5695,0.3284,0.1044,0.2788
MOD13Q1_061__250m_16_days_NDVI_doy2005225000000_aid0010,_250m_16_days_NDVI,aid0010,2005-08-13,2812487.0,-0.2,0.9299,"(-0.2,0.9299)",0.3705571,0.1101703,0.0121375,0.4171,0.5951,0.3465,0.1204,0.2984
MOD13Q1_061__250m_16_days_NDVI_doy2005241000000_aid0010,_250m_16_days_NDVI,aid0010,2005-08-29,2812785.0,-0.2,0.9488,"(-0.2,0.9488)",0.3838346,0.1198539,0.014365,0.4333,0.6247,0.3553,0.1143,0.3057
MOD13Q1_061__250m_16_days_NDVI_doy2005257000000_aid0010,_250m_16_days_NDVI,aid0010,2005-09-14,2815106.0,-0.2,0.9327,"(-0.2,0.9327)",0.3908658,0.1269635,0.0161197,0.4413,0.6388,0.3597,0.1121,0.3096
MOD13Q1_061__250m_16_days_NDVI_doy2005273000000_aid0010,_250m_16_days_NDVI,aid0010,2005-09-30,2814563.0,-0.2,0.9621,"(-0.2,0.9621)",0.4261178,0.131578,0.0173128,0.4868,0.7058,0.4,0.1218,0.3408
MOD13Q1_061__250m_16_days_NDVI_doy2005289000000_aid0010,_250m_16_days_NDVI,aid0010,2005-10-16,2817392.0,-0.2,0.9313,"(-0.2,0.9313)",0.4261272,0.1258251,0.015832,0.4872,0.7017,0.4098,0.1297,0.3442
MOD13Q1_061__250m_16_days_NDVI_doy2005305000000_aid0010,_250m_16_days_NDVI,aid0010,2005-11-01,2818856.0,-0.2,0.9922,"(-0.2,0.9922)",0.4102676,0.1155688,0.0133561,0.4748,0.6893,0.3974,0.1173,0.3318
MOD13Q1_061__250m_16_days_NDVI_doy2005321000000_aid0010,_250m_16_days_NDVI,aid0010,2005-11-17,2817438.0,-0.2,0.9129,"(-0.2,0.9129)",0.4159523,0.1211439,0.0146758,0.4895,0.7298,0.4008,0.089,0.3293
MOD13Q1_061__250m_16_days_NDVI_doy2005337000000_aid0010,_250m_16_days_NDVI,aid0010,2005-12-03,2815600.0,-0.2,0.9051,"(-0.2,0.9051)",0.404418,0.1290316,0.0166491,0.48,0.7353,0.3837,0.0545,0.3098
MOD13Q1_061__250m_16_days_NDVI_doy2005353000000_aid0010,_250m_16_days_NDVI,aid0010,2005-12-19,2815632.0,-0.2,0.9257,"(-0.2,0.9257)",0.4239064,0.1422521,0.0202357,0.5036,0.7788,0.3984,0.0449,0.3201
MOD13Q1_061__250m_16_days_NDVI_doy2006001000000_aid0010,_250m_16_days_NDVI,aid0010,2006-01-01,2819549.0,-0.2,0.9619,"(-0.2,0.9619)",0.4681504,0.1506917,0.022708,0.5536,0.8378,0.4432,0.0799,0.3641
MOD13Q1_061__250m_16_days_NDVI_doy2006017000000_aid0010,_250m_16_days_NDVI,aid0010,2006-01-17,2817167.0,-0.2,0.9715,"(-0.2,0.9715)",0.5032997,0.1682769,0.0283171,0.6203,0.9715,0.4735,0.0148,0.3781
MOD13Q1_061__250m_16_days_NDVI_doy2006033000000_aid0010,_250m_16_days_NDVI,aid0010,2006-02-02,2818346.0,-0.2,0.9907,"(-0.2,0.9907)",0.540017,0.1798986,0.0323635,0.6745,0.9907,0.5113,0.0,0.4047
MOD13Q1_061__250m_16_days_NDVI_doy2006049000000_aid0010,_250m_16_days_NDVI,aid0010,2006-02-18,2815670.0,-0.2,0.9726,"(-0.2,0.9726)",0.5385452,0.1586924,0.0251833,0.6483,0.9726,0.5221,0.0876,0.424
MOD13Q1_061__250m_16_days_NDVI_doy2006065000000_aid0010,_250m_16_days_NDVI,aid0010,2006-03-06,2815497.0,-0.2,0.9823,"(-0.2,0.9823)",0.5541454,0.1447934,0.0209651,0.6537,0.9489,0.5468,0.1582,0.4555
MOD13Q1_061__250m_16_days_NDVI_doy2006081000000_aid0010,_250m_16_days_NDVI,aid0010,2006-03-22,2816483.0,-0.2,0.9195,"(-0.2,0.9195)",0.530082,0.1337302,0.0178838,0.6167,0.8775,0.5243,0.182,0.4428
MOD13Q1_061__250m_16_days_NDVI_doy2006097000000_aid0010,_250m_16_days_NDVI,aid0010,2006-04-07,2815104.0,-0.2,0.9901,"(-0.2,0.9901)",0.5346551,0.1358096,0.0184443,0.6245,0.8939,0.5254,0.1755,0.4449
MOD13Q1_061__250m_16_days_NDVI_doy2006113000000_aid0010,_250m_16_days_NDVI,aid0010,2006-04-23,2814838.0,-0.2,0.9219,"(-0.2,0.9219)",0.4716113,0.1357923,0.0184395,0.5555,0.8234,0.4558,0.109,0.3769
MOD13Q1_061__250m_16_days_NDVI_doy2006129000000_aid0010,_250m_16_days_NDVI,aid0010,2006-05-09,2815919.0,-0.2,0.908,"(-0.2,0.908)",0.4250002,0.1205061,0.0145217,0.4928,0.7197,0.4107,0.1146,0.3415
MOD13Q1_061__250m_16_days_NDVI_doy2006145000000_aid0010,_250m_16_days_NDVI,aid0010,2006-05-25,2817260.0,-0.2,0.9949,"(-0.2,0.9949)",0.3859147,0.0991179,0.0098244,0.4403,0.6234,0.3746,0.1351,0.3182
MOD13Q1_061__250m_16_days_NDVI_doy2006161000000_aid0010,_250m_16_days_NDVI,aid0010,2006-06-10,2818754.0,-0.2,0.9546,"(-0.2,0.9546)",0.3650089,0.1030503,0.0106194,0.4145,0.5916,0.3477,0.1193,0.2964
MOD13Q1_061__250m_16_days_NDVI_doy2006177000000_aid0010,_250m_16_days_NDVI,aid0010,2006-06-26,2817771.0,-0.2,0.9466,"(-0.2,0.9466)",0.3517146,0.0949011,0.0090062,0.3989,0.5636,0.3377,0.1244,0.2891
MOD13Q1_061__250m_16_days_NDVI_doy2006193000000_aid0010,_250m_16_days_NDVI,aid0010,2006-07-12,2815463.0,-0.2,0.8961,"(-0.2,0.8961)",0.3422304,0.0995633,0.0099129,0.3846,0.5449,0.3226,0.1174,0.2777
MOD13Q1_061__250m_16_days_NDVI_doy2006209000000_aid0010,_250m_16_days_NDVI,aid0010,2006-07-28,2818525.0,-0.2,0.9106,"(-0.2,0.9106)",0.3310888,0.0951486,0.0090533,0.3718,0.524,0.3145,0.1181,0.2703
MOD13Q1_061__250m_16_days_NDVI_doy2006225000000_aid0010,_250m_16_days_NDVI,aid0010,2006-08-13,2815415.0,-0.2,0.8788,"(-0.2,0.8788)",0.3115176,0.0830744,0.0069014,0.3465,0.4773,0.2967,0.1285,0.2593
MOD13Q1_061__250m_16_days_NDVI_doy2006241000000_aid0010,_250m_16_days_NDVI,aid0010,2006-08-29,2814952.0,-0.2,0.8794,"(-0.2,0.8794)",0.3129233,0.0845503,0.0071488,0.3465,0.4765,0.2966,0.1298,0.2598
MOD13Q1_061__250m_16_days_NDVI_doy2006257000000_aid0010,_250m_16_days_NDVI,aid0010,2006-09-14,2815120.0,-0.2,0.9089,"(-0.2,0.9089)",0.3211815,0.0937928,0.0087971,0.356,0.4961,0.3007,0.1225,0.2626
MOD13Q1_061__250m_16_days_NDVI_doy2006273000000_aid0010,_250m_16_days_NDVI,aid0010,2006-09-30,2816705.0,-0.2,0.9429,"(-0.2,0.9429)",0.3652621,0.1236514,0.0152897,0.4224,0.6373,0.334,0.0642,0.2791
MOD13Q1_061__250m_16_days_NDVI_doy2006289000000_aid0010,_250m_16_days_NDVI,aid0010,2006-10-16,2819138.0,-0.2,0.9593,"(-0.2,0.9593)",0.3952528,0.1306274,0.0170635,0.463,0.7055,0.3724,0.0588,0.3013
MOD13Q1_061__250m_16_days_NDVI_doy2006305000000_aid0010,_250m_16_days_NDVI,aid0010,2006-11-01,2817197.0,-0.2,0.945,"(-0.2,0.945)",0.4283463,0.1313306,0.0172477,0.5046,0.7606,0.4117,0.0779,0.3339
MOD13Q1_061__250m_16_days_NDVI_doy2006321000000_aid0010,_250m_16_days_NDVI,aid0010,2006-11-17,2818248.0,-0.2,0.9292,"(-0.2,0.9292)",0.4105511,0.1211354,0.0146738,0.4819,0.7178,0.3948,0.0887,0.3246
MOD13Q1_061__250m_16_days_NDVI_doy2006337000000_aid0010,_250m_16_days_NDVI,aid0010,2006-12-03,2816505.0,-0.2,0.9415,"(-0.2,0.9415)",0.4482409,0.138753,0.0192524,0.5342,0.8144,0.431,0.0672,0.3474
MOD13Q1_061__250m_16_days_NDVI_doy2006353000000_aid0010,_250m_16_days_NDVI,aid0010,2006-12-19,2818462.0,-0.2,0.9375,"(-0.2,0.9375)",0.4997116,0.1702969,0.029001,0.6151,0.9375,0.4751,0.0079,0.3722
MOD13Q1_061__250m_16_days_NDVI_doy2007001000000_aid0010,_250m_16_days_NDVI,aid0010,2007-01-01,2819213.0,-0.2,0.998,"(-0.2,0.998)",0.5155498,0.1777536,0.0315963,0.6404,0.998,0.4862,0.0012,0.3847
MOD13Q1_061__250m_16_days_NDVI_doy2007017000000_aid0010,_250m_16_days_NDVI,aid0010,2007-01-17,2816757.0,-0.2,0.9783,"(-0.2,0.9783)",0.5274415,0.1797891,0.0323241,0.6414,0.9783,0.4951,0.0302,0.3969
MOD13Q1_061__250m_16_days_NDVI_doy2007033000000_aid0010,_250m_16_days_NDVI,aid0010,2007-02-02,2816668.0,-0.2,0.9978,"(-0.2,0.9978)",0.5385575,0.167556,0.028075,0.6361,0.9581,0.5163,0.0994,0.4214
MOD13Q1_061__250m_16_days_NDVI_doy2007049000000_aid0010,_250m_16_days_NDVI,aid0010,2007-02-18,2817455.0,-0.2,0.9921,"(-0.2,0.9921)",0.5711444,0.1482766,0.0219859,0.6528,0.9136,0.5634,0.2181,0.4789
MOD13Q1_061__250m_16_days_NDVI_doy2007065000000_aid0010,_250m_16_days_NDVI,aid0010,2007-03-06,2814796.0,-0.2,0.9736,"(-0.2,0.9736)",0.5888972,0.1394257,0.0194395,0.6753,0.9312,0.5905,0.2488,0.5047
MOD13Q1_061__250m_16_days_NDVI_doy2007081000000_aid0010,_250m_16_days_NDVI,aid0010,2007-03-22,2814153.0,-0.2,0.9718,"(-0.2,0.9718)",0.5822304,0.1313954,0.0172647,0.6697,0.9226,0.5928,0.2482,0.5011
MOD13Q1_061__250m_16_days_NDVI_doy2007097000000_aid0010,_250m_16_days_NDVI,aid0010,2007-04-07,2814899.0,-0.2,0.9835,"(-0.2,0.9835)",0.5478541,0.1300651,0.0169169,0.6383,0.902,0.5571,0.1988,0.4625
MOD13Q1_061__250m_16_days_NDVI_doy2007113000000_aid0010,_250m_16_days_NDVI,aid0010,2007-04-23,2812551.0,-0.2,0.9232,"(-0.2,0.9232)",0.5209625,0.1340054,0.0179575,0.615,0.8964,0.5245,0.1458,0.4273
MOD13Q1_061__250m_16_days_NDVI_doy2007129000000_aid0010,_250m_16_days_NDVI,aid0010,2007-05-09,2813001.0,-0.2,0.9069,"(-0.2,0.9069)",0.4416158,0.127227,0.0161867,0.525,0.7915,0.4349,0.0808,0.3473
MOD13Q1_061__250m_16_days_NDVI_doy2007145000000_aid0010,_250m_16_days_NDVI,aid0010,2007-05-25,2813333.0,-0.2,0.9157,"(-0.2,0.9157)",0.3988723,0.1142195,0.0130461,0.4653,0.6895,0.3877,0.0916,0.3158
MOD13Q1_061__250m_16_days_NDVI_doy2007161000000_aid0010,_250m_16_days_NDVI,aid0010,2007-06-10,2812837.0,-0.2,0.8789,"(-0.2,0.8789)",0.398451,0.099667,0.0099335,0.4564,0.6502,0.389,0.1334,0.3272
MOD13Q1_061__250m_16_days_NDVI_doy2007177000000_aid0010,_250m_16_days_NDVI,aid0010,2007-06-26,2812395.0,-0.2,0.8952,"(-0.2,0.8952)",0.355828,0.0961011,0.0092354,0.4056,0.5811,0.3432,0.1131,0.2886
MOD13Q1_061__250m_16_days_NDVI_doy2007193000000_aid0010,_250m_16_days_NDVI,aid0010,2007-07-12,2814974.0,-0.2,0.8802,"(-0.2,0.8802)",0.3218686,0.0850173,0.0072279,0.3629,0.5085,0.3086,0.1202,0.2658
MOD13Q1_061__250m_16_days_NDVI_doy2007209000000_aid0010,_250m_16_days_NDVI,aid0010,2007-07-28,2812797.0,-0.2,0.8688,"(-0.2,0.8688)",0.3067904,0.0753828,0.0056826,0.3406,0.463,0.2944,0.1366,0.259
MOD13Q1_061__250m_16_days_NDVI_doy2007225000000_aid0010,_250m_16_days_NDVI,aid0010,2007-08-13,2813490.0,-0.2,0.8762,"(-0.2,0.8762)",0.303875,0.0744795,0.0055472,0.3374,0.458,0.2917,0.1364,0.257
MOD13Q1_061__250m_16_days_NDVI_doy2007241000000_aid0010,_250m_16_days_NDVI,aid0010,2007-08-29,2815780.0,-0.2,0.8646,"(-0.2,0.8646)",0.3008978,0.07578,0.0057426,0.3349,0.4579,0.2876,0.1299,0.2529
MOD13Q1_061__250m_16_days_NDVI_doy2007257000000_aid0010,_250m_16_days_NDVI,aid0010,2007-09-14,2811462.0,-0.2,0.9474,"(-0.2,0.9474)",0.3797385,0.1179917,0.013922,0.4366,0.6434,0.3554,0.0919,0.2987
MOD13Q1_061__250m_16_days_NDVI_doy2007273000000_aid0010,_250m_16_days_NDVI,aid0010,2007-09-30,2815907.0,-0.2,0.9675,"(-0.2,0.9675)",0.4311737,0.1358947,0.0184674,0.508,0.77,0.4104,0.0713,0.3333
MOD13Q1_061__250m_16_days_NDVI_doy2007289000000_aid0010,_250m_16_days_NDVI,aid0010,2007-10-16,2815927.0,-0.2,0.9652,"(-0.2,0.9652)",0.4707724,0.1518392,0.0230552,0.5582,0.8511,0.4478,0.07,0.3629
MOD13Q1_061__250m_16_days_NDVI_doy2007305000000_aid0010,_250m_16_days_NDVI,aid0010,2007-11-01,2816624.0,-0.2,0.9664,"(-0.2,0.9664)",0.4752852,0.1469855,0.0216047,0.5674,0.8647,0.4628,0.0719,0.3692
MOD13Q1_061__250m_16_days_NDVI_doy2007321000000_aid0010,_250m_16_days_NDVI,aid0010,2007-11-17,2817192.0,-0.2,0.9196,"(-0.2,0.9196)",0.4583216,0.1271071,0.0161562,0.5404,0.7976,0.4535,0.1117,0.3689
MOD13Q1_061__250m_16_days_NDVI_doy2007337000000_aid0010,_250m_16_days_NDVI,aid0010,2007-12-03,2817854.0,-0.2,0.9433,"(-0.2,0.9433)",0.4665524,0.1260138,0.0158795,0.5451,0.7947,0.456,0.1291,0.3787
MOD13Q1_061__250m_16_days_NDVI_doy2007353000000_aid0010,_250m_16_days_NDVI,aid0010,2007-12-19,2817891.0,-0.2,0.9823,"(-0.2,0.9823)",0.4476224,0.1466086,0.0214941,0.5357,0.8297,0.4237,0.0457,0.3397
MOD13Q1_061__250m_16_days_NDVI_doy2000049000000_aid0011,_250m_16_days_NDVI,aid0011,2000-02-18,2763080.0,-0.2,0.9837,"(-0.2,0.9837)",0.6642142,0.1161504,0.0134909,0.7346,0.9177,0.6798,0.4294,0.6125
MOD13Q1_061__250m_16_days_NDVI_doy2000065000000_aid0011,_250m_16_days_NDVI,aid0011,2000-03-05,2762126.0,-0.2,0.9614,"(-0.2,0.9614)",0.6601536,0.1180847,0.013944,0.7352,0.9309,0.676,0.409,0.6047
MOD13Q1_061__250m_16_days_NDVI_doy2000081000000_aid0011,_250m_16_days_NDVI,aid0011,2000-03-21,2760152.0,-0.2,0.938,"(-0.2,0.938)",0.627225,0.1168359,0.0136506,0.7038,0.9106,0.6436,0.3591,0.5659
MOD13Q1_061__250m_16_days_NDVI_doy2000097000000_aid0011,_250m_16_days_NDVI,aid0011,2000-04-06,2759254.0,-0.2,0.9393,"(-0.2,0.9393)",0.5982762,0.1122171,0.0125927,0.6715,0.8659,0.6127,0.3475,0.5419
MOD13Q1_061__250m_16_days_NDVI_doy2000113000000_aid0011,_250m_16_days_NDVI,aid0011,2000-04-22,2758569.0,-0.2,0.9273,"(-0.2,0.9273)",0.5947988,0.1214988,0.014762,0.6781,0.9035,0.6118,0.3024,0.5278
MOD13Q1_061__250m_16_days_NDVI_doy2000129000000_aid0011,_250m_16_days_NDVI,aid0011,2000-05-08,2760380.0,-0.2,0.9939,"(-0.2,0.9939)",0.5642265,0.1286022,0.0165385,0.651,0.8905,0.5791,0.2518,0.4913
MOD13Q1_061__250m_16_days_NDVI_doy2000145000000_aid0011,_250m_16_days_NDVI,aid0011,2000-05-24,2758758.0,-0.2,0.921,"(-0.2,0.921)",0.5536612,0.1351605,0.0182683,0.6428,0.8903,0.565,0.2303,0.4778
MOD13Q1_061__250m_16_days_NDVI_doy2000161000000_aid0011,_250m_16_days_NDVI,aid0011,2000-06-09,2759134.0,-0.2,0.9982,"(-0.2,0.9982)",0.5586757,0.1332226,0.0177483,0.6466,0.8903,0.5681,0.2404,0.4841
MOD13Q1_061__250m_16_days_NDVI_doy2000177000000_aid0011,_250m_16_days_NDVI,aid0011,2000-06-25,2760030.0,-0.2,0.9602,"(-0.2,0.9602)",0.527749,0.1303802,0.016999,0.6147,0.8569,0.5377,0.211,0.4532
MOD13Q1_061__250m_16_days_NDVI_doy2000193000000_aid0011,_250m_16_days_NDVI,aid0011,2000-07-11,2756492.0,-0.2,0.9267,"(-0.2,0.9267)",0.5046287,0.1258677,0.0158427,0.5904,0.8328,0.5142,0.1864,0.4288
MOD13Q1_061__250m_16_days_NDVI_doy2000209000000_aid0011,_250m_16_days_NDVI,aid0011,2000-07-27,2756233.0,-0.2,0.9093,"(-0.2,0.9093)",0.4628203,0.1173137,0.0137625,0.5396,0.7619,0.4682,0.1691,0.3914
MOD13Q1_061__250m_16_days_NDVI_doy2000225000000_aid0011,_250m_16_days_NDVI,aid0011,2000-08-12,2761269.0,-0.2,0.9351,"(-0.2,0.9351)",0.4982493,0.1236578,0.0152913,0.5784,0.8076,0.5034,0.1964,0.4256
MOD13Q1_061__250m_16_days_NDVI_doy2000241000000_aid0011,_250m_16_days_NDVI,aid0011,2000-08-28,2758854.0,-0.2,0.926,"(-0.2,0.926)",0.4997377,0.1216009,0.0147868,0.5813,0.8162,0.5035,0.1898,0.4247
MOD13Q1_061__250m_16_days_NDVI_doy2000257000000_aid0011,_250m_16_days_NDVI,aid0011,2000-09-13,2760975.0,-0.2,0.9953,"(-0.2,0.9953)",0.5462684,0.1318062,0.0173729,0.6383,0.8967,0.5584,0.2073,0.4659
MOD13Q1_061__250m_16_days_NDVI_doy2000273000000_aid0011,_250m_16_days_NDVI,aid0011,2000-09-29,2760397.0,-0.2,0.9311,"(-0.2,0.9311)",0.5969094,0.1379439,0.0190285,0.6911,0.9311,0.6148,0.2701,0.5227
MOD13Q1_061__250m_16_days_NDVI_doy2000289000000_aid0011,_250m_16_days_NDVI,aid0011,2000-10-15,2762318.0,-0.2,0.9875,"(-0.2,0.9875)",0.6531371,0.1448703,0.0209874,0.7505,0.9875,0.683,0.3495,0.5901
MOD13Q1_061__250m_16_days_NDVI_doy2000305000000_aid0011,_250m_16_days_NDVI,aid0011,2000-10-31,2758997.0,-0.2,0.9989,"(-0.2,0.9989)",0.6721512,0.1430057,0.0204506,0.7679,0.9989,0.7012,0.3817,0.6134
MOD13Q1_061__250m_16_days_NDVI_doy2000321000000_aid0011,_250m_16_days_NDVI,aid0011,2000-11-16,2762002.0,-0.2,0.9336,"(-0.2,0.9336)",0.6480392,0.1389525,0.0193078,0.737,0.9336,0.6752,0.3843,0.5959
MOD13Q1_061__250m_16_days_NDVI_doy2000337000000_aid0011,_250m_16_days_NDVI,aid0011,2000-12-02,2758641.0,-0.2,0.9849,"(-0.2,0.9849)",0.6092396,0.129118,0.0166715,0.6969,0.9193,0.6324,0.3229,0.5473
MOD13Q1_061__250m_16_days_NDVI_doy2000353000000_aid0011,_250m_16_days_NDVI,aid0011,2000-12-18,2761823.0,-0.2,0.9129,"(-0.2,0.9129)",0.5559723,0.1270921,0.0161524,0.6445,0.8905,0.572,0.2343,0.4804
MOD13Q1_061__250m_16_days_NDVI_doy2001001000000_aid0011,_250m_16_days_NDVI,aid0011,2001-01-01,2763439.0,-0.2,0.9301,"(-0.2,0.9301)",0.5612997,0.1294405,0.0167548,0.6479,0.8895,0.5787,0.2452,0.4868
MOD13Q1_061__250m_16_days_NDVI_doy2001017000000_aid0011,_250m_16_days_NDVI,aid0011,2001-01-17,2763052.0,-0.2,0.9774,"(-0.2,0.9774)",0.642747,0.124196,0.0154246,0.7198,0.9215,0.6604,0.3836,0.5853
MOD13Q1_061__250m_16_days_NDVI_doy2001033000000_aid0011,_250m_16_days_NDVI,aid0011,2001-02-02,2762153.0,-0.2,0.9704,"(-0.2,0.9704)",0.6719464,0.1270455,0.0161406,0.752,0.9468,0.689,0.3933,0.6085
MOD13Q1_061__250m_16_days_NDVI_doy2001049000000_aid0011,_250m_16_days_NDVI,aid0011,2001-02-18,2763530.0,-0.2,0.9598,"(-0.2,0.9598)",0.6278967,0.138823,0.0192718,0.7249,0.9598,0.6388,0.2699,0.5429
MOD13Q1_061__250m_16_days_NDVI_doy2001065000000_aid0011,_250m_16_days_NDVI,aid0011,2001-03-06,2762276.0,-0.2,0.9984,"(-0.2,0.9984)",0.7029334,0.1197627,0.0143431,0.7721,0.9461,0.7181,0.4821,0.6561
MOD13Q1_061__250m_16_days_NDVI_doy2001081000000_aid0011,_250m_16_days_NDVI,aid0011,2001-03-22,2760245.0,-0.2,0.997,"(-0.2,0.997)",0.6707702,0.1228277,0.0150867,0.7415,0.9117,0.6904,0.4578,0.628
MOD13Q1_061__250m_16_days_NDVI_doy2001097000000_aid0011,_250m_16_days_NDVI,aid0011,2001-04-07,2760021.0,-0.2,0.9872,"(-0.2,0.9872)",0.6420509,0.1257429,0.0158113,0.7209,0.9106,0.6689,0.4042,0.5942
MOD13Q1_061__250m_16_days_NDVI_doy2001113000000_aid0011,_250m_16_days_NDVI,aid0011,2001-04-23,2758909.0,-0.2,0.9949,"(-0.2,0.9949)",0.5966789,0.1348111,0.018174,0.6852,0.9042,0.6263,0.3087,0.5346
MOD13Q1_061__250m_16_days_NDVI_doy2001129000000_aid0011,_250m_16_days_NDVI,aid0011,2001-05-09,2758424.0,-0.2,0.9952,"(-0.2,0.9952)",0.5247917,0.1263244,0.0159579,0.6052,0.8221,0.544,0.2437,0.4606
MOD13Q1_061__250m_16_days_NDVI_doy2001145000000_aid0011,_250m_16_days_NDVI,aid0011,2001-05-25,2758106.0,-0.2,0.9867,"(-0.2,0.9867)",0.5474032,0.1304153,0.0170082,0.6282,0.8428,0.5623,0.2705,0.4851
MOD13Q1_061__250m_16_days_NDVI_doy2001161000000_aid0011,_250m_16_days_NDVI,aid0011,2001-06-10,2749347.0,-0.1983,0.9992,"(-0.1983,0.9992)",0.1460464,0.1577826,0.0248953,0.202,0.4526,0.0889,-0.1983,0.0349
MOD13Q1_061__250m_16_days_NDVI_doy2001177000000_aid0011,_250m_16_days_NDVI,aid0011,2001-06-26,2762241.0,-0.2,0.8934,"(-0.2,0.8934)",0.5058272,0.119546,0.0142912,0.583,0.7937,0.5182,0.2318,0.4425
MOD13Q1_061__250m_16_days_NDVI_doy2001193000000_aid0011,_250m_16_days_NDVI,aid0011,2001-07-12,2760937.0,-0.2,0.9228,"(-0.2,0.9228)",0.5236366,0.1180997,0.0139475,0.5983,0.7991,0.5361,0.2636,0.4644
MOD13Q1_061__250m_16_days_NDVI_doy2001209000000_aid0011,_250m_16_days_NDVI,aid0011,2001-07-28,2762007.0,-0.2,0.9079,"(-0.2,0.9079)",0.5248252,0.1301638,0.0169426,0.6079,0.8306,0.5393,0.2367,0.4594
MOD13Q1_061__250m_16_days_NDVI_doy2001225000000_aid0011,_250m_16_days_NDVI,aid0011,2001-08-13,2761053.0,-0.2,0.9274,"(-0.2,0.9274)",0.5737203,0.1336116,0.0178521,0.6592,0.8828,0.5904,0.2865,0.5101
MOD13Q1_061__250m_16_days_NDVI_doy2001241000000_aid0011,_250m_16_days_NDVI,aid0011,2001-08-29,2762578.0,-0.2,0.9852,"(-0.2,0.9852)",0.5953931,0.1356007,0.0183875,0.6791,0.8918,0.6133,0.3246,0.5373
MOD13Q1_061__250m_16_days_NDVI_doy2001257000000_aid0011,_250m_16_days_NDVI,aid0011,2001-09-14,2763954.0,-0.2,0.9929,"(-0.2,0.9929)",0.576674,0.1314459,0.017278,0.6595,0.8732,0.5947,0.3033,0.517
MOD13Q1_061__250m_16_days_NDVI_doy2001273000000_aid0011,_250m_16_days_NDVI,aid0011,2001-09-30,2763750.0,-0.2,0.9989,"(-0.2,0.9989)",0.6231841,0.1549252,0.0240018,0.7245,0.973,0.6535,0.31,0.5587
MOD13Q1_061__250m_16_days_NDVI_doy2001289000000_aid0011,_250m_16_days_NDVI,aid0011,2001-10-16,2762070.0,-0.2,0.9938,"(-0.2,0.9938)",0.6816505,0.1473463,0.0217109,0.7692,0.9541,0.7151,0.4492,0.6412
MOD13Q1_061__250m_16_days_NDVI_doy2001305000000_aid0011,_250m_16_days_NDVI,aid0011,2001-11-01,2763504.0,-0.2,0.9983,"(-0.2,0.9983)",0.66467,0.151645,0.0229962,0.7561,0.9558,0.6992,0.4206,0.6219
MOD13Q1_061__250m_16_days_NDVI_doy2001321000000_aid0011,_250m_16_days_NDVI,aid0011,2001-11-17,2762447.0,-0.2,0.9883,"(-0.2,0.9883)",0.6417961,0.1524484,0.0232405,0.7355,0.9434,0.6787,0.388,0.5965
MOD13Q1_061__250m_16_days_NDVI_doy2001337000000_aid0011,_250m_16_days_NDVI,aid0011,2001-12-03,2761821.0,-0.2,0.9974,"(-0.2,0.9974)",0.606767,0.1458234,0.0212645,0.7001,0.9203,0.6418,0.3319,0.5528
MOD13Q1_061__250m_16_days_NDVI_doy2001353000000_aid0011,_250m_16_days_NDVI,aid0011,2001-12-19,2763819.0,-0.2,0.9886,"(-0.2,0.9886)",0.5748615,0.1344976,0.0180896,0.6654,0.8984,0.5998,0.2762,0.5097
MOD13Q1_061__250m_16_days_NDVI_doy2002001000000_aid0011,_250m_16_days_NDVI,aid0011,2002-01-01,2762968.0,-0.2,0.9994,"(-0.2,0.9994)",0.611007,0.1439396,0.0207186,0.7075,0.9552,0.6405,0.2845,0.5383
MOD13Q1_061__250m_16_days_NDVI_doy2002017000000_aid0011,_250m_16_days_NDVI,aid0011,2002-01-17,2762883.0,-0.2,0.9951,"(-0.2,0.9951)",0.6365424,0.1389354,0.019303,0.7252,0.9537,0.6562,0.3407,0.5714
MOD13Q1_061__250m_16_days_NDVI_doy2002033000000_aid0011,_250m_16_days_NDVI,aid0011,2002-02-02,2762672.0,-0.2,0.9899,"(-0.2,0.9899)",0.6438766,0.1370409,0.0187802,0.7295,0.952,0.6627,0.3548,0.5796
MOD13Q1_061__250m_16_days_NDVI_doy2002049000000_aid0011,_250m_16_days_NDVI,aid0011,2002-02-18,2763576.0,-0.2,0.9976,"(-0.2,0.9976)",0.6400192,0.1337242,0.0178822,0.721,0.9463,0.6526,0.3455,0.5708
MOD13Q1_061__250m_16_days_NDVI_doy2002065000000_aid0011,_250m_16_days_NDVI,aid0011,2002-03-06,2762698.0,-0.2,0.9983,"(-0.2,0.9983)",0.6634195,0.1244185,0.01548,0.7322,0.9177,0.6735,0.423,0.6085
MOD13Q1_061__250m_16_days_NDVI_doy2002081000000_aid0011,_250m_16_days_NDVI,aid0011,2002-03-22,2760545.0,-0.2,0.9953,"(-0.2,0.9953)",0.6310368,0.1428658,0.0204106,0.7133,0.9063,0.6527,0.3916,0.5846
MOD13Q1_061__250m_16_days_NDVI_doy2002097000000_aid0011,_250m_16_days_NDVI,aid0011,2002-04-07,2762292.0,-0.2,0.9993,"(-0.2,0.9993)",0.6222393,0.1352211,0.0182847,0.704,0.897,0.6469,0.3823,0.5753
MOD13Q1_061__250m_16_days_NDVI_doy2002113000000_aid0011,_250m_16_days_NDVI,aid0011,2002-04-23,2753335.0,-0.2,0.9725,"(-0.2,0.9725)",0.582433,0.1352553,0.018294,0.666,0.8727,0.6058,0.3215,0.5282
MOD13Q1_061__250m_16_days_NDVI_doy2002129000000_aid0011,_250m_16_days_NDVI,aid0011,2002-05-09,2759021.0,-0.2,0.9642,"(-0.2,0.9642)",0.5742937,0.1354336,0.0183423,0.6595,0.8704,0.5994,0.308,0.5189
MOD13Q1_061__250m_16_days_NDVI_doy2002145000000_aid0011,_250m_16_days_NDVI,aid0011,2002-05-25,2755893.0,-0.2,0.9203,"(-0.2,0.9203)",0.5834416,0.1377605,0.018978,0.669,0.8785,0.608,0.3198,0.5293
MOD13Q1_061__250m_16_days_NDVI_doy2002161000000_aid0011,_250m_16_days_NDVI,aid0011,2002-06-10,2755672.0,-0.2,0.8981,"(-0.2,0.8981)",0.5333013,0.1344961,0.0180892,0.6222,0.855,0.5535,0.2342,0.467
MOD13Q1_061__250m_16_days_NDVI_doy2002177000000_aid0011,_250m_16_days_NDVI,aid0011,2002-06-26,2753280.0,-0.2,0.9674,"(-0.2,0.9674)",0.4729913,0.1135384,0.012891,0.5455,0.7385,0.4866,0.2238,0.4168
MOD13Q1_061__250m_16_days_NDVI_doy2002193000000_aid0011,_250m_16_days_NDVI,aid0011,2002-07-12,2754303.0,-0.2,0.8884,"(-0.2,0.8884)",0.4769372,0.115185,0.0132676,0.5475,0.7338,0.4914,0.237,0.4233
MOD13Q1_061__250m_16_days_NDVI_doy2002209000000_aid0011,_250m_16_days_NDVI,aid0011,2002-07-28,2752844.0,-0.2,0.8974,"(-0.2,0.8974)",0.4757751,0.1185905,0.0140637,0.5509,0.7555,0.4886,0.2099,0.4145
MOD13Q1_061__250m_16_days_NDVI_doy2002225000000_aid0011,_250m_16_days_NDVI,aid0011,2002-08-13,2761948.0,-0.2,0.9873,"(-0.2,0.9873)",0.5036668,0.1235807,0.0152722,0.5842,0.8009,0.5167,0.223,0.4397
MOD13Q1_061__250m_16_days_NDVI_doy2002241000000_aid0011,_250m_16_days_NDVI,aid0011,2002-08-29,2760068.0,-0.2,0.9941,"(-0.2,0.9941)",0.5652239,0.1385462,0.019195,0.6535,0.8777,0.5862,0.2798,0.504
MOD13Q1_061__250m_16_days_NDVI_doy2002257000000_aid0011,_250m_16_days_NDVI,aid0011,2002-09-14,2761174.0,-0.2,0.9913,"(-0.2,0.9913)",0.6102109,0.1398265,0.0195514,0.6994,0.9208,0.6336,0.3304,0.5518
MOD13Q1_061__250m_16_days_NDVI_doy2002273000000_aid0011,_250m_16_days_NDVI,aid0011,2002-09-30,2762686.0,-0.2,0.9573,"(-0.2,0.9573)",0.6428467,0.1417295,0.0200872,0.7356,0.9529,0.673,0.3664,0.5879
MOD13Q1_061__250m_16_days_NDVI_doy2002289000000_aid0011,_250m_16_days_NDVI,aid0011,2002-10-16,2762245.0,-0.2,0.9961,"(-0.2,0.9961)",0.6686675,0.1467266,0.0215287,0.7622,0.9761,0.7017,0.4052,0.6194
MOD13Q1_061__250m_16_days_NDVI_doy2002305000000_aid0011,_250m_16_days_NDVI,aid0011,2002-11-01,2763213.0,-0.2,0.9964,"(-0.2,0.9964)",0.6429199,0.1497428,0.0224229,0.7416,0.9691,0.68,0.3619,0.5897
MOD13Q1_061__250m_16_days_NDVI_doy2002321000000_aid0011,_250m_16_days_NDVI,aid0011,2002-11-17,2763061.0,-0.2,0.9834,"(-0.2,0.9834)",0.6282246,0.1415297,0.0200306,0.7212,0.9268,0.6603,0.3567,0.5754
MOD13Q1_061__250m_16_days_NDVI_doy2002337000000_aid0011,_250m_16_days_NDVI,aid0011,2002-12-03,2761675.0,-0.2,0.9949,"(-0.2,0.9949)",0.6189658,0.1366798,0.0186814,0.7062,0.9155,0.646,0.357,0.5665
MOD13Q1_061__250m_16_days_NDVI_doy2002353000000_aid0011,_250m_16_days_NDVI,aid0011,2002-12-19,2761903.0,-0.2,0.9951,"(-0.2,0.9951)",0.618468,0.1412257,0.0199447,0.7045,0.9115,0.6463,0.3595,0.5665
MOD13Q1_061__250m_16_days_NDVI_doy2003001000000_aid0011,_250m_16_days_NDVI,aid0011,2003-01-01,2759859.0,-0.2,0.9978,"(-0.2,0.9978)",0.6418302,0.1391598,0.0193654,0.721,0.9125,0.6642,0.4018,0.5933
MOD13Q1_061__250m_16_days_NDVI_doy2003017000000_aid0011,_250m_16_days_NDVI,aid0011,2003-01-17,2762189.0,-0.2,0.979,"(-0.2,0.979)",0.6561443,0.1338539,0.0179169,0.7314,0.9193,0.6725,0.4182,0.6061
MOD13Q1_061__250m_16_days_NDVI_doy2003033000000_aid0011,_250m_16_days_NDVI,aid0011,2003-02-02,2763199.0,-0.2,0.9872,"(-0.2,0.9872)",0.6821432,0.133872,0.0179217,0.7596,0.954,0.7012,0.4336,0.6292
MOD13Q1_061__250m_16_days_NDVI_doy2003049000000_aid0011,_250m_16_days_NDVI,aid0011,2003-02-18,2761940.0,-0.1995,0.9991,"(-0.1995,0.9991)",0.6849697,0.1345584,0.018106,0.7633,0.9597,0.7057,0.4328,0.6311
MOD13Q1_061__250m_16_days_NDVI_doy2003065000000_aid0011,_250m_16_days_NDVI,aid0011,2003-03-06,2761340.0,-0.2,0.9986,"(-0.2,0.9986)",0.6872571,0.1368525,0.0187286,0.7684,0.9642,0.713,0.4379,0.6362
MOD13Q1_061__250m_16_days_NDVI_doy2003081000000_aid0011,_250m_16_days_NDVI,aid0011,2003-03-22,2762307.0,-0.2,0.9501,"(-0.2,0.9501)",0.6524049,0.1368483,0.0187275,0.7419,0.9501,0.6808,0.3682,0.5924
MOD13Q1_061__250m_16_days_NDVI_doy2003097000000_aid0011,_250m_16_days_NDVI,aid0011,2003-04-07,2760854.0,-0.2,0.9577,"(-0.2,0.9577)",0.6068345,0.1276239,0.0162879,0.689,0.8919,0.6328,0.3508,0.5537
MOD13Q1_061__250m_16_days_NDVI_doy2003113000000_aid0011,_250m_16_days_NDVI,aid0011,2003-04-23,2759032.0,-0.2,0.9432,"(-0.2,0.9432)",0.5679934,0.1290072,0.0166429,0.6505,0.8608,0.5928,0.3,0.5103
MOD13Q1_061__250m_16_days_NDVI_doy2003129000000_aid0011,_250m_16_days_NDVI,aid0011,2003-05-09,2762780.0,-0.2,0.9879,"(-0.2,0.9879)",0.5348923,0.1323066,0.017505,0.6173,0.8312,0.5547,0.2608,0.4747
MOD13Q1_061__250m_16_days_NDVI_doy2003145000000_aid0011,_250m_16_days_NDVI,aid0011,2003-05-25,2759510.0,-0.2,0.9323,"(-0.2,0.9323)",0.5312282,0.1284513,0.0164997,0.6098,0.8184,0.5446,0.2621,0.4707
MOD13Q1_061__250m_16_days_NDVI_doy2003161000000_aid0011,_250m_16_days_NDVI,aid0011,2003-06-10,2759672.0,-0.2,0.9383,"(-0.2,0.9383)",0.4779682,0.113779,0.0129457,0.5461,0.7342,0.487,0.2326,0.4207
MOD13Q1_061__250m_16_days_NDVI_doy2003177000000_aid0011,_250m_16_days_NDVI,aid0011,2003-06-26,2759953.0,-0.2,0.9109,"(-0.2,0.9109)",0.4873368,0.1255457,0.0157617,0.5629,0.7766,0.4929,0.2067,0.4204
MOD13Q1_061__250m_16_days_NDVI_doy2003193000000_aid0011,_250m_16_days_NDVI,aid0011,2003-07-12,2759025.0,-0.2,0.9011,"(-0.2,0.9011)",0.46474,0.115205,0.0132722,0.5342,0.7353,0.4684,0.199,0.4001
MOD13Q1_061__250m_16_days_NDVI_doy2003209000000_aid0011,_250m_16_days_NDVI,aid0011,2003-07-28,2757048.0,-0.2,0.8973,"(-0.2,0.8973)",0.4664625,0.1191296,0.0141919,0.5418,0.756,0.4715,0.1848,0.399
MOD13Q1_061__250m_16_days_NDVI_doy2003225000000_aid0011,_250m_16_days_NDVI,aid0011,2003-08-13,2757537.0,-0.2,0.9226,"(-0.2,0.9226)",0.4802567,0.1190904,0.0141825,0.5551,0.7696,0.4851,0.1976,0.4121
MOD13Q1_061__250m_16_days_NDVI_doy2003241000000_aid0011,_250m_16_days_NDVI,aid0011,2003-08-29,2758373.0,-0.2,0.9344,"(-0.2,0.9344)",0.4958082,0.1207102,0.0145709,0.5734,0.7975,0.5001,0.2,0.424
MOD13Q1_061__250m_16_days_NDVI_doy2003257000000_aid0011,_250m_16_days_NDVI,aid0011,2003-09-14,2761187.0,-0.2,0.9575,"(-0.2,0.9575)",0.5128849,0.1269403,0.0161138,0.5969,0.8409,0.5196,0.1902,0.4342
MOD13Q1_061__250m_16_days_NDVI_doy2003273000000_aid0011,_250m_16_days_NDVI,aid0011,2003-09-30,2764398.0,-0.2,0.9662,"(-0.2,0.9662)",0.5699004,0.13774,0.0189723,0.6637,0.9196,0.5864,0.2372,0.4931
MOD13Q1_061__250m_16_days_NDVI_doy2003289000000_aid0011,_250m_16_days_NDVI,aid0011,2003-10-16,2764530.0,-0.2,0.9878,"(-0.2,0.9878)",0.6185409,0.1393394,0.0194155,0.7145,0.9665,0.6443,0.2945,0.5465
MOD13Q1_061__250m_16_days_NDVI_doy2003305000000_aid0011,_250m_16_days_NDVI,aid0011,2003-11-01,2760662.0,-0.2,0.9808,"(-0.2,0.9808)",0.6242824,0.1392959,0.0194033,0.7251,0.9808,0.6522,0.2781,0.5463
MOD13Q1_061__250m_16_days_NDVI_doy2003321000000_aid0011,_250m_16_days_NDVI,aid0011,2003-11-17,2763300.0,-0.2,0.9697,"(-0.2,0.9697)",0.6185653,0.1342404,0.0180205,0.711,0.9418,0.6423,0.315,0.5526
MOD13Q1_061__250m_16_days_NDVI_doy2003337000000_aid0011,_250m_16_days_NDVI,aid0011,2003-12-03,2764315.0,-0.2,0.9279,"(-0.2,0.9279)",0.6185517,0.1326561,0.0175976,0.7139,0.9279,0.6465,0.3027,0.5494
MOD13Q1_061__250m_16_days_NDVI_doy2003353000000_aid0011,_250m_16_days_NDVI,aid0011,2003-12-19,2763591.0,-0.2,0.9863,"(-0.2,0.9863)",0.6321481,0.1379906,0.0190414,0.7325,0.9863,0.6636,0.2988,0.559
MOD13Q1_061__250m_16_days_NDVI_doy2004001000000_aid0011,_250m_16_days_NDVI,aid0011,2004-01-01,2762800.0,-0.2,0.9691,"(-0.2,0.9691)",0.6467781,0.1294541,0.0167584,0.7241,0.9222,0.6646,0.3939,0.592
MOD13Q1_061__250m_16_days_NDVI_doy2004017000000_aid0011,_250m_16_days_NDVI,aid0011,2004-01-17,2762753.0,-0.2,0.9967,"(-0.2,0.9967)",0.6441084,0.1290525,0.0166546,0.7184,0.92,0.6518,0.3824,0.584
MOD13Q1_061__250m_16_days_NDVI_doy2004033000000_aid0011,_250m_16_days_NDVI,aid0011,2004-02-02,2762195.0,-0.2,0.997,"(-0.2,0.997)",0.680249,0.1316724,0.0173376,0.7557,0.957,0.6903,0.419,0.621
MOD13Q1_061__250m_16_days_NDVI_doy2004049000000_aid0011,_250m_16_days_NDVI,aid0011,2004-02-18,2762202.0,-0.2,0.9969,"(-0.2,0.9969)",0.6456201,0.1392247,0.0193835,0.7274,0.9572,0.6549,0.3432,0.5737
MOD13Q1_061__250m_16_days_NDVI_doy2004065000000_aid0011,_250m_16_days_NDVI,aid0011,2004-03-05,2762859.0,-0.2,0.9831,"(-0.2,0.9831)",0.623334,0.1304611,0.0170201,0.704,0.9366,0.6332,0.3163,0.5489
MOD13Q1_061__250m_16_days_NDVI_doy2004081000000_aid0011,_250m_16_days_NDVI,aid0011,2004-03-21,2762038.0,-0.2,0.9694,"(-0.2,0.9694)",0.5656222,0.1094906,0.0119882,0.6382,0.844,0.5751,0.2952,0.501
MOD13Q1_061__250m_16_days_NDVI_doy2004097000000_aid0011,_250m_16_days_NDVI,aid0011,2004-04-06,2763152.0,-0.2,0.9757,"(-0.2,0.9757)",0.5689715,0.1151556,0.0132608,0.6447,0.8418,0.5894,0.3162,0.5133
MOD13Q1_061__250m_16_days_NDVI_doy2004113000000_aid0011,_250m_16_days_NDVI,aid0011,2004-04-22,2761964.0,-0.2,0.9433,"(-0.2,0.9433)",0.5522743,0.1150106,0.0132274,0.6279,0.8334,0.5685,0.2854,0.4909
MOD13Q1_061__250m_16_days_NDVI_doy2004129000000_aid0011,_250m_16_days_NDVI,aid0011,2004-05-08,2761105.0,-0.2,0.931,"(-0.2,0.931)",0.4999298,0.1156654,0.0133785,0.5751,0.793,0.5092,0.2119,0.4298
MOD13Q1_061__250m_16_days_NDVI_doy2004145000000_aid0011,_250m_16_days_NDVI,aid0011,2004-05-24,2760027.0,-0.2,0.919,"(-0.2,0.919)",0.4580417,0.1100649,0.0121143,0.5256,0.7374,0.4558,0.1726,0.3844
MOD13Q1_061__250m_16_days_NDVI_doy2004161000000_aid0011,_250m_16_days_NDVI,aid0011,2004-06-09,2759956.0,-0.2,0.9206,"(-0.2,0.9206)",0.4456786,0.1068165,0.0114098,0.5089,0.7108,0.4412,0.1724,0.3743
MOD13Q1_061__250m_16_days_NDVI_doy2004177000000_aid0011,_250m_16_days_NDVI,aid0011,2004-06-25,2760341.0,-0.2,0.928,"(-0.2,0.928)",0.4657893,0.1128521,0.0127356,0.532,0.7451,0.4583,0.1768,0.3899
MOD13Q1_061__250m_16_days_NDVI_doy2004193000000_aid0011,_250m_16_days_NDVI,aid0011,2004-07-11,2763235.0,-0.2,0.9161,"(-0.2,0.9161)",0.4466804,0.1105598,0.0122235,0.511,0.7159,0.4412,0.1695,0.3744
MOD13Q1_061__250m_16_days_NDVI_doy2004209000000_aid0011,_250m_16_days_NDVI,aid0011,2004-07-27,2759184.0,-0.2,0.9268,"(-0.2,0.9268)",0.4992104,0.1234218,0.0152329,0.5793,0.8223,0.497,0.1743,0.4173
MOD13Q1_061__250m_16_days_NDVI_doy2004225000000_aid0011,_250m_16_days_NDVI,aid0011,2004-08-12,2762069.0,-0.2,0.9435,"(-0.2,0.9435)",0.5289707,0.1316004,0.0173187,0.6167,0.8729,0.5322,0.1897,0.4459
MOD13Q1_061__250m_16_days_NDVI_doy2004241000000_aid0011,_250m_16_days_NDVI,aid0011,2004-08-28,2763579.0,-0.2,0.9373,"(-0.2,0.9373)",0.5628061,0.1325019,0.0175568,0.653,0.9101,0.5707,0.2245,0.4816
MOD13Q1_061__250m_16_days_NDVI_doy2004257000000_aid0011,_250m_16_days_NDVI,aid0011,2004-09-13,2762443.0,-0.2,0.9452,"(-0.2,0.9452)",0.5593227,0.1346088,0.0181195,0.6495,0.9066,0.5694,0.221,0.4781
MOD13Q1_061__250m_16_days_NDVI_doy2004273000000_aid0011,_250m_16_days_NDVI,aid0011,2004-09-29,2761458.0,-0.2,0.996,"(-0.2,0.996)",0.5937664,0.1308813,0.0171299,0.6789,0.9115,0.6069,0.2912,0.5238
MOD13Q1_061__250m_16_days_NDVI_doy2004289000000_aid0011,_250m_16_days_NDVI,aid0011,2004-10-15,2761982.0,-0.2,0.9945,"(-0.2,0.9945)",0.6117251,0.1390844,0.0193445,0.7052,0.9373,0.6361,0.2945,0.5409
MOD13Q1_061__250m_16_days_NDVI_doy2004305000000_aid0011,_250m_16_days_NDVI,aid0011,2004-10-31,2761793.0,-0.2,0.9684,"(-0.2,0.9684)",0.5970249,0.1341291,0.0179906,0.6867,0.9228,0.6224,0.2922,0.5289
MOD13Q1_061__250m_16_days_NDVI_doy2004321000000_aid0011,_250m_16_days_NDVI,aid0011,2004-11-16,2761346.0,-0.2,0.9809,"(-0.2,0.9809)",0.6171522,0.1226524,0.0150436,0.6998,0.92,0.637,0.3328,0.553
MOD13Q1_061__250m_16_days_NDVI_doy2004337000000_aid0011,_250m_16_days_NDVI,aid0011,2004-12-02,2762744.0,-0.2,0.9928,"(-0.2,0.9928)",0.6544428,0.1262807,0.0159468,0.7396,0.953,0.6796,0.3759,0.5941
MOD13Q1_061__250m_16_days_NDVI_doy2004353000000_aid0011,_250m_16_days_NDVI,aid0011,2004-12-18,2761501.0,-0.1994,0.9953,"(-0.1994,0.9953)",0.654549,0.1306633,0.0170729,0.738,0.9529,0.673,0.3765,0.5934
MOD13Q1_061__250m_16_days_NDVI_doy2005001000000_aid0011,_250m_16_days_NDVI,aid0011,2005-01-01,2761842.0,-0.2,0.9969,"(-0.2,0.9969)",0.6603716,0.1339331,0.0179381,0.7478,0.9911,0.6678,0.3418,0.5854
MOD13Q1_061__250m_16_days_NDVI_doy2005017000000_aid0011,_250m_16_days_NDVI,aid0011,2005-01-17,2761966.0,-0.2,0.9961,"(-0.2,0.9961)",0.6441654,0.1439705,0.0207275,0.7408,0.9961,0.6504,0.2781,0.5557
MOD13Q1_061__250m_16_days_NDVI_doy2005033000000_aid0011,_250m_16_days_NDVI,aid0011,2005-02-02,2762039.0,-0.2,0.9951,"(-0.2,0.9951)",0.6700083,0.1409141,0.0198568,0.7612,0.9951,0.6879,0.3365,0.5913
MOD13Q1_061__250m_16_days_NDVI_doy2005049000000_aid0011,_250m_16_days_NDVI,aid0011,2005-02-18,2761618.0,-0.2,0.9995,"(-0.2,0.9995)",0.7256005,0.1204887,0.0145175,0.7995,0.9939,0.736,0.4733,0.669
MOD13Q1_061__250m_16_days_NDVI_doy2005065000000_aid0011,_250m_16_days_NDVI,aid0011,2005-03-06,2761456.0,-0.2,0.9707,"(-0.2,0.9707)",0.7088597,0.1200794,0.0144191,0.7828,0.9531,0.7247,0.4728,0.6588
MOD13Q1_061__250m_16_days_NDVI_doy2005081000000_aid0011,_250m_16_days_NDVI,aid0011,2005-03-22,2761445.0,-0.2,0.9927,"(-0.2,0.9927)",0.6555296,0.1184868,0.0140391,0.7304,0.9187,0.6729,0.4164,0.6048
MOD13Q1_061__250m_16_days_NDVI_doy2005097000000_aid0011,_250m_16_days_NDVI,aid0011,2005-04-07,2761502.0,-0.2,0.996,"(-0.2,0.996)",0.6014664,0.1233714,0.0152205,0.6866,0.9002,0.6255,0.3136,0.5374
MOD13Q1_061__250m_16_days_NDVI_doy2005113000000_aid0011,_250m_16_days_NDVI,aid0011,2005-04-23,2759484.0,-0.2,0.9016,"(-0.2,0.9016)",0.5138709,0.1143619,0.0130787,0.5887,0.8033,0.5249,0.231,0.4456
MOD13Q1_061__250m_16_days_NDVI_doy2005129000000_aid0011,_250m_16_days_NDVI,aid0011,2005-05-09,2758192.0,-0.2,0.9064,"(-0.2,0.9064)",0.465227,0.1031599,0.010642,0.5264,0.7133,0.4649,0.2149,0.4018
MOD13Q1_061__250m_16_days_NDVI_doy2005145000000_aid0011,_250m_16_days_NDVI,aid0011,2005-05-25,2759137.0,-0.2,0.9883,"(-0.2,0.9883)",0.4481279,0.1030383,0.0106169,0.5048,0.6834,0.4426,0.2071,0.3857
MOD13Q1_061__250m_16_days_NDVI_doy2005161000000_aid0011,_250m_16_days_NDVI,aid0011,2005-06-10,2764005.0,-0.2,0.9723,"(-0.2,0.9723)",0.4429775,0.115271,0.0132874,0.5086,0.7132,0.439,0.1676,0.3722
MOD13Q1_061__250m_16_days_NDVI_doy2005177000000_aid0011,_250m_16_days_NDVI,aid0011,2005-06-26,2759800.0,-0.2,0.9493,"(-0.2,0.9493)",0.4509554,0.1126336,0.0126863,0.5157,0.7222,0.4426,0.1715,0.378
MOD13Q1_061__250m_16_days_NDVI_doy2005193000000_aid0011,_250m_16_days_NDVI,aid0011,2005-07-12,2759796.0,-0.2,0.9978,"(-0.2,0.9978)",0.4774741,0.1167255,0.0136248,0.5459,0.7596,0.4696,0.1897,0.4034
MOD13Q1_061__250m_16_days_NDVI_doy2005209000000_aid0011,_250m_16_days_NDVI,aid0011,2005-07-28,2760862.0,-0.2,0.9109,"(-0.2,0.9109)",0.4761787,0.1195778,0.0142988,0.5508,0.7801,0.4724,0.1686,0.3979
MOD13Q1_061__250m_16_days_NDVI_doy2005225000000_aid0011,_250m_16_days_NDVI,aid0011,2005-08-13,2761693.0,-0.2,0.9984,"(-0.2,0.9984)",0.501269,0.125593,0.0157736,0.5808,0.8226,0.4956,0.1778,0.4196
MOD13Q1_061__250m_16_days_NDVI_doy2005241000000_aid0011,_250m_16_days_NDVI,aid0011,2005-08-29,2760224.0,-0.2,0.984,"(-0.2,0.984)",0.5392331,0.1355442,0.0183722,0.6304,0.9004,0.5407,0.1804,0.4504
MOD13Q1_061__250m_16_days_NDVI_doy2005257000000_aid0011,_250m_16_days_NDVI,aid0011,2005-09-14,2761282.0,-0.2,0.9863,"(-0.2,0.9863)",0.5625032,0.1448038,0.0209681,0.665,0.9551,0.5692,0.1688,0.4665
MOD13Q1_061__250m_16_days_NDVI_doy2005273000000_aid0011,_250m_16_days_NDVI,aid0011,2005-09-30,2762131.0,-0.2,0.9851,"(-0.2,0.9851)",0.5870127,0.1472272,0.0216758,0.6906,0.94,0.6031,0.2071,0.4972
MOD13Q1_061__250m_16_days_NDVI_doy2005289000000_aid0011,_250m_16_days_NDVI,aid0011,2005-10-16,2762270.0,-0.2,0.9725,"(-0.2,0.9725)",0.5969429,0.1479212,0.0218807,0.7011,0.9725,0.6192,0.2201,0.5087
MOD13Q1_061__250m_16_days_NDVI_doy2005305000000_aid0011,_250m_16_days_NDVI,aid0011,2005-11-01,2763469.0,-0.2,0.9274,"(-0.2,0.9274)",0.5753812,0.1372102,0.0188266,0.6706,0.9274,0.5932,0.2264,0.4929
MOD13Q1_061__250m_16_days_NDVI_doy2005321000000_aid0011,_250m_16_days_NDVI,aid0011,2005-11-17,2762140.0,-0.2,0.916,"(-0.2,0.916)",0.5913845,0.1164117,0.0135517,0.6719,0.8894,0.6078,0.3094,0.5269
MOD13Q1_061__250m_16_days_NDVI_doy2005337000000_aid0011,_250m_16_days_NDVI,aid0011,2005-12-03,2760556.0,-0.2,0.971,"(-0.2,0.971)",0.5634666,0.1230886,0.0151508,0.6482,0.8853,0.5757,0.253,0.4901
MOD13Q1_061__250m_16_days_NDVI_doy2005353000000_aid0011,_250m_16_days_NDVI,aid0011,2005-12-19,2760072.0,-0.2,0.9619,"(-0.2,0.9619)",0.5455401,0.1311414,0.0171981,0.6251,0.8687,0.5465,0.2191,0.4627
MOD13Q1_061__250m_16_days_NDVI_doy2006001000000_aid0011,_250m_16_days_NDVI,aid0011,2006-01-01,2762395.0,-0.2,0.9941,"(-0.2,0.9941)",0.5839292,0.1449263,0.0210036,0.685,0.9811,0.5859,0.1878,0.4861
MOD13Q1_061__250m_16_days_NDVI_doy2006017000000_aid0011,_250m_16_days_NDVI,aid0011,2006-01-17,2760763.0,-0.2,0.9982,"(-0.2,0.9982)",0.686453,0.13193,0.0174055,0.7707,0.9982,0.6971,0.3832,0.6157
MOD13Q1_061__250m_16_days_NDVI_doy2006033000000_aid0011,_250m_16_days_NDVI,aid0011,2006-02-02,2762606.0,-0.2,0.9996,"(-0.2,0.9996)",0.7218934,0.1305487,0.017043,0.8051,0.9996,0.7369,0.4391,0.6587
MOD13Q1_061__250m_16_days_NDVI_doy2006049000000_aid0011,_250m_16_days_NDVI,aid0011,2006-02-18,2761730.0,-0.2,0.9822,"(-0.2,0.9822)",0.7051291,0.130377,0.0169982,0.7919,0.9822,0.7192,0.4019,0.6359
MOD13Q1_061__250m_16_days_NDVI_doy2006065000000_aid0011,_250m_16_days_NDVI,aid0011,2006-03-06,2761546.0,-0.2,0.9918,"(-0.2,0.9918)",0.7129085,0.1176299,0.0138368,0.7861,0.9658,0.728,0.4721,0.6605
MOD13Q1_061__250m_16_days_NDVI_doy2006081000000_aid0011,_250m_16_days_NDVI,aid0011,2006-03-22,2761395.0,-0.2,0.998,"(-0.2,0.998)",0.6486797,0.1252624,0.0156907,0.7356,0.9607,0.6728,0.3589,0.5849
MOD13Q1_061__250m_16_days_NDVI_doy2006097000000_aid0011,_250m_16_days_NDVI,aid0011,2006-04-07,2759757.0,-0.2,0.9645,"(-0.2,0.9645)",0.6195936,0.1288184,0.0165942,0.7099,0.9492,0.642,0.3054,0.5481
MOD13Q1_061__250m_16_days_NDVI_doy2006113000000_aid0011,_250m_16_days_NDVI,aid0011,2006-04-23,2760361.0,-0.2,0.9234,"(-0.2,0.9234)",0.5590092,0.1313683,0.0172576,0.6522,0.916,0.578,0.2115,0.4759
MOD13Q1_061__250m_16_days_NDVI_doy2006129000000_aid0011,_250m_16_days_NDVI,aid0011,2006-05-09,2759358.0,-0.2,0.9873,"(-0.2,0.9873)",0.5090256,0.1251505,0.0156626,0.5941,0.8453,0.5224,0.1754,0.4266
MOD13Q1_061__250m_16_days_NDVI_doy2006145000000_aid0011,_250m_16_days_NDVI,aid0011,2006-05-25,2761597.0,-0.2,0.901,"(-0.2,0.901)",0.4431417,0.1042296,0.0108638,0.5086,0.7103,0.4489,0.1724,0.3741
MOD13Q1_061__250m_16_days_NDVI_doy2006161000000_aid0011,_250m_16_days_NDVI,aid0011,2006-06-10,2761374.0,-0.2,0.9144,"(-0.2,0.9144)",0.4388787,0.1078802,0.0116381,0.5023,0.7015,0.4418,0.1703,0.3695
MOD13Q1_061__250m_16_days_NDVI_doy2006177000000_aid0011,_250m_16_days_NDVI,aid0011,2006-06-26,2762958.0,-0.2,0.9287,"(-0.2,0.9287)",0.4566129,0.11555,0.0133518,0.5254,0.7415,0.4532,0.1652,0.3813
MOD13Q1_061__250m_16_days_NDVI_doy2006193000000_aid0011,_250m_16_days_NDVI,aid0011,2006-07-12,2759863.0,-0.2,0.9683,"(-0.2,0.9683)",0.4746543,0.1205437,0.0145308,0.5487,0.7812,0.4747,0.1612,0.3937
MOD13Q1_061__250m_16_days_NDVI_doy2006209000000_aid0011,_250m_16_days_NDVI,aid0011,2006-07-28,2761727.0,-0.2,0.9317,"(-0.2,0.9317)",0.4935444,0.1252628,0.0156908,0.5752,0.8257,0.494,0.1577,0.4082
MOD13Q1_061__250m_16_days_NDVI_doy2006225000000_aid0011,_250m_16_days_NDVI,aid0011,2006-08-13,2762055.0,-0.2,0.9012,"(-0.2,0.9012)",0.4733774,0.1207387,0.0145778,0.5534,0.7982,0.4751,0.1454,0.3902
MOD13Q1_061__250m_16_days_NDVI_doy2006241000000_aid0011,_250m_16_days_NDVI,aid0011,2006-08-29,2761788.0,-0.2,0.9368,"(-0.2,0.9368)",0.4891284,0.1266358,0.0160366,0.5722,0.8257,0.4926,0.1497,0.4032
MOD13Q1_061__250m_16_days_NDVI_doy2006257000000_aid0011,_250m_16_days_NDVI,aid0011,2006-09-14,2761722.0,-0.2,0.9742,"(-0.2,0.9742)",0.5039447,0.1336406,0.0178598,0.5879,0.8474,0.5063,0.1554,0.4149
MOD13Q1_061__250m_16_days_NDVI_doy2006273000000_aid0011,_250m_16_days_NDVI,aid0011,2006-09-30,2762820.0,-0.1988,0.9595,"(-0.1988,0.9595)",0.5496907,0.1435558,0.0206083,0.646,0.9336,0.5586,0.1665,0.4542
MOD13Q1_061__250m_16_days_NDVI_doy2006289000000_aid0011,_250m_16_days_NDVI,aid0011,2006-10-16,2762664.0,-0.2,0.9991,"(-0.2,0.9991)",0.6046826,0.1591118,0.0253166,0.7202,0.9991,0.6305,0.1832,0.5054
MOD13Q1_061__250m_16_days_NDVI_doy2006305000000_aid0011,_250m_16_days_NDVI,aid0011,2006-11-01,2761724.0,-0.2,0.9995,"(-0.2,0.9995)",0.6262518,0.1527534,0.0233336,0.7386,0.9995,0.6617,0.2294,0.5349
MOD13Q1_061__250m_16_days_NDVI_doy2006321000000_aid0011,_250m_16_days_NDVI,aid0011,2006-11-17,2760685.0,-0.2,0.9698,"(-0.2,0.9698)",0.596234,0.1290118,0.016644,0.6942,0.9615,0.6164,0.2432,0.5138
MOD13Q1_061__250m_16_days_NDVI_doy2006337000000_aid0011,_250m_16_days_NDVI,aid0011,2006-12-03,2761421.0,-0.2,0.9757,"(-0.2,0.9757)",0.5664346,0.1242777,0.0154449,0.6585,0.9213,0.5775,0.2203,0.4832
MOD13Q1_061__250m_16_days_NDVI_doy2006353000000_aid0011,_250m_16_days_NDVI,aid0011,2006-12-19,2762053.0,-0.2,0.9881,"(-0.2,0.9881)",0.6258103,0.1388943,0.0192916,0.7194,0.9728,0.6469,0.2947,0.5495
MOD13Q1_061__250m_16_days_NDVI_doy2007001000000_aid0011,_250m_16_days_NDVI,aid0011,2007-01-01,2762615.0,-0.2,0.9768,"(-0.2,0.9768)",0.6885171,0.1268994,0.0161035,0.774,0.9768,0.7009,0.3928,0.6215
MOD13Q1_061__250m_16_days_NDVI_doy2007017000000_aid0011,_250m_16_days_NDVI,aid0011,2007-01-17,2761905.0,-0.2,0.9902,"(-0.2,0.9902)",0.6903201,0.1373214,0.0188572,0.7903,0.9902,0.6937,0.3238,0.6037
MOD13Q1_061__250m_16_days_NDVI_doy2007033000000_aid0011,_250m_16_days_NDVI,aid0011,2007-02-02,2761328.0,-0.2,0.9923,"(-0.2,0.9923)",0.6732312,0.1478752,0.0218671,0.7837,0.9923,0.6795,0.2557,0.5725
MOD13Q1_061__250m_16_days_NDVI_doy2007049000000_aid0011,_250m_16_days_NDVI,aid0011,2007-02-18,2761000.0,-0.2,0.9996,"(-0.2,0.9996)",0.6889373,0.1337012,0.017876,0.7846,0.9996,0.6909,0.3371,0.6056
MOD13Q1_061__250m_16_days_NDVI_doy2007065000000_aid0011,_250m_16_days_NDVI,aid0011,2007-03-06,2761287.0,-0.2,0.9954,"(-0.2,0.9954)",0.6922048,0.1243259,0.0154569,0.7694,0.9633,0.7053,0.4349,0.6356
MOD13Q1_061__250m_16_days_NDVI_doy2007081000000_aid0011,_250m_16_days_NDVI,aid0011,2007-03-22,2759862.0,-0.2,0.987,"(-0.2,0.987)",0.6710773,0.1274047,0.016232,0.7573,0.9751,0.6993,0.3896,0.6102
MOD13Q1_061__250m_16_days_NDVI_doy2007097000000_aid0011,_250m_16_days_NDVI,aid0011,2007-04-07,2760448.0,-0.2,0.9906,"(-0.2,0.9906)",0.6301391,0.1432103,0.0205092,0.7364,0.9906,0.6643,0.2574,0.5448
MOD13Q1_061__250m_16_days_NDVI_doy2007113000000_aid0011,_250m_16_days_NDVI,aid0011,2007-04-23,2759659.0,-0.2,0.9211,"(-0.2,0.9211)",0.5968967,0.1473391,0.0217088,0.708,0.9211,0.6306,0.1853,0.4989
MOD13Q1_061__250m_16_days_NDVI_doy2007129000000_aid0011,_250m_16_days_NDVI,aid0011,2007-05-09,2759252.0,-0.2,0.9698,"(-0.2,0.9698)",0.5373472,0.1422829,0.0202444,0.6436,0.9028,0.5632,0.1304,0.4383
MOD13Q1_061__250m_16_days_NDVI_doy2007145000000_aid0011,_250m_16_days_NDVI,aid0011,2007-05-25,2758181.0,-0.2,0.9405,"(-0.2,0.9405)",0.4760785,0.1277457,0.016319,0.5663,0.8373,0.488,0.1146,0.3856
MOD13Q1_061__250m_16_days_NDVI_doy2007161000000_aid0011,_250m_16_days_NDVI,aid0011,2007-06-10,2758262.0,-0.2,0.9353,"(-0.2,0.9353)",0.4502652,0.1122434,0.0125986,0.5277,0.762,0.455,0.1372,0.3715
MOD13Q1_061__250m_16_days_NDVI_doy2007177000000_aid0011,_250m_16_days_NDVI,aid0011,2007-06-26,2757294.0,-0.2,0.8698,"(-0.2,0.8698)",0.4200069,0.1020781,0.0104199,0.4863,0.6897,0.4251,0.1473,0.3507
MOD13Q1_061__250m_16_days_NDVI_doy2007193000000_aid0011,_250m_16_days_NDVI,aid0011,2007-07-12,2758925.0,-0.2,0.8683,"(-0.2,0.8683)",0.395954,0.091673,0.0084039,0.4495,0.619,0.3971,0.167,0.3365
MOD13Q1_061__250m_16_days_NDVI_doy2007209000000_aid0011,_250m_16_days_NDVI,aid0011,2007-07-28,2757993.0,-0.2,0.8471,"(-0.2,0.8471)",0.388943,0.0889154,0.007906,0.4445,0.6164,0.3907,0.158,0.3299
MOD13Q1_061__250m_16_days_NDVI_doy2007225000000_aid0011,_250m_16_days_NDVI,aid0011,2007-08-13,2759544.0,-0.2,0.8771,"(-0.2,0.8771)",0.3878995,0.0907588,0.0082372,0.4422,0.6124,0.3842,0.1585,0.3287
MOD13Q1_061__250m_16_days_NDVI_doy2007241000000_aid0011,_250m_16_days_NDVI,aid0011,2007-08-29,2760340.0,-0.2,0.9485,"(-0.2,0.9485)",0.3907474,0.0925058,0.0085573,0.4462,0.6173,0.3846,0.161,0.3321
MOD13Q1_061__250m_16_days_NDVI_doy2007257000000_aid0011,_250m_16_days_NDVI,aid0011,2007-09-14,2761566.0,-0.2,0.9552,"(-0.2,0.9552)",0.5358882,0.1361551,0.0185382,0.6301,0.8981,0.5461,0.1834,0.4514
MOD13Q1_061__250m_16_days_NDVI_doy2007273000000_aid0011,_250m_16_days_NDVI,aid0011,2007-09-30,2763108.0,-0.2,0.9776,"(-0.2,0.9776)",0.5954959,0.1504188,0.0226258,0.7044,0.9776,0.6206,0.2029,0.5038
MOD13Q1_061__250m_16_days_NDVI_doy2007289000000_aid0011,_250m_16_days_NDVI,aid0011,2007-10-16,2761829.0,-0.2,0.9398,"(-0.2,0.9398)",0.6426985,0.1572609,0.024731,0.7582,0.9398,0.6783,0.243,0.5521
MOD13Q1_061__250m_16_days_NDVI_doy2007305000000_aid0011,_250m_16_days_NDVI,aid0011,2007-11-01,2762201.0,-0.2,0.972,"(-0.2,0.972)",0.6137174,0.1520785,0.0231279,0.7258,0.972,0.6438,0.2098,0.5194
MOD13Q1_061__250m_16_days_NDVI_doy2007321000000_aid0011,_250m_16_days_NDVI,aid0011,2007-11-17,2760806.0,-0.2,0.9205,"(-0.2,0.9205)",0.5633197,0.1385964,0.019209,0.6659,0.9205,0.5741,0.1817,0.4722
MOD13Q1_061__250m_16_days_NDVI_doy2007337000000_aid0011,_250m_16_days_NDVI,aid0011,2007-12-03,2762123.0,-0.2,0.914,"(-0.2,0.914)",0.5291253,0.1144573,0.0131005,0.6067,0.8336,0.532,0.2285,0.4554
MOD13Q1_061__250m_16_days_NDVI_doy2007353000000_aid0011,_250m_16_days_NDVI,aid0011,2007-12-19,2761744.0,-0.2,0.9392,"(-0.2,0.9392)",0.5069509,0.136066,0.018514,0.5923,0.8678,0.5003,0.1331,0.4086
MOD13Q1_061__250m_16_days_NDVI_doy2000049000000_aid0012,_250m_16_days_NDVI,aid0012,2000-02-18,1440990.0,-0.2,0.9337,"(-0.2,0.9337)",0.6673094,0.1219768,0.0148783,0.7506,0.9337,0.6983,0.3984,0.6097
MOD13Q1_061__250m_16_days_NDVI_doy2000065000000_aid0012,_250m_16_days_NDVI,aid0012,2000-03-05,1439040.0,-0.2,0.9563,"(-0.2,0.9563)",0.6687405,0.1262933,0.01595,0.7631,0.9563,0.7004,0.3424,0.5948
MOD13Q1_061__250m_16_days_NDVI_doy2000081000000_aid0012,_250m_16_days_NDVI,aid0012,2000-03-21,1439040.0,-0.1997,0.9904,"(-0.1997,0.9904)",0.6324051,0.122665,0.0150467,0.7249,0.9652,0.654,0.2962,0.5534
MOD13Q1_061__250m_16_days_NDVI_doy2000097000000_aid0012,_250m_16_days_NDVI,aid0012,2000-04-06,1439706.0,-0.2,0.9919,"(-0.2,0.9919)",0.6512006,0.1047302,0.0109684,0.718,0.8863,0.6653,0.4375,0.6058
MOD13Q1_061__250m_16_days_NDVI_doy2000113000000_aid0012,_250m_16_days_NDVI,aid0012,2000-04-22,1440786.0,-0.2,0.9313,"(-0.2,0.9313)",0.6429569,0.1133625,0.012851,0.7136,0.8807,0.6657,0.4351,0.6022
MOD13Q1_061__250m_16_days_NDVI_doy2000129000000_aid0012,_250m_16_days_NDVI,aid0012,2000-05-08,1438592.0,-0.2,0.9846,"(-0.2,0.9846)",0.6347154,0.1173776,0.0137775,0.7069,0.8777,0.6584,0.4222,0.593
MOD13Q1_061__250m_16_days_NDVI_doy2000145000000_aid0012,_250m_16_days_NDVI,aid0012,2000-05-24,1437840.0,-0.2,0.9806,"(-0.2,0.9806)",0.621439,0.1234473,0.0152392,0.6965,0.8759,0.6452,0.3975,0.5769
MOD13Q1_061__250m_16_days_NDVI_doy2000161000000_aid0012,_250m_16_days_NDVI,aid0012,2000-06-09,1441565.0,-0.2,0.9867,"(-0.2,0.9867)",0.6094853,0.1260956,0.0159001,0.6871,0.8744,0.6322,0.3749,0.5622
MOD13Q1_061__250m_16_days_NDVI_doy2000177000000_aid0012,_250m_16_days_NDVI,aid0012,2000-06-25,1439755.0,-0.2,0.9784,"(-0.2,0.9784)",0.6002293,0.1235399,0.0152621,0.6766,0.8636,0.6214,0.3649,0.5519
MOD13Q1_061__250m_16_days_NDVI_doy2000193000000_aid0012,_250m_16_days_NDVI,aid0012,2000-07-11,1438641.0,-0.2,0.9897,"(-0.2,0.9897)",0.5853908,0.1182515,0.0139834,0.6577,0.838,0.6032,0.3572,0.5375
MOD13Q1_061__250m_16_days_NDVI_doy2000209000000_aid0012,_250m_16_days_NDVI,aid0012,2000-07-27,1438064.0,-0.2,0.9271,"(-0.2,0.9271)",0.5420217,0.108823,0.0118424,0.6097,0.7832,0.5562,0.3205,0.494
MOD13Q1_061__250m_16_days_NDVI_doy2000225000000_aid0012,_250m_16_days_NDVI,aid0012,2000-08-12,1440944.0,-0.2,0.9969,"(-0.2,0.9969)",0.5588326,0.1363911,0.0186025,0.647,0.853,0.5856,0.3035,0.5096
MOD13Q1_061__250m_16_days_NDVI_doy2000241000000_aid0012,_250m_16_days_NDVI,aid0012,2000-08-28,1439840.0,-0.2,0.9166,"(-0.2,0.9166)",0.5636389,0.1136576,0.012918,0.6356,0.8198,0.5802,0.3286,0.5128
MOD13Q1_061__250m_16_days_NDVI_doy2000257000000_aid0012,_250m_16_days_NDVI,aid0012,2000-09-13,1439688.0,-0.2,0.9521,"(-0.2,0.9521)",0.6171416,0.115581,0.013359,0.6885,0.8662,0.6352,0.3923,0.57
MOD13Q1_061__250m_16_days_NDVI_doy2000273000000_aid0012,_250m_16_days_NDVI,aid0012,2000-09-29,1440594.0,-0.1997,0.9766,"(-0.1997,0.9766)",0.6559585,0.1238523,0.0153394,0.7303,0.9091,0.678,0.4323,0.6111
MOD13Q1_061__250m_16_days_NDVI_doy2000289000000_aid0012,_250m_16_days_NDVI,aid0012,2000-10-15,1441192.0,-0.2,0.9977,"(-0.2,0.9977)",0.7014762,0.1204152,0.0144998,0.7723,0.9298,0.7302,0.5096,0.6672
MOD13Q1_061__250m_16_days_NDVI_doy2000305000000_aid0012,_250m_16_days_NDVI,aid0012,2000-10-31,1440670.0,-0.2,0.9986,"(-0.2,0.9986)",0.720155,0.1342592,0.0180255,0.7964,0.9516,0.7552,0.5377,0.6929
MOD13Q1_061__250m_16_days_NDVI_doy2000321000000_aid0012,_250m_16_days_NDVI,aid0012,2000-11-16,1440160.0,-0.1997,0.9834,"(-0.1997,0.9834)",0.7085217,0.1288322,0.0165977,0.7828,0.9356,0.7409,0.5238,0.6792
MOD13Q1_061__250m_16_days_NDVI_doy2000337000000_aid0012,_250m_16_days_NDVI,aid0012,2000-12-02,1440593.0,-0.2,0.9849,"(-0.2,0.9849)",0.6745501,0.1218939,0.0148581,0.7478,0.912,0.7026,0.4738,0.6382
MOD13Q1_061__250m_16_days_NDVI_doy2000353000000_aid0012,_250m_16_days_NDVI,aid0012,2000-12-18,1440587.0,-0.1997,0.9867,"(-0.1997,0.9867)",0.5965431,0.113237,0.0128226,0.6726,0.867,0.6124,0.3486,0.543
MOD13Q1_061__250m_16_days_NDVI_doy2001001000000_aid0012,_250m_16_days_NDVI,aid0012,2001-01-01,1441080.0,-0.2,0.9974,"(-0.2,0.9974)",0.585517,0.1167432,0.013629,0.6562,0.826,0.6087,0.3732,0.543
MOD13Q1_061__250m_16_days_NDVI_doy2001017000000_aid0012,_250m_16_days_NDVI,aid0012,2001-01-17,1440457.0,-0.2,0.9772,"(-0.2,0.9772)",0.6464492,0.1106992,0.0122543,0.7104,0.8578,0.6685,0.4647,0.6121
MOD13Q1_061__250m_16_days_NDVI_doy2001033000000_aid0012,_250m_16_days_NDVI,aid0012,2001-02-02,1439657.0,-0.2,0.9685,"(-0.2,0.9685)",0.671855,0.1081307,0.0116922,0.7359,0.8883,0.6912,0.4819,0.6343
MOD13Q1_061__250m_16_days_NDVI_doy2001049000000_aid0012,_250m_16_days_NDVI,aid0012,2001-02-18,1441037.0,-0.2,0.9581,"(-0.2,0.9581)",0.6355247,0.1186192,0.0140705,0.7151,0.9162,0.6525,0.3796,0.5809
MOD13Q1_061__250m_16_days_NDVI_doy2001065000000_aid0012,_250m_16_days_NDVI,aid0012,2001-03-06,1439526.0,-0.2,0.9446,"(-0.2,0.9446)",0.7170925,0.1035149,0.0107153,0.772,0.8879,0.7376,0.5788,0.6947
MOD13Q1_061__250m_16_days_NDVI_doy2001081000000_aid0012,_250m_16_days_NDVI,aid0012,2001-03-22,1439807.0,-0.2,0.9887,"(-0.2,0.9887)",0.6887217,0.1100716,0.0121158,0.7489,0.8783,0.711,0.5332,0.6626
MOD13Q1_061__250m_16_days_NDVI_doy2001097000000_aid0012,_250m_16_days_NDVI,aid0012,2001-04-07,1438967.0,-0.2,0.9964,"(-0.2,0.9964)",0.6844858,0.1157403,0.0133958,0.7488,0.8841,0.7108,0.5233,0.6586
MOD13Q1_061__250m_16_days_NDVI_doy2001113000000_aid0012,_250m_16_days_NDVI,aid0012,2001-04-23,1438935.0,-0.2,0.9464,"(-0.2,0.9464)",0.6410704,0.1208758,0.014611,0.7103,0.8604,0.6673,0.4601,0.6102
MOD13Q1_061__250m_16_days_NDVI_doy2001129000000_aid0012,_250m_16_days_NDVI,aid0012,2001-05-09,1436540.0,-0.2,0.9881,"(-0.2,0.9881)",0.5683133,0.1135356,0.0128903,0.6347,0.8025,0.5823,0.355,0.5228
MOD13Q1_061__250m_16_days_NDVI_doy2001145000000_aid0012,_250m_16_days_NDVI,aid0012,2001-05-25,1438957.0,-0.2,0.993,"(-0.2,0.993)",0.568567,0.117917,0.0139044,0.6354,0.804,0.5826,0.3544,0.523
MOD13Q1_061__250m_16_days_NDVI_doy2001161000000_aid0012,_250m_16_days_NDVI,aid0012,2001-06-10,1433866.0,-0.1995,0.9992,"(-0.1995,0.9992)",0.2999416,0.2181207,0.0475766,0.4821,0.9992,0.2636,-0.1995,0.101
MOD13Q1_061__250m_16_days_NDVI_doy2001177000000_aid0012,_250m_16_days_NDVI,aid0012,2001-06-26,1441503.0,-0.2,0.9823,"(-0.2,0.9823)",0.550524,0.1196615,0.0143189,0.6184,0.7873,0.5661,0.3369,0.5058
MOD13Q1_061__250m_16_days_NDVI_doy2001193000000_aid0012,_250m_16_days_NDVI,aid0012,2001-07-12,1437258.0,-0.2,0.9783,"(-0.2,0.9783)",0.5582216,0.1162477,0.0135135,0.6247,0.7925,0.5719,0.345,0.5128
MOD13Q1_061__250m_16_days_NDVI_doy2001209000000_aid0012,_250m_16_days_NDVI,aid0012,2001-07-28,1437993.0,-0.2,0.9214,"(-0.2,0.9214)",0.5586859,0.118579,0.014061,0.6291,0.8077,0.5743,0.3314,0.51
MOD13Q1_061__250m_16_days_NDVI_doy2001225000000_aid0012,_250m_16_days_NDVI,aid0012,2001-08-13,1437221.0,-0.2,0.9189,"(-0.2,0.9189)",0.602912,0.1320796,0.017445,0.6805,0.8698,0.6231,0.365,0.5543
MOD13Q1_061__250m_16_days_NDVI_doy2001241000000_aid0012,_250m_16_days_NDVI,aid0012,2001-08-29,1437646.0,-0.2,0.9776,"(-0.2,0.9776)",0.6045013,0.137125,0.0188033,0.6828,0.8656,0.6265,0.3781,0.5609
MOD13Q1_061__250m_16_days_NDVI_doy2001257000000_aid0012,_250m_16_days_NDVI,aid0012,2001-09-14,1441319.0,-0.2,0.9988,"(-0.2,0.9988)",0.6072774,0.1279458,0.0163701,0.6792,0.8469,0.6287,0.3997,0.5674
MOD13Q1_061__250m_16_days_NDVI_doy2001273000000_aid0012,_250m_16_days_NDVI,aid0012,2001-09-30,1439733.0,-0.2,0.9974,"(-0.2,0.9974)",0.6499701,0.1479068,0.0218764,0.7349,0.9305,0.6771,0.4087,0.6044
MOD13Q1_061__250m_16_days_NDVI_doy2001289000000_aid0012,_250m_16_days_NDVI,aid0012,2001-10-16,1438002.0,-0.2,0.9822,"(-0.2,0.9822)",0.6964468,0.138866,0.0192838,0.7702,0.928,0.7234,0.5067,0.6648
MOD13Q1_061__250m_16_days_NDVI_doy2001305000000_aid0012,_250m_16_days_NDVI,aid0012,2001-11-01,1440207.0,-0.2,0.9939,"(-0.2,0.9939)",0.6900939,0.1460681,0.0213359,0.7701,0.9392,0.7221,0.4879,0.6572
MOD13Q1_061__250m_16_days_NDVI_doy2001321000000_aid0012,_250m_16_days_NDVI,aid0012,2001-11-17,1440684.0,-0.2,0.9938,"(-0.2,0.9938)",0.6900645,0.1435867,0.0206172,0.7708,0.9366,0.7252,0.4933,0.6598
MOD13Q1_061__250m_16_days_NDVI_doy2001337000000_aid0012,_250m_16_days_NDVI,aid0012,2001-12-03,1439166.0,-0.2,0.9971,"(-0.2,0.9971)",0.6471684,0.1287887,0.0165865,0.721575,0.8821,0.6774,0.4534,0.6143
MOD13Q1_061__250m_16_days_NDVI_doy2001353000000_aid0012,_250m_16_days_NDVI,aid0012,2001-12-19,1440585.0,-0.2,0.9959,"(-0.2,0.9959)",0.6165288,0.1276615,0.0162974,0.6955,0.875,0.6441,0.396,0.5757
MOD13Q1_061__250m_16_days_NDVI_doy2002001000000_aid0012,_250m_16_days_NDVI,aid0012,2002-01-01,1441060.0,-0.1994,0.9991,"(-0.1994,0.9991)",0.6452124,0.127334,0.016214,0.7215,0.895,0.6716,0.4323,0.6058
MOD13Q1_061__250m_16_days_NDVI_doy2002017000000_aid0012,_250m_16_days_NDVI,aid0012,2002-01-17,1440402.0,-0.2,0.9972,"(-0.2,0.9972)",0.6353472,0.1121111,0.0125689,0.7042,0.8819,0.649,0.408,0.5857
MOD13Q1_061__250m_16_days_NDVI_doy2002033000000_aid0012,_250m_16_days_NDVI,aid0012,2002-02-02,1440122.0,-0.2,0.9816,"(-0.2,0.9816)",0.6641284,0.1044532,0.0109105,0.7244,0.8744,0.679,0.4744,0.6244
MOD13Q1_061__250m_16_days_NDVI_doy2002049000000_aid0012,_250m_16_days_NDVI,aid0012,2002-02-18,1440441.0,-0.2,0.9214,"(-0.2,0.9214)",0.654763,0.1002149,0.010043,0.7129,0.8572,0.6683,0.4724,0.6167
MOD13Q1_061__250m_16_days_NDVI_doy2002065000000_aid0012,_250m_16_days_NDVI,aid0012,2002-03-06,1439995.0,-0.2,0.9879,"(-0.2,0.9879)",0.6785479,0.1036954,0.0107527,0.7321,0.8537,0.6943,0.5294,0.651
MOD13Q1_061__250m_16_days_NDVI_doy2002081000000_aid0012,_250m_16_days_NDVI,aid0012,2002-03-22,1438435.0,-0.2,0.9977,"(-0.2,0.9977)",0.656598,0.1279849,0.0163801,0.7258,0.8723,0.6819,0.4816,0.6281
MOD13Q1_061__250m_16_days_NDVI_doy2002097000000_aid0012,_250m_16_days_NDVI,aid0012,2002-04-07,1439949.0,-0.2,0.9993,"(-0.2,0.9993)",0.6676949,0.1263766,0.0159711,0.7379,0.8892,0.6922,0.4857,0.637
MOD13Q1_061__250m_16_days_NDVI_doy2002113000000_aid0012,_250m_16_days_NDVI,aid0012,2002-04-23,1436273.0,-0.2,0.9866,"(-0.2,0.9866)",0.6437458,0.1228356,0.0150886,0.7111,0.8584,0.6657,0.4656,0.6129
MOD13Q1_061__250m_16_days_NDVI_doy2002129000000_aid0012,_250m_16_days_NDVI,aid0012,2002-05-09,1435582.0,-0.2,0.9722,"(-0.2,0.9722)",0.6336676,0.1244103,0.0154779,0.7029,0.8529,0.658,0.4529,0.6029
MOD13Q1_061__250m_16_days_NDVI_doy2002145000000_aid0012,_250m_16_days_NDVI,aid0012,2002-05-25,1434633.0,-0.2,0.9821,"(-0.2,0.9821)",0.6270403,0.127155,0.0161684,0.6988,0.8561,0.6521,0.4366,0.5939
MOD13Q1_061__250m_16_days_NDVI_doy2002161000000_aid0012,_250m_16_days_NDVI,aid0012,2002-06-10,1437340.0,-0.2,0.9354,"(-0.2,0.9354)",0.5983003,0.1313052,0.0172411,0.6731,0.8403,0.623,0.3944,0.5616
MOD13Q1_061__250m_16_days_NDVI_doy2002177000000_aid0012,_250m_16_days_NDVI,aid0012,2002-06-26,1433374.0,-0.2,0.9061,"(-0.2,0.9061)",0.5461697,0.1099715,0.0120937,0.6106,0.7657,0.5623,0.3521,0.5072
MOD13Q1_061__250m_16_days_NDVI_doy2002193000000_aid0012,_250m_16_days_NDVI,aid0012,2002-07-12,1438198.0,-0.2,0.8907,"(-0.2,0.8907)",0.5206606,0.1083137,0.0117319,0.5857,0.7484,0.5338,0.3145,0.4772
MOD13Q1_061__250m_16_days_NDVI_doy2002209000000_aid0012,_250m_16_days_NDVI,aid0012,2002-07-28,1437671.0,-0.2,0.9916,"(-0.2,0.9916)",0.5232065,0.1093858,0.0119653,0.5888,0.7536,0.5374,0.3141,0.4789
MOD13Q1_061__250m_16_days_NDVI_doy2002225000000_aid0012,_250m_16_days_NDVI,aid0012,2002-08-13,1438136.0,-0.2,0.9904,"(-0.2,0.9904)",0.5467067,0.1231206,0.0151587,0.6234,0.8143,0.5646,0.3052,0.4961
MOD13Q1_061__250m_16_days_NDVI_doy2002241000000_aid0012,_250m_16_days_NDVI,aid0012,2002-08-29,1439403.0,-0.2,0.9981,"(-0.2,0.9981)",0.6029638,0.1249734,0.0156184,0.6769,0.8516,0.6246,0.3857,0.5604
MOD13Q1_061__250m_16_days_NDVI_doy2002257000000_aid0012,_250m_16_days_NDVI,aid0012,2002-09-14,1437856.0,-0.2,0.9764,"(-0.2,0.9764)",0.6282081,0.1294444,0.0167558,0.7033,0.8771,0.6512,0.4136,0.5874
MOD13Q1_061__250m_16_days_NDVI_doy2002273000000_aid0012,_250m_16_days_NDVI,aid0012,2002-09-30,1440666.0,-0.2,0.9858,"(-0.2,0.9858)",0.681539,0.1304147,0.017008,0.7586,0.9304,0.7068,0.4704,0.6433
MOD13Q1_061__250m_16_days_NDVI_doy2002289000000_aid0012,_250m_16_days_NDVI,aid0012,2002-10-16,1440379.0,-0.2,0.945,"(-0.2,0.945)",0.7023049,0.1387099,0.0192404,0.7807,0.945,0.7334,0.5045,0.6702
MOD13Q1_061__250m_16_days_NDVI_doy2002305000000_aid0012,_250m_16_days_NDVI,aid0012,2002-11-01,1440669.0,-0.2,0.9964,"(-0.2,0.9964)",0.7002278,0.1369605,0.0187582,0.7786,0.9384,0.7332,0.5064,0.6697
MOD13Q1_061__250m_16_days_NDVI_doy2002321000000_aid0012,_250m_16_days_NDVI,aid0012,2002-11-17,1440521.0,-0.2,0.9913,"(-0.2,0.9913)",0.6826183,0.1352705,0.0182981,0.7613,0.9248,0.7164,0.4886,0.6522
MOD13Q1_061__250m_16_days_NDVI_doy2002337000000_aid0012,_250m_16_days_NDVI,aid0012,2002-12-03,1441337.0,-0.2,0.9994,"(-0.2,0.9994)",0.6792368,0.1261524,0.0159144,0.7502,0.902,0.7081,0.4972,0.649
MOD13Q1_061__250m_16_days_NDVI_doy2002353000000_aid0012,_250m_16_days_NDVI,aid0012,2002-12-19,1440826.0,-0.2,0.9955,"(-0.2,0.9955)",0.6513246,0.1280419,0.0163947,0.7243,0.8809,0.6807,0.4633,0.6199
MOD13Q1_061__250m_16_days_NDVI_doy2003001000000_aid0012,_250m_16_days_NDVI,aid0012,2003-01-01,1440317.0,-0.2,0.9677,"(-0.2,0.9677)",0.6330229,0.117376,0.0137771,0.6991,0.8489,0.6547,0.4494,0.5992
MOD13Q1_061__250m_16_days_NDVI_doy2003017000000_aid0012,_250m_16_days_NDVI,aid0012,2003-01-17,1440438.0,-0.2,0.9643,"(-0.2,0.9643)",0.6344542,0.1104696,0.0122035,0.6955,0.8384,0.6546,0.4573,0.6002
MOD13Q1_061__250m_16_days_NDVI_doy2003033000000_aid0012,_250m_16_days_NDVI,aid0012,2003-02-02,1439472.0,-0.2,0.9972,"(-0.2,0.9972)",0.6679127,0.1131232,0.0127968,0.734,0.8844,0.6928,0.4833,0.6337
MOD13Q1_061__250m_16_days_NDVI_doy2003049000000_aid0012,_250m_16_days_NDVI,aid0012,2003-02-18,1439539.0,-0.2,0.9528,"(-0.2,0.9528)",0.6951506,0.1108056,0.0122779,0.7566,0.8899,0.7202,0.5344,0.6677
MOD13Q1_061__250m_16_days_NDVI_doy2003065000000_aid0012,_250m_16_days_NDVI,aid0012,2003-03-06,1439142.0,-0.2,0.996,"(-0.2,0.996)",0.7097306,0.1159299,0.0134397,0.7735,0.9046,0.7384,0.555,0.6861
MOD13Q1_061__250m_16_days_NDVI_doy2003081000000_aid0012,_250m_16_days_NDVI,aid0012,2003-03-22,1438731.0,-0.2,0.9924,"(-0.2,0.9924)",0.6965436,0.1158519,0.0134217,0.7617,0.8941,0.7266,0.541,0.6734
MOD13Q1_061__250m_16_days_NDVI_doy2003097000000_aid0012,_250m_16_days_NDVI,aid0012,2003-04-07,1439550.0,-0.2,0.9809,"(-0.2,0.9809)",0.6581524,0.1082219,0.011712,0.7191,0.849,0.6814,0.5026,0.6325
MOD13Q1_061__250m_16_days_NDVI_doy2003113000000_aid0012,_250m_16_days_NDVI,aid0012,2003-04-23,1437230.0,-0.2,0.9858,"(-0.2,0.9858)",0.6280403,0.1076498,0.0115885,0.6871,0.821,0.6458,0.4639,0.5978
MOD13Q1_061__250m_16_days_NDVI_doy2003129000000_aid0012,_250m_16_days_NDVI,aid0012,2003-05-09,1439008.0,-0.2,0.9879,"(-0.2,0.9879)",0.5703832,0.1120298,0.0125507,0.6319,0.7825,0.5837,0.3809,0.5315
MOD13Q1_061__250m_16_days_NDVI_doy2003145000000_aid0012,_250m_16_days_NDVI,aid0012,2003-05-25,1437370.0,-0.2,0.9524,"(-0.2,0.9524)",0.555164,0.1123096,0.0126134,0.6166,0.776,0.5638,0.3509,0.5103
MOD13Q1_061__250m_16_days_NDVI_doy2003161000000_aid0012,_250m_16_days_NDVI,aid0012,2003-06-10,1436786.0,-0.2,0.9122,"(-0.2,0.9122)",0.5105309,0.1100854,0.0121188,0.5701,0.7319,0.5157,0.3004,0.4622
MOD13Q1_061__250m_16_days_NDVI_doy2003177000000_aid0012,_250m_16_days_NDVI,aid0012,2003-06-26,1437617.0,-0.2,0.9549,"(-0.2,0.9549)",0.519696,0.116232,0.0135099,0.5852,0.7659,0.5243,0.284,0.4647
MOD13Q1_061__250m_16_days_NDVI_doy2003193000000_aid0012,_250m_16_days_NDVI,aid0012,2003-07-12,1436666.0,-0.2,0.9202,"(-0.2,0.9202)",0.5034732,0.109395,0.0119673,0.564,0.7363,0.5046,0.2768,0.4491
MOD13Q1_061__250m_16_days_NDVI_doy2003209000000_aid0012,_250m_16_days_NDVI,aid0012,2003-07-28,1437739.0,-0.2,0.9957,"(-0.2,0.9957)",0.511142,0.1141557,0.0130315,0.5768,0.759,0.5155,0.2731,0.4553
MOD13Q1_061__250m_16_days_NDVI_doy2003225000000_aid0012,_250m_16_days_NDVI,aid0012,2003-08-13,1438462.0,-0.2,0.923,"(-0.2,0.923)",0.516652,0.1169037,0.0136665,0.5836,0.766,0.522,0.2796,0.462
MOD13Q1_061__250m_16_days_NDVI_doy2003241000000_aid0012,_250m_16_days_NDVI,aid0012,2003-08-29,1436725.0,-0.2,0.9237,"(-0.2,0.9237)",0.5366713,0.1154543,0.0133297,0.6063,0.7986,0.5419,0.2858,0.4781
MOD13Q1_061__250m_16_days_NDVI_doy2003257000000_aid0012,_250m_16_days_NDVI,aid0012,2003-09-14,1438344.0,-0.2,0.9687,"(-0.2,0.9687)",0.5662904,0.1222556,0.0149464,0.6409,0.8434,0.574,0.3034,0.5059
MOD13Q1_061__250m_16_days_NDVI_doy2003273000000_aid0012,_250m_16_days_NDVI,aid0012,2003-09-30,1440195.0,-0.2,0.9701,"(-0.2,0.9701)",0.6114457,0.1247418,0.0155605,0.6878,0.8909,0.6226,0.3493,0.5524
MOD13Q1_061__250m_16_days_NDVI_doy2003289000000_aid0012,_250m_16_days_NDVI,aid0012,2003-10-16,1440709.0,-0.1997,0.9993,"(-0.1997,0.9993)",0.6592833,0.1234852,0.0152486,0.7332,0.9139,0.6787,0.432,0.6127
MOD13Q1_061__250m_16_days_NDVI_doy2003305000000_aid0012,_250m_16_days_NDVI,aid0012,2003-11-01,1440525.0,-0.2,0.9845,"(-0.2,0.9845)",0.6866674,0.1218753,0.0148536,0.7576,0.9212,0.711,0.4849,0.6485
MOD13Q1_061__250m_16_days_NDVI_doy2003321000000_aid0012,_250m_16_days_NDVI,aid0012,2003-11-17,1440336.0,-0.2,0.9995,"(-0.2,0.9995)",0.676329,0.1205588,0.0145344,0.7479,0.9097,0.7028,0.4782,0.64
MOD13Q1_061__250m_16_days_NDVI_doy2003337000000_aid0012,_250m_16_days_NDVI,aid0012,2003-12-03,1440863.0,-0.2,0.9892,"(-0.2,0.9892)",0.6830144,0.1206701,0.0145613,0.7534,0.9037,0.714,0.5024,0.653
MOD13Q1_061__250m_16_days_NDVI_doy2003353000000_aid0012,_250m_16_days_NDVI,aid0012,2003-12-19,1441395.0,-0.1995,0.9929,"(-0.1995,0.9929)",0.6733983,0.1393494,0.0194183,0.7592,0.9364,0.7157,0.455,0.6375
MOD13Q1_061__250m_16_days_NDVI_doy2004001000000_aid0012,_250m_16_days_NDVI,aid0012,2004-01-01,1439473.0,-0.1995,0.984,"(-0.1995,0.984)",0.6662699,0.12025,0.0144601,0.7412,0.916,0.6936,0.4495,0.6245
MOD13Q1_061__250m_16_days_NDVI_doy2004017000000_aid0012,_250m_16_days_NDVI,aid0012,2004-01-17,1439466.0,-0.2,0.9924,"(-0.2,0.9924)",0.6266339,0.110031,0.0121068,0.693,0.8599,0.6443,0.4148,0.5817
MOD13Q1_061__250m_16_days_NDVI_doy2004033000000_aid0012,_250m_16_days_NDVI,aid0012,2004-02-02,1441196.0,-0.2,0.997,"(-0.2,0.997)",0.690189,0.1108596,0.0122899,0.7506,0.8938,0.7088,0.5119,0.6551
MOD13Q1_061__250m_16_days_NDVI_doy2004049000000_aid0012,_250m_16_days_NDVI,aid0012,2004-02-18,1439097.0,-0.2,0.9945,"(-0.2,0.9945)",0.6659677,0.106917,0.0114313,0.7237,0.8692,0.6797,0.4812,0.6267
MOD13Q1_061__250m_16_days_NDVI_doy2004065000000_aid0012,_250m_16_days_NDVI,aid0012,2004-03-05,1438572.0,-0.2,0.9824,"(-0.2,0.9824)",0.6690932,0.1058317,0.0112003,0.7295,0.8807,0.6846,0.4775,0.6287
MOD13Q1_061__250m_16_days_NDVI_doy2004081000000_aid0012,_250m_16_days_NDVI,aid0012,2004-03-21,1439417.0,-0.2,0.9446,"(-0.2,0.9446)",0.6169138,0.102599,0.0105266,0.6793,0.8368,0.6331,0.4168,0.5743
MOD13Q1_061__250m_16_days_NDVI_doy2004097000000_aid0012,_250m_16_days_NDVI,aid0012,2004-04-06,1439355.0,-0.2,0.9925,"(-0.2,0.9925)",0.621392,0.1005501,0.0101103,0.6795,0.816,0.6371,0.452,0.5885
MOD13Q1_061__250m_16_days_NDVI_doy2004113000000_aid0012,_250m_16_days_NDVI,aid0012,2004-04-22,1439583.0,-0.2,0.9621,"(-0.2,0.9621)",0.604178,0.1077237,0.0116044,0.6659,0.8067,0.6227,0.4312,0.572
MOD13Q1_061__250m_16_days_NDVI_doy2004129000000_aid0012,_250m_16_days_NDVI,aid0012,2004-05-08,1438988.0,-0.2,0.9674,"(-0.2,0.9674)",0.5675721,0.1079225,0.0116473,0.6332,0.7983,0.5829,0.358,0.5231
MOD13Q1_061__250m_16_days_NDVI_doy2004145000000_aid0012,_250m_16_days_NDVI,aid0012,2004-05-24,1439492.0,-0.2,0.9728,"(-0.2,0.9728)",0.5178115,0.1075468,0.0115663,0.5834,0.7631,0.5244,0.2839,0.4636
MOD13Q1_061__250m_16_days_NDVI_doy2004161000000_aid0012,_250m_16_days_NDVI,aid0012,2004-06-09,1438639.0,-0.2,0.9295,"(-0.2,0.9295)",0.5056025,0.1030192,0.010613,0.5666,0.74,0.5072,0.2776,0.451
MOD13Q1_061__250m_16_days_NDVI_doy2004177000000_aid0012,_250m_16_days_NDVI,aid0012,2004-06-25,1440141.0,-0.2,0.9236,"(-0.2,0.9236)",0.5060628,0.1124512,0.0126453,0.5729,0.7668,0.5048,0.2497,0.4436
MOD13Q1_061__250m_16_days_NDVI_doy2004193000000_aid0012,_250m_16_days_NDVI,aid0012,2004-07-11,1439111.0,-0.2,0.9554,"(-0.2,0.9554)",0.5016599,0.1066247,0.0113688,0.5648,0.7481,0.5008,0.2593,0.4426
MOD13Q1_061__250m_16_days_NDVI_doy2004209000000_aid0012,_250m_16_days_NDVI,aid0012,2004-07-27,1440086.0,-0.2,0.9518,"(-0.2,0.9518)",0.5342386,0.1177498,0.013865,0.6096,0.8226,0.5375,0.2546,0.4676
MOD13Q1_061__250m_16_days_NDVI_doy2004225000000_aid0012,_250m_16_days_NDVI,aid0012,2004-08-12,1440816.0,-0.2,0.9514,"(-0.2,0.9514)",0.5576776,0.1288571,0.0166041,0.6419,0.8712,0.5675,0.2597,0.489
MOD13Q1_061__250m_16_days_NDVI_doy2004241000000_aid0012,_250m_16_days_NDVI,aid0012,2004-08-28,1439981.0,-0.2,0.9258,"(-0.2,0.9258)",0.590267,0.1235227,0.0152578,0.671,0.8874,0.602,0.3103,0.5267
MOD13Q1_061__250m_16_days_NDVI_doy2004257000000_aid0012,_250m_16_days_NDVI,aid0012,2004-09-13,1440867.0,-0.2,0.9728,"(-0.2,0.9728)",0.5936446,0.1240799,0.0153958,0.6726,0.882,0.6067,0.3236,0.533
MOD13Q1_061__250m_16_days_NDVI_doy2004273000000_aid0012,_250m_16_days_NDVI,aid0012,2004-09-29,1440291.0,-0.2,0.9995,"(-0.2,0.9995)",0.617038,0.1315064,0.0172939,0.7015,0.9164,0.6364,0.3433,0.5582
MOD13Q1_061__250m_16_days_NDVI_doy2004289000000_aid0012,_250m_16_days_NDVI,aid0012,2004-10-15,1440797.0,-0.2,0.9387,"(-0.2,0.9387)",0.6299545,0.126788,0.0160752,0.7093,0.911,0.6491,0.3731,0.5748
MOD13Q1_061__250m_16_days_NDVI_doy2004305000000_aid0012,_250m_16_days_NDVI,aid0012,2004-10-31,1440296.0,-0.2,0.9963,"(-0.2,0.9963)",0.6253971,0.1163495,0.0135372,0.6939,0.8677,0.6405,0.4042,0.578
MOD13Q1_061__250m_16_days_NDVI_doy2004321000000_aid0012,_250m_16_days_NDVI,aid0012,2004-11-16,1440943.0,-0.2,0.9842,"(-0.2,0.9842)",0.6635275,0.1202829,0.014468,0.7366,0.9085,0.6861,0.4501,0.622
MOD13Q1_061__250m_16_days_NDVI_doy2004337000000_aid0012,_250m_16_days_NDVI,aid0012,2004-12-02,1440987.0,-0.2,0.9858,"(-0.2,0.9858)",0.6738458,0.1113962,0.0124091,0.7437,0.9096,0.697,0.4652,0.6323
MOD13Q1_061__250m_16_days_NDVI_doy2004353000000_aid0012,_250m_16_days_NDVI,aid0012,2004-12-18,1441640.0,-0.2,0.9945,"(-0.2,0.9945)",0.6239884,0.115678,0.0133814,0.6951,0.8703,0.6431,0.4031,0.5783
MOD13Q1_061__250m_16_days_NDVI_doy2005001000000_aid0012,_250m_16_days_NDVI,aid0012,2005-01-01,1439863.0,-0.2,0.969,"(-0.2,0.969)",0.6208008,0.1165611,0.0135865,0.6924,0.8829,0.6322,0.3749,0.5654
MOD13Q1_061__250m_16_days_NDVI_doy2005017000000_aid0012,_250m_16_days_NDVI,aid0012,2005-01-17,1440377.0,-0.2,0.9769,"(-0.2,0.9769)",0.5986671,0.1143995,0.0130872,0.6658,0.8531,0.6066,0.3536,0.5409
MOD13Q1_061__250m_16_days_NDVI_doy2005033000000_aid0012,_250m_16_days_NDVI,aid0012,2005-02-02,1439665.0,-0.2,0.9987,"(-0.2,0.9987)",0.6476516,0.1218529,0.0148481,0.728,0.9442,0.6661,0.3648,0.5827
MOD13Q1_061__250m_16_days_NDVI_doy2005049000000_aid0012,_250m_16_days_NDVI,aid0012,2005-02-18,1439784.0,-0.2,0.9995,"(-0.2,0.9995)",0.7355635,0.1050416,0.0110337,0.7916,0.9215,0.7531,0.5751,0.705
MOD13Q1_061__250m_16_days_NDVI_doy2005065000000_aid0012,_250m_16_days_NDVI,aid0012,2005-03-06,1439131.0,-0.2,0.9415,"(-0.2,0.9415)",0.7221953,0.1050396,0.0110333,0.7805,0.912,0.7424,0.5613,0.6928
MOD13Q1_061__250m_16_days_NDVI_doy2005081000000_aid0012,_250m_16_days_NDVI,aid0012,2005-03-22,1439148.0,-0.2,0.9992,"(-0.2,0.9992)",0.6928834,0.1074978,0.0115558,0.7562,0.9008,0.7152,0.5152,0.6598
MOD13Q1_061__250m_16_days_NDVI_doy2005097000000_aid0012,_250m_16_days_NDVI,aid0012,2005-04-07,1438898.0,-0.2,0.9369,"(-0.2,0.9369)",0.6519213,0.1084424,0.0117598,0.7183,0.872,0.6749,0.4621,0.6158
MOD13Q1_061__250m_16_days_NDVI_doy2005113000000_aid0012,_250m_16_days_NDVI,aid0012,2005-04-23,1439233.0,-0.2,0.9001,"(-0.2,0.9001)",0.5470765,0.1061793,0.011274,0.6155,0.7965,0.5527,0.3138,0.4948
MOD13Q1_061__250m_16_days_NDVI_doy2005129000000_aid0012,_250m_16_days_NDVI,aid0012,2005-05-09,1440538.0,-0.2,0.8875,"(-0.2,0.8875)",0.4754363,0.1005763,0.0101156,0.5349,0.7065,0.4732,0.2489,0.4205
MOD13Q1_061__250m_16_days_NDVI_doy2005145000000_aid0012,_250m_16_days_NDVI,aid0012,2005-05-25,1439563.0,-0.1995,0.9681,"(-0.1995,0.9681)",0.4896878,0.10269,0.0105452,0.5495,0.7233,0.4892,0.2598,0.4336
MOD13Q1_061__250m_16_days_NDVI_doy2005161000000_aid0012,_250m_16_days_NDVI,aid0012,2005-06-10,1439800.0,-0.2,0.9198,"(-0.2,0.9198)",0.5028504,0.1138593,0.012964,0.5714,0.7643,0.5033,0.2499,0.4428
MOD13Q1_061__250m_16_days_NDVI_doy2005177000000_aid0012,_250m_16_days_NDVI,aid0012,2005-06-26,1439989.0,-0.2,0.9243,"(-0.2,0.9243)",0.5028098,0.1149035,0.0132028,0.5723,0.7685,0.5056,0.2453,0.4415
MOD13Q1_061__250m_16_days_NDVI_doy2005193000000_aid0012,_250m_16_days_NDVI,aid0012,2005-07-12,1440304.0,-0.2,0.9952,"(-0.2,0.9952)",0.5142437,0.1137171,0.0129316,0.5826,0.7768,0.5161,0.2589,0.4531
MOD13Q1_061__250m_16_days_NDVI_doy2005209000000_aid0012,_250m_16_days_NDVI,aid0012,2005-07-28,1439946.0,-0.1998,0.9006,"(-0.1998,0.9006)",0.525901,0.1141316,0.013026,0.598,0.8002,0.53,0.261,0.4632
MOD13Q1_061__250m_16_days_NDVI_doy2005225000000_aid0012,_250m_16_days_NDVI,aid0012,2005-08-13,1440570.0,-0.2,0.994,"(-0.2,0.994)",0.5426052,0.1174461,0.0137936,0.6166,0.8191,0.551,0.2791,0.4816
MOD13Q1_061__250m_16_days_NDVI_doy2005241000000_aid0012,_250m_16_days_NDVI,aid0012,2005-08-29,1440288.0,-0.2,0.9993,"(-0.2,0.9993)",0.5756953,0.1219901,0.0148816,0.6529,0.8572,0.5878,0.3124,0.5167
MOD13Q1_061__250m_16_days_NDVI_doy2005257000000_aid0012,_250m_16_days_NDVI,aid0012,2005-09-14,1440746.0,-0.2,0.9863,"(-0.2,0.9863)",0.6310058,0.1259341,0.0158594,0.7111,0.9146,0.6495,0.3719,0.5754
MOD13Q1_061__250m_16_days_NDVI_doy2005273000000_aid0012,_250m_16_days_NDVI,aid0012,2005-09-30,1439679.0,-0.1995,0.9937,"(-0.1995,0.9937)",0.6489796,0.1265279,0.0160093,0.7276,0.9215,0.6694,0.4044,0.5983
MOD13Q1_061__250m_16_days_NDVI_doy2005289000000_aid0012,_250m_16_days_NDVI,aid0012,2005-10-16,1439874.0,-0.2,0.9974,"(-0.2,0.9974)",0.6677184,0.1248719,0.015593,0.7415,0.9134,0.6916,0.455,0.6269
MOD13Q1_061__250m_16_days_NDVI_doy2005305000000_aid0012,_250m_16_days_NDVI,aid0012,2005-11-01,1440234.0,-0.1997,0.9775,"(-0.1997,0.9775)",0.6541719,0.1242279,0.0154326,0.7278,0.8986,0.6777,0.4431,0.6139
MOD13Q1_061__250m_16_days_NDVI_doy2005321000000_aid0012,_250m_16_days_NDVI,aid0012,2005-11-17,1440223.0,-0.2,0.9825,"(-0.2,0.9825)",0.6468617,0.1135004,0.0128823,0.7149,0.8803,0.6671,0.4392,0.6046
MOD13Q1_061__250m_16_days_NDVI_doy2005337000000_aid0012,_250m_16_days_NDVI,aid0012,2005-12-03,1439838.0,-0.2,0.9268,"(-0.2,0.9268)",0.6062604,0.1073363,0.0115211,0.6764,0.8556,0.6242,0.3777,0.5569
MOD13Q1_061__250m_16_days_NDVI_doy2005353000000_aid0012,_250m_16_days_NDVI,aid0012,2005-12-19,1441012.0,-0.2,0.9709,"(-0.2,0.9709)",0.5626961,0.1093549,0.0119585,0.6276,0.8002,0.5774,0.3399,0.5125
MOD13Q1_061__250m_16_days_NDVI_doy2006001000000_aid0012,_250m_16_days_NDVI,aid0012,2006-01-01,1442214.0,-0.2,0.9885,"(-0.2,0.9885)",0.5941933,0.1199629,0.0143911,0.6688,0.8699,0.6077,0.3336,0.5347
MOD13Q1_061__250m_16_days_NDVI_doy2006017000000_aid0012,_250m_16_days_NDVI,aid0012,2006-01-17,1441007.0,-0.2,0.9991,"(-0.2,0.9991)",0.682189,0.1189906,0.0141588,0.7471,0.8968,0.7038,0.4976,0.6473
MOD13Q1_061__250m_16_days_NDVI_doy2006033000000_aid0012,_250m_16_days_NDVI,aid0012,2006-02-02,1440470.0,-0.2,0.9956,"(-0.2,0.9956)",0.7152627,0.1148441,0.0131892,0.7779,0.9231,0.7371,0.5359,0.6811
MOD13Q1_061__250m_16_days_NDVI_doy2006049000000_aid0012,_250m_16_days_NDVI,aid0012,2006-02-18,1440043.0,-0.2,0.9864,"(-0.2,0.9864)",0.7213893,0.1135665,0.0128974,0.7848,0.9375,0.7381,0.5303,0.683
MOD13Q1_061__250m_16_days_NDVI_doy2006065000000_aid0012,_250m_16_days_NDVI,aid0012,2006-03-06,1439058.0,-0.2,0.9884,"(-0.2,0.9884)",0.7213698,0.113838,0.0129591,0.7821,0.9138,0.744,0.5626,0.6943
MOD13Q1_061__250m_16_days_NDVI_doy2006081000000_aid0012,_250m_16_days_NDVI,aid0012,2006-03-22,1439566.0,-0.2,0.998,"(-0.2,0.998)",0.6791513,0.1228892,0.0151018,0.7573,0.9324,0.7116,0.4611,0.6388
MOD13Q1_061__250m_16_days_NDVI_doy2006097000000_aid0012,_250m_16_days_NDVI,aid0012,2006-04-07,1439859.0,-0.2,0.9657,"(-0.2,0.9657)",0.6435019,0.1287775,0.0165836,0.7306,0.9243,0.6797,0.3746,0.5882
MOD13Q1_061__250m_16_days_NDVI_doy2006113000000_aid0012,_250m_16_days_NDVI,aid0012,2006-04-23,1439516.0,-0.1995,0.9604,"(-0.1995,0.9604)",0.6123851,0.1285425,0.0165232,0.6991,0.9051,0.6462,0.3554,0.5616
MOD13Q1_061__250m_16_days_NDVI_doy2006129000000_aid0012,_250m_16_days_NDVI,aid0012,2006-05-09,1439175.0,-0.2,0.962,"(-0.2,0.962)",0.5738969,0.1180303,0.0139311,0.6485,0.827,0.5979,0.351,0.5295
MOD13Q1_061__250m_16_days_NDVI_doy2006145000000_aid0012,_250m_16_days_NDVI,aid0012,2006-05-25,1439945.0,-0.2,0.9028,"(-0.2,0.9028)",0.5142409,0.1067696,0.0113997,0.578,0.7371,0.528,0.3128,0.4719
MOD13Q1_061__250m_16_days_NDVI_doy2006161000000_aid0012,_250m_16_days_NDVI,aid0012,2006-06-10,1440768.0,-0.1996,0.9348,"(-0.1996,0.9348)",0.4878483,0.1018832,0.0103802,0.5447,0.6969,0.4948,0.291,0.4432
MOD13Q1_061__250m_16_days_NDVI_doy2006177000000_aid0012,_250m_16_days_NDVI,aid0012,2006-06-26,1439687.0,-0.2,0.9263,"(-0.2,0.9263)",0.5209576,0.1113332,0.0123951,0.5854,0.7642,0.5265,0.2874,0.4662
MOD13Q1_061__250m_16_days_NDVI_doy2006193000000_aid0012,_250m_16_days_NDVI,aid0012,2006-07-12,1439651.0,-0.2,0.974,"(-0.2,0.974)",0.537403,0.112,0.012544,0.6,0.7713,0.5426,0.3145,0.4858
MOD13Q1_061__250m_16_days_NDVI_doy2006209000000_aid0012,_250m_16_days_NDVI,aid0012,2006-07-28,1439685.0,-0.2,0.9943,"(-0.2,0.9943)",0.5480279,0.114949,0.0132133,0.6155,0.7949,0.5573,0.3165,0.4959
MOD13Q1_061__250m_16_days_NDVI_doy2006225000000_aid0012,_250m_16_days_NDVI,aid0012,2006-08-13,1439740.0,-0.2,0.9454,"(-0.2,0.9454)",0.5510315,0.1126819,0.0126972,0.6175,0.7928,0.5613,0.3253,0.5006
MOD13Q1_061__250m_16_days_NDVI_doy2006241000000_aid0012,_250m_16_days_NDVI,aid0012,2006-08-29,1439464.0,-0.2,0.941,"(-0.2,0.941)",0.5724964,0.1151953,0.01327,0.6382,0.8143,0.5808,0.3447,0.5208
MOD13Q1_061__250m_16_days_NDVI_doy2006257000000_aid0012,_250m_16_days_NDVI,aid0012,2006-09-14,1439418.0,-0.2,0.9483,"(-0.2,0.9483)",0.582108,0.1189441,0.0141477,0.6487,0.8299,0.5898,0.3467,0.5279
MOD13Q1_061__250m_16_days_NDVI_doy2006273000000_aid0012,_250m_16_days_NDVI,aid0012,2006-09-30,1440252.0,-0.2,0.9967,"(-0.2,0.9967)",0.6430001,0.1258096,0.0158281,0.7189,0.9158,0.6581,0.3907,0.5876
MOD13Q1_061__250m_16_days_NDVI_doy2006289000000_aid0012,_250m_16_days_NDVI,aid0012,2006-10-16,1440968.0,-0.1998,0.9938,"(-0.1998,0.9938)",0.6854286,0.1266291,0.0160349,0.7618,0.9418,0.7114,0.4618,0.6418
MOD13Q1_061__250m_16_days_NDVI_doy2006305000000_aid0012,_250m_16_days_NDVI,aid0012,2006-11-01,1440190.0,-0.2,0.9995,"(-0.2,0.9995)",0.6892982,0.1316174,0.0173231,0.7689,0.948,0.7205,0.4704,0.6495
MOD13Q1_061__250m_16_days_NDVI_doy2006321000000_aid0012,_250m_16_days_NDVI,aid0012,2006-11-17,1440512.0,-0.1997,0.9957,"(-0.1997,0.9957)",0.6546978,0.1242893,0.0154478,0.7337,0.9185,0.686,0.4252,0.6103
MOD13Q1_061__250m_16_days_NDVI_doy2006337000000_aid0012,_250m_16_days_NDVI,aid0012,2006-12-03,1439890.0,-0.1997,0.9427,"(-0.1997,0.9427)",0.6067093,0.1122525,0.0126006,0.6824,0.8745,0.6323,0.3622,0.5543
MOD13Q1_061__250m_16_days_NDVI_doy2006353000000_aid0012,_250m_16_days_NDVI,aid0012,2006-12-19,1440809.0,-0.2,0.9981,"(-0.2,0.9981)",0.6656566,0.1293653,0.0167354,0.7447,0.918,0.7002,0.4557,0.6291
MOD13Q1_061__250m_16_days_NDVI_doy2007001000000_aid0012,_250m_16_days_NDVI,aid0012,2007-01-01,1440332.0,-0.2,0.999,"(-0.2,0.999)",0.6676374,0.1265536,0.0160158,0.7443,0.9175,0.6981,0.4556,0.6288
MOD13Q1_061__250m_16_days_NDVI_doy2007017000000_aid0012,_250m_16_days_NDVI,aid0012,2007-01-17,1439218.0,-0.2,0.9677,"(-0.2,0.9677)",0.6345385,0.1245404,0.0155103,0.7136,0.9173,0.6561,0.3741,0.5778
MOD13Q1_061__250m_16_days_NDVI_doy2007033000000_aid0012,_250m_16_days_NDVI,aid0012,2007-02-02,1440140.0,-0.2,0.9805,"(-0.2,0.9805)",0.6141462,0.1260863,0.0158978,0.6979,0.925,0.6315,0.3194,0.5465
MOD13Q1_061__250m_16_days_NDVI_doy2007049000000_aid0012,_250m_16_days_NDVI,aid0012,2007-02-18,1439404.0,-0.2,0.9663,"(-0.2,0.9663)",0.6849555,0.1073053,0.0115144,0.7458,0.901,0.6995,0.4871,0.6423
MOD13Q1_061__250m_16_days_NDVI_doy2007065000000_aid0012,_250m_16_days_NDVI,aid0012,2007-03-06,1439106.0,-0.2,0.9947,"(-0.2,0.9947)",0.7165476,0.1037058,0.0107549,0.772,0.8986,0.7338,0.561,0.6876
MOD13Q1_061__250m_16_days_NDVI_doy2007081000000_aid0012,_250m_16_days_NDVI,aid0012,2007-03-22,1438996.0,-0.2,0.9379,"(-0.2,0.9379)",0.7328193,0.0998171,0.0099635,0.7882,0.9107,0.7521,0.584,0.7065
MOD13Q1_061__250m_16_days_NDVI_doy2007097000000_aid0012,_250m_16_days_NDVI,aid0012,2007-04-07,1439691.0,-0.2,0.9906,"(-0.2,0.9906)",0.7169208,0.1133278,0.0128432,0.7829,0.9258,0.7437,0.5444,0.6875
MOD13Q1_061__250m_16_days_NDVI_doy2007113000000_aid0012,_250m_16_days_NDVI,aid0012,2007-04-23,1439723.0,-0.2,0.9959,"(-0.2,0.9959)",0.6790346,0.1240966,0.0154,0.7538,0.9174,0.7097,0.4791,0.6439
MOD13Q1_061__250m_16_days_NDVI_doy2007129000000_aid0012,_250m_16_days_NDVI,aid0012,2007-05-09,1438908.0,-0.2,0.9787,"(-0.2,0.9787)",0.6340216,0.1212155,0.0146932,0.7074,0.8749,0.6592,0.4282,0.5957
MOD13Q1_061__250m_16_days_NDVI_doy2007145000000_aid0012,_250m_16_days_NDVI,aid0012,2007-05-25,1438641.0,-0.2,0.9573,"(-0.2,0.9573)",0.5715111,0.1131135,0.0127947,0.6393,0.8083,0.5868,0.3576,0.5266
MOD13Q1_061__250m_16_days_NDVI_doy2007161000000_aid0012,_250m_16_days_NDVI,aid0012,2007-06-10,1439023.0,-0.2,0.9798,"(-0.2,0.9798)",0.5407358,0.1082091,0.0117092,0.6035,0.7641,0.5527,0.3358,0.4964
MOD13Q1_061__250m_16_days_NDVI_doy2007177000000_aid0012,_250m_16_days_NDVI,aid0012,2007-06-26,1438104.0,-0.2,0.9129,"(-0.2,0.9129)",0.4871693,0.0988094,0.0097633,0.5433,0.6951,0.4929,0.2903,0.4421
MOD13Q1_061__250m_16_days_NDVI_doy2007193000000_aid0012,_250m_16_days_NDVI,aid0012,2007-07-12,1438373.0,-0.2,0.937,"(-0.2,0.937)",0.4656783,0.095691,0.0091568,0.5192,0.6687,0.4685,0.27,0.4195
MOD13Q1_061__250m_16_days_NDVI_doy2007209000000_aid0012,_250m_16_days_NDVI,aid0012,2007-07-28,1437319.0,-0.2,0.9155,"(-0.2,0.9155)",0.4601453,0.0920569,0.0084745,0.511,0.6527,0.4643,0.2748,0.4165
MOD13Q1_061__250m_16_days_NDVI_doy2007225000000_aid0012,_250m_16_days_NDVI,aid0012,2007-08-13,1438404.0,-0.2,0.9045,"(-0.2,0.9045)",0.4739534,0.0977468,0.0095544,0.5317,0.6926,0.4791,0.2635,0.4244
MOD13Q1_061__250m_16_days_NDVI_doy2007241000000_aid0012,_250m_16_days_NDVI,aid0012,2007-08-29,1440376.0,-0.2,0.9833,"(-0.2,0.9833)",0.4773778,0.0991863,0.0098379,0.5369,0.7035,0.482,0.2592,0.4258
MOD13Q1_061__250m_16_days_NDVI_doy2007257000000_aid0012,_250m_16_days_NDVI,aid0012,2007-09-14,1439869.0,-0.2,0.9417,"(-0.2,0.9417)",0.6007727,0.132255,0.0174914,0.6855,0.8961,0.6256,0.3345,0.5451
MOD13Q1_061__250m_16_days_NDVI_doy2007273000000_aid0012,_250m_16_days_NDVI,aid0012,2007-09-30,1439984.0,-0.2,0.9945,"(-0.2,0.9945)",0.661059,0.1360001,0.018496,0.7477,0.9506,0.6927,0.4095,0.6124
MOD13Q1_061__250m_16_days_NDVI_doy2007289000000_aid0012,_250m_16_days_NDVI,aid0012,2007-10-16,1440888.0,-0.2,0.9821,"(-0.2,0.9821)",0.715457,0.1335761,0.0178426,0.7972,0.956,0.7484,0.499,0.6779
MOD13Q1_061__250m_16_days_NDVI_doy2007305000000_aid0012,_250m_16_days_NDVI,aid0012,2007-11-01,1439880.0,-0.2,0.9823,"(-0.2,0.9823)",0.6820326,0.1324614,0.017546,0.764725,0.9302,0.7145,0.4552,0.6409
MOD13Q1_061__250m_16_days_NDVI_doy2007321000000_aid0012,_250m_16_days_NDVI,aid0012,2007-11-17,1440187.0,-0.2,0.994,"(-0.2,0.994)",0.6744098,0.1287011,0.016564,0.7564,0.9437,0.7033,0.4379,0.629
MOD13Q1_061__250m_16_days_NDVI_doy2007337000000_aid0012,_250m_16_days_NDVI,aid0012,2007-12-03,1440049.0,-0.2,0.9884,"(-0.2,0.9884)",0.5923309,0.1076648,0.0115917,0.663,0.843,0.6099,0.363,0.543
MOD13Q1_061__250m_16_days_NDVI_doy2007353000000_aid0012,_250m_16_days_NDVI,aid0012,2007-12-19,1440152.0,-0.2,0.9839,"(-0.2,0.9839)",0.5362806,0.1086433,0.0118034,0.6066,0.8025,0.5453,0.2801,0.476
MOD13Q1_061__250m_16_days_NDVI_doy2000049000000_aid0013,_250m_16_days_NDVI,aid0013,2000-02-18,1913368.0,-0.2,0.9488,"(-0.2,0.9488)",0.6669544,0.1203811,0.0144916,0.7449,0.9325,0.6916,0.4319,0.6197
MOD13Q1_061__250m_16_days_NDVI_doy2000065000000_aid0013,_250m_16_days_NDVI,aid0013,2000-03-05,1912515.0,-0.2,0.9563,"(-0.2,0.9563)",0.6869891,0.1124481,0.0126446,0.7612,0.9385,0.7077,0.4592,0.6404
MOD13Q1_061__250m_16_days_NDVI_doy2000081000000_aid0013,_250m_16_days_NDVI,aid0013,2000-03-21,1912433.0,-0.1991,0.9904,"(-0.1991,0.9904)",0.6563158,0.1158623,0.0134241,0.7321,0.9145,0.679,0.4281,0.6105
MOD13Q1_061__250m_16_days_NDVI_doy2000097000000_aid0013,_250m_16_days_NDVI,aid0013,2000-04-06,1912260.0,-0.2,0.9919,"(-0.2,0.9919)",0.6199513,0.1267897,0.0160756,0.7092,0.9382,0.6458,0.3262,0.556
MOD13Q1_061__250m_16_days_NDVI_doy2000113000000_aid0013,_250m_16_days_NDVI,aid0013,2000-04-22,1913371.0,-0.2,0.9313,"(-0.2,0.9313)",0.5915349,0.1377341,0.0189707,0.6929,0.9313,0.6235,0.2384,0.5111
MOD13Q1_061__250m_16_days_NDVI_doy2000129000000_aid0013,_250m_16_days_NDVI,aid0013,2000-05-08,1912516.0,-0.2,0.9829,"(-0.2,0.9829)",0.5736803,0.1376404,0.0189449,0.6761,0.9534,0.6004,0.2079,0.4888
MOD13Q1_061__250m_16_days_NDVI_doy2000145000000_aid0013,_250m_16_days_NDVI,aid0013,2000-05-24,1912841.0,-0.2,0.995,"(-0.2,0.995)",0.5660919,0.1321001,0.0174504,0.6613,0.9209,0.5873,0.2261,0.4872
MOD13Q1_061__250m_16_days_NDVI_doy2000161000000_aid0013,_250m_16_days_NDVI,aid0013,2000-06-09,1913925.0,-0.2,0.9982,"(-0.2,0.9982)",0.5515875,0.1311508,0.0172005,0.6464,0.9101,0.5721,0.2067,0.4705
MOD13Q1_061__250m_16_days_NDVI_doy2000177000000_aid0013,_250m_16_days_NDVI,aid0013,2000-06-25,1913056.0,-0.2,0.9205,"(-0.2,0.9205)",0.5477076,0.1276675,0.016299,0.6369,0.8817,0.5666,0.2289,0.4737
MOD13Q1_061__250m_16_days_NDVI_doy2000193000000_aid0013,_250m_16_days_NDVI,aid0013,2000-07-11,1912641.0,-0.2,0.9897,"(-0.2,0.9897)",0.5409948,0.1210937,0.0146637,0.6238,0.8515,0.5574,0.2443,0.472
MOD13Q1_061__250m_16_days_NDVI_doy2000209000000_aid0013,_250m_16_days_NDVI,aid0013,2000-07-27,1911649.0,-0.1996,0.9271,"(-0.1996,0.9271)",0.4889348,0.1143359,0.0130727,0.5683,0.799,0.5008,0.1839,0.4145
MOD13Q1_061__250m_16_days_NDVI_doy2000225000000_aid0013,_250m_16_days_NDVI,aid0013,2000-08-12,1914061.0,-0.2,0.9969,"(-0.2,0.9969)",0.5048352,0.1257008,0.0158007,0.5924,0.8308,0.5222,0.1949,0.4334
MOD13Q1_061__250m_16_days_NDVI_doy2000241000000_aid0013,_250m_16_days_NDVI,aid0013,2000-08-28,1912971.0,-0.2,0.9166,"(-0.2,0.9166)",0.5227813,0.109522,0.0119951,0.5948,0.7973,0.5299,0.2573,0.4598
MOD13Q1_061__250m_16_days_NDVI_doy2000257000000_aid0013,_250m_16_days_NDVI,aid0013,2000-09-13,1912903.0,-0.2,0.9824,"(-0.2,0.9824)",0.5795217,0.1182734,0.0139886,0.6588,0.8778,0.5924,0.2938,0.5128
MOD13Q1_061__250m_16_days_NDVI_doy2000273000000_aid0013,_250m_16_days_NDVI,aid0013,2000-09-29,1913612.0,-0.2,0.9766,"(-0.2,0.9766)",0.6291344,0.1323737,0.0175228,0.7166,0.9494,0.6451,0.3251,0.56
MOD13Q1_061__250m_16_days_NDVI_doy2000289000000_aid0013,_250m_16_days_NDVI,aid0013,2000-10-15,1914045.0,-0.2,0.9977,"(-0.2,0.9977)",0.6905434,0.1262583,0.0159412,0.7719,0.9695,0.714,0.4349,0.6371
MOD13Q1_061__250m_16_days_NDVI_doy2000305000000_aid0013,_250m_16_days_NDVI,aid0013,2000-10-31,1913084.0,-0.2,0.9989,"(-0.2,0.9989)",0.6924032,0.1415595,0.0200391,0.7879,0.9989,0.7233,0.4004,0.6329
MOD13Q1_061__250m_16_days_NDVI_doy2000321000000_aid0013,_250m_16_days_NDVI,aid0013,2000-11-16,1913160.0,-0.2,0.9433,"(-0.2,0.9433)",0.6732865,0.1381649,0.0190895,0.7702,0.9433,0.7034,0.3685,0.6095
MOD13Q1_061__250m_16_days_NDVI_doy2000337000000_aid0013,_250m_16_days_NDVI,aid0013,2000-12-02,1913471.0,-0.2,0.9273,"(-0.2,0.9273)",0.6072389,0.1264376,0.0159865,0.6995,0.9273,0.6277,0.286,0.5341
MOD13Q1_061__250m_16_days_NDVI_doy2000353000000_aid0013,_250m_16_days_NDVI,aid0013,2000-12-18,1913592.0,-0.2,0.9227,"(-0.2,0.9227)",0.5062816,0.1183323,0.0140025,0.5953,0.8517,0.5167,0.1678,0.4243
MOD13Q1_061__250m_16_days_NDVI_doy2001001000000_aid0013,_250m_16_days_NDVI,aid0013,2001-01-01,1913911.0,-0.2,0.9955,"(-0.2,0.9955)",0.5025545,0.1323142,0.017507,0.6028,0.8969,0.5154,0.1073,0.4046
MOD13Q1_061__250m_16_days_NDVI_doy2001017000000_aid0013,_250m_16_days_NDVI,aid0013,2001-01-17,1913926.0,-0.2,0.9774,"(-0.2,0.9774)",0.5883076,0.1306465,0.0170685,0.6811,0.929,0.6082,0.2521,0.5095
MOD13Q1_061__250m_16_days_NDVI_doy2001033000000_aid0013,_250m_16_days_NDVI,aid0013,2001-02-02,1912844.0,-0.2,0.9704,"(-0.2,0.9704)",0.6132342,0.1240099,0.0153785,0.6992,0.9356,0.6279,0.305,0.5415
MOD13Q1_061__250m_16_days_NDVI_doy2001049000000_aid0013,_250m_16_days_NDVI,aid0013,2001-02-18,1912971.0,-0.1998,0.9581,"(-0.1998,0.9581)",0.5515385,0.1229253,0.0151106,0.635,0.8772,0.559,0.2313,0.4735
MOD13Q1_061__250m_16_days_NDVI_doy2001065000000_aid0013,_250m_16_days_NDVI,aid0013,2001-03-06,1912935.0,-0.2,0.9616,"(-0.2,0.9616)",0.6654819,0.120814,0.014596,0.7451,0.9321,0.6929,0.4236,0.6165
MOD13Q1_061__250m_16_days_NDVI_doy2001081000000_aid0013,_250m_16_days_NDVI,aid0013,2001-03-22,1912670.0,-0.2,0.9887,"(-0.2,0.9887)",0.6626738,0.1162594,0.0135162,0.7378,0.9161,0.6882,0.4406,0.6189
MOD13Q1_061__250m_16_days_NDVI_doy2001097000000_aid0013,_250m_16_days_NDVI,aid0013,2001-04-07,1912781.0,-0.2,0.9964,"(-0.2,0.9964)",0.6455876,0.1290271,0.016648,0.7353,0.9468,0.6809,0.3603,0.5853
MOD13Q1_061__250m_16_days_NDVI_doy2001113000000_aid0013,_250m_16_days_NDVI,aid0013,2001-04-23,1913133.0,-0.2,0.9904,"(-0.2,0.9904)",0.6033601,0.1387818,0.0192604,0.7014,0.9511,0.6413,0.2744,0.5306
MOD13Q1_061__250m_16_days_NDVI_doy2001129000000_aid0013,_250m_16_days_NDVI,aid0013,2001-05-09,1911900.0,-0.2,0.9952,"(-0.2,0.9952)",0.5435069,0.1286772,0.0165578,0.6311,0.8753,0.5673,0.2241,0.4683
MOD13Q1_061__250m_16_days_NDVI_doy2001145000000_aid0013,_250m_16_days_NDVI,aid0013,2001-05-25,1912635.0,-0.2,0.993,"(-0.2,0.993)",0.5609933,0.1276054,0.0162831,0.6464,0.8786,0.583,0.2594,0.4916
MOD13Q1_061__250m_16_days_NDVI_doy2001161000000_aid0013,_250m_16_days_NDVI,aid0013,2001-06-10,1908421.0,-0.2,0.9986,"(-0.2,0.9986)",0.3739255,0.1976004,0.0390459,0.5323,0.9986,0.3762,-0.2,0.2166
MOD13Q1_061__250m_16_days_NDVI_doy2001177000000_aid0013,_250m_16_days_NDVI,aid0013,2001-06-26,1914955.0,-0.2,0.9886,"(-0.2,0.9886)",0.5279668,0.1243831,0.0154712,0.6117,0.8405,0.5494,0.2302,0.4591
MOD13Q1_061__250m_16_days_NDVI_doy2001193000000_aid0013,_250m_16_days_NDVI,aid0013,2001-07-12,1911824.0,-0.2,0.9835,"(-0.2,0.9835)",0.5452878,0.1209665,0.0146329,0.6268,0.8471,0.5661,0.2596,0.4799
MOD13Q1_061__250m_16_days_NDVI_doy2001209000000_aid0013,_250m_16_days_NDVI,aid0013,2001-07-28,1912416.0,-0.2,0.9356,"(-0.2,0.9356)",0.5303138,0.122639,0.0150403,0.6154,0.8517,0.5504,0.2214,0.4578
MOD13Q1_061__250m_16_days_NDVI_doy2001225000000_aid0013,_250m_16_days_NDVI,aid0013,2001-08-13,1911837.0,-0.2,0.9341,"(-0.2,0.9341)",0.5832105,0.1234319,0.0152354,0.6675,0.8949,0.6023,0.2885,0.5159
MOD13Q1_061__250m_16_days_NDVI_doy2001241000000_aid0013,_250m_16_days_NDVI,aid0013,2001-08-29,1912143.0,-0.2,0.9961,"(-0.2,0.9961)",0.597389,0.1231429,0.0151642,0.6781,0.887,0.6172,0.3299,0.5388
MOD13Q1_061__250m_16_days_NDVI_doy2001257000000_aid0013,_250m_16_days_NDVI,aid0013,2001-09-14,1913602.0,-0.2,0.9988,"(-0.2,0.9988)",0.5999773,0.1188756,0.0141314,0.6758,0.8726,0.6187,0.3478,0.5446
MOD13Q1_061__250m_16_days_NDVI_doy2001273000000_aid0013,_250m_16_days_NDVI,aid0013,2001-09-30,1913747.0,-0.2,0.9992,"(-0.2,0.9992)",0.6443075,0.1449584,0.0210129,0.7382,0.9789,0.6676,0.337,0.5777
MOD13Q1_061__250m_16_days_NDVI_doy2001289000000_aid0013,_250m_16_days_NDVI,aid0013,2001-10-16,1912304.0,-0.2,0.9979,"(-0.2,0.9979)",0.7151518,0.124238,0.0154351,0.7901,0.9641,0.7369,0.4954,0.6722
MOD13Q1_061__250m_16_days_NDVI_doy2001305000000_aid0013,_250m_16_days_NDVI,aid0013,2001-11-01,1913018.0,-0.2,0.9961,"(-0.2,0.9961)",0.7080207,0.1277635,0.0163235,0.7878,0.9737,0.7337,0.4778,0.6638
MOD13Q1_061__250m_16_days_NDVI_doy2001321000000_aid0013,_250m_16_days_NDVI,aid0013,2001-11-17,1913402.0,-0.2,0.9923,"(-0.2,0.9923)",0.6805136,0.128392,0.0164845,0.7639,0.9566,0.7126,0.4417,0.635
MOD13Q1_061__250m_16_days_NDVI_doy2001337000000_aid0013,_250m_16_days_NDVI,aid0013,2001-12-03,1913670.0,-0.2,0.9905,"(-0.2,0.9905)",0.623102,0.122778,0.0150744,0.7098,0.9238,0.6512,0.3416,0.5625
MOD13Q1_061__250m_16_days_NDVI_doy2001353000000_aid0013,_250m_16_days_NDVI,aid0013,2001-12-19,1913436.0,-0.2,0.9959,"(-0.2,0.9959)",0.5483316,0.1290885,0.0166638,0.6477,0.9128,0.5668,0.179,0.4602
MOD13Q1_061__250m_16_days_NDVI_doy2002001000000_aid0013,_250m_16_days_NDVI,aid0013,2002-01-01,1913551.0,-0.2,0.9936,"(-0.2,0.9936)",0.5856496,0.1458639,0.0212763,0.6968,0.9936,0.613,0.1721,0.4869
MOD13Q1_061__250m_16_days_NDVI_doy2002017000000_aid0013,_250m_16_days_NDVI,aid0013,2002-01-17,1912830.0,-0.2,0.999,"(-0.2,0.999)",0.6164867,0.1281568,0.0164242,0.7054,0.9466,0.6359,0.2979,0.5424
MOD13Q1_061__250m_16_days_NDVI_doy2002033000000_aid0013,_250m_16_days_NDVI,aid0013,2002-02-02,1912924.0,-0.2,0.9816,"(-0.2,0.9816)",0.6161292,0.1287122,0.0165668,0.707,0.955,0.6382,0.291,0.5406
MOD13Q1_061__250m_16_days_NDVI_doy2002049000000_aid0013,_250m_16_days_NDVI,aid0013,2002-02-18,1913104.0,-0.1997,0.993,"(-0.1997,0.993)",0.598219,0.1183577,0.0140085,0.6792,0.9027,0.6162,0.3067,0.5302
MOD13Q1_061__250m_16_days_NDVI_doy2002065000000_aid0013,_250m_16_days_NDVI,aid0013,2002-03-06,1913070.0,-0.2,0.9975,"(-0.2,0.9975)",0.631213,0.1183874,0.0140156,0.7057,0.8965,0.6541,0.3877,0.5785
MOD13Q1_061__250m_16_days_NDVI_doy2002081000000_aid0013,_250m_16_days_NDVI,aid0013,2002-03-22,1911855.0,-0.2,0.9977,"(-0.2,0.9977)",0.6321178,0.1181823,0.0139671,0.7081,0.8944,0.6545,0.3976,0.5839
MOD13Q1_061__250m_16_days_NDVI_doy2002097000000_aid0013,_250m_16_days_NDVI,aid0013,2002-04-07,1913032.0,-0.2,0.9513,"(-0.2,0.9513)",0.6456655,0.118963,0.0141522,0.724,0.9145,0.6695,0.4058,0.5967
MOD13Q1_061__250m_16_days_NDVI_doy2002113000000_aid0013,_250m_16_days_NDVI,aid0013,2002-04-23,1912685.0,-0.2,0.9866,"(-0.2,0.9866)",0.6059845,0.1253656,0.0157165,0.6905,0.9043,0.6322,0.334,0.5479
MOD13Q1_061__250m_16_days_NDVI_doy2002129000000_aid0013,_250m_16_days_NDVI,aid0013,2002-05-09,1911316.0,-0.1992,0.9722,"(-0.1992,0.9722)",0.5914688,0.1254367,0.0157344,0.6765,0.8945,0.618,0.313,0.5311
MOD13Q1_061__250m_16_days_NDVI_doy2002145000000_aid0013,_250m_16_days_NDVI,aid0013,2002-05-25,1912310.0,-0.2,0.9469,"(-0.2,0.9469)",0.5931818,0.12595,0.0158634,0.6783,0.8956,0.6201,0.3161,0.5334
MOD13Q1_061__250m_16_days_NDVI_doy2002161000000_aid0013,_250m_16_days_NDVI,aid0013,2002-06-10,1912204.0,-0.2,0.9354,"(-0.2,0.9354)",0.567115,0.125933,0.0158591,0.6534,0.8812,0.5923,0.2737,0.5015
MOD13Q1_061__250m_16_days_NDVI_doy2002177000000_aid0013,_250m_16_days_NDVI,aid0013,2002-06-26,1912271.0,-0.2,0.9061,"(-0.2,0.9061)",0.5162426,0.1123547,0.0126236,0.5933,0.8018,0.5355,0.2458,0.4543
MOD13Q1_061__250m_16_days_NDVI_doy2002193000000_aid0013,_250m_16_days_NDVI,aid0013,2002-07-12,1912623.0,-0.2,0.8907,"(-0.2,0.8907)",0.4943317,0.1107208,0.0122591,0.5702,0.7818,0.511,0.2175,0.4291
MOD13Q1_061__250m_16_days_NDVI_doy2002209000000_aid0013,_250m_16_days_NDVI,aid0013,2002-07-28,1912255.0,-0.2,0.9091,"(-0.2,0.9091)",0.4983249,0.1127681,0.0127166,0.5764,0.7955,0.5151,0.2112,0.4303
MOD13Q1_061__250m_16_days_NDVI_doy2002225000000_aid0013,_250m_16_days_NDVI,aid0013,2002-08-13,1912277.0,-0.2,0.9873,"(-0.2,0.9873)",0.5158043,0.1226704,0.015048,0.6031,0.8482,0.5327,0.1946,0.4397
MOD13Q1_061__250m_16_days_NDVI_doy2002241000000_aid0013,_250m_16_days_NDVI,aid0013,2002-08-29,1913043.0,-0.2,0.9981,"(-0.2,0.9981)",0.5693431,0.1274649,0.0162473,0.6584,0.8952,0.5936,0.2637,0.5005
MOD13Q1_061__250m_16_days_NDVI_doy2002257000000_aid0013,_250m_16_days_NDVI,aid0013,2002-09-14,1911539.0,-0.2,0.9535,"(-0.2,0.9535)",0.625729,0.1197865,0.0143488,0.7026,0.9004,0.6441,0.3729,0.5707
MOD13Q1_061__250m_16_days_NDVI_doy2002273000000_aid0013,_250m_16_days_NDVI,aid0013,2002-09-30,1913460.0,-0.1991,0.9858,"(-0.1991,0.9858)",0.6649333,0.1222055,0.0149342,0.7441,0.9365,0.6893,0.4229,0.6156
MOD13Q1_061__250m_16_days_NDVI_doy2002289000000_aid0013,_250m_16_days_NDVI,aid0013,2002-10-16,1913023.0,-0.2,0.9401,"(-0.2,0.9401)",0.6922708,0.1331855,0.0177384,0.7769,0.9401,0.7196,0.4442,0.6438
MOD13Q1_061__250m_16_days_NDVI_doy2002305000000_aid0013,_250m_16_days_NDVI,aid0013,2002-11-01,1913669.0,-0.1994,0.9921,"(-0.1994,0.9921)",0.6747342,0.1413822,0.0199889,0.7679,0.9615,0.7096,0.4094,0.6245
MOD13Q1_061__250m_16_days_NDVI_doy2002321000000_aid0013,_250m_16_days_NDVI,aid0013,2002-11-17,1913591.0,-0.199,0.9913,"(-0.199,0.9913)",0.6488711,0.1319656,0.0174149,0.741,0.9609,0.6798,0.368,0.5918
MOD13Q1_061__250m_16_days_NDVI_doy2002337000000_aid0013,_250m_16_days_NDVI,aid0013,2002-12-03,1914105.0,-0.2,0.9976,"(-0.2,0.9976)",0.62858,0.123395,0.0152263,0.7173,0.9429,0.6534,0.3361,0.5648
MOD13Q1_061__250m_16_days_NDVI_doy2002353000000_aid0013,_250m_16_days_NDVI,aid0013,2002-12-19,1913437.0,-0.2,0.9955,"(-0.2,0.9955)",0.5890325,0.1357462,0.018427,0.688,0.9469,0.6202,0.2513,0.5133
MOD13Q1_061__250m_16_days_NDVI_doy2003001000000_aid0013,_250m_16_days_NDVI,aid0013,2003-01-01,1912721.0,-0.2,0.9821,"(-0.2,0.9821)",0.5858953,0.1252647,0.0156912,0.6687,0.891,0.6116,0.2982,0.5205
MOD13Q1_061__250m_16_days_NDVI_doy2003017000000_aid0013,_250m_16_days_NDVI,aid0013,2003-01-17,1913300.0,-0.2,0.988,"(-0.2,0.988)",0.595756,0.1201836,0.0144441,0.6763,0.8963,0.6162,0.3096,0.5296
MOD13Q1_061__250m_16_days_NDVI_doy2003033000000_aid0013,_250m_16_days_NDVI,aid0013,2003-02-02,1912619.0,-0.2,0.9972,"(-0.2,0.9972)",0.5985915,0.1335798,0.0178436,0.6996,0.9808,0.6204,0.2251,0.5098
MOD13Q1_061__250m_16_days_NDVI_doy2003049000000_aid0013,_250m_16_days_NDVI,aid0013,2003-02-18,1912685.0,-0.2,0.9339,"(-0.2,0.9339)",0.6289471,0.1247851,0.0155713,0.7196,0.9339,0.6502,0.3164,0.5583
MOD13Q1_061__250m_16_days_NDVI_doy2003065000000_aid0013,_250m_16_days_NDVI,aid0013,2003-03-06,1911626.0,-0.2,0.996,"(-0.2,0.996)",0.6465497,0.1289302,0.016623,0.7417,0.986,0.6705,0.3242,0.5747
MOD13Q1_061__250m_16_days_NDVI_doy2003081000000_aid0013,_250m_16_days_NDVI,aid0013,2003-03-22,1912111.0,-0.2,0.9808,"(-0.2,0.9808)",0.6177124,0.1329263,0.0176694,0.7214,0.9808,0.6407,0.2624,0.5378
MOD13Q1_061__250m_16_days_NDVI_doy2003097000000_aid0013,_250m_16_days_NDVI,aid0013,2003-04-07,1912861.0,-0.2,0.9986,"(-0.2,0.9986)",0.6006107,0.1235078,0.0152542,0.6894,0.9254,0.6295,0.2942,0.5313
MOD13Q1_061__250m_16_days_NDVI_doy2003113000000_aid0013,_250m_16_days_NDVI,aid0013,2003-04-23,1911580.0,-0.2,0.9858,"(-0.2,0.9858)",0.5812502,0.1297993,0.0168479,0.6711,0.9174,0.6138,0.2606,0.5069
MOD13Q1_061__250m_16_days_NDVI_doy2003129000000_aid0013,_250m_16_days_NDVI,aid0013,2003-05-09,1913121.0,-0.2,0.9879,"(-0.2,0.9879)",0.5411737,0.1270311,0.0161369,0.6274,0.8681,0.5652,0.2262,0.4669
MOD13Q1_061__250m_16_days_NDVI_doy2003145000000_aid0013,_250m_16_days_NDVI,aid0013,2003-05-25,1912090.0,-0.1997,0.9524,"(-0.1997,0.9524)",0.5370223,0.1253224,0.0157057,0.6197,0.8478,0.5543,0.2395,0.4676
MOD13Q1_061__250m_16_days_NDVI_doy2003161000000_aid0013,_250m_16_days_NDVI,aid0013,2003-06-10,1912251.0,-0.2,0.9219,"(-0.2,0.9219)",0.4943523,0.118066,0.0139396,0.57,0.7881,0.5071,0.2065,0.4246
MOD13Q1_061__250m_16_days_NDVI_doy2003177000000_aid0013,_250m_16_days_NDVI,aid0013,2003-06-26,1912595.0,-0.2,0.9949,"(-0.2,0.9949)",0.4973507,0.1207698,0.0145853,0.5751,0.804,0.5075,0.1936,0.4225
MOD13Q1_061__250m_16_days_NDVI_doy2003193000000_aid0013,_250m_16_days_NDVI,aid0013,2003-07-12,1912295.0,-0.2,0.9202,"(-0.2,0.9202)",0.478854,0.1136581,0.0129182,0.5502,0.7624,0.4856,0.1965,0.4087
MOD13Q1_061__250m_16_days_NDVI_doy2003209000000_aid0013,_250m_16_days_NDVI,aid0013,2003-07-28,1912823.0,-0.2,0.9957,"(-0.2,0.9957)",0.494523,0.1113417,0.012397,0.565,0.7714,0.5006,0.221,0.4274
MOD13Q1_061__250m_16_days_NDVI_doy2003225000000_aid0013,_250m_16_days_NDVI,aid0013,2003-08-13,1913185.0,-0.2,0.9977,"(-0.2,0.9977)",0.4951854,0.1098204,0.0120605,0.5651,0.7689,0.5001,0.2254,0.4292
MOD13Q1_061__250m_16_days_NDVI_doy2003241000000_aid0013,_250m_16_days_NDVI,aid0013,2003-08-29,1911530.0,-0.2,0.9237,"(-0.2,0.9237)",0.5215114,0.1120871,0.0125635,0.5933,0.8006,0.5247,0.2478,0.4551
MOD13Q1_061__250m_16_days_NDVI_doy2003257000000_aid0013,_250m_16_days_NDVI,aid0013,2003-09-14,1912500.0,-0.2,0.9487,"(-0.2,0.9487)",0.554106,0.1228562,0.0150937,0.6339,0.8628,0.5582,0.2524,0.4813
MOD13Q1_061__250m_16_days_NDVI_doy2003273000000_aid0013,_250m_16_days_NDVI,aid0013,2003-09-30,1913241.0,-0.2,0.9594,"(-0.2,0.9594)",0.614738,0.1329372,0.0176723,0.701,0.9414,0.6226,0.3,0.5406
MOD13Q1_061__250m_16_days_NDVI_doy2003289000000_aid0013,_250m_16_days_NDVI,aid0013,2003-10-16,1913542.0,-0.1997,0.9993,"(-0.1997,0.9993)",0.6696414,0.1339409,0.0179402,0.7552,0.9745,0.6864,0.3897,0.609
MOD13Q1_061__250m_16_days_NDVI_doy2003305000000_aid0013,_250m_16_days_NDVI,aid0013,2003-11-01,1913086.0,-0.1995,0.9845,"(-0.1995,0.9845)",0.6748113,0.1344028,0.0180641,0.7651,0.9845,0.6996,0.3856,0.6133
MOD13Q1_061__250m_16_days_NDVI_doy2003321000000_aid0013,_250m_16_days_NDVI,aid0013,2003-11-17,1913293.0,-0.2,0.9995,"(-0.2,0.9995)",0.6607646,0.132074,0.0174435,0.7512,0.9685,0.6871,0.381,0.6031
MOD13Q1_061__250m_16_days_NDVI_doy2003337000000_aid0013,_250m_16_days_NDVI,aid0013,2003-12-03,1913601.0,-0.1997,0.989,"(-0.1997,0.989)",0.6278507,0.1332852,0.017765,0.7289,0.989,0.6571,0.2924,0.5543
MOD13Q1_061__250m_16_days_NDVI_doy2003353000000_aid0013,_250m_16_days_NDVI,aid0013,2003-12-19,1914037.0,-0.1992,0.993,"(-0.1992,0.993)",0.6015957,0.165183,0.0272854,0.7343,0.993,0.6438,0.1499,0.5005
MOD13Q1_061__250m_16_days_NDVI_doy2004001000000_aid0013,_250m_16_days_NDVI,aid0013,2004-01-01,1912784.0,-0.2,0.9708,"(-0.2,0.9708)",0.6116026,0.148524,0.0220594,0.7227,0.9708,0.6481,0.2357,0.5279
MOD13Q1_061__250m_16_days_NDVI_doy2004017000000_aid0013,_250m_16_days_NDVI,aid0013,2004-01-17,1912289.0,-0.1996,0.9882,"(-0.1996,0.9882)",0.5933432,0.1325173,0.0175608,0.6826,0.9203,0.6176,0.2864,0.5241
MOD13Q1_061__250m_16_days_NDVI_doy2004033000000_aid0013,_250m_16_days_NDVI,aid0013,2004-02-02,1913931.0,-0.2,0.997,"(-0.2,0.997)",0.6573904,0.1289532,0.0166289,0.7398,0.9553,0.6782,0.3803,0.596
MOD13Q1_061__250m_16_days_NDVI_doy2004049000000_aid0013,_250m_16_days_NDVI,aid0013,2004-02-18,1911948.0,-0.2,0.9969,"(-0.2,0.9969)",0.6464485,0.1216156,0.0147904,0.7205,0.9291,0.6607,0.3728,0.5814
MOD13Q1_061__250m_16_days_NDVI_doy2004065000000_aid0013,_250m_16_days_NDVI,aid0013,2004-03-05,1911841.0,-0.2,0.9831,"(-0.2,0.9831)",0.6206776,0.1304181,0.0170089,0.7134,0.9695,0.6389,0.2767,0.5387
MOD13Q1_061__250m_16_days_NDVI_doy2004081000000_aid0013,_250m_16_days_NDVI,aid0013,2004-03-21,1912270.0,-0.2,0.9694,"(-0.2,0.9694)",0.5721364,0.1197481,0.0143396,0.6596,0.9045,0.5854,0.2514,0.4963
MOD13Q1_061__250m_16_days_NDVI_doy2004097000000_aid0013,_250m_16_days_NDVI,aid0013,2004-04-06,1912773.0,-0.1995,0.9915,"(-0.1995,0.9915)",0.5777201,0.1170325,0.0136966,0.6566,0.8651,0.6002,0.3091,0.5176
MOD13Q1_061__250m_16_days_NDVI_doy2004113000000_aid0013,_250m_16_days_NDVI,aid0013,2004-04-22,1913086.0,-0.2,0.9621,"(-0.2,0.9621)",0.5608222,0.1238343,0.0153349,0.6426,0.8619,0.5885,0.2771,0.4964
MOD13Q1_061__250m_16_days_NDVI_doy2004129000000_aid0013,_250m_16_days_NDVI,aid0013,2004-05-08,1913310.0,-0.2,0.9851,"(-0.2,0.9851)",0.5289813,0.1216722,0.0148041,0.6093,0.8311,0.5508,0.2396,0.4614
MOD13Q1_061__250m_16_days_NDVI_doy2004145000000_aid0013,_250m_16_days_NDVI,aid0013,2004-05-24,1912631.0,-0.2,0.9728,"(-0.2,0.9728)",0.4911728,0.1139824,0.012992,0.5611,0.7606,0.5036,0.2286,0.4281
MOD13Q1_061__250m_16_days_NDVI_doy2004161000000_aid0013,_250m_16_days_NDVI,aid0013,2004-06-09,1912360.0,-0.2,0.9206,"(-0.2,0.9206)",0.4799441,0.1051344,0.0110532,0.5419,0.7223,0.4876,0.2412,0.4216
MOD13Q1_061__250m_16_days_NDVI_doy2004177000000_aid0013,_250m_16_days_NDVI,aid0013,2004-06-25,1913216.0,-0.2,0.9236,"(-0.2,0.9236)",0.4772188,0.1098561,0.0120684,0.5419,0.7313,0.4838,0.2262,0.4156
MOD13Q1_061__250m_16_days_NDVI_doy2004193000000_aid0013,_250m_16_days_NDVI,aid0013,2004-07-11,1912825.0,-0.2,0.9923,"(-0.2,0.9923)",0.4652453,0.1063023,0.0113002,0.5279,0.7122,0.4708,0.2207,0.405
MOD13Q1_061__250m_16_days_NDVI_doy2004209000000_aid0013,_250m_16_days_NDVI,aid0013,2004-07-27,1913782.0,-0.2,0.9518,"(-0.2,0.9518)",0.5109751,0.1155948,0.0133622,0.5834,0.7916,0.5177,0.2364,0.4446
MOD13Q1_061__250m_16_days_NDVI_doy2004225000000_aid0013,_250m_16_days_NDVI,aid0013,2004-08-12,1913065.0,-0.2,0.9514,"(-0.2,0.9514)",0.5431865,0.118754,0.0141025,0.6206,0.8387,0.5518,0.2571,0.4752
MOD13Q1_061__250m_16_days_NDVI_doy2004241000000_aid0013,_250m_16_days_NDVI,aid0013,2004-08-28,1913025.0,-0.2,0.9373,"(-0.2,0.9373)",0.581816,0.1216615,0.0148015,0.661,0.8756,0.5942,0.3033,0.5179
MOD13Q1_061__250m_16_days_NDVI_doy2004257000000_aid0013,_250m_16_days_NDVI,aid0013,2004-09-13,1913641.0,-0.2,0.9728,"(-0.2,0.9728)",0.5920814,0.1242239,0.0154316,0.6713,0.887,0.6027,0.3118,0.5275
MOD13Q1_061__250m_16_days_NDVI_doy2004273000000_aid0013,_250m_16_days_NDVI,aid0013,2004-09-29,1912898.0,-0.2,0.9995,"(-0.2,0.9995)",0.6236274,0.137205,0.0188252,0.7097,0.9333,0.6405,0.3367,0.5605
MOD13Q1_061__250m_16_days_NDVI_doy2004289000000_aid0013,_250m_16_days_NDVI,aid0013,2004-10-15,1913280.0,-0.2,0.9508,"(-0.2,0.9508)",0.6384409,0.1367027,0.0186876,0.726,0.9508,0.6554,0.3503,0.5757
MOD13Q1_061__250m_16_days_NDVI_doy2004305000000_aid0013,_250m_16_days_NDVI,aid0013,2004-10-31,1912938.0,-0.2,0.9963,"(-0.2,0.9963)",0.63144,0.1355508,0.018374,0.716,0.9266,0.6516,0.3648,0.5755
MOD13Q1_061__250m_16_days_NDVI_doy2004321000000_aid0013,_250m_16_days_NDVI,aid0013,2004-11-16,1913364.0,-0.1995,0.9961,"(-0.1995,0.9961)",0.6501564,0.1318702,0.0173898,0.7401,0.9742,0.6737,0.3479,0.5832
MOD13Q1_061__250m_16_days_NDVI_doy2004337000000_aid0013,_250m_16_days_NDVI,aid0013,2004-12-02,1914171.0,-0.2,0.9788,"(-0.2,0.9788)",0.6323,0.1292991,0.0167183,0.7249,0.964,0.6579,0.3259,0.5653
MOD13Q1_061__250m_16_days_NDVI_doy2004353000000_aid0013,_250m_16_days_NDVI,aid0013,2004-12-18,1914240.0,-0.2,0.9963,"(-0.2,0.9963)",0.5897902,0.1331134,0.0177192,0.6817,0.9242,0.6118,0.276,0.5194
MOD13Q1_061__250m_16_days_NDVI_doy2005001000000_aid0013,_250m_16_days_NDVI,aid0013,2005-01-01,1913030.0,-0.2,0.9947,"(-0.2,0.9947)",0.5850881,0.1343219,0.0180424,0.6785,0.9349,0.5963,0.236,0.5015
MOD13Q1_061__250m_16_days_NDVI_doy2005017000000_aid0013,_250m_16_days_NDVI,aid0013,2005-01-17,1913346.0,-0.2,0.9769,"(-0.2,0.9769)",0.5569264,0.1322336,0.0174857,0.6479,0.9209,0.5596,0.1929,0.4659
MOD13Q1_061__250m_16_days_NDVI_doy2005033000000_aid0013,_250m_16_days_NDVI,aid0013,2005-02-02,1912663.0,-0.1998,0.9925,"(-0.1998,0.9925)",0.603589,0.1306501,0.0170694,0.6917,0.9392,0.61,0.2792,0.5267
MOD13Q1_061__250m_16_days_NDVI_doy2005049000000_aid0013,_250m_16_days_NDVI,aid0013,2005-02-18,1912675.0,-0.2,0.9954,"(-0.2,0.9954)",0.7024666,0.1145012,0.0131105,0.7741,0.9595,0.7171,0.4609,0.6488
MOD13Q1_061__250m_16_days_NDVI_doy2005065000000_aid0013,_250m_16_days_NDVI,aid0013,2005-03-06,1912658.0,-0.1995,0.9755,"(-0.1995,0.9755)",0.6907729,0.1224976,0.0150057,0.7698,0.9415,0.7155,0.4428,0.639
MOD13Q1_061__250m_16_days_NDVI_doy2005081000000_aid0013,_250m_16_days_NDVI,aid0013,2005-03-22,1912346.0,-0.2,0.9992,"(-0.2,0.9992)",0.6570779,0.1214839,0.0147583,0.739,0.9291,0.6832,0.395,0.6014
MOD13Q1_061__250m_16_days_NDVI_doy2005097000000_aid0013,_250m_16_days_NDVI,aid0013,2005-04-07,1912482.0,-0.2,0.9369,"(-0.2,0.9369)",0.5996049,0.1270906,0.016152,0.6914,0.9369,0.6294,0.2794,0.5266
MOD13Q1_061__250m_16_days_NDVI_doy2005113000000_aid0013,_250m_16_days_NDVI,aid0013,2005-04-23,1912965.0,-0.1997,0.9854,"(-0.1997,0.9854)",0.5017109,0.1093686,0.0119615,0.5752,0.7823,0.5183,0.23,0.4371
MOD13Q1_061__250m_16_days_NDVI_doy2005129000000_aid0013,_250m_16_days_NDVI,aid0013,2005-05-09,1913238.0,-0.2,0.8875,"(-0.2,0.8875)",0.4448234,0.0975448,0.009515,0.5066,0.6905,0.451,0.2001,0.384
MOD13Q1_061__250m_16_days_NDVI_doy2005145000000_aid0013,_250m_16_days_NDVI,aid0013,2005-05-25,1912578.0,-0.1994,0.9883,"(-0.1994,0.9883)",0.4435113,0.0972733,0.0094621,0.5036,0.689,0.4492,0.1946,0.38
MOD13Q1_061__250m_16_days_NDVI_doy2005161000000_aid0013,_250m_16_days_NDVI,aid0013,2005-06-10,1913062.0,-0.2,0.9827,"(-0.2,0.9827)",0.4265642,0.1104179,0.0121921,0.5004,0.7306,0.4365,0.1167,0.3469
MOD13Q1_061__250m_16_days_NDVI_doy2005177000000_aid0013,_250m_16_days_NDVI,aid0013,2005-06-26,1913010.0,-0.2,0.9689,"(-0.2,0.9689)",0.4420018,0.1124205,0.0126384,0.5151,0.744,0.4481,0.1336,0.3625
MOD13Q1_061__250m_16_days_NDVI_doy2005193000000_aid0013,_250m_16_days_NDVI,aid0013,2005-07-12,1913604.0,-0.2,0.9982,"(-0.2,0.9982)",0.4526088,0.1093287,0.0119528,0.5254,0.7484,0.4594,0.1537,0.3767
MOD13Q1_061__250m_16_days_NDVI_doy2005209000000_aid0013,_250m_16_days_NDVI,aid0013,2005-07-28,1913496.0,-0.1998,0.9368,"(-0.1998,0.9368)",0.4706652,0.1108525,0.0122883,0.543,0.7609,0.4767,0.1798,0.3977
MOD13Q1_061__250m_16_days_NDVI_doy2005225000000_aid0013,_250m_16_days_NDVI,aid0013,2005-08-13,1913268.0,-0.2,0.994,"(-0.2,0.994)",0.4906003,0.1158211,0.0134145,0.5675,0.7964,0.495,0.186,0.4149
MOD13Q1_061__250m_16_days_NDVI_doy2005241000000_aid0013,_250m_16_days_NDVI,aid0013,2005-08-29,1913524.0,-0.1994,0.9993,"(-0.1994,0.9993)",0.5360451,0.1204615,0.014511,0.6169,0.8473,0.5449,0.2329,0.4633
MOD13Q1_061__250m_16_days_NDVI_doy2005257000000_aid0013,_250m_16_days_NDVI,aid0013,2005-09-14,1913098.0,-0.2,0.9793,"(-0.2,0.9793)",0.5883704,0.1352206,0.0182846,0.6854,0.9498,0.6003,0.2287,0.5027
MOD13Q1_061__250m_16_days_NDVI_doy2005273000000_aid0013,_250m_16_days_NDVI,aid0013,2005-09-30,1912870.0,-0.1998,0.9797,"(-0.1998,0.9797)",0.6184594,0.1409603,0.0198698,0.7159,0.9797,0.637,0.2712,0.538
MOD13Q1_061__250m_16_days_NDVI_doy2005289000000_aid0013,_250m_16_days_NDVI,aid0013,2005-10-16,1913162.0,-0.2,0.9974,"(-0.2,0.9974)",0.6410601,0.1433493,0.020549,0.7395,0.9974,0.6647,0.3023,0.5646
MOD13Q1_061__250m_16_days_NDVI_doy2005305000000_aid0013,_250m_16_days_NDVI,aid0013,2005-11-01,1913509.0,-0.2,0.9775,"(-0.2,0.9775)",0.6142027,0.1450318,0.0210342,0.7154,0.9775,0.6358,0.2592,0.5329
MOD13Q1_061__250m_16_days_NDVI_doy2005321000000_aid0013,_250m_16_days_NDVI,aid0013,2005-11-17,1913386.0,-0.2,0.9825,"(-0.2,0.9825)",0.6196567,0.1318668,0.0173888,0.7125,0.9502,0.6416,0.2975,0.5465
MOD13Q1_061__250m_16_days_NDVI_doy2005337000000_aid0013,_250m_16_days_NDVI,aid0013,2005-12-03,1912994.0,-0.1998,0.9786,"(-0.1998,0.9786)",0.5633398,0.1242303,0.0154332,0.6582,0.9183,0.5807,0.218,0.4821
MOD13Q1_061__250m_16_days_NDVI_doy2005353000000_aid0013,_250m_16_days_NDVI,aid0013,2005-12-19,1913227.0,-0.2,0.9956,"(-0.2,0.9956)",0.5131372,0.1267262,0.0160595,0.602,0.8648,0.5194,0.164,0.4268
MOD13Q1_061__250m_16_days_NDVI_doy2006001000000_aid0013,_250m_16_days_NDVI,aid0013,2006-01-01,1914568.0,-0.2,0.9918,"(-0.2,0.9918)",0.5716936,0.1378713,0.0190085,0.6657,0.9394,0.5852,0.207,0.4822
MOD13Q1_061__250m_16_days_NDVI_doy2006017000000_aid0013,_250m_16_days_NDVI,aid0013,2006-01-17,1913364.0,-0.1996,0.9973,"(-0.1996,0.9973)",0.634668,0.1397405,0.0195274,0.7318,0.9973,0.6606,0.2843,0.5528
MOD13Q1_061__250m_16_days_NDVI_doy2006033000000_aid0013,_250m_16_days_NDVI,aid0013,2006-02-02,1913094.0,-0.2,0.9956,"(-0.2,0.9956)",0.6650721,0.1375776,0.0189276,0.7599,0.9956,0.6897,0.3197,0.5838
MOD13Q1_061__250m_16_days_NDVI_doy2006049000000_aid0013,_250m_16_days_NDVI,aid0013,2006-02-18,1913075.0,-0.2,0.9873,"(-0.2,0.9873)",0.6749657,0.1394922,0.0194581,0.7736,0.9873,0.6946,0.3129,0.5893
MOD13Q1_061__250m_16_days_NDVI_doy2006065000000_aid0013,_250m_16_days_NDVI,aid0013,2006-03-06,1912311.0,-0.2,0.9884,"(-0.2,0.9884)",0.6848973,0.1359438,0.0184807,0.7771,0.9884,0.7138,0.3616,0.6109
MOD13Q1_061__250m_16_days_NDVI_doy2006081000000_aid0013,_250m_16_days_NDVI,aid0013,2006-03-22,1913268.0,-0.2,0.998,"(-0.2,0.998)",0.6105941,0.1368254,0.0187212,0.7173,0.998,0.6349,0.2131,0.5156
MOD13Q1_061__250m_16_days_NDVI_doy2006097000000_aid0013,_250m_16_days_NDVI,aid0013,2006-04-07,1912983.0,-0.2,0.9143,"(-0.2,0.9143)",0.5554653,0.1353119,0.0183093,0.6657,0.9143,0.566,0.135,0.4534
MOD13Q1_061__250m_16_days_NDVI_doy2006113000000_aid0013,_250m_16_days_NDVI,aid0013,2006-04-23,1913219.0,-0.1995,0.9234,"(-0.1995,0.9234)",0.5281187,0.1364803,0.0186269,0.633,0.9234,0.5482,0.12,0.4278
MOD13Q1_061__250m_16_days_NDVI_doy2006129000000_aid0013,_250m_16_days_NDVI,aid0013,2006-05-09,1913223.0,-0.1997,0.962,"(-0.1997,0.962)",0.5052966,0.1266924,0.016051,0.5966,0.8708,0.5297,0.1394,0.4137
MOD13Q1_061__250m_16_days_NDVI_doy2006145000000_aid0013,_250m_16_days_NDVI,aid0013,2006-05-25,1912997.0,-0.2,0.911,"(-0.2,0.911)",0.4651915,0.1164038,0.0135498,0.5445,0.792,0.4837,0.132,0.3795
MOD13Q1_061__250m_16_days_NDVI_doy2006161000000_aid0013,_250m_16_days_NDVI,aid0013,2006-06-10,1913908.0,-0.2,0.9348,"(-0.2,0.9348)",0.4516511,0.1098037,0.0120569,0.5207,0.7329,0.467,0.167,0.3792
MOD13Q1_061__250m_16_days_NDVI_doy2006177000000_aid0013,_250m_16_days_NDVI,aid0013,2006-06-26,1912594.0,-0.2,0.9357,"(-0.2,0.9357)",0.472365,0.1161198,0.0134838,0.546,0.7704,0.4813,0.172,0.3964
MOD13Q1_061__250m_16_days_NDVI_doy2006193000000_aid0013,_250m_16_days_NDVI,aid0013,2006-07-12,1912993.0,-0.2,0.974,"(-0.2,0.974)",0.4884707,0.1185189,0.0140467,0.5629,0.7865,0.4991,0.1902,0.4138
MOD13Q1_061__250m_16_days_NDVI_doy2006209000000_aid0013,_250m_16_days_NDVI,aid0013,2006-07-28,1913093.0,-0.2,0.9943,"(-0.2,0.9943)",0.48876,0.1200793,0.014419,0.5697,0.8103,0.5009,0.1687,0.4093
MOD13Q1_061__250m_16_days_NDVI_doy2006225000000_aid0013,_250m_16_days_NDVI,aid0013,2006-08-13,1912864.0,-0.2,0.9454,"(-0.2,0.9454)",0.496227,0.1209391,0.0146263,0.578,0.8157,0.5061,0.1818,0.4195
MOD13Q1_061__250m_16_days_NDVI_doy2006241000000_aid0013,_250m_16_days_NDVI,aid0013,2006-08-29,1912572.0,-0.2,0.941,"(-0.2,0.941)",0.5288955,0.1271214,0.0161599,0.6118,0.8507,0.539,0.2136,0.4525
MOD13Q1_061__250m_16_days_NDVI_doy2006257000000_aid0013,_250m_16_days_NDVI,aid0013,2006-09-14,1912590.0,-0.1998,0.9483,"(-0.1998,0.9483)",0.5604798,0.1299147,0.0168778,0.6409,0.8725,0.5668,0.2549,0.4865
MOD13Q1_061__250m_16_days_NDVI_doy2006273000000_aid0013,_250m_16_days_NDVI,aid0013,2006-09-30,1912999.0,-0.2,0.9697,"(-0.2,0.9697)",0.6192525,0.1453644,0.0211308,0.7187,0.9697,0.6338,0.2622,0.5361
MOD13Q1_061__250m_16_days_NDVI_doy2006289000000_aid0013,_250m_16_days_NDVI,aid0013,2006-10-16,1913484.0,-0.1987,0.9696,"(-0.1987,0.9696)",0.6646717,0.1454987,0.0211699,0.763,0.9696,0.6889,0.3365,0.5924
MOD13Q1_061__250m_16_days_NDVI_doy2006305000000_aid0013,_250m_16_days_NDVI,aid0013,2006-11-01,1913299.0,-0.2,0.9995,"(-0.2,0.9995)",0.663917,0.153183,0.023465,0.7716,0.9995,0.6989,0.3144,0.5887
MOD13Q1_061__250m_16_days_NDVI_doy2006321000000_aid0013,_250m_16_days_NDVI,aid0013,2006-11-17,1913782.0,-0.1997,0.9957,"(-0.1997,0.9957)",0.5915283,0.1451371,0.0210648,0.7042,0.9957,0.614,0.1845,0.4963
MOD13Q1_061__250m_16_days_NDVI_doy2006337000000_aid0013,_250m_16_days_NDVI,aid0013,2006-12-03,1912934.0,-0.1995,0.9614,"(-0.1995,0.9614)",0.534378,0.1298413,0.0168588,0.6399,0.9315,0.5404,0.1504,0.4441
MOD13Q1_061__250m_16_days_NDVI_doy2006353000000_aid0013,_250m_16_days_NDVI,aid0013,2006-12-19,1914004.0,-0.2,0.9981,"(-0.2,0.9981)",0.573848,0.1529938,0.0234071,0.6969,0.9981,0.5974,0.1367,0.4728
MOD13Q1_061__250m_16_days_NDVI_doy2007001000000_aid0013,_250m_16_days_NDVI,aid0013,2007-01-01,1913264.0,-0.2,0.999,"(-0.2,0.999)",0.5970118,0.1469273,0.0215876,0.7098,0.999,0.6254,0.1776,0.4969
MOD13Q1_061__250m_16_days_NDVI_doy2007017000000_aid0013,_250m_16_days_NDVI,aid0013,2007-01-17,1911967.0,-0.2,0.9452,"(-0.2,0.9452)",0.5684419,0.1415135,0.0200261,0.6753,0.9452,0.5795,0.1461,0.4636
MOD13Q1_061__250m_16_days_NDVI_doy2007033000000_aid0013,_250m_16_days_NDVI,aid0013,2007-02-02,1913064.0,-0.1996,0.9805,"(-0.1996,0.9805)",0.545164,0.1417929,0.0201052,0.6495,0.9402,0.5451,0.1213,0.4382
MOD13Q1_061__250m_16_days_NDVI_doy2007049000000_aid0013,_250m_16_days_NDVI,aid0013,2007-02-18,1912959.0,-0.2,0.9801,"(-0.2,0.9801)",0.6435733,0.1249203,0.0156051,0.729,0.9651,0.6535,0.3325,0.5704
MOD13Q1_061__250m_16_days_NDVI_doy2007065000000_aid0013,_250m_16_days_NDVI,aid0013,2007-03-06,1912683.0,-0.1986,0.9947,"(-0.1986,0.9947)",0.6914393,0.1160346,0.013464,0.7658,0.9435,0.7101,0.4503,0.6396
MOD13Q1_061__250m_16_days_NDVI_doy2007081000000_aid0013,_250m_16_days_NDVI,aid0013,2007-03-22,1912164.0,-0.2,0.987,"(-0.2,0.987)",0.7108297,0.1125682,0.0126716,0.7824,0.948,0.7359,0.5039,0.671
MOD13Q1_061__250m_16_days_NDVI_doy2007097000000_aid0013,_250m_16_days_NDVI,aid0013,2007-04-07,1912918.0,-0.2,0.9536,"(-0.2,0.9536)",0.6872041,0.1266973,0.0160522,0.7739,0.9536,0.7216,0.4222,0.6332
MOD13Q1_061__250m_16_days_NDVI_doy2007113000000_aid0013,_250m_16_days_NDVI,aid0013,2007-04-23,1913190.0,-0.2,0.9959,"(-0.2,0.9959)",0.6318803,0.1424865,0.0203024,0.7354,0.9959,0.6721,0.2739,0.5508
MOD13Q1_061__250m_16_days_NDVI_doy2007129000000_aid0013,_250m_16_days_NDVI,aid0013,2007-05-09,1912997.0,-0.2,0.9787,"(-0.2,0.9787)",0.5996294,0.1363699,0.0185968,0.697,0.9335,0.6357,0.2545,0.52
MOD13Q1_061__250m_16_days_NDVI_doy2007145000000_aid0013,_250m_16_days_NDVI,aid0013,2007-05-25,1912353.0,-0.2,0.9573,"(-0.2,0.9573)",0.5522675,0.1278424,0.0163437,0.641,0.8879,0.5777,0.2293,0.4763
MOD13Q1_061__250m_16_days_NDVI_doy2007161000000_aid0013,_250m_16_days_NDVI,aid0013,2007-06-10,1912767.0,-0.1987,0.9798,"(-0.1987,0.9798)",0.5168933,0.1222232,0.0149385,0.5994,0.8349,0.538,0.2069,0.4424
MOD13Q1_061__250m_16_days_NDVI_doy2007177000000_aid0013,_250m_16_days_NDVI,aid0013,2007-06-26,1912374.0,-0.2,0.9129,"(-0.2,0.9129)",0.4698039,0.1112482,0.0123762,0.542,0.7535,0.4843,0.1895,0.401
MOD13Q1_061__250m_16_days_NDVI_doy2007193000000_aid0013,_250m_16_days_NDVI,aid0013,2007-07-12,1912164.0,-0.2,0.937,"(-0.2,0.937)",0.4334006,0.1036847,0.0107505,0.4993,0.7021,0.4402,0.1613,0.3641
MOD13Q1_061__250m_16_days_NDVI_doy2007209000000_aid0013,_250m_16_days_NDVI,aid0013,2007-07-28,1911683.0,-0.2,0.9155,"(-0.2,0.9155)",0.4294729,0.096673,0.0093457,0.4909,0.6805,0.4339,0.1749,0.3645
MOD13Q1_061__250m_16_days_NDVI_doy2007225000000_aid0013,_250m_16_days_NDVI,aid0013,2007-08-13,1911790.0,-0.1997,0.9045,"(-0.1997,0.9045)",0.4188416,0.1018549,0.0103744,0.486,0.6936,0.418,0.14,0.3476
MOD13Q1_061__250m_16_days_NDVI_doy2007241000000_aid0013,_250m_16_days_NDVI,aid0013,2007-08-29,1913773.0,-0.2,0.9833,"(-0.2,0.9833)",0.4214388,0.1016807,0.010339,0.4889,0.6936,0.4153,0.1477,0.3524
MOD13Q1_061__250m_16_days_NDVI_doy2007257000000_aid0013,_250m_16_days_NDVI,aid0013,2007-09-14,1912568.0,-0.2,0.9417,"(-0.2,0.9417)",0.5497662,0.1361832,0.0185459,0.6462,0.913,0.5638,0.2015,0.4683
MOD13Q1_061__250m_16_days_NDVI_doy2007273000000_aid0013,_250m_16_days_NDVI,aid0013,2007-09-30,1913018.0,-0.2,0.9945,"(-0.2,0.9945)",0.620067,0.1446045,0.0209105,0.7224,0.989,0.6466,0.2732,0.5427
MOD13Q1_061__250m_16_days_NDVI_doy2007289000000_aid0013,_250m_16_days_NDVI,aid0013,2007-10-16,1913530.0,-0.2,0.9821,"(-0.2,0.9821)",0.6880138,0.144013,0.0207398,0.7902,0.9821,0.7206,0.3672,0.621
MOD13Q1_061__250m_16_days_NDVI_doy2007305000000_aid0013,_250m_16_days_NDVI,aid0013,2007-11-01,1912939.0,-0.2,0.9814,"(-0.2,0.9814)",0.6423946,0.1496079,0.0223825,0.7512,0.9814,0.674,0.2832,0.564
MOD13Q1_061__250m_16_days_NDVI_doy2007321000000_aid0013,_250m_16_days_NDVI,aid0013,2007-11-17,1913665.0,-0.2,0.9671,"(-0.2,0.9671)",0.6208262,0.1475406,0.0217682,0.7288,0.9671,0.6427,0.2438,0.5348
MOD13Q1_061__250m_16_days_NDVI_doy2007337000000_aid0013,_250m_16_days_NDVI,aid0013,2007-12-03,1913277.0,-0.2,0.9884,"(-0.2,0.9884)",0.529116,0.1191628,0.0141998,0.6182,0.8673,0.5365,0.195,0.4489
MOD13Q1_061__250m_16_days_NDVI_doy2007353000000_aid0013,_250m_16_days_NDVI,aid0013,2007-12-19,1913669.0,-0.1997,0.9839,"(-0.1997,0.9839)",0.451546,0.1230954,0.0151525,0.5424,0.8235,0.4398,0.0739,0.355
MOD13Q1_061__250m_16_days_NDVI_doy2000049000000_aid0014,_250m_16_days_NDVI,aid0014,2000-02-18,3290770.0,-0.2,0.9799,"(-0.2,0.9799)",0.4305186,0.1458545,0.0212735,0.5363,0.8774,0.4401,-0.0322,0.3089
MOD13Q1_061__250m_16_days_NDVI_doy2000065000000_aid0014,_250m_16_days_NDVI,aid0014,2000-03-05,3291246.0,-0.2,0.9646,"(-0.2,0.9646)",0.4655504,0.1445195,0.0208859,0.5665,0.886,0.4777,0.034,0.3535
MOD13Q1_061__250m_16_days_NDVI_doy2000081000000_aid0014,_250m_16_days_NDVI,aid0014,2000-03-21,3287340.0,-0.2,0.9338,"(-0.2,0.9338)",0.4618426,0.1426404,0.0203463,0.5594,0.8601,0.4708,0.0582,0.3589
MOD13Q1_061__250m_16_days_NDVI_doy2000097000000_aid0014,_250m_16_days_NDVI,aid0014,2000-04-06,3286474.0,-0.2,0.9393,"(-0.2,0.9393)",0.4592601,0.1263266,0.0159584,0.5381,0.783,0.4615,0.1299,0.3748
MOD13Q1_061__250m_16_days_NDVI_doy2000113000000_aid0014,_250m_16_days_NDVI,aid0014,2000-04-22,3287283.0,-0.2,0.9515,"(-0.2,0.9515)",0.446813,0.1238724,0.0153444,0.5211,0.7539,0.4498,0.1331,0.3659
MOD13Q1_061__250m_16_days_NDVI_doy2000129000000_aid0014,_250m_16_days_NDVI,aid0014,2000-05-08,3288593.0,-0.2,0.98,"(-0.2,0.98)",0.4373818,0.121932,0.0148674,0.5088,0.7366,0.438,0.1291,0.3569
MOD13Q1_061__250m_16_days_NDVI_doy2000145000000_aid0014,_250m_16_days_NDVI,aid0014,2000-05-24,3285450.0,-0.2,0.9284,"(-0.2,0.9284)",0.4508252,0.1159682,0.0134486,0.5115,0.6988,0.4469,0.1993,0.3866
MOD13Q1_061__250m_16_days_NDVI_doy2000161000000_aid0014,_250m_16_days_NDVI,aid0014,2000-06-09,3284901.0,-0.2,0.9773,"(-0.2,0.9773)",0.4511287,0.1117406,0.012486,0.5108,0.6878,0.451,0.2158,0.3928
MOD13Q1_061__250m_16_days_NDVI_doy2000177000000_aid0014,_250m_16_days_NDVI,aid0014,2000-06-25,3293482.0,-0.2,0.9857,"(-0.2,0.9857)",0.4446714,0.1098385,0.0120645,0.5065,0.6854,0.4461,0.2083,0.3872
MOD13Q1_061__250m_16_days_NDVI_doy2000193000000_aid0014,_250m_16_days_NDVI,aid0014,2000-07-11,3287441.0,-0.2,0.9688,"(-0.2,0.9688)",0.4269267,0.109006,0.0118823,0.4927,0.6872,0.4271,0.1685,0.363
MOD13Q1_061__250m_16_days_NDVI_doy2000209000000_aid0014,_250m_16_days_NDVI,aid0014,2000-07-27,3286209.0,-0.2,0.9708,"(-0.2,0.9708)",0.3773898,0.0987102,0.0097437,0.4354,0.6074,0.3757,0.1487,0.3207
MOD13Q1_061__250m_16_days_NDVI_doy2000225000000_aid0014,_250m_16_days_NDVI,aid0014,2000-08-12,3294255.0,-0.2,0.9031,"(-0.2,0.9031)",0.4016977,0.1011735,0.0102361,0.458,0.6222,0.4009,0.1843,0.3485
MOD13Q1_061__250m_16_days_NDVI_doy2000241000000_aid0014,_250m_16_days_NDVI,aid0014,2000-08-28,3288649.0,-0.2,0.9028,"(-0.2,0.9028)",0.4120678,0.1075336,0.0115635,0.4728,0.6606,0.4075,0.1598,0.3476
MOD13Q1_061__250m_16_days_NDVI_doy2000257000000_aid0014,_250m_16_days_NDVI,aid0014,2000-09-13,3291163.0,-0.2,0.9459,"(-0.2,0.9459)",0.4261381,0.1194009,0.0142566,0.4933,0.7009,0.4182,0.1473,0.3549
MOD13Q1_061__250m_16_days_NDVI_doy2000273000000_aid0014,_250m_16_days_NDVI,aid0014,2000-09-29,3288980.0,-0.2,0.9688,"(-0.2,0.9688)",0.4652888,0.1348193,0.0181762,0.5439,0.7846,0.4481,0.1427,0.3834
MOD13Q1_061__250m_16_days_NDVI_doy2000289000000_aid0014,_250m_16_days_NDVI,aid0014,2000-10-15,3290267.0,-0.2,0.9464,"(-0.2,0.9464)",0.5021636,0.1499074,0.0224722,0.5974,0.8816,0.4832,0.1237,0.4079
MOD13Q1_061__250m_16_days_NDVI_doy2000305000000_aid0014,_250m_16_days_NDVI,aid0014,2000-10-31,3288893.0,-0.2,0.9988,"(-0.2,0.9988)",0.4907918,0.1456634,0.0212178,0.5799,0.8539,0.4728,0.1232,0.3972
MOD13Q1_061__250m_16_days_NDVI_doy2000321000000_aid0014,_250m_16_days_NDVI,aid0014,2000-11-16,3289592.0,-0.2,0.9217,"(-0.2,0.9217)",0.4363635,0.1367562,0.0187023,0.5132,0.7574,0.4169,0.1062,0.3504
MOD13Q1_061__250m_16_days_NDVI_doy2000337000000_aid0014,_250m_16_days_NDVI,aid0014,2000-12-02,3291102.0,-0.2,0.997,"(-0.2,0.997)",0.3552765,0.1051933,0.0110656,0.4085,0.5801,0.3407,0.1225,0.2941
MOD13Q1_061__250m_16_days_NDVI_doy2000353000000_aid0014,_250m_16_days_NDVI,aid0014,2000-12-18,3295608.0,-0.2,0.9135,"(-0.2,0.9135)",0.3145875,0.0910656,0.0082929,0.3606,0.5098,0.3014,0.1119,0.2611
MOD13Q1_061__250m_16_days_NDVI_doy2001001000000_aid0014,_250m_16_days_NDVI,aid0014,2001-01-01,3298183.0,-0.2,0.9212,"(-0.2,0.9212)",0.3025521,0.090281,0.0081507,0.3426,0.4833,0.2879,0.1081,0.2488
MOD13Q1_061__250m_16_days_NDVI_doy2001017000000_aid0014,_250m_16_days_NDVI,aid0014,2001-01-17,3294022.0,-0.2,0.9045,"(-0.2,0.9045)",0.3246557,0.1231514,0.0151663,0.3823,0.5863,0.2955,0.0423,0.2463
MOD13Q1_061__250m_16_days_NDVI_doy2001033000000_aid0014,_250m_16_days_NDVI,aid0014,2001-02-02,3293381.0,-0.2,0.9193,"(-0.2,0.9193)",0.3281631,0.1403397,0.0196952,0.4017,0.6546,0.2926,-0.0198,0.2331
MOD13Q1_061__250m_16_days_NDVI_doy2001049000000_aid0014,_250m_16_days_NDVI,aid0014,2001-02-18,3296434.0,-0.2,0.9145,"(-0.2,0.9145)",0.3514229,0.1348451,0.0181832,0.4359,0.7063,0.3303,-0.0148,0.2556
MOD13Q1_061__250m_16_days_NDVI_doy2001065000000_aid0014,_250m_16_days_NDVI,aid0014,2001-03-06,3292340.0,-0.2,0.9283,"(-0.2,0.9283)",0.4038713,0.1552152,0.0240918,0.5152,0.8671,0.3968,-0.0713,0.2806
MOD13Q1_061__250m_16_days_NDVI_doy2001081000000_aid0014,_250m_16_days_NDVI,aid0014,2001-03-22,3288117.0,-0.2,0.9853,"(-0.2,0.9853)",0.4270379,0.1555015,0.0241807,0.5408,0.8969,0.4286,-0.0527,0.3034
MOD13Q1_061__250m_16_days_NDVI_doy2001097000000_aid0014,_250m_16_days_NDVI,aid0014,2001-04-07,3288323.0,-0.2,0.9252,"(-0.2,0.9252)",0.4579079,0.1516801,0.0230068,0.567,0.898,0.4711,0.0153,0.3463
MOD13Q1_061__250m_16_days_NDVI_doy2001113000000_aid0014,_250m_16_days_NDVI,aid0014,2001-04-23,3284058.0,-0.2,0.9128,"(-0.2,0.9128)",0.4641061,0.1431783,0.0205,0.5613,0.8526,0.4731,0.0758,0.3671
MOD13Q1_061__250m_16_days_NDVI_doy2001129000000_aid0014,_250m_16_days_NDVI,aid0014,2001-05-09,3286696.0,-0.2,0.9996,"(-0.2,0.9996)",0.4710652,0.1298379,0.0168579,0.5522,0.7919,0.478,0.1527,0.3924
MOD13Q1_061__250m_16_days_NDVI_doy2001145000000_aid0014,_250m_16_days_NDVI,aid0014,2001-05-25,3283291.0,-0.2,0.9447,"(-0.2,0.9447)",0.4978516,0.1315998,0.0173185,0.5763,0.8077,0.5012,0.1906,0.422
MOD13Q1_061__250m_16_days_NDVI_doy2001161000000_aid0014,_250m_16_days_NDVI,aid0014,2001-06-10,3290200.0,-0.1997,0.9976,"(-0.1997,0.9976)",0.1993042,0.1805075,0.032583,0.2991,0.6699,0.1451,-0.1997,0.0519
MOD13Q1_061__250m_16_days_NDVI_doy2001177000000_aid0014,_250m_16_days_NDVI,aid0014,2001-06-26,3296029.0,-0.2,0.9533,"(-0.2,0.9533)",0.4577904,0.1242715,0.0154434,0.5307,0.7399,0.4609,0.182,0.3912
MOD13Q1_061__250m_16_days_NDVI_doy2001193000000_aid0014,_250m_16_days_NDVI,aid0014,2001-07-12,3287010.0,-0.2,0.999,"(-0.2,0.999)",0.4832809,0.1198818,0.0143717,0.5526,0.7497,0.4866,0.2241,0.4212
MOD13Q1_061__250m_16_days_NDVI_doy2001209000000_aid0014,_250m_16_days_NDVI,aid0014,2001-07-28,3286637.0,-0.2,0.9095,"(-0.2,0.9095)",0.4743405,0.1226153,0.0150345,0.545,0.7446,0.4769,0.2123,0.4119
MOD13Q1_061__250m_16_days_NDVI_doy2001225000000_aid0014,_250m_16_days_NDVI,aid0014,2001-08-13,3279632.0,-0.2,0.9179,"(-0.2,0.9179)",0.4840711,0.1242555,0.0154394,0.5589,0.7761,0.481,0.1969,0.4141
MOD13Q1_061__250m_16_days_NDVI_doy2001241000000_aid0014,_250m_16_days_NDVI,aid0014,2001-08-29,3282884.0,-0.2,0.947,"(-0.2,0.947)",0.5120317,0.1279246,0.0163647,0.591,0.8172,0.5058,0.214,0.4402
MOD13Q1_061__250m_16_days_NDVI_doy2001257000000_aid0014,_250m_16_days_NDVI,aid0014,2001-09-14,3294033.0,-0.2,0.9931,"(-0.2,0.9931)",0.4817538,0.1361138,0.018527,0.5672,0.8115,0.4763,0.16,0.4043
MOD13Q1_061__250m_16_days_NDVI_doy2001273000000_aid0014,_250m_16_days_NDVI,aid0014,2001-09-30,3290002.0,-0.2,0.999,"(-0.2,0.999)",0.5429136,0.1534353,0.0235424,0.654,0.9595,0.5324,0.1428,0.4495
MOD13Q1_061__250m_16_days_NDVI_doy2001289000000_aid0014,_250m_16_days_NDVI,aid0014,2001-10-16,3285378.0,-0.2,0.9974,"(-0.2,0.9974)",0.5725088,0.1635127,0.0267364,0.7043,0.9974,0.5668,0.0851,0.4566
MOD13Q1_061__250m_16_days_NDVI_doy2001305000000_aid0014,_250m_16_days_NDVI,aid0014,2001-11-01,3289272.0,-0.2,0.9983,"(-0.2,0.9983)",0.5669547,0.1696036,0.0287654,0.7065,0.9983,0.5712,0.0435,0.4413
MOD13Q1_061__250m_16_days_NDVI_doy2001321000000_aid0014,_250m_16_days_NDVI,aid0014,2001-11-17,3291341.0,-0.2,0.9174,"(-0.2,0.9174)",0.4806097,0.1445386,0.0208914,0.5881,0.8963,0.476,0.0729,0.382
MOD13Q1_061__250m_16_days_NDVI_doy2001337000000_aid0014,_250m_16_days_NDVI,aid0014,2001-12-03,3289706.0,-0.2,0.9804,"(-0.2,0.9804)",0.4057219,0.1268086,0.0160804,0.4904,0.7461,0.3946,0.0642,0.3199
MOD13Q1_061__250m_16_days_NDVI_doy2001353000000_aid0014,_250m_16_days_NDVI,aid0014,2001-12-19,3289452.0,-0.2,0.9616,"(-0.2,0.9616)",0.3580468,0.1074375,0.0115428,0.4216,0.6212,0.3476,0.0889,0.2885
MOD13Q1_061__250m_16_days_NDVI_doy2002001000000_aid0014,_250m_16_days_NDVI,aid0014,2002-01-01,3292612.0,-0.2,0.9529,"(-0.2,0.9529)",0.3564745,0.1149392,0.013211,0.4205,0.6264,0.3407,0.0773,0.2832
MOD13Q1_061__250m_16_days_NDVI_doy2002017000000_aid0014,_250m_16_days_NDVI,aid0014,2002-01-17,3292781.0,-0.2,0.9951,"(-0.2,0.9951)",0.3716559,0.1300239,0.0169062,0.4446,0.6822,0.3528,0.0486,0.2862
MOD13Q1_061__250m_16_days_NDVI_doy2002033000000_aid0014,_250m_16_days_NDVI,aid0014,2002-02-02,3293686.0,-0.2,0.9664,"(-0.2,0.9664)",0.3706184,0.1293193,0.0167235,0.4446,0.6888,0.354,0.0376,0.2818
MOD13Q1_061__250m_16_days_NDVI_doy2002049000000_aid0014,_250m_16_days_NDVI,aid0014,2002-02-18,3296422.0,-0.2,0.9819,"(-0.2,0.9819)",0.3589641,0.1272297,0.0161874,0.4288,0.6608,0.3414,0.0421,0.2741
MOD13Q1_061__250m_16_days_NDVI_doy2002065000000_aid0014,_250m_16_days_NDVI,aid0014,2002-03-06,3296638.0,-0.2,0.9344,"(-0.2,0.9344)",0.3536235,0.1293906,0.0167419,0.4245,0.6619,0.3311,0.0288,0.2662
MOD13Q1_061__250m_16_days_NDVI_doy2002081000000_aid0014,_250m_16_days_NDVI,aid0014,2002-03-22,3293648.0,-0.2,0.9135,"(-0.2,0.9135)",0.3886068,0.122297,0.0149566,0.4636,0.6976,0.3824,0.0736,0.3076
MOD13Q1_061__250m_16_days_NDVI_doy2002097000000_aid0014,_250m_16_days_NDVI,aid0014,2002-04-07,3293560.0,-0.2,0.9803,"(-0.2,0.9803)",0.419122,0.1299821,0.0168953,0.5053,0.7715,0.4201,0.0616,0.3278
MOD13Q1_061__250m_16_days_NDVI_doy2002113000000_aid0014,_250m_16_days_NDVI,aid0014,2002-04-23,3286418.0,-0.2,0.9264,"(-0.2,0.9264)",0.4010301,0.1242464,0.0154372,0.4796,0.7269,0.3985,0.0674,0.3147
MOD13Q1_061__250m_16_days_NDVI_doy2002129000000_aid0014,_250m_16_days_NDVI,aid0014,2002-05-09,3297030.0,-0.2,0.9976,"(-0.2,0.9976)",0.4162474,0.1216428,0.014797,0.4917,0.7249,0.4134,0.103,0.3362
MOD13Q1_061__250m_16_days_NDVI_doy2002145000000_aid0014,_250m_16_days_NDVI,aid0014,2002-05-25,3291824.0,-0.2,0.92,"(-0.2,0.92)",0.4314644,0.1260938,0.0158997,0.505,0.7379,0.4264,0.1168,0.3497
MOD13Q1_061__250m_16_days_NDVI_doy2002161000000_aid0014,_250m_16_days_NDVI,aid0014,2002-06-10,3284546.0,-0.2,0.8962,"(-0.2,0.8962)",0.4024603,0.1109486,0.0123096,0.467,0.6675,0.3996,0.1328,0.3333
MOD13Q1_061__250m_16_days_NDVI_doy2002177000000_aid0014,_250m_16_days_NDVI,aid0014,2002-06-26,3283895.0,-0.2,0.889,"(-0.2,0.889)",0.3982812,0.0958167,0.0091808,0.4563,0.625,0.4013,0.1751,0.3438
MOD13Q1_061__250m_16_days_NDVI_doy2002193000000_aid0014,_250m_16_days_NDVI,aid0014,2002-07-12,3285905.0,-0.2,0.8491,"(-0.2,0.8491)",0.3683887,0.0947361,0.0089749,0.4249,0.5966,0.3653,0.1387,0.3104
MOD13Q1_061__250m_16_days_NDVI_doy2002209000000_aid0014,_250m_16_days_NDVI,aid0014,2002-07-28,3282942.0,-0.2,0.8569,"(-0.2,0.8569)",0.3724704,0.0926454,0.0085832,0.4263,0.5917,0.369,0.1506,0.316
MOD13Q1_061__250m_16_days_NDVI_doy2002225000000_aid0014,_250m_16_days_NDVI,aid0014,2002-08-13,3292470.0,-0.2,0.8337,"(-0.2,0.8337)",0.3784327,0.0966999,0.0093509,0.4335,0.5952,0.3779,0.164,0.3257
MOD13Q1_061__250m_16_days_NDVI_doy2002241000000_aid0014,_250m_16_days_NDVI,aid0014,2002-08-29,3286691.0,-0.2,0.9993,"(-0.2,0.9993)",0.4155299,0.1099834,0.0120963,0.4819,0.6823,0.4094,0.1479,0.3483
MOD13Q1_061__250m_16_days_NDVI_doy2002257000000_aid0014,_250m_16_days_NDVI,aid0014,2002-09-14,3283901.0,-0.2,0.9429,"(-0.2,0.9429)",0.4475725,0.1311015,0.0171876,0.5329,0.7918,0.4279,0.1014,0.3603
MOD13Q1_061__250m_16_days_NDVI_doy2002273000000_aid0014,_250m_16_days_NDVI,aid0014,2002-09-30,3291357.0,-0.2,0.9369,"(-0.2,0.9369)",0.4703095,0.1442595,0.0208108,0.5699,0.8682,0.4497,0.0727,0.371
MOD13Q1_061__250m_16_days_NDVI_doy2002289000000_aid0014,_250m_16_days_NDVI,aid0014,2002-10-16,3286392.0,-0.2,0.9766,"(-0.2,0.9766)",0.4897643,0.1521551,0.0231512,0.599,0.9223,0.4661,0.0583,0.3827
MOD13Q1_061__250m_16_days_NDVI_doy2002305000000_aid0014,_250m_16_days_NDVI,aid0014,2002-11-01,3293266.0,-0.2,0.9888,"(-0.2,0.9888)",0.4579909,0.1524197,0.0232318,0.5656,0.8902,0.436,0.0246,0.3492
MOD13Q1_061__250m_16_days_NDVI_doy2002321000000_aid0014,_250m_16_days_NDVI,aid0014,2002-11-17,3295634.0,-0.2,0.9052,"(-0.2,0.9052)",0.4032968,0.1386134,0.0192137,0.498,0.7872,0.3772,0.016,0.3052
MOD13Q1_061__250m_16_days_NDVI_doy2002337000000_aid0014,_250m_16_days_NDVI,aid0014,2002-12-03,3293755.0,-0.2,0.9913,"(-0.2,0.9913)",0.371522,0.1240855,0.0153972,0.4512,0.7014,0.3529,0.0342,0.2844
MOD13Q1_061__250m_16_days_NDVI_doy2002353000000_aid0014,_250m_16_days_NDVI,aid0014,2002-12-19,3291196.0,-0.2,0.9855,"(-0.2,0.9855)",0.3590747,0.1168217,0.0136473,0.4294,0.6559,0.3422,0.0519,0.2784
MOD13Q1_061__250m_16_days_NDVI_doy2003001000000_aid0014,_250m_16_days_NDVI,aid0014,2003-01-01,3291290.0,-0.2,0.9989,"(-0.2,0.9989)",0.3508136,0.1253984,0.0157248,0.4216,0.6586,0.3301,0.0266,0.2636
MOD13Q1_061__250m_16_days_NDVI_doy2003017000000_aid0014,_250m_16_days_NDVI,aid0014,2003-01-17,3293700.0,-0.2,0.926,"(-0.2,0.926)",0.3358663,0.1305171,0.0170347,0.4079,0.6548,0.3103,-0.0036,0.2433
MOD13Q1_061__250m_16_days_NDVI_doy2003033000000_aid0014,_250m_16_days_NDVI,aid0014,2003-02-02,3298202.0,-0.2,0.9285,"(-0.2,0.9285)",0.3203997,0.1221043,0.0149095,0.3814,0.5941,0.2945,0.0269,0.2396
MOD13Q1_061__250m_16_days_NDVI_doy2003049000000_aid0014,_250m_16_days_NDVI,aid0014,2003-02-18,3292900.0,-0.2,0.987,"(-0.2,0.987)",0.3228943,0.1198385,0.0143613,0.3872,0.6065,0.302,0.0217,0.241
MOD13Q1_061__250m_16_days_NDVI_doy2003065000000_aid0014,_250m_16_days_NDVI,aid0014,2003-03-06,3291284.0,-0.2,0.9247,"(-0.2,0.9247)",0.321278,0.1197738,0.0143458,0.384,0.6007,0.2975,0.0228,0.2395
MOD13Q1_061__250m_16_days_NDVI_doy2003081000000_aid0014,_250m_16_days_NDVI,aid0014,2003-03-22,3290573.0,-0.2,0.9844,"(-0.2,0.9844)",0.341723,0.112379,0.012629,0.4083,0.6253,0.3276,0.0466,0.2636
MOD13Q1_061__250m_16_days_NDVI_doy2003097000000_aid0014,_250m_16_days_NDVI,aid0014,2003-04-07,3289167.0,-0.2,0.9446,"(-0.2,0.9446)",0.3717547,0.1200646,0.0144155,0.4479,0.691,0.3648,0.0427,0.2858
MOD13Q1_061__250m_16_days_NDVI_doy2003113000000_aid0014,_250m_16_days_NDVI,aid0014,2003-04-23,3289514.0,-0.2,0.9286,"(-0.2,0.9286)",0.4170656,0.11956,0.0142946,0.4936,0.7307,0.4155,0.0984,0.3355
MOD13Q1_061__250m_16_days_NDVI_doy2003129000000_aid0014,_250m_16_days_NDVI,aid0014,2003-05-09,3291557.0,-0.2,0.9763,"(-0.2,0.9763)",0.4478187,0.1237184,0.0153062,0.5275,0.7663,0.4493,0.1295,0.3683
MOD13Q1_061__250m_16_days_NDVI_doy2003145000000_aid0014,_250m_16_days_NDVI,aid0014,2003-05-25,3287405.0,-0.2,0.9383,"(-0.2,0.9383)",0.4517677,0.1251246,0.0156562,0.5325,0.7746,0.4525,0.129,0.3711
MOD13Q1_061__250m_16_days_NDVI_doy2003161000000_aid0014,_250m_16_days_NDVI,aid0014,2003-06-10,3289038.0,-0.2,0.9074,"(-0.2,0.9074)",0.4284139,0.1146035,0.013134,0.5037,0.7267,0.4282,0.132,0.355
MOD13Q1_061__250m_16_days_NDVI_doy2003177000000_aid0014,_250m_16_days_NDVI,aid0014,2003-06-26,3285106.0,-0.2,0.8989,"(-0.2,0.8989)",0.4208564,0.1158409,0.0134191,0.497,0.7244,0.4188,0.118,0.3454
MOD13Q1_061__250m_16_days_NDVI_doy2003193000000_aid0014,_250m_16_days_NDVI,aid0014,2003-07-12,3287163.0,-0.2,0.9393,"(-0.2,0.9393)",0.3972211,0.1069512,0.0114386,0.4675,0.6787,0.3949,0.1155,0.3267
MOD13Q1_061__250m_16_days_NDVI_doy2003209000000_aid0014,_250m_16_days_NDVI,aid0014,2003-07-28,3287024.0,-0.2,0.9052,"(-0.2,0.9052)",0.3861622,0.1041234,0.0108417,0.4553,0.6621,0.3818,0.1106,0.3174
MOD13Q1_061__250m_16_days_NDVI_doy2003225000000_aid0014,_250m_16_days_NDVI,aid0014,2003-08-13,3282767.0,-0.2,0.9023,"(-0.2,0.9023)",0.3876645,0.1049638,0.0110174,0.4546,0.6569,0.3839,0.1174,0.3197
MOD13Q1_061__250m_16_days_NDVI_doy2003241000000_aid0014,_250m_16_days_NDVI,aid0014,2003-08-29,3286251.0,-0.2,0.8938,"(-0.2,0.8938)",0.3760961,0.1012924,0.0102601,0.4396,0.6311,0.3741,0.1204,0.3119
MOD13Q1_061__250m_16_days_NDVI_doy2003257000000_aid0014,_250m_16_days_NDVI,aid0014,2003-09-14,3288251.0,-0.2,0.8942,"(-0.2,0.8942)",0.3625924,0.1019842,0.0104008,0.423,0.6091,0.3606,0.1128,0.2989
MOD13Q1_061__250m_16_days_NDVI_doy2003273000000_aid0014,_250m_16_days_NDVI,aid0014,2003-09-30,3292970.0,-0.2,0.9739,"(-0.2,0.9739)",0.3827161,0.1211678,0.0146816,0.4564,0.6889,0.3782,0.0689,0.3014
MOD13Q1_061__250m_16_days_NDVI_doy2003289000000_aid0014,_250m_16_days_NDVI,aid0014,2003-10-16,3291817.0,-0.2,0.9267,"(-0.2,0.9267)",0.400766,0.1441933,0.0207917,0.4946,0.7872,0.3865,0.0069,0.2995
MOD13Q1_061__250m_16_days_NDVI_doy2003305000000_aid0014,_250m_16_days_NDVI,aid0014,2003-11-01,3290932.0,-0.2,0.9111,"(-0.2,0.9111)",0.3737615,0.1344696,0.0180821,0.457,0.7222,0.3567,0.015,0.2802
MOD13Q1_061__250m_16_days_NDVI_doy2003321000000_aid0014,_250m_16_days_NDVI,aid0014,2003-11-17,3292102.0,-0.2,0.9231,"(-0.2,0.9231)",0.3734483,0.1372692,0.0188428,0.4572,0.7303,0.3562,0.002,0.2751
MOD13Q1_061__250m_16_days_NDVI_doy2003337000000_aid0014,_250m_16_days_NDVI,aid0014,2003-12-03,3297066.0,-0.2,0.9749,"(-0.2,0.9749)",0.3297945,0.1146701,0.0131492,0.3967,0.6154,0.3152,0.0322,0.2509
MOD13Q1_061__250m_16_days_NDVI_doy2003353000000_aid0014,_250m_16_days_NDVI,aid0014,2003-12-19,3297571.0,-0.2,0.9615,"(-0.2,0.9615)",0.2968566,0.1043938,0.0108981,0.3492,0.5317,0.282,0.045,0.2275
MOD13Q1_061__250m_16_days_NDVI_doy2004001000000_aid0014,_250m_16_days_NDVI,aid0014,2004-01-01,3294723.0,-0.2,0.9691,"(-0.2,0.9691)",0.3094285,0.1201368,0.0144329,0.3675,0.579,0.2873,0.015,0.2265
MOD13Q1_061__250m_16_days_NDVI_doy2004017000000_aid0014,_250m_16_days_NDVI,aid0014,2004-01-17,3296384.0,-0.2,0.9826,"(-0.2,0.9826)",0.3079272,0.1233114,0.0152057,0.3667,0.5824,0.2826,0.0072,0.2229
MOD13Q1_061__250m_16_days_NDVI_doy2004033000000_aid0014,_250m_16_days_NDVI,aid0014,2004-02-02,3290330.0,-0.2,0.9704,"(-0.2,0.9704)",0.3562583,0.1397424,0.0195279,0.4388,0.7172,0.3333,-0.0252,0.2532
MOD13Q1_061__250m_16_days_NDVI_doy2004049000000_aid0014,_250m_16_days_NDVI,aid0014,2004-02-18,3291143.0,-0.2,0.9498,"(-0.2,0.9498)",0.3626918,0.1274331,0.0162392,0.4417,0.6973,0.3469,0.0157,0.2713
MOD13Q1_061__250m_16_days_NDVI_doy2004065000000_aid0014,_250m_16_days_NDVI,aid0014,2004-03-05,3292093.0,-0.2,0.9499,"(-0.2,0.9499)",0.4059144,0.1186064,0.0140675,0.4823,0.7137,0.4054,0.0966,0.328
MOD13Q1_061__250m_16_days_NDVI_doy2004081000000_aid0014,_250m_16_days_NDVI,aid0014,2004-03-21,3289952.0,-0.2,0.9102,"(-0.2,0.9102)",0.4618916,0.1229793,0.0151239,0.5465,0.7913,0.4698,0.1385,0.3833
MOD13Q1_061__250m_16_days_NDVI_doy2004097000000_aid0014,_250m_16_days_NDVI,aid0014,2004-04-06,3284932.0,-0.2,0.9974,"(-0.2,0.9974)",0.5345069,0.1338083,0.0179047,0.6217,0.8677,0.5511,0.2117,0.4577
MOD13Q1_061__250m_16_days_NDVI_doy2004113000000_aid0014,_250m_16_days_NDVI,aid0014,2004-04-22,3284656.0,-0.2,0.9759,"(-0.2,0.9759)",0.5404924,0.1362919,0.0185755,0.6267,0.8703,0.5568,0.2207,0.4643
MOD13Q1_061__250m_16_days_NDVI_doy2004129000000_aid0014,_250m_16_days_NDVI,aid0014,2004-05-08,3283297.0,-0.2,0.9655,"(-0.2,0.9655)",0.5224284,0.1347374,0.0181542,0.6058,0.8458,0.5326,0.2058,0.4458
MOD13Q1_061__250m_16_days_NDVI_doy2004145000000_aid0014,_250m_16_days_NDVI,aid0014,2004-05-24,3283775.0,-0.2,0.9404,"(-0.2,0.9404)",0.5012231,0.1327572,0.0176245,0.5804,0.8106,0.5092,0.1967,0.4269
MOD13Q1_061__250m_16_days_NDVI_doy2004161000000_aid0014,_250m_16_days_NDVI,aid0014,2004-06-09,3283960.0,-0.2,0.9815,"(-0.2,0.9815)",0.5004881,0.1269076,0.0161055,0.5746,0.7897,0.5116,0.2161,0.4312
MOD13Q1_061__250m_16_days_NDVI_doy2004177000000_aid0014,_250m_16_days_NDVI,aid0014,2004-06-25,3285384.0,-0.2,0.9665,"(-0.2,0.9665)",0.4805408,0.1246444,0.0155362,0.5513,0.7598,0.489,0.2038,0.4123
MOD13Q1_061__250m_16_days_NDVI_doy2004193000000_aid0014,_250m_16_days_NDVI,aid0014,2004-07-11,3291889.0,-0.2,0.9942,"(-0.2,0.9942)",0.4540296,0.1203993,0.014496,0.5239,0.7295,0.4628,0.1812,0.3868
MOD13Q1_061__250m_16_days_NDVI_doy2004209000000_aid0014,_250m_16_days_NDVI,aid0014,2004-07-27,3278136.0,-0.2,0.9222,"(-0.2,0.9222)",0.4990577,0.1206197,0.0145491,0.5667,0.7681,0.5,0.231,0.4324
MOD13Q1_061__250m_16_days_NDVI_doy2004225000000_aid0014,_250m_16_days_NDVI,aid0014,2004-08-12,3279208.0,-0.2,0.9682,"(-0.2,0.9682)",0.4914828,0.122986,0.0151256,0.5635,0.7769,0.4935,0.2078,0.4212
MOD13Q1_061__250m_16_days_NDVI_doy2004241000000_aid0014,_250m_16_days_NDVI,aid0014,2004-08-28,3287358.0,-0.2,0.9279,"(-0.2,0.9279)",0.4910249,0.1327013,0.0176096,0.5742,0.8184,0.4852,0.1672,0.4114
MOD13Q1_061__250m_16_days_NDVI_doy2004257000000_aid0014,_250m_16_days_NDVI,aid0014,2004-09-13,3284508.0,-0.2,0.9854,"(-0.2,0.9854)",0.4838503,0.1382297,0.0191075,0.5762,0.8483,0.4742,0.1227,0.3948
MOD13Q1_061__250m_16_days_NDVI_doy2004273000000_aid0014,_250m_16_days_NDVI,aid0014,2004-09-29,3285424.0,-0.2,0.984,"(-0.2,0.984)",0.5114876,0.1506338,0.0226905,0.621,0.926,0.5046,0.0855,0.4068
MOD13Q1_061__250m_16_days_NDVI_doy2004289000000_aid0014,_250m_16_days_NDVI,aid0014,2004-10-15,3289743.0,-0.2,0.9779,"(-0.2,0.9779)",0.5058253,0.1590145,0.0252856,0.6262,0.9675,0.4968,0.0492,0.3954
MOD13Q1_061__250m_16_days_NDVI_doy2004305000000_aid0014,_250m_16_days_NDVI,aid0014,2004-10-31,3291385.0,-0.2,0.9937,"(-0.2,0.9937)",0.4823765,0.1531784,0.0234636,0.5949,0.9228,0.4744,0.0467,0.3756
MOD13Q1_061__250m_16_days_NDVI_doy2004321000000_aid0014,_250m_16_days_NDVI,aid0014,2004-11-16,3288745.0,-0.2,0.9349,"(-0.2,0.9349)",0.4375771,0.138671,0.0192296,0.5292,0.8085,0.433,0.0637,0.343
MOD13Q1_061__250m_16_days_NDVI_doy2004337000000_aid0014,_250m_16_days_NDVI,aid0014,2004-12-02,3293632.0,-0.2,0.9981,"(-0.2,0.9981)",0.399511,0.128409,0.0164889,0.4778,0.722,0.3924,0.0708,0.315
MOD13Q1_061__250m_16_days_NDVI_doy2004353000000_aid0014,_250m_16_days_NDVI,aid0014,2004-12-18,3289730.0,-0.2,0.9862,"(-0.2,0.9862)",0.3858364,0.1301207,0.0169314,0.4651,0.7193,0.3777,0.0414,0.2956
MOD13Q1_061__250m_16_days_NDVI_doy2005001000000_aid0014,_250m_16_days_NDVI,aid0014,2005-01-01,3291019.0,-0.2,0.9719,"(-0.2,0.9719)",0.3996944,0.1401545,0.0196433,0.4862,0.7635,0.3905,0.024,0.3013
MOD13Q1_061__250m_16_days_NDVI_doy2005017000000_aid0014,_250m_16_days_NDVI,aid0014,2005-01-17,3293585.0,-0.2,0.963,"(-0.2,0.963)",0.3708379,0.1316698,0.0173369,0.445,0.6898,0.3573,0.037,0.2818
MOD13Q1_061__250m_16_days_NDVI_doy2005033000000_aid0014,_250m_16_days_NDVI,aid0014,2005-02-02,3288963.0,-0.2,0.9483,"(-0.2,0.9483)",0.3902344,0.1393949,0.0194309,0.4733,0.747,0.3769,0.0171,0.2908
MOD13Q1_061__250m_16_days_NDVI_doy2005049000000_aid0014,_250m_16_days_NDVI,aid0014,2005-02-18,3289229.0,-0.2,0.9765,"(-0.2,0.9765)",0.408893,0.1366114,0.0186627,0.4877,0.7439,0.4021,0.0607,0.3169
MOD13Q1_061__250m_16_days_NDVI_doy2005065000000_aid0014,_250m_16_days_NDVI,aid0014,2005-03-06,3292019.0,-0.2,0.9611,"(-0.2,0.9611)",0.3868356,0.1268424,0.016089,0.4597,0.6958,0.3793,0.0662,0.3023
MOD13Q1_061__250m_16_days_NDVI_doy2005081000000_aid0014,_250m_16_days_NDVI,aid0014,2005-03-22,3293152.0,-0.2,0.897,"(-0.2,0.897)",0.3852977,0.1210911,0.0146631,0.4578,0.6862,0.3784,0.0771,0.3055
MOD13Q1_061__250m_16_days_NDVI_doy2005097000000_aid0014,_250m_16_days_NDVI,aid0014,2005-04-07,3291077.0,-0.2,0.9019,"(-0.2,0.9019)",0.3670041,0.1136467,0.0129156,0.4334,0.6468,0.3601,0.0777,0.2911
MOD13Q1_061__250m_16_days_NDVI_doy2005113000000_aid0014,_250m_16_days_NDVI,aid0014,2005-04-23,3288913.0,-0.2,0.9606,"(-0.2,0.9606)",0.3695969,0.1014939,0.010301,0.4298,0.6179,0.3658,0.1163,0.3044
MOD13Q1_061__250m_16_days_NDVI_doy2005129000000_aid0014,_250m_16_days_NDVI,aid0014,2005-05-09,3287789.0,-0.2,0.9338,"(-0.2,0.9338)",0.3604309,0.0994648,0.0098932,0.419,0.6041,0.3542,0.1105,0.2956
MOD13Q1_061__250m_16_days_NDVI_doy2005145000000_aid0014,_250m_16_days_NDVI,aid0014,2005-05-25,3288237.0,-0.2,0.9821,"(-0.2,0.9821)",0.3586035,0.0970706,0.0094227,0.4161,0.5982,0.3529,0.1126,0.2947
MOD13Q1_061__250m_16_days_NDVI_doy2005161000000_aid0014,_250m_16_days_NDVI,aid0014,2005-06-10,3295706.0,-0.2,0.9722,"(-0.2,0.9722)",0.3495055,0.0968152,0.0093732,0.4081,0.59,0.3456,0.1049,0.2868
MOD13Q1_061__250m_16_days_NDVI_doy2005177000000_aid0014,_250m_16_days_NDVI,aid0014,2005-06-26,3289926.0,-0.2,0.9739,"(-0.2,0.9739)",0.3559833,0.0943383,0.0088997,0.4159,0.6007,0.3531,0.1079,0.2927
MOD13Q1_061__250m_16_days_NDVI_doy2005193000000_aid0014,_250m_16_days_NDVI,aid0014,2005-07-12,3286789.0,-0.2,0.9381,"(-0.2,0.9381)",0.3486346,0.0902395,0.0081432,0.4023,0.5712,0.3446,0.1208,0.2897
MOD13Q1_061__250m_16_days_NDVI_doy2005209000000_aid0014,_250m_16_days_NDVI,aid0014,2005-07-28,3288587.0,-0.2,0.995,"(-0.2,0.995)",0.3356185,0.0881434,0.0077693,0.3854,0.5426,0.3319,0.1234,0.2806
MOD13Q1_061__250m_16_days_NDVI_doy2005225000000_aid0014,_250m_16_days_NDVI,aid0014,2005-08-13,3285570.0,-0.2,0.9097,"(-0.2,0.9097)",0.3501214,0.0933866,0.0087211,0.4004,0.561,0.3434,0.1327,0.2933
MOD13Q1_061__250m_16_days_NDVI_doy2005241000000_aid0014,_250m_16_days_NDVI,aid0014,2005-08-29,3286137.0,-0.2,0.9898,"(-0.2,0.9898)",0.36106,0.0980085,0.0096057,0.4141,0.5837,0.3521,0.1314,0.301
MOD13Q1_061__250m_16_days_NDVI_doy2005257000000_aid0014,_250m_16_days_NDVI,aid0014,2005-09-14,3290120.0,-0.2,0.9061,"(-0.2,0.9061)",0.3625944,0.1087338,0.011823,0.422,0.6125,0.3504,0.1045,0.295
MOD13Q1_061__250m_16_days_NDVI_doy2005273000000_aid0014,_250m_16_days_NDVI,aid0014,2005-09-30,3288417.0,-0.2,0.9388,"(-0.2,0.9388)",0.3842146,0.1215461,0.0147735,0.4579,0.6956,0.3736,0.0617,0.2994
MOD13Q1_061__250m_16_days_NDVI_doy2005289000000_aid0014,_250m_16_days_NDVI,aid0014,2005-10-16,3293111.0,-0.2,0.9976,"(-0.2,0.9976)",0.3622182,0.1189681,0.0141534,0.426,0.6406,0.3534,0.0683,0.2829
MOD13Q1_061__250m_16_days_NDVI_doy2005305000000_aid0014,_250m_16_days_NDVI,aid0014,2005-11-01,3295443.0,-0.2,0.9537,"(-0.2,0.9537)",0.3333467,0.1060637,0.0112495,0.3897,0.5761,0.3208,0.079,0.2654
MOD13Q1_061__250m_16_days_NDVI_doy2005321000000_aid0014,_250m_16_days_NDVI,aid0014,2005-11-17,3294120.0,-0.2,0.9039,"(-0.2,0.9039)",0.3225576,0.1029475,0.0105982,0.3813,0.5731,0.3091,0.0616,0.2534
MOD13Q1_061__250m_16_days_NDVI_doy2005337000000_aid0014,_250m_16_days_NDVI,aid0014,2005-12-03,3293027.0,-0.2,0.8941,"(-0.2,0.8941)",0.3029687,0.0948583,0.0089981,0.3564,0.5299,0.2894,0.0672,0.2407
MOD13Q1_061__250m_16_days_NDVI_doy2005353000000_aid0014,_250m_16_days_NDVI,aid0014,2005-12-19,3292387.0,-0.2,0.917,"(-0.2,0.917)",0.3110573,0.1080345,0.0116714,0.3724,0.5774,0.2943,0.0307,0.2357
MOD13Q1_061__250m_16_days_NDVI_doy2006001000000_aid0014,_250m_16_days_NDVI,aid0014,2006-01-01,3296893.0,-0.2,0.9109,"(-0.2,0.9109)",0.3293693,0.129235,0.0167017,0.4121,0.6816,0.3091,-0.0371,0.2324
MOD13Q1_061__250m_16_days_NDVI_doy2006017000000_aid0014,_250m_16_days_NDVI,aid0014,2006-01-17,3295558.0,-0.2,0.9234,"(-0.2,0.9234)",0.3345873,0.1403365,0.0196943,0.4201,0.7075,0.3078,-0.0589,0.2285
MOD13Q1_061__250m_16_days_NDVI_doy2006033000000_aid0014,_250m_16_days_NDVI,aid0014,2006-02-02,3294913.0,-0.2,0.9353,"(-0.2,0.9353)",0.3514451,0.146974,0.0216014,0.4418,0.746,0.3271,-0.0652,0.239
MOD13Q1_061__250m_16_days_NDVI_doy2006049000000_aid0014,_250m_16_days_NDVI,aid0014,2006-02-18,3289170.0,-0.2,0.9454,"(-0.2,0.9454)",0.3837903,0.140767,0.0198154,0.4739,0.7694,0.3743,-0.0186,0.2769
MOD13Q1_061__250m_16_days_NDVI_doy2006065000000_aid0014,_250m_16_days_NDVI,aid0014,2006-03-06,3290318.0,-0.2,0.9541,"(-0.2,0.9541)",0.4243618,0.1476512,0.0218009,0.5263,0.8431,0.4219,-0.0017,0.3151
MOD13Q1_061__250m_16_days_NDVI_doy2006081000000_aid0014,_250m_16_days_NDVI,aid0014,2006-03-22,3291276.0,-0.2,0.9549,"(-0.2,0.9549)",0.429191,0.1385211,0.0191881,0.5251,0.8147,0.4285,0.0424,0.332
MOD13Q1_061__250m_16_days_NDVI_doy2006097000000_aid0014,_250m_16_days_NDVI,aid0014,2006-04-07,3290181.0,-0.2,0.9813,"(-0.2,0.9813)",0.446641,0.1275837,0.0162776,0.5266,0.7663,0.4454,0.1271,0.3668
MOD13Q1_061__250m_16_days_NDVI_doy2006113000000_aid0014,_250m_16_days_NDVI,aid0014,2006-04-23,3290411.0,-0.2,0.9219,"(-0.2,0.9219)",0.4090276,0.1161524,0.0134914,0.476,0.6809,0.4055,0.1345,0.3394
MOD13Q1_061__250m_16_days_NDVI_doy2006129000000_aid0014,_250m_16_days_NDVI,aid0014,2006-05-09,3292676.0,-0.2,0.9201,"(-0.2,0.9201)",0.3952428,0.1083239,0.0117341,0.455,0.6392,0.3925,0.148,0.3322
MOD13Q1_061__250m_16_days_NDVI_doy2006145000000_aid0014,_250m_16_days_NDVI,aid0014,2006-05-25,3294199.0,-0.2,0.9262,"(-0.2,0.9262)",0.4053545,0.09781,0.0095668,0.4641,0.6369,0.4096,0.1761,0.3489
MOD13Q1_061__250m_16_days_NDVI_doy2006161000000_aid0014,_250m_16_days_NDVI,aid0014,2006-06-10,3297442.0,-0.2,0.9912,"(-0.2,0.9912)",0.3774332,0.0961916,0.0092528,0.4334,0.6029,0.3792,0.1509,0.3204
MOD13Q1_061__250m_16_days_NDVI_doy2006177000000_aid0014,_250m_16_days_NDVI,aid0014,2006-06-26,3295675.0,-0.2,0.958,"(-0.2,0.958)",0.3822543,0.0940321,0.008842,0.4429,0.6206,0.3875,0.1467,0.3244
MOD13Q1_061__250m_16_days_NDVI_doy2006193000000_aid0014,_250m_16_days_NDVI,aid0014,2006-07-12,3291122.0,-0.2,0.9003,"(-0.2,0.9003)",0.3667631,0.0952279,0.0090684,0.423,0.5973,0.3664,0.1325,0.3068
MOD13Q1_061__250m_16_days_NDVI_doy2006209000000_aid0014,_250m_16_days_NDVI,aid0014,2006-07-28,3292529.0,-0.2,0.8952,"(-0.2,0.8952)",0.3650209,0.0941664,0.0088673,0.4236,0.5965,0.3689,0.1354,0.3083
MOD13Q1_061__250m_16_days_NDVI_doy2006225000000_aid0014,_250m_16_days_NDVI,aid0014,2006-08-13,3286313.0,-0.2,0.9661,"(-0.2,0.9661)",0.3543707,0.0922087,0.0085024,0.4064,0.5691,0.3513,0.1352,0.2979
MOD13Q1_061__250m_16_days_NDVI_doy2006241000000_aid0014,_250m_16_days_NDVI,aid0014,2006-08-29,3286550.0,-0.2,0.8964,"(-0.2,0.8964)",0.3440593,0.0919977,0.0084636,0.3915,0.544,0.3369,0.1373,0.2898
MOD13Q1_061__250m_16_days_NDVI_doy2006257000000_aid0014,_250m_16_days_NDVI,aid0014,2006-09-14,3287654.0,-0.2,0.9183,"(-0.2,0.9183)",0.3425889,0.097582,0.0095222,0.3875,0.5399,0.3309,0.1335,0.2859
MOD13Q1_061__250m_16_days_NDVI_doy2006273000000_aid0014,_250m_16_days_NDVI,aid0014,2006-09-30,3291829.0,-0.2,0.9343,"(-0.2,0.9343)",0.3571403,0.1053586,0.0111004,0.4033,0.5689,0.341,0.1273,0.2929
MOD13Q1_061__250m_16_days_NDVI_doy2006289000000_aid0014,_250m_16_days_NDVI,aid0014,2006-10-16,3294372.0,-0.2,0.95,"(-0.2,0.95)",0.3811321,0.135145,0.0182642,0.4488,0.6858,0.353,0.0538,0.2908
MOD13Q1_061__250m_16_days_NDVI_doy2006305000000_aid0014,_250m_16_days_NDVI,aid0014,2006-11-01,3293127.0,-0.2,0.9412,"(-0.2,0.9412)",0.3769513,0.1307004,0.0170826,0.4437,0.6763,0.3566,0.056,0.2886
MOD13Q1_061__250m_16_days_NDVI_doy2006321000000_aid0014,_250m_16_days_NDVI,aid0014,2006-11-17,3295622.0,-0.2,0.9241,"(-0.2,0.9241)",0.3451355,0.1137372,0.0129362,0.4033,0.6007,0.3285,0.0743,0.2717
MOD13Q1_061__250m_16_days_NDVI_doy2006337000000_aid0014,_250m_16_days_NDVI,aid0014,2006-12-03,3294995.0,-0.2,0.8935,"(-0.2,0.8935)",0.3273304,0.1068866,0.0114248,0.39,0.5955,0.3109,0.0475,0.253
MOD13Q1_061__250m_16_days_NDVI_doy2006353000000_aid0014,_250m_16_days_NDVI,aid0014,2006-12-19,3297494.0,-0.2,0.9862,"(-0.2,0.9862)",0.3249198,0.1183566,0.0140083,0.3973,0.6349,0.3027,0.0013,0.2389
MOD13Q1_061__250m_16_days_NDVI_doy2007001000000_aid0014,_250m_16_days_NDVI,aid0014,2007-01-01,3297934.0,-0.2,0.99,"(-0.2,0.99)",0.3260627,0.1311491,0.0172001,0.4021,0.6586,0.2972,-0.0254,0.2311
MOD13Q1_061__250m_16_days_NDVI_doy2007017000000_aid0014,_250m_16_days_NDVI,aid0014,2007-01-17,3294594.0,-0.2,0.9436,"(-0.2,0.9436)",0.3535884,0.1388277,0.0192731,0.4305,0.6939,0.3297,-0.0085,0.2549
MOD13Q1_061__250m_16_days_NDVI_doy2007033000000_aid0014,_250m_16_days_NDVI,aid0014,2007-02-02,3293166.0,-0.2,0.9705,"(-0.2,0.9705)",0.358317,0.1382698,0.0191185,0.4425,0.7164,0.3372,-0.014,0.2599
MOD13Q1_061__250m_16_days_NDVI_doy2007049000000_aid0014,_250m_16_days_NDVI,aid0014,2007-02-18,3293526.0,-0.2,0.9815,"(-0.2,0.9815)",0.3994327,0.1554387,0.0241612,0.5136,0.8709,0.3963,-0.0819,0.2754
MOD13Q1_061__250m_16_days_NDVI_doy2007065000000_aid0014,_250m_16_days_NDVI,aid0014,2007-03-06,3289182.0,-0.2,0.9627,"(-0.2,0.9627)",0.4254099,0.1635152,0.0267372,0.5513,0.9341,0.4205,-0.0967,0.2921
MOD13Q1_061__250m_16_days_NDVI_doy2007081000000_aid0014,_250m_16_days_NDVI,aid0014,2007-03-22,3289373.0,-0.2,0.9642,"(-0.2,0.9642)",0.4427617,0.1697319,0.0288089,0.5785,0.9642,0.4498,-0.1257,0.2968
MOD13Q1_061__250m_16_days_NDVI_doy2007097000000_aid0014,_250m_16_days_NDVI,aid0014,2007-04-07,3290773.0,-0.2,0.9247,"(-0.2,0.9247)",0.4478658,0.1657403,0.0274698,0.5748,0.9247,0.4493,-0.0779,0.3137
MOD13Q1_061__250m_16_days_NDVI_doy2007113000000_aid0014,_250m_16_days_NDVI,aid0014,2007-04-23,3287713.0,-0.2,0.9697,"(-0.2,0.9697)",0.428459,0.1553828,0.0241438,0.5418,0.8971,0.4244,-0.0504,0.3049
MOD13Q1_061__250m_16_days_NDVI_doy2007129000000_aid0014,_250m_16_days_NDVI,aid0014,2007-05-09,3289605.0,-0.2,0.9875,"(-0.2,0.9875)",0.3984842,0.1424732,0.0202986,0.4953,0.8049,0.3884,-0.0207,0.2889
MOD13Q1_061__250m_16_days_NDVI_doy2007145000000_aid0014,_250m_16_days_NDVI,aid0014,2007-05-25,3290329.0,-0.2,0.9932,"(-0.2,0.9932)",0.3872803,0.1218973,0.0148589,0.4616,0.6975,0.3792,0.0684,0.3043
MOD13Q1_061__250m_16_days_NDVI_doy2007161000000_aid0014,_250m_16_days_NDVI,aid0014,2007-06-10,3289403.0,-0.2,0.8886,"(-0.2,0.8886)",0.3639377,0.112179,0.0125841,0.4359,0.6589,0.3561,0.0642,0.2872
MOD13Q1_061__250m_16_days_NDVI_doy2007177000000_aid0014,_250m_16_days_NDVI,aid0014,2007-06-26,3289547.0,-0.2,0.9538,"(-0.2,0.9538)",0.3337111,0.0989759,0.0097962,0.3919,0.5755,0.3247,0.0859,0.2695
MOD13Q1_061__250m_16_days_NDVI_doy2007193000000_aid0014,_250m_16_days_NDVI,aid0014,2007-07-12,3292657.0,-0.2,0.8214,"(-0.2,0.8214)",0.3093492,0.0797814,0.0063651,0.3554,0.4964,0.3064,0.1204,0.2614
MOD13Q1_061__250m_16_days_NDVI_doy2007209000000_aid0014,_250m_16_days_NDVI,aid0014,2007-07-28,3291534.0,-0.2,0.7967,"(-0.2,0.7967)",0.2859426,0.0729546,0.0053224,0.3275,0.4559,0.2804,0.1135,0.2419
MOD13Q1_061__250m_16_days_NDVI_doy2007225000000_aid0014,_250m_16_days_NDVI,aid0014,2007-08-13,3291746.0,-0.2,0.7912,"(-0.2,0.7912)",0.2774249,0.0715518,0.0051197,0.318,0.4422,0.2732,0.111,0.2352
MOD13Q1_061__250m_16_days_NDVI_doy2007241000000_aid0014,_250m_16_days_NDVI,aid0014,2007-08-29,3294078.0,-0.2,0.8531,"(-0.2,0.8531)",0.295858,0.0732005,0.0053583,0.3363,0.4602,0.2939,0.1298,0.2537
MOD13Q1_061__250m_16_days_NDVI_doy2007257000000_aid0014,_250m_16_days_NDVI,aid0014,2007-09-14,3283327.0,-0.2,0.9915,"(-0.2,0.9915)",0.342652,0.1056406,0.0111599,0.3931,0.5645,0.3256,0.1074,0.2788
MOD13Q1_061__250m_16_days_NDVI_doy2007273000000_aid0014,_250m_16_days_NDVI,aid0014,2007-09-30,3291577.0,-0.2,0.9586,"(-0.2,0.9586)",0.3723202,0.1352886,0.018303,0.4437,0.6847,0.3514,0.042,0.283
MOD13Q1_061__250m_16_days_NDVI_doy2007289000000_aid0014,_250m_16_days_NDVI,aid0014,2007-10-16,3291757.0,-0.2,0.9439,"(-0.2,0.9439)",0.4006257,0.1546898,0.0239289,0.4842,0.7681,0.3702,0.011,0.2949
MOD13Q1_061__250m_16_days_NDVI_doy2007305000000_aid0014,_250m_16_days_NDVI,aid0014,2007-11-01,3292391.0,-0.2,0.9909,"(-0.2,0.9909)",0.4005515,0.1523613,0.023214,0.4899,0.7864,0.3754,-0.0043,0.2922
MOD13Q1_061__250m_16_days_NDVI_doy2007321000000_aid0014,_250m_16_days_NDVI,aid0014,2007-11-17,3295035.0,-0.2,0.9259,"(-0.2,0.9259)",0.3710975,0.1368081,0.0187164,0.4565,0.7331,0.3538,-0.0045,0.2721
MOD13Q1_061__250m_16_days_NDVI_doy2007337000000_aid0014,_250m_16_days_NDVI,aid0014,2007-12-03,3295929.0,-0.2,0.9566,"(-0.2,0.9566)",0.340033,0.1184315,0.014026,0.4176,0.6612,0.33,0.0116,0.2552
MOD13Q1_061__250m_16_days_NDVI_doy2007353000000_aid0014,_250m_16_days_NDVI,aid0014,2007-12-19,3297636.0,-0.2,0.898,"(-0.2,0.898)",0.3000592,0.1068829,0.011424,0.3615,0.5622,0.2832,0.027,0.2277
MOD13Q1_061__250m_16_days_NDVI_doy2000049000000_aid0015,_250m_16_days_NDVI,aid0015,2000-02-18,3420926.0,-0.2,0.999,"(-0.2,0.999)",0.6617797,0.1342675,0.0180278,0.7543,0.999,0.6697,0.3246,0.5824
MOD13Q1_061__250m_16_days_NDVI_doy2000065000000_aid0015,_250m_16_days_NDVI,aid0015,2000-03-05,3415450.0,-0.2,0.9993,"(-0.2,0.9993)",0.7119002,0.1055512,0.011141,0.7773,0.9559,0.7169,0.4793,0.6581
MOD13Q1_061__250m_16_days_NDVI_doy2000081000000_aid0015,_250m_16_days_NDVI,aid0015,2000-03-21,3416561.0,-0.2,0.9992,"(-0.2,0.9992)",0.6910225,0.1071758,0.0114867,0.7504,0.9115,0.6973,0.4819,0.643
MOD13Q1_061__250m_16_days_NDVI_doy2000097000000_aid0015,_250m_16_days_NDVI,aid0015,2000-04-06,3412421.0,-0.2,0.9969,"(-0.2,0.9969)",0.6712656,0.1122251,0.0125945,0.7349,0.9003,0.6862,0.4592,0.6246
MOD13Q1_061__250m_16_days_NDVI_doy2000113000000_aid0015,_250m_16_days_NDVI,aid0015,2000-04-22,3408957.0,-0.2,0.999,"(-0.2,0.999)",0.6815224,0.1175333,0.0138141,0.7496,0.9138,0.7045,0.4759,0.6401
MOD13Q1_061__250m_16_days_NDVI_doy2000129000000_aid0015,_250m_16_days_NDVI,aid0015,2000-05-08,3414320.0,-0.2,0.9979,"(-0.2,0.9979)",0.6601924,0.1196515,0.0143165,0.7272,0.8916,0.679,0.4532,0.6176
MOD13Q1_061__250m_16_days_NDVI_doy2000145000000_aid0015,_250m_16_days_NDVI,aid0015,2000-05-24,3429069.0,-0.2,0.9944,"(-0.2,0.9944)",0.6440257,0.1292512,0.0167059,0.7139,0.8841,0.6645,0.4302,0.6004
MOD13Q1_061__250m_16_days_NDVI_doy2000161000000_aid0015,_250m_16_days_NDVI,aid0015,2000-06-09,3421962.0,-0.2,0.9982,"(-0.2,0.9982)",0.6374537,0.1191793,0.0142037,0.7005,0.8596,0.6497,0.4353,0.5944
MOD13Q1_061__250m_16_days_NDVI_doy2000177000000_aid0015,_250m_16_days_NDVI,aid0015,2000-06-25,3415426.0,-0.2,0.9782,"(-0.2,0.9782)",0.6350559,0.1130107,0.0127714,0.6948,0.8476,0.646,0.4401,0.5929
MOD13Q1_061__250m_16_days_NDVI_doy2000193000000_aid0015,_250m_16_days_NDVI,aid0015,2000-07-11,3407685.0,-0.2,0.9991,"(-0.2,0.9991)",0.6160013,0.1075278,0.0115622,0.673,0.8306,0.6204,0.4103,0.5679
MOD13Q1_061__250m_16_days_NDVI_doy2000209000000_aid0015,_250m_16_days_NDVI,aid0015,2000-07-27,3436225.0,-0.2,0.9763,"(-0.2,0.9763)",0.5423462,0.1139944,0.0129947,0.5982,0.7485,0.547,0.3477,0.498
MOD13Q1_061__250m_16_days_NDVI_doy2000225000000_aid0015,_250m_16_days_NDVI,aid0015,2000-08-12,3412197.0,-0.2,0.9665,"(-0.2,0.9665)",0.5607829,0.1044671,0.0109134,0.612,0.7623,0.5587,0.3615,0.5118
MOD13Q1_061__250m_16_days_NDVI_doy2000241000000_aid0015,_250m_16_days_NDVI,aid0015,2000-08-28,3408525.0,-0.2,0.958,"(-0.2,0.958)",0.5723551,0.1123385,0.0126199,0.6331,0.8188,0.5659,0.3236,0.5093
MOD13Q1_061__250m_16_days_NDVI_doy2000257000000_aid0015,_250m_16_days_NDVI,aid0015,2000-09-13,3407171.0,-0.2,0.9991,"(-0.2,0.9991)",0.5938163,0.1185327,0.01405,0.6601,0.8441,0.5983,0.3534,0.5374
MOD13Q1_061__250m_16_days_NDVI_doy2000273000000_aid0015,_250m_16_days_NDVI,aid0015,2000-09-29,3412040.0,-0.2,0.9938,"(-0.2,0.9938)",0.6141604,0.1197281,0.0143348,0.6871,0.8968,0.6186,0.3376,0.5473
MOD13Q1_061__250m_16_days_NDVI_doy2000289000000_aid0015,_250m_16_days_NDVI,aid0015,2000-10-15,3404515.0,-0.2,0.9995,"(-0.2,0.9995)",0.6402726,0.1246766,0.0155442,0.7125,0.9042,0.6556,0.393,0.5847
MOD13Q1_061__250m_16_days_NDVI_doy2000305000000_aid0015,_250m_16_days_NDVI,aid0015,2000-10-31,3410830.0,-0.2,0.9991,"(-0.2,0.9991)",0.6338663,0.1344776,0.0180842,0.7142,0.9245,0.6507,0.3637,0.574
MOD13Q1_061__250m_16_days_NDVI_doy2000321000000_aid0015,_250m_16_days_NDVI,aid0015,2000-11-16,3417125.0,-0.2,0.9988,"(-0.2,0.9988)",0.6145559,0.1417816,0.020102,0.7008,0.9334,0.6291,0.3128,0.5456
MOD13Q1_061__250m_16_days_NDVI_doy2000337000000_aid0015,_250m_16_days_NDVI,aid0015,2000-12-02,3416356.0,-0.2,0.9821,"(-0.2,0.9821)",0.637481,0.1266341,0.0160362,0.7166,0.9239,0.6525,0.3711,0.5784
MOD13Q1_061__250m_16_days_NDVI_doy2000353000000_aid0015,_250m_16_days_NDVI,aid0015,2000-12-18,3416008.0,-0.2,0.9985,"(-0.2,0.9985)",0.6643818,0.1138156,0.012954,0.7317,0.9186,0.6703,0.4202,0.6071
MOD13Q1_061__250m_16_days_NDVI_doy2001001000000_aid0015,_250m_16_days_NDVI,aid0015,2001-01-01,3443325.0,-0.2,0.9992,"(-0.2,0.9992)",0.6926237,0.1348827,0.0181933,0.7681,0.9515,0.7109,0.4621,0.6457
MOD13Q1_061__250m_16_days_NDVI_doy2001017000000_aid0015,_250m_16_days_NDVI,aid0015,2001-01-17,3420396.0,-0.2,0.9995,"(-0.2,0.9995)",0.7238013,0.115052,0.013237,0.7943,0.9725,0.7351,0.4973,0.6755
MOD13Q1_061__250m_16_days_NDVI_doy2001033000000_aid0015,_250m_16_days_NDVI,aid0015,2001-02-02,3418984.0,-0.2,0.9995,"(-0.2,0.9995)",0.7344577,0.1150181,0.0132292,0.8019,0.9766,0.7423,0.5107,0.6854
MOD13Q1_061__250m_16_days_NDVI_doy2001049000000_aid0015,_250m_16_days_NDVI,aid0015,2001-02-18,3415917.0,-0.2,0.9968,"(-0.2,0.9968)",0.7397404,0.1143053,0.0130657,0.8098,0.994,0.7469,0.5013,0.6864
MOD13Q1_061__250m_16_days_NDVI_doy2001065000000_aid0015,_250m_16_days_NDVI,aid0015,2001-03-06,3416980.0,-0.2,0.9987,"(-0.2,0.9987)",0.7271443,0.108986,0.0118779,0.7918,0.9617,0.7367,0.5086,0.6785
MOD13Q1_061__250m_16_days_NDVI_doy2001081000000_aid0015,_250m_16_days_NDVI,aid0015,2001-03-22,3413241.0,-0.2,0.9956,"(-0.2,0.9956)",0.6932109,0.1148836,0.0131982,0.7579,0.9179,0.7109,0.4912,0.6512
MOD13Q1_061__250m_16_days_NDVI_doy2001097000000_aid0015,_250m_16_days_NDVI,aid0015,2001-04-07,3409981.0,-0.2,0.999,"(-0.2,0.999)",0.6837288,0.120469,0.0145128,0.7497,0.9109,0.7028,0.481,0.6422
MOD13Q1_061__250m_16_days_NDVI_doy2001113000000_aid0015,_250m_16_days_NDVI,aid0015,2001-04-23,3436377.0,-0.2,0.9989,"(-0.2,0.9989)",0.6423788,0.1450248,0.0210322,0.7245,0.9133,0.6718,0.4098,0.5986
MOD13Q1_061__250m_16_days_NDVI_doy2001129000000_aid0015,_250m_16_days_NDVI,aid0015,2001-05-09,3411549.0,-0.2,0.9974,"(-0.2,0.9974)",0.6444323,0.1233946,0.0152262,0.7121,0.8838,0.6571,0.4259,0.5976
MOD13Q1_061__250m_16_days_NDVI_doy2001145000000_aid0015,_250m_16_days_NDVI,aid0015,2001-05-25,3411589.0,-0.2,0.9983,"(-0.2,0.9983)",0.6421711,0.1128764,0.0127411,0.6993,0.8493,0.6468,0.4493,0.5993
MOD13Q1_061__250m_16_days_NDVI_doy2001161000000_aid0015,_250m_16_days_NDVI,aid0015,2001-06-10,3410223.0,-0.2,0.9974,"(-0.2,0.9974)",0.6482876,0.108751,0.0118268,0.7035,0.8482,0.6564,0.4623,0.607
MOD13Q1_061__250m_16_days_NDVI_doy2001177000000_aid0015,_250m_16_days_NDVI,aid0015,2001-06-26,3415179.0,-0.2,0.9987,"(-0.2,0.9987)",0.6035685,0.114119,0.0130232,0.6637,0.8359,0.5974,0.3767,0.5489
MOD13Q1_061__250m_16_days_NDVI_doy2001193000000_aid0015,_250m_16_days_NDVI,aid0015,2001-07-12,3416937.0,-0.2,0.9955,"(-0.2,0.9955)",0.6243279,0.1123345,0.012619,0.6861,0.8598,0.6189,0.3966,0.5703
MOD13Q1_061__250m_16_days_NDVI_doy2001209000000_aid0015,_250m_16_days_NDVI,aid0015,2001-07-28,3411457.0,-0.2,0.9891,"(-0.2,0.9891)",0.5841989,0.1196749,0.0143221,0.6502,0.8507,0.565,0.316,0.5165
MOD13Q1_061__250m_16_days_NDVI_doy2001225000000_aid0015,_250m_16_days_NDVI,aid0015,2001-08-13,3412859.0,-0.2,0.9933,"(-0.2,0.9933)",0.5977146,0.1150705,0.0132412,0.6591,0.8397,0.5885,0.3581,0.5387
MOD13Q1_061__250m_16_days_NDVI_doy2001241000000_aid0015,_250m_16_days_NDVI,aid0015,2001-08-29,3425194.0,-0.2,0.9986,"(-0.2,0.9986)",0.58844,0.1420385,0.0201749,0.6709,0.8822,0.5992,0.3187,0.53
MOD13Q1_061__250m_16_days_NDVI_doy2001257000000_aid0015,_250m_16_days_NDVI,aid0015,2001-09-14,3427204.0,-0.2,0.9905,"(-0.2,0.9905)",0.5875957,0.1203549,0.0144853,0.6486,0.8277,0.5847,0.3501,0.5292
MOD13Q1_061__250m_16_days_NDVI_doy2001273000000_aid0015,_250m_16_days_NDVI,aid0015,2001-09-30,3408970.0,-0.2,0.9984,"(-0.2,0.9984)",0.5918776,0.1324324,0.0175384,0.6669,0.88,0.5979,0.3117,0.5248
MOD13Q1_061__250m_16_days_NDVI_doy2001289000000_aid0015,_250m_16_days_NDVI,aid0015,2001-10-16,3410391.0,-0.2,0.9926,"(-0.2,0.9926)",0.6197207,0.1281726,0.0164282,0.6915,0.8877,0.631,0.3645,0.5607
MOD13Q1_061__250m_16_days_NDVI_doy2001305000000_aid0015,_250m_16_days_NDVI,aid0015,2001-11-01,3418265.0,-0.2,0.9993,"(-0.2,0.9993)",0.6275591,0.1429777,0.0204426,0.7151,0.9532,0.6478,0.3174,0.556
MOD13Q1_061__250m_16_days_NDVI_doy2001321000000_aid0015,_250m_16_days_NDVI,aid0015,2001-11-17,3413169.0,-0.2,0.9986,"(-0.2,0.9986)",0.630212,0.1461538,0.0213609,0.7247,0.963,0.6588,0.327,0.5656
MOD13Q1_061__250m_16_days_NDVI_doy2001337000000_aid0015,_250m_16_days_NDVI,aid0015,2001-12-03,3415731.0,-0.2,0.9981,"(-0.2,0.9981)",0.6303655,0.1294686,0.0167621,0.7083,0.9262,0.6385,0.3451,0.563
MOD13Q1_061__250m_16_days_NDVI_doy2001353000000_aid0015,_250m_16_days_NDVI,aid0015,2001-12-19,3417072.0,-0.2,0.9995,"(-0.2,0.9995)",0.6179763,0.1242176,0.01543,0.6893,0.9026,0.6169,0.3338,0.5471
MOD13Q1_061__250m_16_days_NDVI_doy2002001000000_aid0015,_250m_16_days_NDVI,aid0015,2002-01-01,3415736.0,-0.2,0.9995,"(-0.2,0.9995)",0.5942448,0.1321584,0.0174658,0.6765,0.9274,0.5849,0.2583,0.5092
MOD13Q1_061__250m_16_days_NDVI_doy2002017000000_aid0015,_250m_16_days_NDVI,aid0015,2002-01-17,3416383.0,-0.2,0.9962,"(-0.2,0.9962)",0.570825,0.1381784,0.0190933,0.658,0.9245,0.5591,0.2138,0.4803
MOD13Q1_061__250m_16_days_NDVI_doy2002033000000_aid0015,_250m_16_days_NDVI,aid0015,2002-02-02,3415390.0,-0.2,0.9959,"(-0.2,0.9959)",0.6570597,0.1358195,0.0184469,0.7551,0.9959,0.6565,0.2869,0.5678
MOD13Q1_061__250m_16_days_NDVI_doy2002049000000_aid0015,_250m_16_days_NDVI,aid0015,2002-02-18,3417637.0,-0.2,0.9994,"(-0.2,0.9994)",0.6825364,0.1343611,0.0180529,0.7792,0.9994,0.6901,0.3315,0.6001
MOD13Q1_061__250m_16_days_NDVI_doy2002065000000_aid0015,_250m_16_days_NDVI,aid0015,2002-03-06,3417881.0,-0.2,0.9992,"(-0.2,0.9992)",0.7287303,0.1085953,0.0117929,0.7998,0.9871,0.7363,0.4813,0.6724
MOD13Q1_061__250m_16_days_NDVI_doy2002081000000_aid0015,_250m_16_days_NDVI,aid0015,2002-03-22,3428247.0,-0.2,0.9995,"(-0.2,0.9995)",0.7343213,0.1129837,0.0127653,0.7967,0.9405,0.7549,0.557,0.7008
MOD13Q1_061__250m_16_days_NDVI_doy2002097000000_aid0015,_250m_16_days_NDVI,aid0015,2002-04-07,3418813.0,-0.2,0.9976,"(-0.2,0.9976)",0.7088588,0.1190079,0.0141629,0.7793,0.948,0.7355,0.4978,0.6667
MOD13Q1_061__250m_16_days_NDVI_doy2002113000000_aid0015,_250m_16_days_NDVI,aid0015,2002-04-23,3416648.0,-0.2,0.9977,"(-0.2,0.9977)",0.6901434,0.1319975,0.0174234,0.7695,0.9585,0.7202,0.454,0.6433
MOD13Q1_061__250m_16_days_NDVI_doy2002129000000_aid0015,_250m_16_days_NDVI,aid0015,2002-05-09,3411046.0,-0.2,0.9987,"(-0.2,0.9987)",0.6914808,0.1206057,0.0145457,0.7606,0.9302,0.7122,0.4779,0.6475
MOD13Q1_061__250m_16_days_NDVI_doy2002145000000_aid0015,_250m_16_days_NDVI,aid0015,2002-05-25,3415842.0,-0.2,0.9992,"(-0.2,0.9992)",0.6533849,0.1280804,0.0164046,0.7271,0.9077,0.6766,0.4261,0.6067
MOD13Q1_061__250m_16_days_NDVI_doy2002161000000_aid0015,_250m_16_days_NDVI,aid0015,2002-06-10,3406811.0,-0.2,0.998,"(-0.2,0.998)",0.6820216,0.1105419,0.0122195,0.7434,0.8961,0.6964,0.4889,0.6416
MOD13Q1_061__250m_16_days_NDVI_doy2002177000000_aid0015,_250m_16_days_NDVI,aid0015,2002-06-26,3411061.0,-0.2,0.9977,"(-0.2,0.9977)",0.6264117,0.1156731,0.0133803,0.6882,0.8548,0.6303,0.4105,0.5771
MOD13Q1_061__250m_16_days_NDVI_doy2002193000000_aid0015,_250m_16_days_NDVI,aid0015,2002-07-12,3410160.0,-0.2,0.9992,"(-0.2,0.9992)",0.6168854,0.1129944,0.0127677,0.6764,0.845,0.6147,0.3954,0.564
MOD13Q1_061__250m_16_days_NDVI_doy2002209000000_aid0015,_250m_16_days_NDVI,aid0015,2002-07-28,3406999.0,-0.2,0.9991,"(-0.2,0.9991)",0.6242852,0.1158452,0.0134201,0.6889,0.8764,0.616,0.3764,0.5639
MOD13Q1_061__250m_16_days_NDVI_doy2002225000000_aid0015,_250m_16_days_NDVI,aid0015,2002-08-13,3421443.0,-0.2,0.999,"(-0.2,0.999)",0.6267698,0.1209538,0.0146298,0.6986,0.8991,0.6252,0.3644,0.5649
MOD13Q1_061__250m_16_days_NDVI_doy2002241000000_aid0015,_250m_16_days_NDVI,aid0015,2002-08-29,3413971.0,-0.2,0.9979,"(-0.2,0.9979)",0.6355755,0.1067703,0.0113999,0.6957,0.8655,0.6348,0.4127,0.5825
MOD13Q1_061__250m_16_days_NDVI_doy2002257000000_aid0015,_250m_16_days_NDVI,aid0015,2002-09-14,3403223.0,-0.2,0.9783,"(-0.2,0.9783)",0.6167215,0.1171884,0.0137331,0.6847,0.8749,0.6186,0.3677,0.5579
MOD13Q1_061__250m_16_days_NDVI_doy2002273000000_aid0015,_250m_16_days_NDVI,aid0015,2002-09-30,3426117.0,-0.2,0.9961,"(-0.2,0.9961)",0.6286772,0.140595,0.0197669,0.7067,0.8904,0.6531,0.4005,0.5842
MOD13Q1_061__250m_16_days_NDVI_doy2002289000000_aid0015,_250m_16_days_NDVI,aid0015,2002-10-16,3421289.0,-0.2,0.9986,"(-0.2,0.9986)",0.6512862,0.1353271,0.0183134,0.7328,0.9332,0.6763,0.3986,0.5991
MOD13Q1_061__250m_16_days_NDVI_doy2002305000000_aid0015,_250m_16_days_NDVI,aid0015,2002-11-01,3413605.0,-0.2,0.9974,"(-0.2,0.9974)",0.6291185,0.1402374,0.0196665,0.7159,0.94,0.6491,0.3424,0.5665
MOD13Q1_061__250m_16_days_NDVI_doy2002321000000_aid0015,_250m_16_days_NDVI,aid0015,2002-11-17,3430261.0,-0.2,0.9984,"(-0.2,0.9984)",0.6385901,0.1544667,0.02386,0.7345,0.9755,0.6693,0.3328,0.5738
MOD13Q1_061__250m_16_days_NDVI_doy2002337000000_aid0015,_250m_16_days_NDVI,aid0015,2002-12-03,3423709.0,-0.2,0.9993,"(-0.2,0.9993)",0.6396513,0.158958,0.0252676,0.742,0.9993,0.6663,0.2985,0.5646
MOD13Q1_061__250m_16_days_NDVI_doy2002353000000_aid0015,_250m_16_days_NDVI,aid0015,2002-12-19,3410251.0,-0.2,0.9975,"(-0.2,0.9975)",0.654451,0.14067,0.019788,0.7391,0.9551,0.6732,0.3776,0.5945
MOD13Q1_061__250m_16_days_NDVI_doy2003001000000_aid0015,_250m_16_days_NDVI,aid0015,2003-01-01,3412184.0,-0.2,0.9949,"(-0.2,0.9949)",0.6921217,0.1080668,0.0116784,0.7564,0.9281,0.7012,0.4702,0.6419
MOD13Q1_061__250m_16_days_NDVI_doy2003017000000_aid0015,_250m_16_days_NDVI,aid0015,2003-01-17,3415820.0,-0.2,0.9991,"(-0.2,0.9991)",0.7099739,0.1148656,0.0131941,0.7801,0.9749,0.7123,0.4534,0.6494
MOD13Q1_061__250m_16_days_NDVI_doy2003033000000_aid0015,_250m_16_days_NDVI,aid0015,2003-02-02,3413784.0,-0.2,0.9995,"(-0.2,0.9995)",0.71563,0.1198467,0.0143632,0.7954,0.9995,0.7129,0.4314,0.6498
MOD13Q1_061__250m_16_days_NDVI_doy2003049000000_aid0015,_250m_16_days_NDVI,aid0015,2003-02-18,3413701.0,-0.2,0.9992,"(-0.2,0.9992)",0.7280928,0.1240576,0.0153903,0.8139,0.9992,0.733,0.4312,0.6608
MOD13Q1_061__250m_16_days_NDVI_doy2003065000000_aid0015,_250m_16_days_NDVI,aid0015,2003-03-06,3416598.0,-0.2,0.9995,"(-0.2,0.9995)",0.7296359,0.1213555,0.0147272,0.8028,0.9892,0.7371,0.4921,0.6785
MOD13Q1_061__250m_16_days_NDVI_doy2003081000000_aid0015,_250m_16_days_NDVI,aid0015,2003-03-22,3412118.0,-0.2,0.9995,"(-0.2,0.9995)",0.7259323,0.1035478,0.0107221,0.7843,0.9409,0.7322,0.5233,0.6799
MOD13Q1_061__250m_16_days_NDVI_doy2003097000000_aid0015,_250m_16_days_NDVI,aid0015,2003-04-07,3409548.0,-0.2,0.9985,"(-0.2,0.9985)",0.673647,0.1174473,0.0137939,0.7384,0.9082,0.6887,0.4554,0.6252
MOD13Q1_061__250m_16_days_NDVI_doy2003113000000_aid0015,_250m_16_days_NDVI,aid0015,2003-04-23,3408528.0,-0.2,0.9986,"(-0.2,0.9986)",0.6471551,0.1351564,0.0182672,0.7204,0.9004,0.6694,0.4204,0.6004
MOD13Q1_061__250m_16_days_NDVI_doy2003129000000_aid0015,_250m_16_days_NDVI,aid0015,2003-05-09,3410400.0,-0.2,0.9602,"(-0.2,0.9602)",0.6384447,0.1308498,0.0171217,0.7074,0.8731,0.6615,0.4312,0.5969
MOD13Q1_061__250m_16_days_NDVI_doy2003145000000_aid0015,_250m_16_days_NDVI,aid0015,2003-05-25,3413305.0,-0.2,0.999,"(-0.2,0.999)",0.6239724,0.123799,0.0153262,0.6837,0.8389,0.6344,0.425,0.5802
MOD13Q1_061__250m_16_days_NDVI_doy2003161000000_aid0015,_250m_16_days_NDVI,aid0015,2003-06-10,3418271.0,-0.2,0.9989,"(-0.2,0.9989)",0.6267715,0.1256377,0.0157848,0.6905,0.8585,0.63,0.4105,0.5785
MOD13Q1_061__250m_16_days_NDVI_doy2003177000000_aid0015,_250m_16_days_NDVI,aid0015,2003-06-26,3412361.0,-0.2,0.9989,"(-0.2,0.9989)",0.6369789,0.1049659,0.0110178,0.6924,0.8439,0.6379,0.4399,0.5914
MOD13Q1_061__250m_16_days_NDVI_doy2003193000000_aid0015,_250m_16_days_NDVI,aid0015,2003-07-12,3424294.0,-0.2,0.9913,"(-0.2,0.9913)",0.6070444,0.1196303,0.0143114,0.6687,0.8401,0.6031,0.383,0.5544
MOD13Q1_061__250m_16_days_NDVI_doy2003209000000_aid0015,_250m_16_days_NDVI,aid0015,2003-07-28,3406288.0,-0.2,0.9971,"(-0.2,0.9971)",0.6052386,0.1219691,0.0148765,0.6745,0.8822,0.5862,0.3283,0.536
MOD13Q1_061__250m_16_days_NDVI_doy2003225000000_aid0015,_250m_16_days_NDVI,aid0015,2003-08-13,3410088.0,-0.2,0.9984,"(-0.2,0.9984)",0.5860116,0.1236354,0.0152857,0.6551,0.8657,0.5656,0.3041,0.5147
MOD13Q1_061__250m_16_days_NDVI_doy2003241000000_aid0015,_250m_16_days_NDVI,aid0015,2003-08-29,3411131.0,-0.2,0.9972,"(-0.2,0.9972)",0.5688042,0.1218402,0.014845,0.6359,0.8424,0.5512,0.2917,0.4982
MOD13Q1_061__250m_16_days_NDVI_doy2003257000000_aid0015,_250m_16_days_NDVI,aid0015,2003-09-14,3421583.0,-0.2,0.9954,"(-0.2,0.9954)",0.5460773,0.1221635,0.0149239,0.6094,0.8014,0.5376,0.2894,0.4814
MOD13Q1_061__250m_16_days_NDVI_doy2003273000000_aid0015,_250m_16_days_NDVI,aid0015,2003-09-30,3414092.0,-0.2,0.9925,"(-0.2,0.9925)",0.5966538,0.1176076,0.0138315,0.6612,0.849,0.5964,0.3482,0.536
MOD13Q1_061__250m_16_days_NDVI_doy2003289000000_aid0015,_250m_16_days_NDVI,aid0015,2003-10-16,3416645.0,-0.2,0.9874,"(-0.2,0.9874)",0.6036979,0.1280797,0.0164044,0.673,0.8684,0.6121,0.3473,0.5427
MOD13Q1_061__250m_16_days_NDVI_doy2003305000000_aid0015,_250m_16_days_NDVI,aid0015,2003-11-01,3420184.0,-0.2,0.9992,"(-0.2,0.9992)",0.6000479,0.1494396,0.0223322,0.688,0.9239,0.6215,0.2948,0.5307
MOD13Q1_061__250m_16_days_NDVI_doy2003321000000_aid0015,_250m_16_days_NDVI,aid0015,2003-11-17,3415112.0,-0.2,0.9994,"(-0.2,0.9994)",0.6172272,0.150168,0.0225504,0.7086,0.939,0.6395,0.3241,0.5548
MOD13Q1_061__250m_16_days_NDVI_doy2003337000000_aid0015,_250m_16_days_NDVI,aid0015,2003-12-03,3439583.0,-0.2,0.9866,"(-0.2,0.9866)",0.6145379,0.1581894,0.0250239,0.7095,0.9526,0.641,0.2993,0.5454
MOD13Q1_061__250m_16_days_NDVI_doy2003353000000_aid0015,_250m_16_days_NDVI,aid0015,2003-12-19,3412150.0,-0.2,0.9987,"(-0.2,0.9987)",0.6514423,0.1282776,0.0164552,0.725,0.9125,0.6661,0.4125,0.6
MOD13Q1_061__250m_16_days_NDVI_doy2004001000000_aid0015,_250m_16_days_NDVI,aid0015,2004-01-01,3414078.0,-0.2,0.9993,"(-0.2,0.9993)",0.6863136,0.1079688,0.0116573,0.7487,0.9192,0.6911,0.4645,0.635
MOD13Q1_061__250m_16_days_NDVI_doy2004017000000_aid0015,_250m_16_days_NDVI,aid0015,2004-01-17,3414456.0,-0.2,0.9992,"(-0.2,0.9992)",0.6958099,0.1239147,0.0153549,0.778,0.9992,0.6986,0.401,0.6272
MOD13Q1_061__250m_16_days_NDVI_doy2004033000000_aid0015,_250m_16_days_NDVI,aid0015,2004-02-02,3415006.0,-0.2,0.9881,"(-0.2,0.9881)",0.6936296,0.1320031,0.0174248,0.7898,0.9881,0.6898,0.3468,0.6126
MOD13Q1_061__250m_16_days_NDVI_doy2004049000000_aid0015,_250m_16_days_NDVI,aid0015,2004-02-18,3417472.0,-0.2,0.9978,"(-0.2,0.9978)",0.6533854,0.1405042,0.0197414,0.7528,0.9978,0.6514,0.2778,0.5628
MOD13Q1_061__250m_16_days_NDVI_doy2004065000000_aid0015,_250m_16_days_NDVI,aid0015,2004-03-05,3416086.0,-0.2,0.9969,"(-0.2,0.9969)",0.6398454,0.1300898,0.0169234,0.7322,0.9923,0.632,0.297,0.5581
MOD13Q1_061__250m_16_days_NDVI_doy2004081000000_aid0015,_250m_16_days_NDVI,aid0015,2004-03-21,3414078.0,-0.2,0.998,"(-0.2,0.998)",0.5948301,0.1266428,0.0160384,0.6707,0.9051,0.5874,0.28,0.5144
MOD13Q1_061__250m_16_days_NDVI_doy2004097000000_aid0015,_250m_16_days_NDVI,aid0015,2004-04-06,3419296.0,-0.2,0.9984,"(-0.2,0.9984)",0.6217893,0.1317269,0.017352,0.6994,0.9095,0.6349,0.3492,0.5593
MOD13Q1_061__250m_16_days_NDVI_doy2004113000000_aid0015,_250m_16_days_NDVI,aid0015,2004-04-22,3425530.0,-0.2,0.9918,"(-0.2,0.9918)",0.630261,0.1433645,0.0205534,0.7178,0.9367,0.659,0.3528,0.5718
MOD13Q1_061__250m_16_days_NDVI_doy2004129000000_aid0015,_250m_16_days_NDVI,aid0015,2004-05-08,3412757.0,-0.2,0.999,"(-0.2,0.999)",0.6449838,0.1235737,0.0152705,0.7167,0.8968,0.662,0.4165,0.5966
MOD13Q1_061__250m_16_days_NDVI_doy2004145000000_aid0015,_250m_16_days_NDVI,aid0015,2004-05-24,3412413.0,-0.2,0.999,"(-0.2,0.999)",0.6252995,0.1216478,0.0147982,0.6928,0.8735,0.6332,0.3916,0.5723
MOD13Q1_061__250m_16_days_NDVI_doy2004161000000_aid0015,_250m_16_days_NDVI,aid0015,2004-06-09,3410100.0,-0.2,0.9908,"(-0.2,0.9908)",0.6052272,0.1219554,0.0148731,0.6734,0.8651,0.6055,0.3539,0.5456
MOD13Q1_061__250m_16_days_NDVI_doy2004177000000_aid0015,_250m_16_days_NDVI,aid0015,2004-06-25,3420537.0,-0.2,0.9992,"(-0.2,0.9992)",0.6344235,0.1228729,0.0150978,0.7091,0.9102,0.6369,0.3739,0.575
MOD13Q1_061__250m_16_days_NDVI_doy2004193000000_aid0015,_250m_16_days_NDVI,aid0015,2004-07-11,3409244.0,-0.2,0.9973,"(-0.2,0.9973)",0.6165611,0.1235433,0.0152629,0.6978,0.9262,0.6088,0.3161,0.5451
MOD13Q1_061__250m_16_days_NDVI_doy2004209000000_aid0015,_250m_16_days_NDVI,aid0015,2004-07-27,3409095.0,-0.2,0.9433,"(-0.2,0.9433)",0.613077,0.1205439,0.0145308,0.6868,0.8992,0.6062,0.3328,0.5452
MOD13Q1_061__250m_16_days_NDVI_doy2004225000000_aid0015,_250m_16_days_NDVI,aid0015,2004-08-12,3431715.0,-0.2,0.9587,"(-0.2,0.9587)",0.5968056,0.1247335,0.0155584,0.6664,0.8624,0.5913,0.3397,0.5357
MOD13Q1_061__250m_16_days_NDVI_doy2004241000000_aid0015,_250m_16_days_NDVI,aid0015,2004-08-28,3418582.0,-0.2,0.9969,"(-0.2,0.9969)",0.5952505,0.1228946,0.0151031,0.671,0.8916,0.5891,0.3033,0.5239
MOD13Q1_061__250m_16_days_NDVI_doy2004257000000_aid0015,_250m_16_days_NDVI,aid0015,2004-09-13,3421186.0,-0.2,0.9981,"(-0.2,0.9981)",0.6172605,0.1157954,0.0134086,0.687,0.8836,0.6228,0.3593,0.5559
MOD13Q1_061__250m_16_days_NDVI_doy2004273000000_aid0015,_250m_16_days_NDVI,aid0015,2004-09-29,3416273.0,-0.2,0.9701,"(-0.2,0.9701)",0.6054452,0.121898,0.0148591,0.6764,0.8813,0.608,0.3349,0.5398
MOD13Q1_061__250m_16_days_NDVI_doy2004289000000_aid0015,_250m_16_days_NDVI,aid0015,2004-10-15,3415497.0,-0.2,0.9966,"(-0.2,0.9966)",0.5909617,0.1364186,0.01861,0.6743,0.9051,0.6033,0.2896,0.5204
MOD13Q1_061__250m_16_days_NDVI_doy2004305000000_aid0015,_250m_16_days_NDVI,aid0015,2004-10-31,3413996.0,-0.2,0.9994,"(-0.2,0.9994)",0.6085416,0.1503481,0.0226046,0.7019,0.9473,0.6327,0.2927,0.5382
MOD13Q1_061__250m_16_days_NDVI_doy2004321000000_aid0015,_250m_16_days_NDVI,aid0015,2004-11-16,3409866.0,-0.2,0.9969,"(-0.2,0.9969)",0.6121346,0.1446113,0.0209124,0.7016,0.9362,0.635,0.3101,0.545
MOD13Q1_061__250m_16_days_NDVI_doy2004337000000_aid0015,_250m_16_days_NDVI,aid0015,2004-12-02,3416191.0,-0.2,0.9975,"(-0.2,0.9975)",0.6277765,0.1355208,0.0183659,0.7116,0.9372,0.6473,0.3356,0.5612
MOD13Q1_061__250m_16_days_NDVI_doy2004353000000_aid0015,_250m_16_days_NDVI,aid0015,2004-12-18,3419948.0,-0.2,0.9988,"(-0.2,0.9988)",0.6480262,0.1288874,0.0166119,0.7344,0.961,0.6666,0.3552,0.5827
MOD13Q1_061__250m_16_days_NDVI_doy2005001000000_aid0015,_250m_16_days_NDVI,aid0015,2005-01-01,3423669.0,-0.2,0.9991,"(-0.2,0.9991)",0.6606254,0.1213581,0.0147278,0.7342,0.9445,0.6654,0.3837,0.594
MOD13Q1_061__250m_16_days_NDVI_doy2005017000000_aid0015,_250m_16_days_NDVI,aid0015,2005-01-17,3417904.0,-0.2,0.9984,"(-0.2,0.9984)",0.6492198,0.1228505,0.0150922,0.7295,0.9573,0.6511,0.3478,0.5768
MOD13Q1_061__250m_16_days_NDVI_doy2005033000000_aid0015,_250m_16_days_NDVI,aid0015,2005-02-02,3416170.0,-0.2,0.9909,"(-0.2,0.9909)",0.6457582,0.1399228,0.0195784,0.7457,0.9909,0.6494,0.2817,0.5601
MOD13Q1_061__250m_16_days_NDVI_doy2005049000000_aid0015,_250m_16_days_NDVI,aid0015,2005-02-18,3416429.0,-0.2,0.9949,"(-0.2,0.9949)",0.6010809,0.1384513,0.0191688,0.6971,0.9724,0.5986,0.2366,0.5129
MOD13Q1_061__250m_16_days_NDVI_doy2005065000000_aid0015,_250m_16_days_NDVI,aid0015,2005-03-06,3417715.0,-0.2,0.9958,"(-0.2,0.9958)",0.5856591,0.1295848,0.0167922,0.6726,0.9237,0.5871,0.2536,0.505
MOD13Q1_061__250m_16_days_NDVI_doy2005081000000_aid0015,_250m_16_days_NDVI,aid0015,2005-03-22,3417734.0,-0.2,0.9989,"(-0.2,0.9989)",0.6450834,0.1178428,0.0138869,0.72,0.925,0.6529,0.3783,0.5833
MOD13Q1_061__250m_16_days_NDVI_doy2005097000000_aid0015,_250m_16_days_NDVI,aid0015,2005-04-07,3416964.0,-0.2,0.9979,"(-0.2,0.9979)",0.6749021,0.1119373,0.01253,0.7395,0.9058,0.6879,0.4623,0.6286
MOD13Q1_061__250m_16_days_NDVI_doy2005113000000_aid0015,_250m_16_days_NDVI,aid0015,2005-04-23,3415845.0,-0.2,0.995,"(-0.2,0.995)",0.6603951,0.1211461,0.0146764,0.7298,0.9074,0.6764,0.4338,0.6114
MOD13Q1_061__250m_16_days_NDVI_doy2005129000000_aid0015,_250m_16_days_NDVI,aid0015,2005-05-09,3415025.0,-0.2,0.9987,"(-0.2,0.9987)",0.6829879,0.1262105,0.0159291,0.7539,0.9205,0.7047,0.4762,0.6428
MOD13Q1_061__250m_16_days_NDVI_doy2005145000000_aid0015,_250m_16_days_NDVI,aid0015,2005-05-25,3408606.0,-0.2,0.9985,"(-0.2,0.9985)",0.6772623,0.1187854,0.01411,0.7446,0.909,0.6938,0.4706,0.635
MOD13Q1_061__250m_16_days_NDVI_doy2005161000000_aid0015,_250m_16_days_NDVI,aid0015,2005-06-10,3435580.0,-0.2,0.9992,"(-0.2,0.9992)",0.6673356,0.1476856,0.021811,0.7477,0.917,0.7004,0.4655,0.6348
MOD13Q1_061__250m_16_days_NDVI_doy2005177000000_aid0015,_250m_16_days_NDVI,aid0015,2005-06-26,3407650.0,-0.2,0.997,"(-0.2,0.997)",0.6804505,0.1066457,0.0113733,0.7409,0.8925,0.6929,0.4882,0.6398
MOD13Q1_061__250m_16_days_NDVI_doy2005193000000_aid0015,_250m_16_days_NDVI,aid0015,2005-07-12,3407085.0,-0.2,0.9909,"(-0.2,0.9909)",0.662707,0.104635,0.0109485,0.7187,0.8642,0.6706,0.4762,0.6217
MOD13Q1_061__250m_16_days_NDVI_doy2005209000000_aid0015,_250m_16_days_NDVI,aid0015,2005-07-28,3409747.0,-0.2,0.9959,"(-0.2,0.9959)",0.6195812,0.1066207,0.011368,0.6777,0.8353,0.6228,0.415,0.5726
MOD13Q1_061__250m_16_days_NDVI_doy2005225000000_aid0015,_250m_16_days_NDVI,aid0015,2005-08-13,3421031.0,-0.2,0.999,"(-0.2,0.999)",0.6241514,0.1103784,0.0121834,0.6837,0.8392,0.6316,0.4245,0.58
MOD13Q1_061__250m_16_days_NDVI_doy2005241000000_aid0015,_250m_16_days_NDVI,aid0015,2005-08-29,3420697.0,-0.2,0.9957,"(-0.2,0.9957)",0.5965596,0.1157786,0.0134047,0.6606,0.8343,0.601,0.3711,0.5448
MOD13Q1_061__250m_16_days_NDVI_doy2005257000000_aid0015,_250m_16_days_NDVI,aid0015,2005-09-14,3414245.0,-0.2,0.9983,"(-0.2,0.9983)",0.5949789,0.1164391,0.0135581,0.6652,0.8639,0.5975,0.334,0.5327
MOD13Q1_061__250m_16_days_NDVI_doy2005273000000_aid0015,_250m_16_days_NDVI,aid0015,2005-09-30,3422281.0,-0.2,0.9941,"(-0.2,0.9941)",0.6082812,0.117712,0.0138561,0.6767,0.8547,0.6206,0.38,0.558
MOD13Q1_061__250m_16_days_NDVI_doy2005289000000_aid0015,_250m_16_days_NDVI,aid0015,2005-10-16,3411743.0,-0.2,0.9971,"(-0.2,0.9971)",0.6283712,0.1224401,0.0149916,0.7027,0.9116,0.6365,0.3545,0.5634
MOD13Q1_061__250m_16_days_NDVI_doy2005305000000_aid0015,_250m_16_days_NDVI,aid0015,2005-11-01,3407660.0,-0.2,0.9801,"(-0.2,0.9801)",0.6112527,0.1303384,0.0169881,0.6914,0.914,0.6185,0.3204,0.543
MOD13Q1_061__250m_16_days_NDVI_doy2005321000000_aid0015,_250m_16_days_NDVI,aid0015,2005-11-17,3414348.0,-0.2,0.9979,"(-0.2,0.9979)",0.6222183,0.1426383,0.0203457,0.7126,0.9518,0.6419,0.3136,0.553
MOD13Q1_061__250m_16_days_NDVI_doy2005337000000_aid0015,_250m_16_days_NDVI,aid0015,2005-12-03,3416281.0,-0.2,0.9984,"(-0.2,0.9984)",0.6252578,0.1353017,0.0183065,0.7067,0.9294,0.6392,0.3355,0.5582
MOD13Q1_061__250m_16_days_NDVI_doy2005353000000_aid0015,_250m_16_days_NDVI,aid0015,2005-12-19,3419689.0,-0.2,0.9923,"(-0.2,0.9923)",0.6376841,0.1210384,0.0146503,0.7091,0.9177,0.64,0.3614,0.57
MOD13Q1_061__250m_16_days_NDVI_doy2006001000000_aid0015,_250m_16_days_NDVI,aid0015,2006-01-01,3420614.0,-0.2,0.9993,"(-0.2,0.9993)",0.6413374,0.1290403,0.0166514,0.7287,0.9831,0.6442,0.3045,0.559
MOD13Q1_061__250m_16_days_NDVI_doy2006017000000_aid0015,_250m_16_days_NDVI,aid0015,2006-01-17,3440407.0,-0.2,0.9994,"(-0.2,0.9994)",0.6657172,0.1460295,0.0213246,0.7703,0.9994,0.6706,0.2958,0.5805
MOD13Q1_061__250m_16_days_NDVI_doy2006033000000_aid0015,_250m_16_days_NDVI,aid0015,2006-02-02,3424631.0,-0.2,0.9991,"(-0.2,0.9991)",0.6788494,0.1430754,0.0204706,0.7853,0.9991,0.6869,0.2931,0.5884
MOD13Q1_061__250m_16_days_NDVI_doy2006049000000_aid0015,_250m_16_days_NDVI,aid0015,2006-02-18,3417296.0,-0.2,0.9992,"(-0.2,0.9992)",0.651355,0.1544361,0.0238505,0.7765,0.9992,0.6504,0.184,0.5395
MOD13Q1_061__250m_16_days_NDVI_doy2006065000000_aid0015,_250m_16_days_NDVI,aid0015,2006-03-06,3416184.0,-0.2,0.9993,"(-0.2,0.9993)",0.6529866,0.1491669,0.0222508,0.7676,0.9993,0.6635,0.2326,0.5536
MOD13Q1_061__250m_16_days_NDVI_doy2006081000000_aid0015,_250m_16_days_NDVI,aid0015,2006-03-22,3413335.0,-0.2,0.9977,"(-0.2,0.9977)",0.6459393,0.1418504,0.0201215,0.7524,0.9977,0.6614,0.2437,0.5489
MOD13Q1_061__250m_16_days_NDVI_doy2006097000000_aid0015,_250m_16_days_NDVI,aid0015,2006-04-07,3412974.0,-0.2,0.9992,"(-0.2,0.9992)",0.632518,0.1419446,0.0201483,0.7355,0.9992,0.647,0.2463,0.5398
MOD13Q1_061__250m_16_days_NDVI_doy2006113000000_aid0015,_250m_16_days_NDVI,aid0015,2006-04-23,3412412.0,-0.2,0.9945,"(-0.2,0.9945)",0.6267891,0.1387326,0.0192467,0.7208,0.9734,0.6405,0.2976,0.5515
MOD13Q1_061__250m_16_days_NDVI_doy2006129000000_aid0015,_250m_16_days_NDVI,aid0015,2006-05-09,3414311.0,-0.2,0.9983,"(-0.2,0.9983)",0.6131781,0.13128,0.0172344,0.6938,0.9143,0.6218,0.3263,0.5468
MOD13Q1_061__250m_16_days_NDVI_doy2006145000000_aid0015,_250m_16_days_NDVI,aid0015,2006-05-25,3413253.0,-0.2,0.9988,"(-0.2,0.9988)",0.6175035,0.1226885,0.0150525,0.69,0.8901,0.6223,0.3565,0.5566
MOD13Q1_061__250m_16_days_NDVI_doy2006161000000_aid0015,_250m_16_days_NDVI,aid0015,2006-06-10,3414194.0,-0.2,0.9978,"(-0.2,0.9978)",0.635633,0.1169601,0.0136797,0.706,0.8989,0.6395,0.3845,0.5774
MOD13Q1_061__250m_16_days_NDVI_doy2006177000000_aid0015,_250m_16_days_NDVI,aid0015,2006-06-26,3412761.0,-0.2,0.9787,"(-0.2,0.9787)",0.6529245,0.1168406,0.0136517,0.7258,0.9227,0.658,0.3976,0.5945
MOD13Q1_061__250m_16_days_NDVI_doy2006193000000_aid0015,_250m_16_days_NDVI,aid0015,2006-07-12,3415913.0,-0.2,0.9991,"(-0.2,0.9991)",0.670168,0.109708,0.0120358,0.7366,0.9132,0.6766,0.4421,0.6188
MOD13Q1_061__250m_16_days_NDVI_doy2006209000000_aid0015,_250m_16_days_NDVI,aid0015,2006-07-28,3415528.0,-0.2,0.9977,"(-0.2,0.9977)",0.653435,0.116877,0.0136602,0.7252,0.9186,0.6623,0.4027,0.5962
MOD13Q1_061__250m_16_days_NDVI_doy2006225000000_aid0015,_250m_16_days_NDVI,aid0015,2006-08-13,3414745.0,-0.2,0.9964,"(-0.2,0.9964)",0.6288487,0.1210425,0.0146513,0.7049,0.9167,0.6392,0.3519,0.5637
MOD13Q1_061__250m_16_days_NDVI_doy2006241000000_aid0015,_250m_16_days_NDVI,aid0015,2006-08-29,3415595.0,-0.2,0.9934,"(-0.2,0.9934)",0.596386,0.1176633,0.0138446,0.6685,0.8713,0.6062,0.3305,0.5333
MOD13Q1_061__250m_16_days_NDVI_doy2006257000000_aid0015,_250m_16_days_NDVI,aid0015,2006-09-14,3413714.0,-0.2,0.9924,"(-0.2,0.9924)",0.5806232,0.1200276,0.0144066,0.6564,0.8775,0.5873,0.2879,0.509
MOD13Q1_061__250m_16_days_NDVI_doy2006273000000_aid0015,_250m_16_days_NDVI,aid0015,2006-09-30,3413147.0,-0.2,0.9836,"(-0.2,0.9836)",0.6073505,0.1192755,0.0142266,0.6834,0.9028,0.6139,0.3177,0.5371
MOD13Q1_061__250m_16_days_NDVI_doy2006289000000_aid0015,_250m_16_days_NDVI,aid0015,2006-10-16,3416075.0,-0.2,0.9942,"(-0.2,0.9942)",0.6211812,0.1311478,0.0171997,0.703,0.9286,0.638,0.3263,0.5523
MOD13Q1_061__250m_16_days_NDVI_doy2006305000000_aid0015,_250m_16_days_NDVI,aid0015,2006-11-01,3422209.0,-0.2,0.9964,"(-0.2,0.9964)",0.6422357,0.1487758,0.0221342,0.7366,0.977,0.6751,0.3356,0.5762
MOD13Q1_061__250m_16_days_NDVI_doy2006321000000_aid0015,_250m_16_days_NDVI,aid0015,2006-11-17,3416626.0,-0.2,0.9981,"(-0.2,0.9981)",0.6326648,0.1408828,0.019848,0.7209,0.9443,0.6593,0.3482,0.5718
MOD13Q1_061__250m_16_days_NDVI_doy2006337000000_aid0015,_250m_16_days_NDVI,aid0015,2006-12-03,3423115.0,-0.2,0.9994,"(-0.2,0.9994)",0.6279768,0.1377636,0.0189788,0.7123,0.9408,0.6447,0.3313,0.5599
MOD13Q1_061__250m_16_days_NDVI_doy2006353000000_aid0015,_250m_16_days_NDVI,aid0015,2006-12-19,3430560.0,-0.2,0.9993,"(-0.2,0.9993)",0.6728694,0.1242786,0.0154452,0.7441,0.9292,0.6825,0.4356,0.6207
MOD13Q1_061__250m_16_days_NDVI_doy2007001000000_aid0015,_250m_16_days_NDVI,aid0015,2007-01-01,3421254.0,-0.2,0.9992,"(-0.2,0.9992)",0.7188159,0.1147572,0.0131692,0.7893,0.9769,0.7272,0.4766,0.6642
MOD13Q1_061__250m_16_days_NDVI_doy2007017000000_aid0015,_250m_16_days_NDVI,aid0015,2007-01-17,3411936.0,-0.2,0.9992,"(-0.2,0.9992)",0.7342063,0.1196008,0.0143044,0.8134,0.9992,0.7424,0.4627,0.6731
MOD13Q1_061__250m_16_days_NDVI_doy2007033000000_aid0015,_250m_16_days_NDVI,aid0015,2007-02-02,3412097.0,-0.2,0.9968,"(-0.2,0.9968)",0.7247266,0.1240398,0.0153859,0.8075,0.9968,0.7331,0.4448,0.6624
MOD13Q1_061__250m_16_days_NDVI_doy2007049000000_aid0015,_250m_16_days_NDVI,aid0015,2007-02-18,3413670.0,-0.2,0.9996,"(-0.2,0.9996)",0.7290864,0.119824,0.0143578,0.8087,0.9996,0.7322,0.4582,0.6685
MOD13Q1_061__250m_16_days_NDVI_doy2007065000000_aid0015,_250m_16_days_NDVI,aid0015,2007-03-06,3410646.0,-0.2,0.998,"(-0.2,0.998)",0.7383894,0.1106223,0.0122373,0.8055,0.9765,0.745,0.5203,0.6914
MOD13Q1_061__250m_16_days_NDVI_doy2007081000000_aid0015,_250m_16_days_NDVI,aid0015,2007-03-22,3419386.0,-0.2,0.9985,"(-0.2,0.9985)",0.695894,0.1192592,0.0142228,0.7633,0.9269,0.7137,0.4906,0.6542
MOD13Q1_061__250m_16_days_NDVI_doy2007097000000_aid0015,_250m_16_days_NDVI,aid0015,2007-04-07,3411596.0,-0.2,0.9902,"(-0.2,0.9902)",0.6808348,0.1351978,0.0182784,0.7623,0.9508,0.7129,0.4478,0.6365
MOD13Q1_061__250m_16_days_NDVI_doy2007113000000_aid0015,_250m_16_days_NDVI,aid0015,2007-04-23,3409552.0,-0.2,0.9986,"(-0.2,0.9986)",0.6716013,0.1349145,0.0182019,0.7528,0.9473,0.7037,0.4283,0.623
MOD13Q1_061__250m_16_days_NDVI_doy2007129000000_aid0015,_250m_16_days_NDVI,aid0015,2007-05-09,3410722.0,-0.2,0.9989,"(-0.2,0.9989)",0.6605994,0.133873,0.017922,0.7406,0.9291,0.6923,0.4264,0.6149
MOD13Q1_061__250m_16_days_NDVI_doy2007145000000_aid0015,_250m_16_days_NDVI,aid0015,2007-05-25,3406564.0,-0.2,0.9991,"(-0.2,0.9991)",0.6248554,0.1250462,0.0156366,0.6938,0.8735,0.64,0.3943,0.574
MOD13Q1_061__250m_16_days_NDVI_doy2007161000000_aid0015,_250m_16_days_NDVI,aid0015,2007-06-10,3425479.0,-0.2,0.9987,"(-0.2,0.9987)",0.5696319,0.1373312,0.0188599,0.6502,0.857,0.5894,0.3055,0.5123
MOD13Q1_061__250m_16_days_NDVI_doy2007177000000_aid0015,_250m_16_days_NDVI,aid0015,2007-06-26,3434108.0,-0.2,0.9993,"(-0.2,0.9993)",0.5856056,0.1421209,0.0201984,0.6638,0.8574,0.5969,0.3411,0.5347
MOD13Q1_061__250m_16_days_NDVI_doy2007193000000_aid0015,_250m_16_days_NDVI,aid0015,2007-07-12,3408562.0,-0.2,0.9964,"(-0.2,0.9964)",0.5979726,0.1239815,0.0153714,0.6753,0.8979,0.5903,0.3043,0.5269
MOD13Q1_061__250m_16_days_NDVI_doy2007209000000_aid0015,_250m_16_days_NDVI,aid0015,2007-07-28,3410209.0,-0.2,0.9947,"(-0.2,0.9947)",0.5762063,0.1224562,0.0149955,0.6521,0.8765,0.567,0.2781,0.5025
MOD13Q1_061__250m_16_days_NDVI_doy2007225000000_aid0015,_250m_16_days_NDVI,aid0015,2007-08-13,3432640.0,-0.2,0.9992,"(-0.2,0.9992)",0.5437298,0.1437204,0.0206556,0.6361,0.896,0.5337,0.2029,0.4628
MOD13Q1_061__250m_16_days_NDVI_doy2007241000000_aid0015,_250m_16_days_NDVI,aid0015,2007-08-29,3433709.0,-0.2,0.9989,"(-0.2,0.9989)",0.5559913,0.1371126,0.0187999,0.6418,0.8963,0.5358,0.2176,0.4721
MOD13Q1_061__250m_16_days_NDVI_doy2007257000000_aid0015,_250m_16_days_NDVI,aid0015,2007-09-14,3407986.0,-0.2,0.9981,"(-0.2,0.9981)",0.6118337,0.1235455,0.0152635,0.6862,0.901,0.6106,0.3282,0.543
MOD13Q1_061__250m_16_days_NDVI_doy2007273000000_aid0015,_250m_16_days_NDVI,aid0015,2007-09-30,3451014.0,-0.2,0.9991,"(-0.2,0.9991)",0.6064603,0.1313966,0.0172651,0.6827,0.8811,0.6215,0.352,0.5504
MOD13Q1_061__250m_16_days_NDVI_doy2007289000000_aid0015,_250m_16_days_NDVI,aid0015,2007-10-16,3414951.0,-0.2,0.9966,"(-0.2,0.9966)",0.6438959,0.1242426,0.0154362,0.7182,0.9148,0.6596,0.3905,0.5871
MOD13Q1_061__250m_16_days_NDVI_doy2007305000000_aid0015,_250m_16_days_NDVI,aid0015,2007-11-01,3412173.0,-0.2,0.9977,"(-0.2,0.9977)",0.6164341,0.143545,0.0206052,0.7045,0.9325,0.6393,0.3213,0.5512
MOD13Q1_061__250m_16_days_NDVI_doy2007321000000_aid0015,_250m_16_days_NDVI,aid0015,2007-11-17,3412999.0,-0.2,0.9935,"(-0.2,0.9935)",0.6137053,0.1476609,0.0218037,0.7053,0.945,0.6367,0.3028,0.5443
MOD13Q1_061__250m_16_days_NDVI_doy2007337000000_aid0015,_250m_16_days_NDVI,aid0015,2007-12-03,3416165.0,-0.2,0.9971,"(-0.2,0.9971)",0.612602,0.1345898,0.0181144,0.691,0.9088,0.6202,0.328,0.5458
MOD13Q1_061__250m_16_days_NDVI_doy2007353000000_aid0015,_250m_16_days_NDVI,aid0015,2007-12-19,3417256.0,-0.2,0.9994,"(-0.2,0.9994)",0.6396547,0.1250125,0.0156281,0.7195,0.9505,0.6411,0.3345,0.5655
