File Name,Dataset,aid,Date,Count,Minimum,Maximum,Range,Mean,Standard Deviation,Variance,Upper Quartile,Upper 1.5 IQR,Median,Lower 1.5 IQR,Lower Quartile
MOD13Q1_061__250m_16_days_NDVI_doy2023353000000_aid0001,_250m_16_days_NDVI,aid0001,2023-12-19,7483056.0,-0.2,0.9996,"(-0.2,0.9996)",0.4127201,0.302389,0.0914391,0.7034,0.9996,0.3569,-0.2,0.1122
MOD13Q1_061__250m_16_days_NDVI_doy2024001000000_aid0001,_250m_16_days_NDVI,aid0001,2024-01-01,7481343.0,-0.2,0.9994,"(-0.2,0.9994)",0.4408283,0.317476,0.100791,0.7476,0.9994,0.4138,-0.2,0.1161
MOD13Q1_061__250m_16_days_NDVI_doy2024017000000_aid0001,_250m_16_days_NDVI,aid0001,2024-01-17,7481717.0,-0.2,0.9994,"(-0.2,0.9994)",0.4320067,0.3075223,0.0945699,0.7182,0.9994,0.4123,-0.2,0.1206
MOD13Q1_061__250m_16_days_NDVI_doy2024033000000_aid0001,_250m_16_days_NDVI,aid0001,2024-02-02,7480888.0,-0.2,0.9993,"(-0.2,0.9993)",0.4412321,0.3049705,0.093007,0.7193,0.9993,0.4439,-0.2,0.1276
MOD13Q1_061__250m_16_days_NDVI_doy2024049000000_aid0001,_250m_16_days_NDVI,aid0001,2024-02-18,7477188.0,-0.2,0.9996,"(-0.2,0.9996)",0.4750408,0.3203708,0.1026374,0.7765,0.9996,0.5224,-0.2,0.1347
MOD13Q1_061__250m_16_days_NDVI_doy2024065000000_aid0001,_250m_16_days_NDVI,aid0001,2024-03-05,7474273.0,-0.2,0.9993,"(-0.2,0.9993)",0.4788647,0.3176448,0.1008982,0.7777,0.9993,0.5424,-0.2,0.1404
MOD13Q1_061__250m_16_days_NDVI_doy2024081000000_aid0001,_250m_16_days_NDVI,aid0001,2024-03-21,7473907.0,-0.2,0.9992,"(-0.2,0.9992)",0.4717474,0.3111357,0.0968054,0.7616,0.9992,0.5332,-0.2,0.1433
MOD13Q1_061__250m_16_days_NDVI_doy2024097000000_aid0001,_250m_16_days_NDVI,aid0001,2024-04-06,7479844.0,-0.2,0.9992,"(-0.2,0.9992)",0.4481281,0.3000768,0.0900461,0.7323,0.9992,0.4755,-0.2,0.1361
MOD13Q1_061__250m_16_days_NDVI_doy2024113000000_aid0001,_250m_16_days_NDVI,aid0001,2024-04-22,7479895.0,-0.2,0.9994,"(-0.2,0.9994)",0.3968271,0.2956889,0.0874319,0.7089,0.9994,0.2906,-0.2,0.1219
MOD13Q1_061__250m_16_days_NDVI_doy2024129000000_aid0001,_250m_16_days_NDVI,aid0001,2024-05-08,7479912.0,-0.2,0.9994,"(-0.2,0.9994)",0.4143482,0.2866581,0.0821728,0.6869,0.9994,0.393,-0.2,0.1274
MOD13Q1_061__250m_16_days_NDVI_doy2024145000000_aid0001,_250m_16_days_NDVI,aid0001,2024-05-24,7475706.0,-0.2,0.9993,"(-0.2,0.9993)",0.4006047,0.2854539,0.0814839,0.6753,0.9993,0.359,-0.2,0.1211
MOD13Q1_061__250m_16_days_NDVI_doy2024161000000_aid0001,_250m_16_days_NDVI,aid0001,2024-06-09,7479793.0,-0.2,0.9993,"(-0.2,0.9993)",0.3651909,0.2610795,0.0681625,0.6043,0.9993,0.3198,-0.2,0.1179
MOD13Q1_061__250m_16_days_NDVI_doy2024177000000_aid0001,_250m_16_days_NDVI,aid0001,2024-06-25,7476224.0,-0.2,0.9953,"(-0.2,0.9953)",0.3593321,0.2582714,0.0667041,0.5982,0.9953,0.3089,-0.2,0.116
MOD13Q1_061__250m_16_days_NDVI_doy2024193000000_aid0001,_250m_16_days_NDVI,aid0001,2024-07-11,7476967.0,-0.2,0.9944,"(-0.2,0.9944)",0.3303681,0.235298,0.0553652,0.5374,0.9944,0.2826,-0.2,0.1151
MOD13Q1_061__250m_16_days_NDVI_doy2024209000000_aid0001,_250m_16_days_NDVI,aid0001,2024-07-27,7477010.0,-0.2,0.9959,"(-0.2,0.9959)",0.3074242,0.2176135,0.0473556,0.4824,0.9959,0.2695,-0.2,0.1111
MOD13Q1_061__250m_16_days_NDVI_doy2024225000000_aid0001,_250m_16_days_NDVI,aid0001,2024-08-12,7477211.0,-0.2,0.9733,"(-0.2,0.9733)",0.3042179,0.2166561,0.0469399,0.4825,0.9733,0.2612,-0.2,0.1097
MOD13Q1_061__250m_16_days_NDVI_doy2024241000000_aid0001,_250m_16_days_NDVI,aid0001,2024-08-28,7477268.0,-0.2,0.9907,"(-0.2,0.9907)",0.2871088,0.1993454,0.0397386,0.4424,0.9428,0.2563,-0.2,0.1076
MOD13Q1_061__250m_16_days_NDVI_doy2024257000000_aid0001,_250m_16_days_NDVI,aid0001,2024-09-13,7478514.0,-0.2,0.9726,"(-0.2,0.9726)",0.2863107,0.2027614,0.0411122,0.4386,0.937,0.2516,-0.2,0.1062
MOD13Q1_061__250m_16_days_NDVI_doy2024273000000_aid0001,_250m_16_days_NDVI,aid0001,2024-09-29,7479017.0,-0.2,0.9922,"(-0.2,0.9922)",0.3022549,0.2165423,0.0468906,0.4751,0.9922,0.2613,-0.2,0.1053
MOD13Q1_061__250m_16_days_NDVI_doy2024289000000_aid0001,_250m_16_days_NDVI,aid0001,2024-10-15,7479348.0,-0.2,0.9982,"(-0.2,0.9982)",0.3587781,0.2655605,0.0705224,0.5925,0.9982,0.3026,-0.2,0.1057
MOD13Q1_061__250m_16_days_NDVI_doy2024305000000_aid0001,_250m_16_days_NDVI,aid0001,2024-10-31,7479619.0,-0.2,0.9993,"(-0.2,0.9993)",0.4049436,0.3062118,0.0937657,0.6878,0.9993,0.355,-0.2,0.1052
MOD13Q1_061__250m_16_days_NDVI_doy2024321000000_aid0001,_250m_16_days_NDVI,aid0001,2024-11-16,7480864.0,-0.2,0.9996,"(-0.2,0.9996)",0.3963523,0.2963666,0.0878332,0.6764,0.9996,0.3303,-0.2,0.1071
MOD13Q1_061__250m_16_days_NDVI_doy2024337000000_aid0001,_250m_16_days_NDVI,aid0001,2024-12-02,7480407.0,-0.2,0.9995,"(-0.2,0.9995)",0.4111207,0.3040005,0.0924163,0.6965,0.9995,0.3612,-0.2,0.1077
MOD13Q1_061__250m_16_days_NDVI_doy2024353000000_aid0001,_250m_16_days_NDVI,aid0001,2024-12-18,7480982.0,-0.1998,0.9995,"(-0.1998,0.9995)",0.4075137,0.2994684,0.0896813,0.6851,0.9995,0.358,-0.1998,0.1104
MOD13Q1_061__250m_16_days_NDVI_doy2025001000000_aid0001,_250m_16_days_NDVI,aid0001,2025-01-01,7481919.0,-0.2,0.9993,"(-0.2,0.9993)",0.4178276,0.2994609,0.0896769,0.6847,0.9993,0.3981,-0.2,0.1157
MOD13Q1_061__250m_16_days_NDVI_doy2025017000000_aid0001,_250m_16_days_NDVI,aid0001,2025-01-17,7481695.0,-0.2,0.9992,"(-0.2,0.9992)",0.4376217,0.3013138,0.09079,0.7137,0.9992,0.442,-0.2,0.1253
MOD13Q1_061__250m_16_days_NDVI_doy2025033000000_aid0001,_250m_16_days_NDVI,aid0001,2025-02-02,7481125.0,-0.2,0.9994,"(-0.2,0.9994)",0.4444917,0.3027644,0.0916663,0.7206,0.9994,0.4587,-0.2,0.1291
MOD13Q1_061__250m_16_days_NDVI_doy2025049000000_aid0001,_250m_16_days_NDVI,aid0001,2025-02-18,7477742.0,-0.1998,0.9994,"(-0.1998,0.9994)",0.4670904,0.3116153,0.0971041,0.7579,0.9994,0.5065,-0.1998,0.1382
MOD13Q1_061__250m_16_days_NDVI_doy2025065000000_aid0001,_250m_16_days_NDVI,aid0001,2025-03-06,7474535.0,-0.2,0.9994,"(-0.2,0.9994)",0.4668887,0.3095593,0.095827,0.7579,0.9994,0.4903,-0.2,0.1435
MOD13Q1_061__250m_16_days_NDVI_doy2025081000000_aid0001,_250m_16_days_NDVI,aid0001,2025-03-22,7475104.0,-0.2,0.9996,"(-0.2,0.9996)",0.4483242,0.2989863,0.0893928,0.7409,0.9996,0.4681,-0.2,0.1372
MOD13Q1_061__250m_16_days_NDVI_doy2025097000000_aid0001,_250m_16_days_NDVI,aid0001,2025-04-07,7474662.0,-0.2,0.9995,"(-0.2,0.9995)",0.4423728,0.2980122,0.0888113,0.7283,0.9995,0.4658,-0.2,0.1331
MOD13Q1_061__250m_16_days_NDVI_doy2025113000000_aid0001,_250m_16_days_NDVI,aid0001,2025-04-23,7475978.0,-0.2,0.9994,"(-0.2,0.9994)",0.4209176,0.2933073,0.0860292,0.708,0.9994,0.3852,-0.2,0.1275
MOD13Q1_061__250m_16_days_NDVI_doy2025129000000_aid0001,_250m_16_days_NDVI,aid0001,2025-05-09,7477242.0,-0.2,0.9995,"(-0.2,0.9995)",0.4122739,0.2913179,0.0848661,0.7,0.9995,0.3632,-0.2,0.1246
MOD13Q1_061__250m_16_days_NDVI_doy2025145000000_aid0001,_250m_16_days_NDVI,aid0001,2025-05-25,7478211.0,-0.2,0.9992,"(-0.2,0.9992)",0.4042353,0.2862393,0.0819329,0.675,0.9992,0.3686,-0.2,0.1218
MOD13Q1_061__250m_16_days_NDVI_doy2025161000000_aid0001,_250m_16_days_NDVI,aid0001,2025-06-10,7475880.0,-0.2,0.9991,"(-0.2,0.9991)",0.3707732,0.2632105,0.0692798,0.6136,0.9991,0.3271,-0.2,0.1184
MOD13Q1_061__250m_16_days_NDVI_doy2025177000000_aid0001,_250m_16_days_NDVI,aid0001,2025-06-26,7474518.0,-0.2,0.9989,"(-0.2,0.9989)",0.3522269,0.256851,0.0659724,0.5898,0.9989,0.3039,-0.2,0.1154
MOD13Q1_061__250m_16_days_NDVI_doy2025193000000_aid0001,_250m_16_days_NDVI,aid0001,2025-07-12,7474640.0,-0.2,0.9981,"(-0.2,0.9981)",0.3428226,0.247923,0.0614658,0.5668,0.9981,0.2937,-0.2,0.1144
MOD13Q1_061__250m_16_days_NDVI_doy2025209000000_aid0001,_250m_16_days_NDVI,aid0001,2025-07-28,7476831.0,-0.2,0.999,"(-0.2,0.999)",0.3289194,0.238338,0.056805,0.5341,0.999,0.2839,-0.2,0.1118
MOD13Q1_061__250m_16_days_NDVI_doy2025225000000_aid0001,_250m_16_days_NDVI,aid0001,2025-08-13,7476956.0,-0.2,0.986,"(-0.2,0.986)",0.3095616,0.2204483,0.0485974,0.4962,0.986,0.2707,-0.2,0.11
MOD13Q1_061__250m_16_days_NDVI_doy2025241000000_aid0001,_250m_16_days_NDVI,aid0001,2025-08-29,7476479.0,-0.2,0.9914,"(-0.2,0.9914)",0.3032871,0.2166957,0.046957,0.479,0.9914,0.2616,-0.2,0.1083
MOD13Q1_061__250m_16_days_NDVI_doy2025257000000_aid0001,_250m_16_days_NDVI,aid0001,2025-09-14,7478735.0,-0.2,0.9966,"(-0.2,0.9966)",0.296861,0.2098748,0.0440474,0.4609,0.9833,0.2615,-0.2,0.1074
MOD13Q1_061__250m_16_days_NDVI_doy2025273000000_aid0001,_250m_16_days_NDVI,aid0001,2025-09-30,7479223.0,-0.2,0.9695,"(-0.2,0.9695)",0.3045683,0.2214892,0.0490575,0.4677,0.9695,0.259,-0.2,0.1069
MOD13Q1_061__250m_16_days_NDVI_doy2025289000000_aid0001,_250m_16_days_NDVI,aid0001,2025-10-16,7480797.0,-0.2,0.9991,"(-0.2,0.9991)",0.3139772,0.2308441,0.053289,0.4823,0.9991,0.2612,-0.2,0.1071
MOD13Q1_061__250m_16_days_NDVI_doy2025305000000_aid0001,_250m_16_days_NDVI,aid0001,2025-11-01,7481592.0,-0.2,0.9986,"(-0.2,0.9986)",0.3265648,0.246247,0.0606376,0.507,0.9986,0.2595,-0.2,0.1058
MOD13Q1_061__250m_16_days_NDVI_doy2025321000000_aid0001,_250m_16_days_NDVI,aid0001,2025-11-17,7481208.0,-0.2,0.9993,"(-0.2,0.9993)",0.3477857,0.2650086,0.0702295,0.5447,0.9993,0.2715,-0.2,0.1083
MOD13Q1_061__250m_16_days_NDVI_doy2025337000000_aid0001,_250m_16_days_NDVI,aid0001,2025-12-03,7481963.0,-0.2,0.9992,"(-0.2,0.9992)",0.3876571,0.2877972,0.0828272,0.6388,0.9992,0.3171,-0.2,0.1126
MOD13Q1_061__250m_16_days_NDVI_doy2025353000000_aid0001,_250m_16_days_NDVI,aid0001,2025-12-19,7482969.0,-0.2,0.9996,"(-0.2,0.9996)",0.4222364,0.3054645,0.0933086,0.7153,0.9996,0.3651,-0.2,0.1166
MOD13Q1_061__250m_16_days_NDVI_doy2026001000000_aid0001,_250m_16_days_NDVI,aid0001,2026-01-01,7481339.0,-0.2,0.9996,"(-0.2,0.9996)",0.4432116,0.3080986,0.0949247,0.737,0.9996,0.4225,-0.2,0.1266
MOD13Q1_061__250m_16_days_NDVI_doy2026017000000_aid0001,_250m_16_days_NDVI,aid0001,2026-01-17,7477793.0,-0.2,0.9996,"(-0.2,0.9996)",0.4660001,0.3120076,0.0973487,0.7697,0.9996,0.4691,-0.2,0.1409
MOD13Q1_061__250m_16_days_NDVI_doy2026033000000_aid0001,_250m_16_days_NDVI,aid0001,2026-02-02,7476815.0,-0.2,0.9995,"(-0.2,0.9995)",0.4952955,0.3206816,0.1028367,0.7947,0.9995,0.5701,-0.2,0.15
MOD13Q1_061__250m_16_days_NDVI_doy2026049000000_aid0001,_250m_16_days_NDVI,aid0001,2026-02-18,7475762.0,-0.2,0.9993,"(-0.2,0.9993)",0.5042363,0.3245824,0.1053537,0.8056,0.9993,0.6061,-0.2,0.154
MOD13Q1_061__250m_16_days_NDVI_doy2026065000000_aid0001,_250m_16_days_NDVI,aid0001,2026-03-06,7480439.0,-0.2,0.9997,"(-0.2,0.9997)",0.4672558,0.313861,0.0985088,0.7852,0.9997,0.4537,-0.2,0.145
MOD13Q1_061__250m_16_days_NDVI_doy2026081000000_aid0001,_250m_16_days_NDVI,aid0001,2026-03-22,7475731.0,-0.2,0.9994,"(-0.2,0.9994)",0.4952051,0.3258817,0.1061989,0.8018,0.9994,0.6013,-0.2,0.1462
MOD13Q1_061__250m_16_days_NDVI_doy2026097000000_aid0001,_250m_16_days_NDVI,aid0001,2026-04-07,7477612.0,-0.2,0.9995,"(-0.2,0.9995)",0.4699054,0.316915,0.1004351,0.7795,0.9995,0.5018,-0.2,0.1397
MOD13Q1_061__250m_16_days_NDVI_doy2026113000000_aid0001,_250m_16_days_NDVI,aid0001,2026-04-23,7476868.0,-0.2,0.9994,"(-0.2,0.9994)",0.4518529,0.3086322,0.0952539,0.7527,0.9994,0.4549,-0.2,0.1369
MOD13Q1_061__250m_16_days_NDVI_doy2026129000000_aid0001,_250m_16_days_NDVI,aid0001,2026-05-09,7475548.0,-0.2,0.9992,"(-0.2,0.9992)",0.437371,0.3009309,0.0905594,0.7243,0.9992,0.4324,-0.2,0.1315
MOD13Q1_061__250m_16_days_NDVI_doy2026145000000_aid0001,_250m_16_days_NDVI,aid0001,2026-05-25,7478348.0,-0.2,0.9996,"(-0.2,0.9996)",0.3783593,0.2730593,0.0745614,0.6513,0.9996,0.2947,-0.2,0.1273
MOD13Q1_061__250m_16_days_NDVI_doy2026161000000_aid0001,_250m_16_days_NDVI,aid0001,2026-06-10,7476793.0,-0.2,0.9995,"(-0.2,0.9995)",0.398623,0.2795447,0.0781452,0.67,0.9995,0.3606,-0.2,0.1275
MOD13Q1_061__250m_16_days_NDVI_doy2026177000000_aid0001,_250m_16_days_NDVI,aid0001,2026-06-26,7473610.0,-0.2,0.999,"(-0.2,0.999)",0.3856184,0.2682096,0.0719364,0.636,0.999,0.3516,-0.2,0.1262
MOD13Q1_061__250m_16_days_NDVI_doy2026193000000_aid0001,_250m_16_days_NDVI,aid0001,2026-07-12,7476068.0,-0.2,0.9974,"(-0.2,0.9974)",0.3658398,0.2572791,0.0661926,0.5917,0.9974,0.328,-0.2,0.1218
MOD13Q1_061__250m_16_days_NDVI_doy2026209000000_aid0001,_250m_16_days_NDVI,aid0001,2026-07-28,7474193.0,-0.2,0.996,"(-0.2,0.996)",0.3540609,0.2486755,0.0618395,0.5761,0.996,0.3177,-0.2,0.1193
MOD13Q1_061__250m_16_days_NDVI_doy2023353000000_aid0002,_250m_16_days_NDVI,aid0002,2023-12-19,6907791.0,-0.2,0.9994,"(-0.2,0.9994)",0.6851371,0.154804,0.0239643,0.79,0.9994,0.7326,0.3995,0.6338
MOD13Q1_061__250m_16_days_NDVI_doy2024001000000_aid0002,_250m_16_days_NDVI,aid0002,2024-01-01,6907533.0,-0.2,0.9994,"(-0.2,0.9994)",0.6746357,0.1529271,0.0233867,0.7833,0.9994,0.7187,0.3636,0.6154
MOD13Q1_061__250m_16_days_NDVI_doy2024017000000_aid0002,_250m_16_days_NDVI,aid0002,2024-01-17,6906449.0,-0.2,0.9993,"(-0.2,0.9993)",0.6742691,0.1326805,0.0176041,0.7652,0.9786,0.7091,0.4075,0.6221
MOD13Q1_061__250m_16_days_NDVI_doy2024033000000_aid0002,_250m_16_days_NDVI,aid0002,2024-02-02,6908387.0,-0.2,0.9974,"(-0.2,0.9974)",0.6604013,0.1228097,0.0150822,0.7488,0.9774,0.6886,0.3673,0.5962
MOD13Q1_061__250m_16_days_NDVI_doy2024049000000_aid0002,_250m_16_days_NDVI,aid0002,2024-02-18,6908959.0,-0.2,0.9977,"(-0.2,0.9977)",0.6768526,0.1209917,0.014639,0.7589,0.9641,0.7015,0.4147,0.6212
MOD13Q1_061__250m_16_days_NDVI_doy2024065000000_aid0002,_250m_16_days_NDVI,aid0002,2024-03-05,6907829.0,-0.2,0.9758,"(-0.2,0.9758)",0.692671,0.1155726,0.013357,0.7697,0.9585,0.714,0.4532,0.6431
MOD13Q1_061__250m_16_days_NDVI_doy2024081000000_aid0002,_250m_16_days_NDVI,aid0002,2024-03-21,6907914.0,-0.2,0.9729,"(-0.2,0.9729)",0.6706914,0.1182067,0.0139728,0.7531,0.9589,0.6924,0.4071,0.6147
MOD13Q1_061__250m_16_days_NDVI_doy2024097000000_aid0002,_250m_16_days_NDVI,aid0002,2024-04-06,6907919.0,-0.2,0.9969,"(-0.2,0.9969)",0.6884425,0.1187584,0.0141036,0.7649,0.9337,0.7214,0.4834,0.6523
MOD13Q1_061__250m_16_days_NDVI_doy2024113000000_aid0002,_250m_16_days_NDVI,aid0002,2024-04-22,6906736.0,-0.2,0.9994,"(-0.2,0.9994)",0.6972044,0.1343628,0.0180534,0.781,0.9559,0.7381,0.4895,0.6644
MOD13Q1_061__250m_16_days_NDVI_doy2024129000000_aid0002,_250m_16_days_NDVI,aid0002,2024-05-08,6908173.0,-0.2,0.9995,"(-0.2,0.9995)",0.6701822,0.1348851,0.018194,0.7575,0.9453,0.711,0.4435,0.6319
MOD13Q1_061__250m_16_days_NDVI_doy2024145000000_aid0002,_250m_16_days_NDVI,aid0002,2024-05-24,6906612.0,-0.2,0.9975,"(-0.2,0.9975)",0.6576506,0.1307462,0.0170946,0.7459,0.9419,0.6945,0.4057,0.6098
MOD13Q1_061__250m_16_days_NDVI_doy2024161000000_aid0002,_250m_16_days_NDVI,aid0002,2024-06-09,6908400.0,-0.2,0.9993,"(-0.2,0.9993)",0.6095606,0.1323681,0.0175213,0.705,0.9426,0.643,0.3083,0.5463
MOD13Q1_061__250m_16_days_NDVI_doy2024177000000_aid0002,_250m_16_days_NDVI,aid0002,2024-06-25,6906147.0,-0.2,0.9821,"(-0.2,0.9821)",0.6102942,0.129031,0.016649,0.7034,0.9392,0.6446,0.3079,0.5452
MOD13Q1_061__250m_16_days_NDVI_doy2024193000000_aid0002,_250m_16_days_NDVI,aid0002,2024-07-11,6907248.0,-0.2,0.9967,"(-0.2,0.9967)",0.5591098,0.1268642,0.0160945,0.652,0.9054,0.5883,0.2288,0.4827
MOD13Q1_061__250m_16_days_NDVI_doy2024209000000_aid0002,_250m_16_days_NDVI,aid0002,2024-07-27,6907406.0,-0.2,0.9452,"(-0.2,0.9452)",0.5270547,0.1280766,0.0164036,0.6228,0.8948,0.5414,0.1693,0.4414
MOD13Q1_061__250m_16_days_NDVI_doy2024225000000_aid0002,_250m_16_days_NDVI,aid0002,2024-08-12,6907345.0,-0.2,0.9908,"(-0.2,0.9908)",0.5221872,0.1320557,0.0174387,0.6189,0.8911,0.5449,0.1652,0.4374
MOD13Q1_061__250m_16_days_NDVI_doy2024241000000_aid0002,_250m_16_days_NDVI,aid0002,2024-08-28,6907740.0,-0.2,0.9323,"(-0.2,0.9323)",0.5010947,0.1335861,0.0178452,0.6002,0.8813,0.515,0.1317,0.4128
MOD13Q1_061__250m_16_days_NDVI_doy2024257000000_aid0002,_250m_16_days_NDVI,aid0002,2024-09-13,6907698.0,-0.2,0.9791,"(-0.2,0.9791)",0.4874575,0.129089,0.016664,0.5806,0.8549,0.4982,0.1234,0.3977
MOD13Q1_061__250m_16_days_NDVI_doy2024273000000_aid0002,_250m_16_days_NDVI,aid0002,2024-09-29,6910846.0,-0.2,0.9986,"(-0.2,0.9986)",0.5102011,0.1444522,0.0208664,0.6031,0.8861,0.5042,0.1315,0.4144
MOD13Q1_061__250m_16_days_NDVI_doy2024289000000_aid0002,_250m_16_days_NDVI,aid0002,2024-10-15,6908950.0,-0.2,0.9993,"(-0.2,0.9993)",0.5862493,0.1736171,0.0301429,0.722,0.9993,0.618,0.0915,0.4698
MOD13Q1_061__250m_16_days_NDVI_doy2024305000000_aid0002,_250m_16_days_NDVI,aid0002,2024-10-31,6907326.0,-0.2,0.9972,"(-0.2,0.9972)",0.6075462,0.1599416,0.0255813,0.7243,0.9972,0.6519,0.2231,0.5238
MOD13Q1_061__250m_16_days_NDVI_doy2024321000000_aid0002,_250m_16_days_NDVI,aid0002,2024-11-16,6908561.0,-0.2,0.9954,"(-0.2,0.9954)",0.6422862,0.1514317,0.0229316,0.7482,0.9954,0.672,0.3267,0.5796
MOD13Q1_061__250m_16_days_NDVI_doy2024337000000_aid0002,_250m_16_days_NDVI,aid0002,2024-12-02,6907399.0,-0.2,0.999,"(-0.2,0.999)",0.6508612,0.1453365,0.0211227,0.7506,0.9778,0.6806,0.3719,0.5991
MOD13Q1_061__250m_16_days_NDVI_doy2024353000000_aid0002,_250m_16_days_NDVI,aid0002,2024-12-18,6905848.0,-0.2,0.9903,"(-0.2,0.9903)",0.6528226,0.1436423,0.0206331,0.7467,0.9499,0.6887,0.408,0.6112
MOD13Q1_061__250m_16_days_NDVI_doy2025001000000_aid0002,_250m_16_days_NDVI,aid0002,2025-01-01,6907085.0,-0.1998,0.9557,"(-0.1998,0.9557)",0.6470785,0.1358818,0.0184639,0.7356,0.9357,0.6778,0.4021,0.6022
MOD13Q1_061__250m_16_days_NDVI_doy2025017000000_aid0002,_250m_16_days_NDVI,aid0002,2025-01-17,6906793.0,-0.2,0.9934,"(-0.2,0.9934)",0.6321379,0.1163059,0.0135271,0.7109,0.917,0.6524,0.3674,0.5735
MOD13Q1_061__250m_16_days_NDVI_doy2025033000000_aid0002,_250m_16_days_NDVI,aid0002,2025-02-02,6908673.0,-0.2,0.9677,"(-0.2,0.9677)",0.6291549,0.1229423,0.0151148,0.7128,0.9377,0.6535,0.3378,0.5628
MOD13Q1_061__250m_16_days_NDVI_doy2025049000000_aid0002,_250m_16_days_NDVI,aid0002,2025-02-18,6908548.0,-0.2,0.9929,"(-0.2,0.9929)",0.6718576,0.1170065,0.0136905,0.7501,0.9467,0.7,0.4216,0.6187
MOD13Q1_061__250m_16_days_NDVI_doy2025065000000_aid0002,_250m_16_days_NDVI,aid0002,2025-03-06,6908477.0,-0.2,0.9971,"(-0.2,0.9971)",0.6832553,0.1201109,0.0144266,0.7653,0.9402,0.7188,0.4326,0.6322
MOD13Q1_061__250m_16_days_NDVI_doy2025081000000_aid0002,_250m_16_days_NDVI,aid0002,2025-03-22,6907299.0,-0.2,0.999,"(-0.2,0.999)",0.7236153,0.1069052,0.0114287,0.7942,0.9567,0.7523,0.5232,0.6858
MOD13Q1_061__250m_16_days_NDVI_doy2025097000000_aid0002,_250m_16_days_NDVI,aid0002,2025-04-07,6907786.0,-0.2,0.9882,"(-0.2,0.9882)",0.7273616,0.0959487,0.0092062,0.7901,0.9344,0.7501,0.5491,0.6937
MOD13Q1_061__250m_16_days_NDVI_doy2025113000000_aid0002,_250m_16_days_NDVI,aid0002,2025-04-23,6907533.0,-0.2,0.9992,"(-0.2,0.9992)",0.7069647,0.1309205,0.0171402,0.7886,0.9521,0.7455,0.5161,0.6796
MOD13Q1_061__250m_16_days_NDVI_doy2025129000000_aid0002,_250m_16_days_NDVI,aid0002,2025-05-09,6908473.0,-0.2,0.9967,"(-0.2,0.9967)",0.7233374,0.1084902,0.0117701,0.7907,0.9323,0.7528,0.5547,0.6963
MOD13Q1_061__250m_16_days_NDVI_doy2025145000000_aid0002,_250m_16_days_NDVI,aid0002,2025-05-25,6906685.0,-0.2,0.9991,"(-0.2,0.9991)",0.7127521,0.1107192,0.0122587,0.7795,0.9184,0.7431,0.548,0.6869
MOD13Q1_061__250m_16_days_NDVI_doy2025161000000_aid0002,_250m_16_days_NDVI,aid0002,2025-06-10,6906304.0,-0.2,0.9921,"(-0.2,0.9921)",0.6896848,0.1153597,0.0133079,0.7652,0.9297,0.7204,0.491,0.6555
MOD13Q1_061__250m_16_days_NDVI_doy2025177000000_aid0002,_250m_16_days_NDVI,aid0002,2025-06-26,6905707.0,-0.2,0.9837,"(-0.2,0.9837)",0.6487918,0.1204238,0.0145019,0.7297,0.9063,0.682,0.4345,0.6116
MOD13Q1_061__250m_16_days_NDVI_doy2025193000000_aid0002,_250m_16_days_NDVI,aid0002,2025-07-12,6905849.0,-0.2,0.9953,"(-0.2,0.9953)",0.6315616,0.1164977,0.0135717,0.7114,0.8938,0.6572,0.4074,0.5898
MOD13Q1_061__250m_16_days_NDVI_doy2025209000000_aid0002,_250m_16_days_NDVI,aid0002,2025-07-28,6905898.0,-0.1997,0.994,"(-0.1997,0.994)",0.6213384,0.1203232,0.0144777,0.7055,0.9104,0.642,0.364,0.5689
MOD13Q1_061__250m_16_days_NDVI_doy2025225000000_aid0002,_250m_16_days_NDVI,aid0002,2025-08-13,6906311.0,-0.2,0.9504,"(-0.2,0.9504)",0.5916531,0.1264374,0.0159864,0.6856,0.9232,0.6092,0.2896,0.5272
MOD13Q1_061__250m_16_days_NDVI_doy2025241000000_aid0002,_250m_16_days_NDVI,aid0002,2025-08-29,6906415.0,-0.2,0.9495,"(-0.2,0.9495)",0.5796497,0.1281048,0.0164108,0.673,0.9158,0.5914,0.2683,0.5111
MOD13Q1_061__250m_16_days_NDVI_doy2025257000000_aid0002,_250m_16_days_NDVI,aid0002,2025-09-14,6907400.0,-0.2,0.9979,"(-0.2,0.9979)",0.5916117,0.1393344,0.0194141,0.6976,0.9698,0.604,0.2036,0.5
MOD13Q1_061__250m_16_days_NDVI_doy2025273000000_aid0002,_250m_16_days_NDVI,aid0002,2025-09-30,6907050.0,-0.2,0.9799,"(-0.2,0.9799)",0.6147978,0.1523512,0.0232109,0.7376,0.9799,0.6341,0.1711,0.511
MOD13Q1_061__250m_16_days_NDVI_doy2025289000000_aid0002,_250m_16_days_NDVI,aid0002,2025-10-16,6906612.0,-0.2,0.9868,"(-0.2,0.9868)",0.6011078,0.1519193,0.0230795,0.7192,0.9868,0.6133,0.188,0.5067
MOD13Q1_061__250m_16_days_NDVI_doy2025305000000_aid0002,_250m_16_days_NDVI,aid0002,2025-11-01,6907226.0,-0.2,0.9979,"(-0.2,0.9979)",0.6335655,0.1580033,0.024965,0.7552,0.9979,0.6715,0.2137,0.5386
MOD13Q1_061__250m_16_days_NDVI_doy2025321000000_aid0002,_250m_16_days_NDVI,aid0002,2025-11-17,6908289.0,-0.1997,0.9483,"(-0.1997,0.9483)",0.6500174,0.1550343,0.0240356,0.7671,0.9483,0.6899,0.2714,0.5688
MOD13Q1_061__250m_16_days_NDVI_doy2025337000000_aid0002,_250m_16_days_NDVI,aid0002,2025-12-03,6906540.0,-0.2,0.9897,"(-0.2,0.9897)",0.6783387,0.1450091,0.0210276,0.7783,0.9897,0.718,0.3933,0.6243
MOD13Q1_061__250m_16_days_NDVI_doy2025353000000_aid0002,_250m_16_days_NDVI,aid0002,2025-12-19,6909114.0,-0.1995,0.9984,"(-0.1995,0.9984)",0.726568,0.1443799,0.0208455,0.8139,0.9743,0.7745,0.5434,0.7057
MOD13Q1_061__250m_16_days_NDVI_doy2026001000000_aid0002,_250m_16_days_NDVI,aid0002,2026-01-01,6908123.0,-0.2,0.9984,"(-0.2,0.9984)",0.7369606,0.1385363,0.0191923,0.8187,0.9662,0.783,0.5705,0.7194
MOD13Q1_061__250m_16_days_NDVI_doy2026017000000_aid0002,_250m_16_days_NDVI,aid0002,2026-01-17,6907201.0,-0.2,0.996,"(-0.2,0.996)",0.7326157,0.1232219,0.0151836,0.807,0.9479,0.7721,0.5698,0.7121
MOD13Q1_061__250m_16_days_NDVI_doy2026033000000_aid0002,_250m_16_days_NDVI,aid0002,2026-02-02,6908380.0,-0.2,0.9939,"(-0.2,0.9939)",0.7493281,0.0961642,0.0092475,0.8085,0.9415,0.773,0.5868,0.7198
MOD13Q1_061__250m_16_days_NDVI_doy2026049000000_aid0002,_250m_16_days_NDVI,aid0002,2026-02-18,6908237.0,-0.2,0.9955,"(-0.2,0.9955)",0.7236938,0.0995608,0.0099124,0.7869,0.9427,0.7431,0.5272,0.683
MOD13Q1_061__250m_16_days_NDVI_doy2026065000000_aid0002,_250m_16_days_NDVI,aid0002,2026-03-06,6907661.0,-0.2,0.9989,"(-0.2,0.9989)",0.7464656,0.0969993,0.0094089,0.8044,0.9451,0.7691,0.5699,0.7106
MOD13Q1_061__250m_16_days_NDVI_doy2026081000000_aid0002,_250m_16_days_NDVI,aid0002,2026-03-22,6906815.0,-0.2,0.9943,"(-0.2,0.9943)",0.7676352,0.0868616,0.0075449,0.8191,0.9398,0.7866,0.6179,0.7386
MOD13Q1_061__250m_16_days_NDVI_doy2026097000000_aid0002,_250m_16_days_NDVI,aid0002,2026-04-07,6906601.0,-0.2,0.9959,"(-0.2,0.9959)",0.7600152,0.0853104,0.0072779,0.8118,0.9276,0.7795,0.6188,0.7346
MOD13Q1_061__250m_16_days_NDVI_doy2026113000000_aid0002,_250m_16_days_NDVI,aid0002,2026-04-23,6909056.0,-0.2,0.9993,"(-0.2,0.9993)",0.7444361,0.102063,0.0104169,0.8026,0.9172,0.7697,0.6116,0.7262
MOD13Q1_061__250m_16_days_NDVI_doy2026129000000_aid0002,_250m_16_days_NDVI,aid0002,2026-05-09,6906991.0,-0.2,0.9858,"(-0.2,0.9858)",0.7272408,0.1104787,0.0122055,0.7923,0.918,0.7566,0.5828,0.7085
MOD13Q1_061__250m_16_days_NDVI_doy2026145000000_aid0002,_250m_16_days_NDVI,aid0002,2026-05-25,6908659.0,-0.2,0.9983,"(-0.2,0.9983)",0.6863074,0.1330755,0.0177091,0.77,0.9339,0.7256,0.4968,0.6607
MOD13Q1_061__250m_16_days_NDVI_doy2026161000000_aid0002,_250m_16_days_NDVI,aid0002,2026-06-10,6907000.0,-0.2,0.9989,"(-0.2,0.9989)",0.696446,0.1198887,0.0143733,0.773,0.931,0.7304,0.5095,0.6676
MOD13Q1_061__250m_16_days_NDVI_doy2026177000000_aid0002,_250m_16_days_NDVI,aid0002,2026-06-26,6905482.0,-0.2,0.9985,"(-0.2,0.9985)",0.6748692,0.1235218,0.0152576,0.762,0.9585,0.7038,0.4335,0.6306
MOD13Q1_061__250m_16_days_NDVI_doy2026193000000_aid0002,_250m_16_days_NDVI,aid0002,2026-07-12,6908627.0,-0.2,0.9985,"(-0.2,0.9985)",0.6350916,0.1232898,0.0152004,0.7246,0.9395,0.6632,0.3664,0.5813
MOD13Q1_061__250m_16_days_NDVI_doy2026209000000_aid0002,_250m_16_days_NDVI,aid0002,2026-07-28,6906322.0,-0.2,0.9942,"(-0.2,0.9942)",0.6386803,0.1198988,0.0143757,0.7274,0.9437,0.6642,0.3539,0.578
MOD13Q1_061__250m_16_days_NDVI_doy2023353000000_aid0003,_250m_16_days_NDVI,aid0003,2023-12-19,1374105.0,-0.2,0.9562,"(-0.2,0.9562)",0.6549221,0.1644816,0.0270542,0.7758,0.9562,0.6963,0.3103,0.5896
MOD13Q1_061__250m_16_days_NDVI_doy2024001000000_aid0003,_250m_16_days_NDVI,aid0003,2024-01-01,1372262.0,-0.2,0.9939,"(-0.2,0.9939)",0.6704662,0.1507595,0.0227284,0.7774,0.9939,0.7059,0.3777,0.6175
MOD13Q1_061__250m_16_days_NDVI_doy2024017000000_aid0003,_250m_16_days_NDVI,aid0003,2024-01-17,1372011.0,-0.2,0.9799,"(-0.2,0.9799)",0.6635204,0.1438037,0.0206795,0.7637,0.9799,0.6954,0.382,0.611
MOD13Q1_061__250m_16_days_NDVI_doy2024033000000_aid0003,_250m_16_days_NDVI,aid0003,2024-02-02,1376571.0,-0.2,0.9452,"(-0.2,0.9452)",0.6303013,0.1387637,0.0192554,0.7271,0.9452,0.6529,0.3061,0.5587
MOD13Q1_061__250m_16_days_NDVI_doy2024049000000_aid0003,_250m_16_days_NDVI,aid0003,2024-02-18,1378250.0,-0.2,0.9991,"(-0.2,0.9991)",0.6581825,0.1395585,0.0194766,0.7494,0.9757,0.6903,0.3699,0.5976
MOD13Q1_061__250m_16_days_NDVI_doy2024065000000_aid0003,_250m_16_days_NDVI,aid0003,2024-03-05,1376781.0,-0.2,0.953,"(-0.2,0.953)",0.7167626,0.1200758,0.0144182,0.7846,0.9415,0.7375,0.5231,0.68
MOD13Q1_061__250m_16_days_NDVI_doy2024081000000_aid0003,_250m_16_days_NDVI,aid0003,2024-03-21,1377424.0,-0.2,0.9631,"(-0.2,0.9631)",0.7159327,0.1226978,0.0150548,0.7904,0.951,0.742,0.5092,0.6779
MOD13Q1_061__250m_16_days_NDVI_doy2024097000000_aid0003,_250m_16_days_NDVI,aid0003,2024-04-06,1377297.0,-0.2,0.9854,"(-0.2,0.9854)",0.6963378,0.1307369,0.0170921,0.7804,0.9664,0.7255,0.4534,0.6496
MOD13Q1_061__250m_16_days_NDVI_doy2024113000000_aid0003,_250m_16_days_NDVI,aid0003,2024-04-22,1376021.0,-0.2,0.9974,"(-0.2,0.9974)",0.6741262,0.1380712,0.0190637,0.7618,0.9517,0.7087,0.4438,0.6346
MOD13Q1_061__250m_16_days_NDVI_doy2024129000000_aid0003,_250m_16_days_NDVI,aid0003,2024-05-08,1375190.0,-0.2,0.9735,"(-0.2,0.9735)",0.6605513,0.1332049,0.0177435,0.746,0.9364,0.6942,0.4278,0.6187
MOD13Q1_061__250m_16_days_NDVI_doy2024145000000_aid0003,_250m_16_days_NDVI,aid0003,2024-05-24,1373527.0,-0.2,0.9648,"(-0.2,0.9648)",0.6330559,0.1348349,0.0181804,0.7258,0.9366,0.6636,0.3696,0.5833
MOD13Q1_061__250m_16_days_NDVI_doy2024161000000_aid0003,_250m_16_days_NDVI,aid0003,2024-06-09,1378830.0,-0.2,0.9986,"(-0.2,0.9986)",0.5708704,0.1340473,0.0179687,0.6625,0.9004,0.5894,0.266,0.5039
MOD13Q1_061__250m_16_days_NDVI_doy2024177000000_aid0003,_250m_16_days_NDVI,aid0003,2024-06-25,1374434.0,-0.2,0.944,"(-0.2,0.944)",0.6037224,0.1217043,0.0148119,0.6824,0.8742,0.6334,0.3627,0.5545
MOD13Q1_061__250m_16_days_NDVI_doy2024193000000_aid0003,_250m_16_days_NDVI,aid0003,2024-07-11,1374781.0,-0.2,0.9187,"(-0.2,0.9187)",0.5200134,0.1165742,0.0135895,0.6008,0.825,0.5365,0.2271,0.4513
MOD13Q1_061__250m_16_days_NDVI_doy2024209000000_aid0003,_250m_16_days_NDVI,aid0003,2024-07-27,1375928.0,-0.2,0.914,"(-0.2,0.914)",0.4838482,0.113726,0.0129336,0.5562,0.7663,0.4912,0.206,0.4161
MOD13Q1_061__250m_16_days_NDVI_doy2024225000000_aid0003,_250m_16_days_NDVI,aid0003,2024-08-12,1375349.0,-0.2,0.9354,"(-0.2,0.9354)",0.4720987,0.1134954,0.0128812,0.543,0.7539,0.4761,0.1915,0.4024
MOD13Q1_061__250m_16_days_NDVI_doy2024241000000_aid0003,_250m_16_days_NDVI,aid0003,2024-08-28,1376691.0,-0.2,0.9308,"(-0.2,0.9308)",0.4495405,0.1142591,0.0130551,0.5207,0.7358,0.4503,0.1622,0.3773
MOD13Q1_061__250m_16_days_NDVI_doy2024257000000_aid0003,_250m_16_days_NDVI,aid0003,2024-09-13,1377797.0,-0.2,0.8927,"(-0.2,0.8927)",0.4581495,0.117356,0.0137724,0.53,0.7514,0.4564,0.161,0.3824
MOD13Q1_061__250m_16_days_NDVI_doy2024273000000_aid0003,_250m_16_days_NDVI,aid0003,2024-09-29,1377238.0,-0.2,0.9086,"(-0.2,0.9086)",0.5240406,0.1475891,0.0217825,0.6384,0.9086,0.5222,0.0877,0.4181
MOD13Q1_061__250m_16_days_NDVI_doy2024289000000_aid0003,_250m_16_days_NDVI,aid0003,2024-10-15,1377238.0,-0.2,0.9456,"(-0.2,0.9456)",0.5534039,0.1706495,0.0291213,0.6969,0.9456,0.5609,0.0299,0.4301
MOD13Q1_061__250m_16_days_NDVI_doy2024305000000_aid0003,_250m_16_days_NDVI,aid0003,2024-10-31,1376633.0,-0.1994,0.9582,"(-0.1994,0.9582)",0.5925856,0.1563412,0.0244426,0.7079,0.9582,0.6215,0.2194,0.5125
MOD13Q1_061__250m_16_days_NDVI_doy2024321000000_aid0003,_250m_16_days_NDVI,aid0003,2024-11-16,1377382.0,-0.2,0.9861,"(-0.2,0.9861)",0.6172617,0.1568821,0.024612,0.7301,0.9861,0.6536,0.2681,0.5453
MOD13Q1_061__250m_16_days_NDVI_doy2024337000000_aid0003,_250m_16_days_NDVI,aid0003,2024-12-02,1375431.0,-0.2,0.9986,"(-0.2,0.9986)",0.6636097,0.1563248,0.0244374,0.7733,0.9986,0.7066,0.3643,0.6097
MOD13Q1_061__250m_16_days_NDVI_doy2024353000000_aid0003,_250m_16_days_NDVI,aid0003,2024-12-18,1373597.0,-0.1997,0.9852,"(-0.1997,0.9852)",0.6357571,0.1540029,0.0237169,0.747,0.9852,0.675,0.3005,0.5684
MOD13Q1_061__250m_16_days_NDVI_doy2025001000000_aid0003,_250m_16_days_NDVI,aid0003,2025-01-01,1375255.0,-0.2,0.9354,"(-0.2,0.9354)",0.5846589,0.1438314,0.0206875,0.691,0.9354,0.6052,0.2243,0.5043
MOD13Q1_061__250m_16_days_NDVI_doy2025017000000_aid0003,_250m_16_days_NDVI,aid0003,2025-01-17,1375379.0,-0.2,0.9486,"(-0.2,0.9486)",0.5931785,0.1246612,0.0155404,0.6819,0.9207,0.6019,0.2832,0.5224
MOD13Q1_061__250m_16_days_NDVI_doy2025033000000_aid0003,_250m_16_days_NDVI,aid0003,2025-02-02,1376267.0,-0.2,0.9719,"(-0.2,0.9719)",0.5858358,0.1276532,0.0162953,0.6718,0.9109,0.6,0.2733,0.5124
MOD13Q1_061__250m_16_days_NDVI_doy2025049000000_aid0003,_250m_16_days_NDVI,aid0003,2025-02-18,1375780.0,-0.2,0.9589,"(-0.2,0.9589)",0.6339978,0.1244524,0.0154884,0.717,0.9399,0.6471,0.3455,0.5684
MOD13Q1_061__250m_16_days_NDVI_doy2025065000000_aid0003,_250m_16_days_NDVI,aid0003,2025-03-06,1377926.0,-0.2,0.9371,"(-0.2,0.9371)",0.637614,0.1279374,0.016368,0.7246,0.9371,0.6498,0.3441,0.5724
MOD13Q1_061__250m_16_days_NDVI_doy2025081000000_aid0003,_250m_16_days_NDVI,aid0003,2025-03-22,1380284.0,-0.2,0.9822,"(-0.2,0.9822)",0.6502527,0.1300779,0.0169203,0.7405,0.9584,0.6681,0.3683,0.5916
MOD13Q1_061__250m_16_days_NDVI_doy2025097000000_aid0003,_250m_16_days_NDVI,aid0003,2025-04-07,1376346.0,-0.2,0.9201,"(-0.2,0.9201)",0.6576628,0.1221867,0.0149296,0.7444,0.9201,0.6782,0.3894,0.6024
MOD13Q1_061__250m_16_days_NDVI_doy2025113000000_aid0003,_250m_16_days_NDVI,aid0003,2025-04-23,1376059.0,-0.2,0.9108,"(-0.2,0.9108)",0.6185748,0.1372987,0.0188509,0.7199,0.9108,0.6448,0.2944,0.5497
MOD13Q1_061__250m_16_days_NDVI_doy2025129000000_aid0003,_250m_16_days_NDVI,aid0003,2025-05-09,1377292.0,-0.2,0.9095,"(-0.2,0.9095)",0.6126162,0.1407558,0.0198122,0.7183,0.9095,0.6378,0.2733,0.5403
MOD13Q1_061__250m_16_days_NDVI_doy2025145000000_aid0003,_250m_16_days_NDVI,aid0003,2025-05-25,1374637.0,-0.2,0.9284,"(-0.2,0.9284)",0.5867573,0.1520771,0.0231274,0.7045,0.9284,0.6191,0.1955,0.5009
MOD13Q1_061__250m_16_days_NDVI_doy2025161000000_aid0003,_250m_16_days_NDVI,aid0003,2025-06-10,1375021.0,-0.2,0.982,"(-0.2,0.982)",0.5614842,0.15049,0.0226472,0.6837,0.982,0.5898,0.1364,0.4647
MOD13Q1_061__250m_16_days_NDVI_doy2025177000000_aid0003,_250m_16_days_NDVI,aid0003,2025-06-26,1374002.0,-0.2,0.9278,"(-0.2,0.9278)",0.5036279,0.1486643,0.0221011,0.6249,0.9278,0.5193,0.0473,0.3938
MOD13Q1_061__250m_16_days_NDVI_doy2025193000000_aid0003,_250m_16_days_NDVI,aid0003,2025-07-12,1374124.0,-0.2,0.9208,"(-0.2,0.9208)",0.4790808,0.1384668,0.0191731,0.5916,0.9121,0.4853,0.0544,0.3767
MOD13Q1_061__250m_16_days_NDVI_doy2025209000000_aid0003,_250m_16_days_NDVI,aid0003,2025-07-28,1374697.0,-0.2,0.9233,"(-0.2,0.9233)",0.4800854,0.1358019,0.0184422,0.5871,0.8931,0.489,0.0771,0.3831
MOD13Q1_061__250m_16_days_NDVI_doy2025225000000_aid0003,_250m_16_days_NDVI,aid0003,2025-08-13,1375257.0,-0.2,0.9252,"(-0.2,0.9252)",0.4797761,0.1428263,0.0203994,0.5932,0.9169,0.4855,0.0525,0.3769
MOD13Q1_061__250m_16_days_NDVI_doy2025241000000_aid0003,_250m_16_days_NDVI,aid0003,2025-08-29,1374715.0,-0.2,0.9428,"(-0.2,0.9428)",0.5129323,0.1495801,0.0223742,0.6281,0.9428,0.5233,0.0906,0.4131
MOD13Q1_061__250m_16_days_NDVI_doy2025257000000_aid0003,_250m_16_days_NDVI,aid0003,2025-09-14,1376300.0,-0.2,0.9434,"(-0.2,0.9434)",0.56501,0.1628853,0.0265316,0.6989,0.9434,0.586,0.0929,0.4565
MOD13Q1_061__250m_16_days_NDVI_doy2025273000000_aid0003,_250m_16_days_NDVI,aid0003,2025-09-30,1376023.0,-0.2,0.9564,"(-0.2,0.9564)",0.5751163,0.172657,0.0298105,0.725,0.9564,0.5931,0.044,0.4526
MOD13Q1_061__250m_16_days_NDVI_doy2025289000000_aid0003,_250m_16_days_NDVI,aid0003,2025-10-16,1375614.0,-0.2,0.9728,"(-0.2,0.9728)",0.5746139,0.1684679,0.0283814,0.7183,0.9728,0.5921,0.0721,0.4598
MOD13Q1_061__250m_16_days_NDVI_doy2025305000000_aid0003,_250m_16_days_NDVI,aid0003,2025-11-01,1377316.0,-0.2,0.99,"(-0.2,0.99)",0.6077392,0.1714258,0.0293868,0.7491,0.99,0.6375,0.1354,0.5036
MOD13Q1_061__250m_16_days_NDVI_doy2025321000000_aid0003,_250m_16_days_NDVI,aid0003,2025-11-17,1377124.0,-0.2,0.9838,"(-0.2,0.9838)",0.6138772,0.1655124,0.0273944,0.7472,0.9838,0.6485,0.1731,0.5175
MOD13Q1_061__250m_16_days_NDVI_doy2025337000000_aid0003,_250m_16_days_NDVI,aid0003,2025-12-03,1376204.0,-0.2,0.9614,"(-0.2,0.9614)",0.6545761,0.15252,0.0232624,0.7714,0.9614,0.6897,0.2884,0.5782
MOD13Q1_061__250m_16_days_NDVI_doy2025353000000_aid0003,_250m_16_days_NDVI,aid0003,2025-12-19,1375769.0,-0.2,0.9991,"(-0.2,0.9991)",0.6553066,0.1591201,0.0253192,0.7759,0.9991,0.6957,0.2904,0.5817
MOD13Q1_061__250m_16_days_NDVI_doy2026001000000_aid0003,_250m_16_days_NDVI,aid0003,2026-01-01,1376537.0,-0.2,0.9574,"(-0.2,0.9574)",0.6875322,0.1535973,0.0235921,0.7989,0.9574,0.729,0.3837,0.6328
MOD13Q1_061__250m_16_days_NDVI_doy2026017000000_aid0003,_250m_16_days_NDVI,aid0003,2026-01-17,1375556.0,-0.2,0.9967,"(-0.2,0.9967)",0.6979705,0.1330629,0.0177057,0.7898,0.9967,0.7339,0.4433,0.6512
MOD13Q1_061__250m_16_days_NDVI_doy2026033000000_aid0003,_250m_16_days_NDVI,aid0003,2026-02-02,1377352.0,-0.2,0.9995,"(-0.2,0.9995)",0.6864832,0.1309341,0.0171438,0.7711,0.9694,0.7171,0.4384,0.638
MOD13Q1_061__250m_16_days_NDVI_doy2026049000000_aid0003,_250m_16_days_NDVI,aid0003,2026-02-18,1376505.0,-0.2,0.9947,"(-0.2,0.9947)",0.6748798,0.1204971,0.0145196,0.7524,0.9432,0.6904,0.4344,0.6252
MOD13Q1_061__250m_16_days_NDVI_doy2026065000000_aid0003,_250m_16_days_NDVI,aid0003,2026-03-06,1378588.0,-0.2,0.9792,"(-0.2,0.9792)",0.7000646,0.1225767,0.0150251,0.7712,0.9359,0.7209,0.4967,0.6614
MOD13Q1_061__250m_16_days_NDVI_doy2026081000000_aid0003,_250m_16_days_NDVI,aid0003,2026-03-22,1374492.0,-0.2,0.9443,"(-0.2,0.9443)",0.7035199,0.1132665,0.0128293,0.7682,0.9171,0.7212,0.52,0.6689
MOD13Q1_061__250m_16_days_NDVI_doy2026097000000_aid0003,_250m_16_days_NDVI,aid0003,2026-04-07,1374060.0,-0.2,0.981,"(-0.2,0.981)",0.7160627,0.1145532,0.0131224,0.7826,0.9269,0.7385,0.5419,0.6863
MOD13Q1_061__250m_16_days_NDVI_doy2026113000000_aid0003,_250m_16_days_NDVI,aid0003,2026-04-23,1373621.0,-0.2,0.9824,"(-0.2,0.9824)",0.68451,0.1250331,0.0156333,0.7631,0.929,0.7119,0.4786,0.6493
MOD13Q1_061__250m_16_days_NDVI_doy2026129000000_aid0003,_250m_16_days_NDVI,aid0003,2026-05-09,1372269.0,-0.2,0.9555,"(-0.2,0.9555)",0.6488653,0.1318925,0.0173956,0.7401,0.9343,0.6763,0.4024,0.605
MOD13Q1_061__250m_16_days_NDVI_doy2026145000000_aid0003,_250m_16_days_NDVI,aid0003,2026-05-25,1376772.0,-0.2,0.9977,"(-0.2,0.9977)",0.6156479,0.1414459,0.0200069,0.7136,0.944,0.6433,0.3294,0.5599
MOD13Q1_061__250m_16_days_NDVI_doy2026161000000_aid0003,_250m_16_days_NDVI,aid0003,2026-06-10,1376884.0,-0.2,0.9861,"(-0.2,0.9861)",0.6014837,0.1355485,0.0183734,0.6959,0.9244,0.6205,0.3149,0.5435
MOD13Q1_061__250m_16_days_NDVI_doy2026177000000_aid0003,_250m_16_days_NDVI,aid0003,2026-06-26,1372275.0,-0.2,0.9814,"(-0.2,0.9814)",0.596217,0.1233864,0.0152242,0.6852,0.9043,0.6084,0.32,0.5391
MOD13Q1_061__250m_16_days_NDVI_doy2026193000000_aid0003,_250m_16_days_NDVI,aid0003,2026-07-12,1378122.0,-0.2,0.9955,"(-0.2,0.9955)",0.5397382,0.1269594,0.0161187,0.6303,0.8683,0.544,0.2336,0.4716
MOD13Q1_061__250m_16_days_NDVI_doy2026209000000_aid0003,_250m_16_days_NDVI,aid0003,2026-07-28,1375640.0,-0.2,0.9776,"(-0.2,0.9776)",0.6146224,0.1190901,0.0141824,0.689,0.8853,0.6313,0.3618,0.5581
MOD13Q1_061__250m_16_days_NDVI_doy2023353000000_aid0004,_250m_16_days_NDVI,aid0004,2023-12-19,1346988.0,-0.2,0.9933,"(-0.2,0.9933)",0.4925346,0.2045873,0.041856,0.6462,0.9933,0.5551,-0.136,0.3333
MOD13Q1_061__250m_16_days_NDVI_doy2024001000000_aid0004,_250m_16_days_NDVI,aid0004,2024-01-01,1332899.0,-0.2,0.9938,"(-0.2,0.9938)",0.5289957,0.2063978,0.0426,0.6754,0.9938,0.5854,0.0172,0.4121
MOD13Q1_061__250m_16_days_NDVI_doy2024017000000_aid0004,_250m_16_days_NDVI,aid0004,2024-01-17,1333078.0,-0.2,0.9958,"(-0.2,0.9958)",0.5417529,0.207073,0.0428792,0.6751,0.9749,0.588,0.1634,0.4704
MOD13Q1_061__250m_16_days_NDVI_doy2024033000000_aid0004,_250m_16_days_NDVI,aid0004,2024-02-02,1338382.0,-0.2,0.9646,"(-0.2,0.9646)",0.5663116,0.2086795,0.0435471,0.6895,0.9646,0.6016,0.2068,0.4964
MOD13Q1_061__250m_16_days_NDVI_doy2024049000000_aid0004,_250m_16_days_NDVI,aid0004,2024-02-18,1353759.0,-0.2,0.9988,"(-0.2,0.9988)",0.61818,0.2373346,0.0563277,0.7638,0.9988,0.6906,0.2611,0.5627
MOD13Q1_061__250m_16_days_NDVI_doy2024065000000_aid0004,_250m_16_days_NDVI,aid0004,2024-03-05,1357172.0,-0.2,0.9972,"(-0.2,0.9972)",0.6197809,0.2286856,0.0522971,0.7561,0.9972,0.6864,0.3296,0.5855
MOD13Q1_061__250m_16_days_NDVI_doy2024081000000_aid0004,_250m_16_days_NDVI,aid0004,2024-03-21,1350947.0,-0.2,0.9561,"(-0.2,0.9561)",0.5598748,0.2049044,0.0419858,0.6856,0.9485,0.6187,0.2426,0.5084
MOD13Q1_061__250m_16_days_NDVI_doy2024097000000_aid0004,_250m_16_days_NDVI,aid0004,2024-04-06,1349164.0,-0.2,0.9978,"(-0.2,0.9978)",0.5514537,0.1945755,0.0378596,0.6853,0.9978,0.6183,0.1533,0.4725
MOD13Q1_061__250m_16_days_NDVI_doy2024113000000_aid0004,_250m_16_days_NDVI,aid0004,2024-04-22,1377679.0,-0.2,0.9987,"(-0.2,0.9987)",0.5064269,0.1980981,0.0392429,0.6564,0.9987,0.5733,-0.0196,0.386
MOD13Q1_061__250m_16_days_NDVI_doy2024129000000_aid0004,_250m_16_days_NDVI,aid0004,2024-05-08,1330548.0,-0.2,0.9783,"(-0.2,0.9783)",0.518871,0.185089,0.034258,0.6535,0.9783,0.5843,0.0435,0.4095
MOD13Q1_061__250m_16_days_NDVI_doy2024145000000_aid0004,_250m_16_days_NDVI,aid0004,2024-05-24,1326670.0,-0.2,0.9926,"(-0.2,0.9926)",0.4738143,0.1752775,0.0307222,0.6079,0.9593,0.524,0.0017,0.3654
MOD13Q1_061__250m_16_days_NDVI_doy2024161000000_aid0004,_250m_16_days_NDVI,aid0004,2024-06-09,1376004.0,-0.2,0.9966,"(-0.2,0.9966)",0.4073798,0.1769729,0.0313194,0.5353,0.8533,0.4496,0.0051,0.3232
MOD13Q1_061__250m_16_days_NDVI_doy2024177000000_aid0004,_250m_16_days_NDVI,aid0004,2024-06-25,1327107.0,-0.2,0.936,"(-0.2,0.936)",0.4560645,0.1607139,0.025829,0.5702,0.8581,0.4882,0.0897,0.378
MOD13Q1_061__250m_16_days_NDVI_doy2024193000000_aid0004,_250m_16_days_NDVI,aid0004,2024-07-11,1327916.0,-0.2,0.9503,"(-0.2,0.9503)",0.4088976,0.1429799,0.0204433,0.5114,0.7739,0.4325,0.0739,0.3364
MOD13Q1_061__250m_16_days_NDVI_doy2024209000000_aid0004,_250m_16_days_NDVI,aid0004,2024-07-27,1331461.0,-0.2,0.9497,"(-0.2,0.9497)",0.3771347,0.1314103,0.0172687,0.4664,0.7014,0.3916,0.0747,0.3097
MOD13Q1_061__250m_16_days_NDVI_doy2024225000000_aid0004,_250m_16_days_NDVI,aid0004,2024-08-12,1330046.0,-0.2,0.9527,"(-0.2,0.9527)",0.3741309,0.139146,0.0193616,0.4633,0.709,0.3866,0.0538,0.2995
MOD13Q1_061__250m_16_days_NDVI_doy2024241000000_aid0004,_250m_16_days_NDVI,aid0004,2024-08-28,1331427.0,-0.2,0.9467,"(-0.2,0.9467)",0.3493358,0.1314712,0.0172847,0.4284,0.6478,0.3592,0.0627,0.2821
MOD13Q1_061__250m_16_days_NDVI_doy2024257000000_aid0004,_250m_16_days_NDVI,aid0004,2024-09-13,1333050.0,-0.2,0.9231,"(-0.2,0.9231)",0.3441143,0.1257291,0.0158078,0.4205,0.6387,0.3505,0.0568,0.275
MOD13Q1_061__250m_16_days_NDVI_doy2024273000000_aid0004,_250m_16_days_NDVI,aid0004,2024-09-29,1336203.0,-0.2,0.9345,"(-0.2,0.9345)",0.3758069,0.1280014,0.0163844,0.4601,0.7175,0.3826,0.0311,0.2885
MOD13Q1_061__250m_16_days_NDVI_doy2024289000000_aid0004,_250m_16_days_NDVI,aid0004,2024-10-15,1332945.0,-0.2,0.9541,"(-0.2,0.9541)",0.423899,0.1668719,0.0278462,0.5422,0.8949,0.4428,-0.0458,0.307
MOD13Q1_061__250m_16_days_NDVI_doy2024305000000_aid0004,_250m_16_days_NDVI,aid0004,2024-10-31,1335277.0,-0.2,0.9674,"(-0.2,0.9674)",0.4229246,0.1721772,0.029645,0.5488,0.9021,0.4532,-0.0967,0.2906
MOD13Q1_061__250m_16_days_NDVI_doy2024321000000_aid0004,_250m_16_days_NDVI,aid0004,2024-11-16,1356107.0,-0.2,0.9972,"(-0.2,0.9972)",0.4187751,0.188074,0.0353718,0.5592,0.9804,0.4527,-0.1548,0.2736
MOD13Q1_061__250m_16_days_NDVI_doy2024337000000_aid0004,_250m_16_days_NDVI,aid0004,2024-12-02,1338052.0,-0.2,0.996,"(-0.2,0.996)",0.4553164,0.1861455,0.0346501,0.5987,0.996,0.4903,-0.1245,0.3094
MOD13Q1_061__250m_16_days_NDVI_doy2024353000000_aid0004,_250m_16_days_NDVI,aid0004,2024-12-18,1333084.0,-0.1997,0.9639,"(-0.1997,0.9639)",0.4822795,0.1773145,0.0314404,0.6115,0.9639,0.5235,-0.0257,0.3566
MOD13Q1_061__250m_16_days_NDVI_doy2025001000000_aid0004,_250m_16_days_NDVI,aid0004,2025-01-01,1337025.0,-0.1997,0.997,"(-0.1997,0.997)",0.4780355,0.1741616,0.0303322,0.5956,0.8996,0.5041,0.0889,0.3929
MOD13Q1_061__250m_16_days_NDVI_doy2025017000000_aid0004,_250m_16_days_NDVI,aid0004,2025-01-17,1332896.0,-0.2,0.982,"(-0.2,0.982)",0.5592338,0.1831173,0.033532,0.6744,0.9452,0.5986,0.2229,0.4938
MOD13Q1_061__250m_16_days_NDVI_doy2025033000000_aid0004,_250m_16_days_NDVI,aid0004,2025-02-02,1362499.0,-0.2,0.9992,"(-0.2,0.9992)",0.5673794,0.2235023,0.0499533,0.7075,0.9992,0.6279,0.199,0.5041
MOD13Q1_061__250m_16_days_NDVI_doy2025049000000_aid0004,_250m_16_days_NDVI,aid0004,2025-02-18,1341410.0,-0.2,0.9995,"(-0.2,0.9995)",0.5907325,0.2116506,0.044796,0.7261,0.9995,0.6406,0.1879,0.5108
MOD13Q1_061__250m_16_days_NDVI_doy2025065000000_aid0004,_250m_16_days_NDVI,aid0004,2025-03-06,1352705.0,-0.2,0.9605,"(-0.2,0.9605)",0.6313603,0.2347849,0.055124,0.7704,0.9605,0.7103,0.3549,0.6042
MOD13Q1_061__250m_16_days_NDVI_doy2025081000000_aid0004,_250m_16_days_NDVI,aid0004,2025-03-22,1364572.0,-0.2,0.9844,"(-0.2,0.9844)",0.6302318,0.2236899,0.0500372,0.7675,0.9844,0.7094,0.354,0.6021
MOD13Q1_061__250m_16_days_NDVI_doy2025097000000_aid0004,_250m_16_days_NDVI,aid0004,2025-04-07,1364613.0,-0.2,0.9987,"(-0.2,0.9987)",0.5702434,0.2159607,0.046639,0.7093,0.9804,0.6466,0.2291,0.5172
MOD13Q1_061__250m_16_days_NDVI_doy2025113000000_aid0004,_250m_16_days_NDVI,aid0004,2025-04-23,1357185.0,-0.2,0.9543,"(-0.2,0.9543)",0.5276123,0.205586,0.0422656,0.6768,0.9543,0.6008,0.0241,0.4157
MOD13Q1_061__250m_16_days_NDVI_doy2025129000000_aid0004,_250m_16_days_NDVI,aid0004,2025-05-09,1366756.0,-0.2,0.9753,"(-0.2,0.9753)",0.5278506,0.2000772,0.0400309,0.6745,0.9753,0.6008,0.0038,0.4062
MOD13Q1_061__250m_16_days_NDVI_doy2025145000000_aid0004,_250m_16_days_NDVI,aid0004,2025-05-25,1369258.0,-0.2,0.9612,"(-0.2,0.9612)",0.4776842,0.1927277,0.0371439,0.6225,0.9612,0.5373,-0.0397,0.3576
MOD13Q1_061__250m_16_days_NDVI_doy2025161000000_aid0004,_250m_16_days_NDVI,aid0004,2025-06-10,1362586.0,-0.2,0.9727,"(-0.2,0.9727)",0.4295971,0.1763007,0.0310819,0.5648,0.927,0.4704,-0.0442,0.3212
MOD13Q1_061__250m_16_days_NDVI_doy2025177000000_aid0004,_250m_16_days_NDVI,aid0004,2025-06-26,1356155.0,-0.2,0.9936,"(-0.2,0.9936)",0.395845,0.1682579,0.0283107,0.526,0.8765,0.4238,-0.0582,0.2923
MOD13Q1_061__250m_16_days_NDVI_doy2025193000000_aid0004,_250m_16_days_NDVI,aid0004,2025-07-12,1369388.0,-0.2,0.9459,"(-0.2,0.9459)",0.3960246,0.1703925,0.0290336,0.5193,0.8613,0.4229,-0.0507,0.2913
MOD13Q1_061__250m_16_days_NDVI_doy2025209000000_aid0004,_250m_16_days_NDVI,aid0004,2025-07-28,1366257.0,-0.2,0.9519,"(-0.2,0.9519)",0.3859851,0.172255,0.0296718,0.5003,0.8156,0.4038,-0.0252,0.2901
MOD13Q1_061__250m_16_days_NDVI_doy2025225000000_aid0004,_250m_16_days_NDVI,aid0004,2025-08-13,1341624.0,-0.2,0.964,"(-0.2,0.964)",0.3712963,0.1516344,0.022993,0.4639,0.7366,0.3777,0.0094,0.2821
MOD13Q1_061__250m_16_days_NDVI_doy2025241000000_aid0004,_250m_16_days_NDVI,aid0004,2025-08-29,1330671.0,-0.2,0.9645,"(-0.2,0.9645)",0.3837733,0.1436537,0.0206364,0.4689,0.7335,0.3907,0.0279,0.2925
MOD13Q1_061__250m_16_days_NDVI_doy2025257000000_aid0004,_250m_16_days_NDVI,aid0004,2025-09-14,1366726.0,-0.2,0.9594,"(-0.2,0.9594)",0.4060734,0.1777841,0.0316072,0.5181,0.8368,0.4427,-0.0131,0.3056
MOD13Q1_061__250m_16_days_NDVI_doy2025273000000_aid0004,_250m_16_days_NDVI,aid0004,2025-09-30,1335437.0,-0.2,0.9272,"(-0.2,0.9272)",0.4148823,0.1689554,0.0285459,0.5281,0.8651,0.4425,-0.0336,0.3034
MOD13Q1_061__250m_16_days_NDVI_doy2025289000000_aid0004,_250m_16_days_NDVI,aid0004,2025-10-16,1340971.0,-0.2,0.9869,"(-0.2,0.9869)",0.4070754,0.1636033,0.026766,0.5203,0.8563,0.431,-0.0397,0.2963
MOD13Q1_061__250m_16_days_NDVI_doy2025305000000_aid0004,_250m_16_days_NDVI,aid0004,2025-11-01,1332911.0,-0.2,0.9816,"(-0.2,0.9816)",0.4143396,0.1566172,0.0245289,0.5218,0.8491,0.4324,-0.0237,0.3036
MOD13Q1_061__250m_16_days_NDVI_doy2025321000000_aid0004,_250m_16_days_NDVI,aid0004,2025-11-17,1336444.0,-0.2,0.9056,"(-0.2,0.9056)",0.4343521,0.1662579,0.0276417,0.5505,0.9056,0.4592,-0.0555,0.3081
MOD13Q1_061__250m_16_days_NDVI_doy2025337000000_aid0004,_250m_16_days_NDVI,aid0004,2025-12-03,1331230.0,-0.2,0.9921,"(-0.2,0.9921)",0.5134769,0.1778887,0.0316444,0.6414,0.9921,0.5524,0.0157,0.3911
MOD13Q1_061__250m_16_days_NDVI_doy2025353000000_aid0004,_250m_16_days_NDVI,aid0004,2025-12-19,1327442.0,-0.2,0.9913,"(-0.2,0.9913)",0.5648264,0.1894789,0.0359022,0.7038,0.9913,0.6298,0.0548,0.4442
MOD13Q1_061__250m_16_days_NDVI_doy2026001000000_aid0004,_250m_16_days_NDVI,aid0004,2026-01-01,1351510.0,-0.2,0.992,"(-0.2,0.992)",0.5792018,0.2140361,0.0458115,0.7279,0.992,0.6571,0.1254,0.4869
MOD13Q1_061__250m_16_days_NDVI_doy2026017000000_aid0004,_250m_16_days_NDVI,aid0004,2026-01-17,1336673.0,-0.2,0.9927,"(-0.2,0.9927)",0.622639,0.2083382,0.0434048,0.749,0.9927,0.6798,0.3195,0.5772
MOD13Q1_061__250m_16_days_NDVI_doy2026033000000_aid0004,_250m_16_days_NDVI,aid0004,2026-02-02,1370429.0,-0.2,0.9974,"(-0.2,0.9974)",0.6121345,0.2287471,0.0523252,0.7503,0.9974,0.6801,0.2741,0.5598
MOD13Q1_061__250m_16_days_NDVI_doy2026049000000_aid0004,_250m_16_days_NDVI,aid0004,2026-02-18,1364237.0,-0.2,0.9992,"(-0.2,0.9992)",0.6214619,0.2229988,0.0497285,0.7495,0.9992,0.6736,0.2923,0.5666
MOD13Q1_061__250m_16_days_NDVI_doy2026065000000_aid0004,_250m_16_days_NDVI,aid0004,2026-03-06,1337666.0,-0.2,0.9985,"(-0.2,0.9985)",0.6560861,0.2009713,0.0403895,0.7712,0.9985,0.7104,0.359,0.6063
MOD13Q1_061__250m_16_days_NDVI_doy2026081000000_aid0004,_250m_16_days_NDVI,aid0004,2026-03-22,1329976.0,-0.2,0.9563,"(-0.2,0.9563)",0.6417457,0.2005402,0.0402164,0.7583,0.9563,0.6997,0.3433,0.5923
MOD13Q1_061__250m_16_days_NDVI_doy2026097000000_aid0004,_250m_16_days_NDVI,aid0004,2026-04-07,1343123.0,-0.2,0.9852,"(-0.2,0.9852)",0.6079348,0.214299,0.0459241,0.742,0.9852,0.6873,0.2903,0.5613
MOD13Q1_061__250m_16_days_NDVI_doy2026113000000_aid0004,_250m_16_days_NDVI,aid0004,2026-04-23,1325805.0,-0.2,0.9833,"(-0.2,0.9833)",0.5760969,0.2052276,0.0421184,0.7211,0.9833,0.6505,0.1349,0.4866
MOD13Q1_061__250m_16_days_NDVI_doy2026129000000_aid0004,_250m_16_days_NDVI,aid0004,2026-05-09,1307214.0,-0.2,0.9849,"(-0.2,0.9849)",0.518127,0.182256,0.0332173,0.6569,0.9849,0.5798,0.0052,0.3962
MOD13Q1_061__250m_16_days_NDVI_doy2026145000000_aid0004,_250m_16_days_NDVI,aid0004,2026-05-25,1357928.0,-0.2,0.9954,"(-0.2,0.9954)",0.4687271,0.2006983,0.0402798,0.6254,0.9954,0.5286,-0.0726,0.3462
MOD13Q1_061__250m_16_days_NDVI_doy2026161000000_aid0004,_250m_16_days_NDVI,aid0004,2026-06-10,1367664.0,-0.2,0.994,"(-0.2,0.994)",0.4651323,0.1943919,0.0377882,0.6049,0.934,0.5139,0.0444,0.3807
MOD13Q1_061__250m_16_days_NDVI_doy2026177000000_aid0004,_250m_16_days_NDVI,aid0004,2026-06-26,1314761.0,-0.2,0.9936,"(-0.2,0.9936)",0.4872223,0.1722159,0.0296583,0.6091,0.916,0.523,0.0946,0.4033
MOD13Q1_061__250m_16_days_NDVI_doy2026193000000_aid0004,_250m_16_days_NDVI,aid0004,2026-07-12,1378290.0,-0.2,0.9969,"(-0.2,0.9969)",0.4144693,0.1864543,0.0347652,0.5475,0.8971,0.4523,-0.0352,0.3144
MOD13Q1_061__250m_16_days_NDVI_doy2026209000000_aid0004,_250m_16_days_NDVI,aid0004,2026-07-28,1326031.0,-0.2,0.9818,"(-0.2,0.9818)",0.4610083,0.1768789,0.0312862,0.5616,0.8328,0.483,0.1096,0.3808
MOD13Q1_061__250m_16_days_NDVI_doy2023353000000_aid0005,_250m_16_days_NDVI,aid0005,2023-12-19,1140492.0,-0.2,0.99,"(-0.2,0.99)",0.6675137,0.1524024,0.0232265,0.7768,0.99,0.7107,0.3198,0.594
MOD13Q1_061__250m_16_days_NDVI_doy2024001000000_aid0005,_250m_16_days_NDVI,aid0005,2024-01-01,1142032.0,-0.1996,0.9978,"(-0.1996,0.9978)",0.6693249,0.1471167,0.0216433,0.775,0.9978,0.7073,0.3288,0.5965
MOD13Q1_061__250m_16_days_NDVI_doy2024017000000_aid0005,_250m_16_days_NDVI,aid0005,2024-01-17,1140638.0,-0.2,0.9822,"(-0.2,0.9822)",0.6881822,0.133732,0.0178842,0.7796,0.9822,0.714,0.4039,0.6293
MOD13Q1_061__250m_16_days_NDVI_doy2024033000000_aid0005,_250m_16_days_NDVI,aid0005,2024-02-02,1141282.0,-0.2,0.9829,"(-0.2,0.9829)",0.6393697,0.1223104,0.0149598,0.7165,0.9329,0.6502,0.3553,0.572
MOD13Q1_061__250m_16_days_NDVI_doy2024049000000_aid0005,_250m_16_days_NDVI,aid0005,2024-02-18,1142681.0,-0.2,0.9895,"(-0.2,0.9895)",0.7000648,0.1190059,0.0141624,0.7765,0.9755,0.7153,0.44,0.6419
MOD13Q1_061__250m_16_days_NDVI_doy2024065000000_aid0005,_250m_16_days_NDVI,aid0005,2024-03-05,1142220.0,-0.2,0.9945,"(-0.2,0.9945)",0.7183399,0.1232689,0.0151952,0.7927,0.9793,0.737,0.4792,0.6673
MOD13Q1_061__250m_16_days_NDVI_doy2024081000000_aid0005,_250m_16_days_NDVI,aid0005,2024-03-21,1138825.0,-0.2,0.9444,"(-0.2,0.9444)",0.7325637,0.1192375,0.0142176,0.8011,0.9444,0.7553,0.5294,0.6924
MOD13Q1_061__250m_16_days_NDVI_doy2024097000000_aid0005,_250m_16_days_NDVI,aid0005,2024-04-06,1140285.0,-0.2,0.9977,"(-0.2,0.9977)",0.6945077,0.1258653,0.0158421,0.7773,0.9735,0.7238,0.4386,0.6418
MOD13Q1_061__250m_16_days_NDVI_doy2024113000000_aid0005,_250m_16_days_NDVI,aid0005,2024-04-22,1143537.0,-0.2,0.9685,"(-0.2,0.9685)",0.6527667,0.1531592,0.0234577,0.7605,0.9685,0.6976,0.2725,0.5653
MOD13Q1_061__250m_16_days_NDVI_doy2024129000000_aid0005,_250m_16_days_NDVI,aid0005,2024-05-08,1134022.0,-0.2,0.9852,"(-0.2,0.9852)",0.6397257,0.1554344,0.0241598,0.7486,0.9852,0.6847,0.2409,0.5455
MOD13Q1_061__250m_16_days_NDVI_doy2024145000000_aid0005,_250m_16_days_NDVI,aid0005,2024-05-24,1137783.0,-0.2,0.9783,"(-0.2,0.9783)",0.6191756,0.1483282,0.0220013,0.7221,0.9783,0.6566,0.2339,0.5268
MOD13Q1_061__250m_16_days_NDVI_doy2024161000000_aid0005,_250m_16_days_NDVI,aid0005,2024-06-09,1143173.0,-0.2,0.9953,"(-0.2,0.9953)",0.5939028,0.1403001,0.0196841,0.6867,0.9463,0.6239,0.2532,0.5133
MOD13Q1_061__250m_16_days_NDVI_doy2024177000000_aid0005,_250m_16_days_NDVI,aid0005,2024-06-25,1136318.0,-0.2,0.9944,"(-0.2,0.9944)",0.614368,0.1400257,0.0196072,0.7012,0.9417,0.6508,0.2987,0.5402
MOD13Q1_061__250m_16_days_NDVI_doy2024193000000_aid0005,_250m_16_days_NDVI,aid0005,2024-07-11,1138247.0,-0.2,0.9954,"(-0.2,0.9954)",0.5588637,0.1296537,0.0168101,0.6343,0.8525,0.5748,0.2706,0.4888
MOD13Q1_061__250m_16_days_NDVI_doy2024209000000_aid0005,_250m_16_days_NDVI,aid0005,2024-07-27,1137748.0,-0.2,0.9555,"(-0.2,0.9555)",0.5498307,0.1260952,0.0159,0.6155,0.8039,0.5601,0.3015,0.4899
MOD13Q1_061__250m_16_days_NDVI_doy2024225000000_aid0005,_250m_16_days_NDVI,aid0005,2024-08-12,1138462.0,-0.2,0.9647,"(-0.2,0.9647)",0.565389,0.1300646,0.0169168,0.632,0.8219,0.5703,0.3155,0.5054
MOD13Q1_061__250m_16_days_NDVI_doy2024241000000_aid0005,_250m_16_days_NDVI,aid0005,2024-08-28,1140352.0,-0.2,0.9525,"(-0.2,0.9525)",0.5862521,0.1369912,0.0187666,0.6585,0.8596,0.5903,0.3233,0.5244
MOD13Q1_061__250m_16_days_NDVI_doy2024257000000_aid0005,_250m_16_days_NDVI,aid0005,2024-09-13,1143007.0,-0.2,0.9628,"(-0.2,0.9628)",0.5935718,0.142803,0.0203927,0.6737,0.8868,0.6026,0.3185,0.5316
MOD13Q1_061__250m_16_days_NDVI_doy2024273000000_aid0005,_250m_16_days_NDVI,aid0005,2024-09-29,1140284.0,-0.2,0.9732,"(-0.2,0.9732)",0.657908,0.1384926,0.0191802,0.7454,0.9467,0.6863,0.3984,0.6066
MOD13Q1_061__250m_16_days_NDVI_doy2024289000000_aid0005,_250m_16_days_NDVI,aid0005,2024-10-15,1141000.0,-0.2,0.9683,"(-0.2,0.9683)",0.6993602,0.1303785,0.0169986,0.784,0.9683,0.7346,0.469,0.658
MOD13Q1_061__250m_16_days_NDVI_doy2024305000000_aid0005,_250m_16_days_NDVI,aid0005,2024-10-31,1142092.0,-0.2,0.9783,"(-0.2,0.9783)",0.6638352,0.148674,0.0221039,0.77,0.9783,0.7119,0.325,0.592
MOD13Q1_061__250m_16_days_NDVI_doy2024321000000_aid0005,_250m_16_days_NDVI,aid0005,2024-11-16,1145656.0,-0.2,0.9766,"(-0.2,0.9766)",0.6467176,0.1680966,0.0282565,0.7719,0.9766,0.6987,0.2167,0.5498
MOD13Q1_061__250m_16_days_NDVI_doy2024337000000_aid0005,_250m_16_days_NDVI,aid0005,2024-12-02,1142858.0,-0.2,0.9988,"(-0.2,0.9988)",0.6789915,0.1510367,0.0228121,0.788,0.9988,0.7236,0.3323,0.6057
MOD13Q1_061__250m_16_days_NDVI_doy2024353000000_aid0005,_250m_16_days_NDVI,aid0005,2024-12-18,1141399.0,-0.2,0.9571,"(-0.2,0.9571)",0.6513834,0.1369176,0.0187464,0.7444,0.9571,0.6785,0.3639,0.5922
MOD13Q1_061__250m_16_days_NDVI_doy2025001000000_aid0005,_250m_16_days_NDVI,aid0005,2025-01-01,1139574.0,-0.2,0.9278,"(-0.2,0.9278)",0.6015026,0.1266982,0.0160524,0.6873,0.9278,0.6054,0.2766,0.523
MOD13Q1_061__250m_16_days_NDVI_doy2025017000000_aid0005,_250m_16_days_NDVI,aid0005,2025-01-17,1141261.0,-0.2,0.9958,"(-0.2,0.9958)",0.6143185,0.134138,0.017993,0.7065,0.95,0.6169,0.2475,0.5229
MOD13Q1_061__250m_16_days_NDVI_doy2025033000000_aid0005,_250m_16_days_NDVI,aid0005,2025-02-02,1143095.0,-0.2,0.9627,"(-0.2,0.9627)",0.6049719,0.1459659,0.021306,0.7128,0.9627,0.6129,0.1916,0.5043
MOD13Q1_061__250m_16_days_NDVI_doy2025049000000_aid0005,_250m_16_days_NDVI,aid0005,2025-02-18,1143607.0,-0.2,0.9966,"(-0.2,0.9966)",0.7485373,0.1222073,0.0149346,0.825,0.9966,0.7649,0.5115,0.6996
MOD13Q1_061__250m_16_days_NDVI_doy2025065000000_aid0005,_250m_16_days_NDVI,aid0005,2025-03-06,1142184.0,-0.2,0.977,"(-0.2,0.977)",0.7681399,0.1110255,0.0123267,0.8364,0.977,0.7858,0.5644,0.7276
MOD13Q1_061__250m_16_days_NDVI_doy2025081000000_aid0005,_250m_16_days_NDVI,aid0005,2025-03-22,1143074.0,-0.2,0.9864,"(-0.2,0.9864)",0.7084778,0.1167344,0.0136269,0.7815,0.9426,0.7285,0.4845,0.6627
MOD13Q1_061__250m_16_days_NDVI_doy2025097000000_aid0005,_250m_16_days_NDVI,aid0005,2025-04-07,1141125.0,-0.2,0.9695,"(-0.2,0.9695)",0.6961304,0.1227459,0.0150665,0.7783,0.9695,0.7252,0.4416,0.6436
MOD13Q1_061__250m_16_days_NDVI_doy2025113000000_aid0005,_250m_16_days_NDVI,aid0005,2025-04-23,1141072.0,-0.2,0.9682,"(-0.2,0.9682)",0.6330693,0.1499322,0.0224797,0.7413,0.9682,0.6775,0.2218,0.5335
MOD13Q1_061__250m_16_days_NDVI_doy2025129000000_aid0005,_250m_16_days_NDVI,aid0005,2025-05-09,1140236.0,-0.2,0.9646,"(-0.2,0.9646)",0.6375547,0.1528358,0.0233588,0.7456,0.9646,0.686,0.2426,0.5444
MOD13Q1_061__250m_16_days_NDVI_doy2025145000000_aid0005,_250m_16_days_NDVI,aid0005,2025-05-25,1141791.0,-0.2,0.9873,"(-0.2,0.9873)",0.6350651,0.1545982,0.0239006,0.7386,0.9873,0.6839,0.2614,0.5477
MOD13Q1_061__250m_16_days_NDVI_doy2025161000000_aid0005,_250m_16_days_NDVI,aid0005,2025-06-10,1139624.0,-0.2,0.9641,"(-0.2,0.9641)",0.6171758,0.1475546,0.0217724,0.715,0.9641,0.6545,0.2703,0.5371
MOD13Q1_061__250m_16_days_NDVI_doy2025177000000_aid0005,_250m_16_days_NDVI,aid0005,2025-06-26,1136277.0,-0.2,0.9828,"(-0.2,0.9828)",0.5725374,0.1495029,0.0223511,0.6654,0.9401,0.6033,0.2072,0.4821
MOD13Q1_061__250m_16_days_NDVI_doy2025193000000_aid0005,_250m_16_days_NDVI,aid0005,2025-07-12,1144758.0,-0.2,0.9977,"(-0.2,0.9977)",0.5389867,0.1414502,0.0200081,0.615,0.837,0.5495,0.245,0.467
MOD13Q1_061__250m_16_days_NDVI_doy2025209000000_aid0005,_250m_16_days_NDVI,aid0005,2025-07-28,1138332.0,-0.2,0.9696,"(-0.2,0.9696)",0.5734216,0.130765,0.0170995,0.6423,0.8418,0.5732,0.3098,0.5093
MOD13Q1_061__250m_16_days_NDVI_doy2025225000000_aid0005,_250m_16_days_NDVI,aid0005,2025-08-13,1137872.0,-0.2,0.9796,"(-0.2,0.9796)",0.6005469,0.13515,0.0182655,0.6779,0.8921,0.6056,0.3209,0.5351
MOD13Q1_061__250m_16_days_NDVI_doy2025241000000_aid0005,_250m_16_days_NDVI,aid0005,2025-08-29,1138726.0,-0.2,0.9643,"(-0.2,0.9643)",0.6511281,0.1424639,0.020296,0.7374,0.9578,0.6599,0.3684,0.5898
MOD13Q1_061__250m_16_days_NDVI_doy2025257000000_aid0005,_250m_16_days_NDVI,aid0005,2025-09-14,1139790.0,-0.2,0.9931,"(-0.2,0.9931)",0.6734115,0.1392045,0.0193779,0.7558,0.9575,0.6936,0.4153,0.6196
MOD13Q1_061__250m_16_days_NDVI_doy2025273000000_aid0005,_250m_16_days_NDVI,aid0005,2025-09-30,1139840.0,-0.2,0.9752,"(-0.2,0.9752)",0.7025296,0.1363787,0.0185991,0.7883,0.9752,0.7336,0.4578,0.6561
MOD13Q1_061__250m_16_days_NDVI_doy2025289000000_aid0005,_250m_16_days_NDVI,aid0005,2025-10-16,1140709.0,-0.2,0.99,"(-0.2,0.99)",0.6811558,0.1263777,0.0159713,0.7654,0.9517,0.7079,0.4279,0.6304
MOD13Q1_061__250m_16_days_NDVI_doy2025305000000_aid0005,_250m_16_days_NDVI,aid0005,2025-11-01,1142526.0,-0.2,0.9993,"(-0.2,0.9993)",0.6763988,0.138228,0.019107,0.7694,0.9557,0.7092,0.4067,0.6243
MOD13Q1_061__250m_16_days_NDVI_doy2025321000000_aid0005,_250m_16_days_NDVI,aid0005,2025-11-17,1141357.0,-0.2,0.9984,"(-0.2,0.9984)",0.6516826,0.1571791,0.0247053,0.7622,0.9984,0.7002,0.3045,0.5791
MOD13Q1_061__250m_16_days_NDVI_doy2025337000000_aid0005,_250m_16_days_NDVI,aid0005,2025-12-03,1140580.0,-0.2,0.931,"(-0.2,0.931)",0.667475,0.1484342,0.0220327,0.7747,0.931,0.7061,0.3402,0.6009
MOD13Q1_061__250m_16_days_NDVI_doy2025353000000_aid0005,_250m_16_days_NDVI,aid0005,2025-12-19,1142810.0,-0.2,0.9756,"(-0.2,0.9756)",0.703928,0.1414869,0.0200185,0.7994,0.9756,0.7465,0.4209,0.648
MOD13Q1_061__250m_16_days_NDVI_doy2026001000000_aid0005,_250m_16_days_NDVI,aid0005,2026-01-01,1142037.0,-0.2,0.9877,"(-0.2,0.9877)",0.689104,0.1299621,0.0168901,0.779,0.9877,0.7193,0.397,0.6262
MOD13Q1_061__250m_16_days_NDVI_doy2026017000000_aid0005,_250m_16_days_NDVI,aid0005,2026-01-17,1139417.0,-0.2,0.9521,"(-0.2,0.9521)",0.6943059,0.1298996,0.0168739,0.787,0.9521,0.7218,0.375,0.6222
MOD13Q1_061__250m_16_days_NDVI_doy2026033000000_aid0005,_250m_16_days_NDVI,aid0005,2026-02-02,1142681.0,-0.2,0.9505,"(-0.2,0.9505)",0.6340547,0.1440517,0.0207509,0.7368,0.9505,0.6533,0.2513,0.5426
MOD13Q1_061__250m_16_days_NDVI_doy2026049000000_aid0005,_250m_16_days_NDVI,aid0005,2026-02-18,1142665.0,-0.2,0.9825,"(-0.2,0.9825)",0.7196686,0.1318925,0.0173956,0.8006,0.9825,0.7444,0.4766,0.671
MOD13Q1_061__250m_16_days_NDVI_doy2026065000000_aid0005,_250m_16_days_NDVI,aid0005,2026-03-06,1141046.0,-0.2,0.9934,"(-0.2,0.9934)",0.7321501,0.1294,0.0167444,0.8155,0.9934,0.7648,0.4835,0.6827
MOD13Q1_061__250m_16_days_NDVI_doy2026081000000_aid0005,_250m_16_days_NDVI,aid0005,2026-03-22,1140365.0,-0.2,0.9617,"(-0.2,0.9617)",0.7251589,0.1222068,0.0149345,0.8018,0.9617,0.751,0.4958,0.6794
MOD13Q1_061__250m_16_days_NDVI_doy2026097000000_aid0005,_250m_16_days_NDVI,aid0005,2026-04-07,1141606.0,-0.2,0.9561,"(-0.2,0.9561)",0.7354959,0.1085467,0.0117824,0.7998,0.9496,0.7582,0.5501,0.6999
MOD13Q1_061__250m_16_days_NDVI_doy2026113000000_aid0005,_250m_16_days_NDVI,aid0005,2026-04-23,1141570.0,-0.2,0.9927,"(-0.2,0.9927)",0.6826762,0.130683,0.017078,0.7695,0.9927,0.7182,0.3948,0.6196
MOD13Q1_061__250m_16_days_NDVI_doy2026129000000_aid0005,_250m_16_days_NDVI,aid0005,2026-05-09,1138968.0,-0.2,0.9995,"(-0.2,0.9995)",0.6444153,0.1524424,0.0232387,0.7496,0.9995,0.6949,0.2356,0.544
MOD13Q1_061__250m_16_days_NDVI_doy2026145000000_aid0005,_250m_16_days_NDVI,aid0005,2026-05-25,1149864.0,-0.2,0.9995,"(-0.2,0.9995)",0.5718534,0.1704028,0.0290371,0.6978,0.9995,0.6059,0.0828,0.4518
MOD13Q1_061__250m_16_days_NDVI_doy2026161000000_aid0005,_250m_16_days_NDVI,aid0005,2026-06-10,1146026.0,-0.2,0.9994,"(-0.2,0.9994)",0.617254,0.145355,0.0211281,0.7082,0.9602,0.645,0.2882,0.5402
MOD13Q1_061__250m_16_days_NDVI_doy2026177000000_aid0005,_250m_16_days_NDVI,aid0005,2026-06-26,1139716.0,-0.2,0.9867,"(-0.2,0.9867)",0.6051068,0.1411865,0.0199336,0.6924,0.9337,0.625,0.2902,0.5315
MOD13Q1_061__250m_16_days_NDVI_doy2026193000000_aid0005,_250m_16_days_NDVI,aid0005,2026-07-12,1145468.0,-0.2,0.9971,"(-0.2,0.9971)",0.4914756,0.1605581,0.0257789,0.5989,0.9025,0.498,0.0929,0.3965
MOD13Q1_061__250m_16_days_NDVI_doy2026209000000_aid0005,_250m_16_days_NDVI,aid0005,2026-07-28,1140642.0,-0.1997,0.9961,"(-0.1997,0.9961)",0.6240565,0.1395608,0.0194772,0.7129,0.9353,0.6337,0.3422,0.5646
MOD13Q1_061__250m_16_days_NDVI_doy2023353000000_aid0006,_250m_16_days_NDVI,aid0006,2023-12-19,2386537.0,-0.2,0.9986,"(-0.2,0.9986)",0.639817,0.1942622,0.0377378,0.7808,0.9986,0.6901,0.1816,0.5411
MOD13Q1_061__250m_16_days_NDVI_doy2024001000000_aid0006,_250m_16_days_NDVI,aid0006,2024-01-01,2372147.0,-0.2,0.9986,"(-0.2,0.9986)",0.6960221,0.1807107,0.0326563,0.8207,0.9986,0.7345,0.303,0.6136
MOD13Q1_061__250m_16_days_NDVI_doy2024017000000_aid0006,_250m_16_days_NDVI,aid0006,2024-01-17,2376853.0,-0.2,0.9926,"(-0.2,0.9926)",0.7198628,0.1792804,0.0321414,0.8449,0.9926,0.7543,0.3379,0.6421
MOD13Q1_061__250m_16_days_NDVI_doy2024033000000_aid0006,_250m_16_days_NDVI,aid0006,2024-02-02,2388946.0,-0.2,0.9992,"(-0.2,0.9992)",0.6858308,0.179139,0.0320908,0.8216,0.9992,0.6991,0.2451,0.591
MOD13Q1_061__250m_16_days_NDVI_doy2024049000000_aid0006,_250m_16_days_NDVI,aid0006,2024-02-18,2396406.0,-0.2,0.999,"(-0.2,0.999)",0.7375015,0.1657802,0.0274831,0.8528,0.999,0.7684,0.4166,0.6783
MOD13Q1_061__250m_16_days_NDVI_doy2024065000000_aid0006,_250m_16_days_NDVI,aid0006,2024-03-05,2398832.0,-0.2,0.9979,"(-0.2,0.9979)",0.7272711,0.1655522,0.0274075,0.8441,0.9979,0.7588,0.3939,0.664
MOD13Q1_061__250m_16_days_NDVI_doy2024081000000_aid0006,_250m_16_days_NDVI,aid0006,2024-03-21,2393669.0,-0.2,0.9797,"(-0.2,0.9797)",0.6876902,0.1593219,0.0253835,0.795,0.9797,0.7281,0.3538,0.6185
MOD13Q1_061__250m_16_days_NDVI_doy2024097000000_aid0006,_250m_16_days_NDVI,aid0006,2024-04-06,2393895.0,-0.2,0.9977,"(-0.2,0.9977)",0.6037847,0.1683751,0.0283502,0.7379,0.9977,0.6376,0.1197,0.4906
MOD13Q1_061__250m_16_days_NDVI_doy2024113000000_aid0006,_250m_16_days_NDVI,aid0006,2024-04-22,2406411.0,-0.2,0.9946,"(-0.2,0.9946)",0.5447762,0.1825838,0.0333368,0.7002,0.9946,0.5601,-0.0433,0.4028
MOD13Q1_061__250m_16_days_NDVI_doy2024129000000_aid0006,_250m_16_days_NDVI,aid0006,2024-05-08,2373688.0,-0.2,0.9787,"(-0.2,0.9787)",0.5394885,0.1743733,0.0304061,0.6913,0.9787,0.551,-0.0487,0.3953
MOD13Q1_061__250m_16_days_NDVI_doy2024145000000_aid0006,_250m_16_days_NDVI,aid0006,2024-05-24,2377301.0,-0.2,0.948,"(-0.2,0.948)",0.4926565,0.1690268,0.02857,0.6383,0.948,0.4897,-0.0872,0.3481
MOD13Q1_061__250m_16_days_NDVI_doy2024161000000_aid0006,_250m_16_days_NDVI,aid0006,2024-06-09,2406972.0,-0.2,0.998,"(-0.2,0.998)",0.4845115,0.1593207,0.0253831,0.6125,0.9835,0.4831,-0.0067,0.3648
MOD13Q1_061__250m_16_days_NDVI_doy2024177000000_aid0006,_250m_16_days_NDVI,aid0006,2024-06-25,2382179.0,-0.2,0.9321,"(-0.2,0.9321)",0.5058906,0.1565875,0.0245196,0.6371,0.9321,0.5071,-0.0091,0.3786
MOD13Q1_061__250m_16_days_NDVI_doy2024193000000_aid0006,_250m_16_days_NDVI,aid0006,2024-07-11,2382318.0,-0.2,0.9936,"(-0.2,0.9936)",0.4372962,0.1310368,0.0171706,0.5353,0.8342,0.4318,0.0371,0.336
MOD13Q1_061__250m_16_days_NDVI_doy2024209000000_aid0006,_250m_16_days_NDVI,aid0006,2024-07-27,2383084.0,-0.2,0.9319,"(-0.2,0.9319)",0.4372196,0.1342148,0.0180136,0.5349,0.8373,0.432,0.0309,0.3333
MOD13Q1_061__250m_16_days_NDVI_doy2024225000000_aid0006,_250m_16_days_NDVI,aid0006,2024-08-12,2384225.0,-0.2,0.9421,"(-0.2,0.9421)",0.4454461,0.1451764,0.0210762,0.5484,0.8767,0.4383,0.0012,0.3295
MOD13Q1_061__250m_16_days_NDVI_doy2024241000000_aid0006,_250m_16_days_NDVI,aid0006,2024-08-28,2385795.0,-0.2,0.9525,"(-0.2,0.9525)",0.455564,0.162316,0.0263465,0.5743,0.9525,0.4444,-0.0657,0.3183
MOD13Q1_061__250m_16_days_NDVI_doy2024257000000_aid0006,_250m_16_days_NDVI,aid0006,2024-09-13,2389039.0,-0.2,0.9628,"(-0.2,0.9628)",0.4799593,0.1778055,0.0316148,0.6111,0.9628,0.4739,-0.1036,0.3252
MOD13Q1_061__250m_16_days_NDVI_doy2024273000000_aid0006,_250m_16_days_NDVI,aid0006,2024-09-29,2389183.0,-0.2,0.9439,"(-0.2,0.9439)",0.5104376,0.1858631,0.0345451,0.6674,0.9439,0.5158,-0.1358,0.3461
MOD13Q1_061__250m_16_days_NDVI_doy2024289000000_aid0006,_250m_16_days_NDVI,aid0006,2024-10-15,2387598.0,-0.2,0.9446,"(-0.2,0.9446)",0.5571038,0.1923819,0.0370108,0.7254,0.9446,0.5734,-0.1087,0.3917
MOD13Q1_061__250m_16_days_NDVI_doy2024305000000_aid0006,_250m_16_days_NDVI,aid0006,2024-10-31,2389065.0,-0.2,0.9634,"(-0.2,0.9634)",0.5349697,0.1925719,0.0370839,0.7027,0.9634,0.5402,-0.157,0.3588
MOD13Q1_061__250m_16_days_NDVI_doy2024321000000_aid0006,_250m_16_days_NDVI,aid0006,2024-11-16,2400090.0,-0.2,0.9873,"(-0.2,0.9873)",0.5218473,0.1975902,0.0390419,0.6944,0.9873,0.5193,-0.1853,0.3425
MOD13Q1_061__250m_16_days_NDVI_doy2024337000000_aid0006,_250m_16_days_NDVI,aid0006,2024-12-02,2391378.0,-0.2,0.9988,"(-0.2,0.9988)",0.6057206,0.1839124,0.0338238,0.7604,0.9988,0.6413,0.0262,0.4667
MOD13Q1_061__250m_16_days_NDVI_doy2024353000000_aid0006,_250m_16_days_NDVI,aid0006,2024-12-18,2386703.0,-0.2,0.9926,"(-0.2,0.9926)",0.6491803,0.1598311,0.025546,0.7702,0.9926,0.6834,0.2222,0.551
MOD13Q1_061__250m_16_days_NDVI_doy2025001000000_aid0006,_250m_16_days_NDVI,aid0006,2025-01-01,2388963.0,-0.2,0.9793,"(-0.2,0.9793)",0.6505725,0.1525933,0.0232847,0.7616,0.9793,0.6636,0.2391,0.5526
MOD13Q1_061__250m_16_days_NDVI_doy2025017000000_aid0006,_250m_16_days_NDVI,aid0006,2025-01-17,2388639.0,-0.2,0.9984,"(-0.2,0.9984)",0.6764275,0.1560333,0.0243464,0.7939,0.9984,0.6865,0.2509,0.5767
MOD13Q1_061__250m_16_days_NDVI_doy2025033000000_aid0006,_250m_16_days_NDVI,aid0006,2025-02-02,2401215.0,-0.2,0.9989,"(-0.2,0.9989)",0.6782491,0.1688374,0.0285061,0.8057,0.9989,0.6945,0.237,0.5782
MOD13Q1_061__250m_16_days_NDVI_doy2025049000000_aid0006,_250m_16_days_NDVI,aid0006,2025-02-18,2390725.0,-0.2,0.9979,"(-0.2,0.9979)",0.7427713,0.1518255,0.023051,0.8581,0.9979,0.7729,0.3884,0.6702
MOD13Q1_061__250m_16_days_NDVI_doy2025065000000_aid0006,_250m_16_days_NDVI,aid0006,2025-03-06,2402339.0,-0.2,0.9974,"(-0.2,0.9974)",0.7629222,0.1467392,0.0215324,0.8588,0.9974,0.7953,0.5088,0.7188
MOD13Q1_061__250m_16_days_NDVI_doy2025081000000_aid0006,_250m_16_days_NDVI,aid0006,2025-03-22,2409813.0,-0.2,0.9862,"(-0.2,0.9862)",0.6921095,0.1543067,0.0238105,0.7919,0.9862,0.7293,0.3929,0.6323
MOD13Q1_061__250m_16_days_NDVI_doy2025097000000_aid0006,_250m_16_days_NDVI,aid0006,2025-04-07,2400319.0,-0.2,0.9623,"(-0.2,0.9623)",0.6065713,0.1627612,0.0264912,0.7373,0.9623,0.6394,0.1338,0.4959
MOD13Q1_061__250m_16_days_NDVI_doy2025113000000_aid0006,_250m_16_days_NDVI,aid0006,2025-04-23,2397620.0,-0.2,0.978,"(-0.2,0.978)",0.5346648,0.1660646,0.0275775,0.6786,0.978,0.5453,-0.0204,0.399
MOD13Q1_061__250m_16_days_NDVI_doy2025129000000_aid0006,_250m_16_days_NDVI,aid0006,2025-05-09,2403836.0,-0.2,0.9675,"(-0.2,0.9675)",0.5505411,0.1704851,0.0290652,0.6954,0.9675,0.5729,-0.0118,0.4125
MOD13Q1_061__250m_16_days_NDVI_doy2025145000000_aid0006,_250m_16_days_NDVI,aid0006,2025-05-25,2401455.0,-0.2,0.9876,"(-0.2,0.9876)",0.5359495,0.1649682,0.0272145,0.6736,0.9876,0.5606,-0.0086,0.4007
MOD13Q1_061__250m_16_days_NDVI_doy2025161000000_aid0006,_250m_16_days_NDVI,aid0006,2025-06-10,2400330.0,-0.2,0.9582,"(-0.2,0.9582)",0.5001489,0.1610245,0.0259289,0.6327,0.9582,0.51,-0.037,0.3648
MOD13Q1_061__250m_16_days_NDVI_doy2025177000000_aid0006,_250m_16_days_NDVI,aid0006,2025-06-26,2393801.0,-0.2,0.9792,"(-0.2,0.9792)",0.4409255,0.1421329,0.0202018,0.549,0.8818,0.4293,-0.006,0.327
MOD13Q1_061__250m_16_days_NDVI_doy2025193000000_aid0006,_250m_16_days_NDVI,aid0006,2025-07-12,2398503.0,-0.2,0.9668,"(-0.2,0.9668)",0.4516179,0.1389312,0.0193019,0.5452,0.8309,0.4465,0.069,0.3547
MOD13Q1_061__250m_16_days_NDVI_doy2025209000000_aid0006,_250m_16_days_NDVI,aid0006,2025-07-28,2401613.0,-0.2,0.9624,"(-0.2,0.9624)",0.5007628,0.168883,0.0285215,0.6068,0.9402,0.5021,0.0511,0.3845
MOD13Q1_061__250m_16_days_NDVI_doy2025225000000_aid0006,_250m_16_days_NDVI,aid0006,2025-08-13,2391984.0,-0.2,0.9634,"(-0.2,0.9634)",0.5347587,0.1818533,0.0330706,0.6563,0.9634,0.5335,0.0251,0.4038
MOD13Q1_061__250m_16_days_NDVI_doy2025241000000_aid0006,_250m_16_days_NDVI,aid0006,2025-08-29,2385607.0,-0.2,0.9675,"(-0.2,0.9675)",0.5642803,0.1924249,0.0370274,0.703,0.9675,0.5744,-0.0172,0.4149
MOD13Q1_061__250m_16_days_NDVI_doy2025257000000_aid0006,_250m_16_days_NDVI,aid0006,2025-09-14,2400263.0,-0.2,0.9749,"(-0.2,0.9749)",0.5859268,0.2020567,0.0408269,0.7351,0.9749,0.624,-0.0351,0.427
MOD13Q1_061__250m_16_days_NDVI_doy2025273000000_aid0006,_250m_16_days_NDVI,aid0006,2025-09-30,2387744.0,-0.2,0.962,"(-0.2,0.962)",0.6086298,0.1919868,0.0368589,0.7598,0.962,0.6539,0.0148,0.4618
MOD13Q1_061__250m_16_days_NDVI_doy2025289000000_aid0006,_250m_16_days_NDVI,aid0006,2025-10-16,2390614.0,-0.2,0.9941,"(-0.2,0.9941)",0.5842561,0.1740612,0.0302973,0.7238,0.9941,0.6141,0.0571,0.4571
MOD13Q1_061__250m_16_days_NDVI_doy2025305000000_aid0006,_250m_16_days_NDVI,aid0006,2025-11-01,2388766.0,-0.2,0.9993,"(-0.2,0.9993)",0.5814023,0.1738864,0.0302365,0.7268,0.9993,0.6102,0.0371,0.4509
MOD13Q1_061__250m_16_days_NDVI_doy2025321000000_aid0006,_250m_16_days_NDVI,aid0006,2025-11-17,2391293.0,-0.2,0.9746,"(-0.2,0.9746)",0.5859732,0.1876283,0.0352044,0.7463,0.9746,0.6299,-0.0542,0.4261
MOD13Q1_061__250m_16_days_NDVI_doy2025337000000_aid0006,_250m_16_days_NDVI,aid0006,2025-12-03,2390392.0,-0.2,0.9921,"(-0.2,0.9921)",0.6410709,0.1770196,0.0313359,0.7832,0.9921,0.6902,0.1175,0.5169
MOD13Q1_061__250m_16_days_NDVI_doy2025353000000_aid0006,_250m_16_days_NDVI,aid0006,2025-12-19,2387233.0,-0.2,0.9458,"(-0.2,0.9458)",0.6903471,0.1558806,0.0242988,0.8041,0.9458,0.7344,0.3121,0.6073
MOD13Q1_061__250m_16_days_NDVI_doy2026001000000_aid0006,_250m_16_days_NDVI,aid0006,2026-01-01,2404492.0,-0.2,0.9993,"(-0.2,0.9993)",0.6970437,0.1601659,0.0256531,0.8043,0.9993,0.7323,0.3501,0.6226
MOD13Q1_061__250m_16_days_NDVI_doy2026017000000_aid0006,_250m_16_days_NDVI,aid0006,2026-01-17,2396365.0,-0.2,0.987,"(-0.2,0.987)",0.6964588,0.1518368,0.0230544,0.7963,0.987,0.7222,0.3463,0.6163
MOD13Q1_061__250m_16_days_NDVI_doy2026033000000_aid0006,_250m_16_days_NDVI,aid0006,2026-02-02,2405258.0,-0.2,0.996,"(-0.2,0.996)",0.6731478,0.1693041,0.0286639,0.7904,0.996,0.6972,0.2562,0.5767
MOD13Q1_061__250m_16_days_NDVI_doy2026049000000_aid0006,_250m_16_days_NDVI,aid0006,2026-02-18,2405527.0,-0.2,0.9959,"(-0.2,0.9959)",0.7161052,0.1678787,0.0281833,0.8297,0.9959,0.7508,0.3865,0.6524
MOD13Q1_061__250m_16_days_NDVI_doy2026065000000_aid0006,_250m_16_days_NDVI,aid0006,2026-03-06,2397313.0,-0.2,0.9986,"(-0.2,0.9986)",0.7178492,0.1607043,0.0258259,0.8279,0.9986,0.7585,0.3904,0.6529
MOD13Q1_061__250m_16_days_NDVI_doy2026081000000_aid0006,_250m_16_days_NDVI,aid0006,2026-03-22,2391222.0,-0.2,0.9468,"(-0.2,0.9468)",0.6800024,0.1531629,0.0234589,0.7861,0.9468,0.7161,0.3321,0.6045
MOD13Q1_061__250m_16_days_NDVI_doy2026097000000_aid0006,_250m_16_days_NDVI,aid0006,2026-04-07,2394999.0,-0.2,0.9684,"(-0.2,0.9684)",0.6752615,0.151867,0.0230636,0.7813,0.9684,0.7171,0.3321,0.6016
MOD13Q1_061__250m_16_days_NDVI_doy2026113000000_aid0006,_250m_16_days_NDVI,aid0006,2026-04-23,2389554.0,-0.2,0.9952,"(-0.2,0.9952)",0.6046067,0.1564397,0.0244734,0.7329,0.9952,0.6346,0.1387,0.4952
MOD13Q1_061__250m_16_days_NDVI_doy2026129000000_aid0006,_250m_16_days_NDVI,aid0006,2026-05-09,2379323.0,-0.2,0.9942,"(-0.2,0.9942)",0.5341326,0.1600538,0.0256172,0.6762,0.9942,0.5413,-0.0265,0.3951
MOD13Q1_061__250m_16_days_NDVI_doy2026145000000_aid0006,_250m_16_days_NDVI,aid0006,2026-05-25,2413550.0,-0.2,0.9984,"(-0.2,0.9984)",0.4407463,0.1702396,0.0289815,0.576,0.9772,0.418,-0.0932,0.3083
MOD13Q1_061__250m_16_days_NDVI_doy2026161000000_aid0006,_250m_16_days_NDVI,aid0006,2026-06-10,2407016.0,-0.2,0.9911,"(-0.2,0.9911)",0.4980851,0.1547046,0.0239335,0.6181,0.9703,0.5058,0.0294,0.3826
MOD13Q1_061__250m_16_days_NDVI_doy2026177000000_aid0006,_250m_16_days_NDVI,aid0006,2026-06-26,2380085.0,-0.2,0.9958,"(-0.2,0.9958)",0.5001372,0.1410209,0.0198869,0.6095,0.9362,0.5024,0.0593,0.3894
MOD13Q1_061__250m_16_days_NDVI_doy2026193000000_aid0006,_250m_16_days_NDVI,aid0006,2026-07-12,2417377.0,-0.1998,0.9989,"(-0.1998,0.9989)",0.3578411,0.1655219,0.0273975,0.4749,0.8289,0.3499,-0.115,0.2389
MOD13Q1_061__250m_16_days_NDVI_doy2026209000000_aid0006,_250m_16_days_NDVI,aid0006,2026-07-28,2388360.0,-0.2,0.983,"(-0.2,0.983)",0.5495101,0.1757639,0.030893,0.6702,0.983,0.5789,0.0742,0.4318
MOD13Q1_061__250m_16_days_NDVI_doy2023353000000_aid0007,_250m_16_days_NDVI,aid0007,2023-12-19,2755578.0,-0.2,0.9986,"(-0.2,0.9986)",0.6487794,0.1746253,0.030494,0.7746,0.9986,0.685,0.2391,0.5604
MOD13Q1_061__250m_16_days_NDVI_doy2024001000000_aid0007,_250m_16_days_NDVI,aid0007,2024-01-01,2750810.0,-0.2,0.9986,"(-0.2,0.9986)",0.7219105,0.1712989,0.0293433,0.8503,0.9986,0.7563,0.3246,0.64
MOD13Q1_061__250m_16_days_NDVI_doy2024017000000_aid0007,_250m_16_days_NDVI,aid0007,2024-01-17,2752925.0,-0.2,0.9915,"(-0.2,0.9915)",0.741875,0.1663494,0.0276721,0.8701,0.9915,0.7715,0.3364,0.6566
MOD13Q1_061__250m_16_days_NDVI_doy2024033000000_aid0007,_250m_16_days_NDVI,aid0007,2024-02-02,2756379.0,-0.2,0.9953,"(-0.2,0.9953)",0.7103977,0.1695695,0.0287538,0.8476,0.9953,0.7375,0.2351,0.6026
MOD13Q1_061__250m_16_days_NDVI_doy2024049000000_aid0007,_250m_16_days_NDVI,aid0007,2024-02-18,2754111.0,-0.2,0.9991,"(-0.2,0.9991)",0.7509995,0.14601,0.0213189,0.8631,0.9991,0.7809,0.4104,0.682
MOD13Q1_061__250m_16_days_NDVI_doy2024065000000_aid0007,_250m_16_days_NDVI,aid0007,2024-03-05,2754894.0,-0.2,0.9945,"(-0.2,0.9945)",0.7310925,0.1557107,0.0242458,0.8539,0.9945,0.7643,0.3462,0.6508
MOD13Q1_061__250m_16_days_NDVI_doy2024081000000_aid0007,_250m_16_days_NDVI,aid0007,2024-03-21,2752873.0,-0.2,0.9355,"(-0.2,0.9355)",0.6837195,0.1466539,0.0215074,0.789,0.9355,0.7182,0.3473,0.6123
MOD13Q1_061__250m_16_days_NDVI_doy2024097000000_aid0007,_250m_16_days_NDVI,aid0007,2024-04-06,2756825.0,-0.2,0.9864,"(-0.2,0.9864)",0.5813627,0.1612405,0.0259985,0.7125,0.9864,0.5982,0.0918,0.4642
MOD13Q1_061__250m_16_days_NDVI_doy2024113000000_aid0007,_250m_16_days_NDVI,aid0007,2024-04-22,2754375.0,-0.2,0.9946,"(-0.2,0.9946)",0.5282411,0.1732301,0.0300087,0.6747,0.9946,0.5249,-0.0495,0.385
MOD13Q1_061__250m_16_days_NDVI_doy2024129000000_aid0007,_250m_16_days_NDVI,aid0007,2024-05-08,2748365.0,-0.2,0.9579,"(-0.2,0.9579)",0.4957501,0.1657922,0.0274871,0.6322,0.9579,0.4887,-0.0593,0.3556
MOD13Q1_061__250m_16_days_NDVI_doy2024145000000_aid0007,_250m_16_days_NDVI,aid0007,2024-05-24,2748961.0,-0.2,0.948,"(-0.2,0.948)",0.4489325,0.155367,0.0241389,0.5687,0.937,0.4284,-0.0555,0.319
MOD13Q1_061__250m_16_days_NDVI_doy2024161000000_aid0007,_250m_16_days_NDVI,aid0007,2024-06-09,2754815.0,-0.2,0.9866,"(-0.2,0.9866)",0.4785525,0.1500813,0.0225244,0.5936,0.9447,0.4688,0.0061,0.3586
MOD13Q1_061__250m_16_days_NDVI_doy2024177000000_aid0007,_250m_16_days_NDVI,aid0007,2024-06-25,2751022.0,-0.2,0.9389,"(-0.2,0.9389)",0.4740816,0.1543823,0.0238339,0.594,0.9389,0.4625,-0.028,0.3452
MOD13Q1_061__250m_16_days_NDVI_doy2024193000000_aid0007,_250m_16_days_NDVI,aid0007,2024-07-11,2750963.0,-0.2,0.9936,"(-0.2,0.9936)",0.4106458,0.1242788,0.0154452,0.4995,0.7798,0.3987,0.0323,0.3126
MOD13Q1_061__250m_16_days_NDVI_doy2024209000000_aid0007,_250m_16_days_NDVI,aid0007,2024-07-27,2751454.0,-0.2,0.9265,"(-0.2,0.9265)",0.4318974,0.1357556,0.0184296,0.5302,0.8425,0.4251,0.0097,0.322
MOD13Q1_061__250m_16_days_NDVI_doy2024225000000_aid0007,_250m_16_days_NDVI,aid0007,2024-08-12,2750984.0,-0.2,0.9473,"(-0.2,0.9473)",0.4512185,0.1480706,0.0219249,0.5578,0.9014,0.445,-0.0149,0.3287
MOD13Q1_061__250m_16_days_NDVI_doy2024241000000_aid0007,_250m_16_days_NDVI,aid0007,2024-08-28,2752907.0,-0.2,0.9637,"(-0.2,0.9637)",0.4897551,0.1745466,0.0304665,0.6207,0.9637,0.4933,-0.0873,0.3375
MOD13Q1_061__250m_16_days_NDVI_doy2024257000000_aid0007,_250m_16_days_NDVI,aid0007,2024-09-13,2754115.0,-0.2,0.9647,"(-0.2,0.9647)",0.5321327,0.1973687,0.0389544,0.6952,0.9647,0.5423,-0.1733,0.3478
MOD13Q1_061__250m_16_days_NDVI_doy2024273000000_aid0007,_250m_16_days_NDVI,aid0007,2024-09-29,2754540.0,-0.2,0.9583,"(-0.2,0.9583)",0.5416318,0.2024856,0.0410004,0.718,0.9583,0.5485,-0.1951,0.3527
MOD13Q1_061__250m_16_days_NDVI_doy2024289000000_aid0007,_250m_16_days_NDVI,aid0007,2024-10-15,2754555.0,-0.2,0.9641,"(-0.2,0.9641)",0.5689303,0.197368,0.0389541,0.7407,0.9641,0.5865,-0.1347,0.3905
MOD13Q1_061__250m_16_days_NDVI_doy2024305000000_aid0007,_250m_16_days_NDVI,aid0007,2024-10-31,2756890.0,-0.2,0.9634,"(-0.2,0.9634)",0.5661388,0.1862832,0.0347014,0.7193,0.9634,0.5902,-0.0582,0.4083
MOD13Q1_061__250m_16_days_NDVI_doy2024321000000_aid0007,_250m_16_days_NDVI,aid0007,2024-11-16,2758050.0,-0.2,0.9952,"(-0.2,0.9952)",0.5288456,0.1802539,0.0324915,0.6746,0.9952,0.5248,-0.0824,0.3718
MOD13Q1_061__250m_16_days_NDVI_doy2024337000000_aid0007,_250m_16_days_NDVI,aid0007,2024-12-02,2756153.0,-0.2,0.9839,"(-0.2,0.9839)",0.587082,0.1767837,0.0312525,0.729,0.9839,0.6016,0.0368,0.4521
MOD13Q1_061__250m_16_days_NDVI_doy2024353000000_aid0007,_250m_16_days_NDVI,aid0007,2024-12-18,2754383.0,-0.1998,0.9926,"(-0.1998,0.9926)",0.628995,0.1631195,0.026608,0.7592,0.9926,0.6467,0.15,0.5155
MOD13Q1_061__250m_16_days_NDVI_doy2025001000000_aid0007,_250m_16_days_NDVI,aid0007,2025-01-01,2754062.0,-0.2,0.9728,"(-0.2,0.9728)",0.6255339,0.1651873,0.0272869,0.7628,0.9728,0.6326,0.0983,0.497
MOD13Q1_061__250m_16_days_NDVI_doy2025017000000_aid0007,_250m_16_days_NDVI,aid0007,2025-01-17,2754602.0,-0.2,0.9989,"(-0.2,0.9989)",0.6434587,0.1720872,0.029614,0.7838,0.9989,0.6599,0.1018,0.511
MOD13Q1_061__250m_16_days_NDVI_doy2025033000000_aid0007,_250m_16_days_NDVI,aid0007,2025-02-02,2754593.0,-0.2,0.9951,"(-0.2,0.9951)",0.7099392,0.1523474,0.0232097,0.8319,0.9951,0.7299,0.2879,0.6143
MOD13Q1_061__250m_16_days_NDVI_doy2025049000000_aid0007,_250m_16_days_NDVI,aid0007,2025-02-18,2754566.0,-0.2,0.9869,"(-0.2,0.9869)",0.7692909,0.1389214,0.0192991,0.8749,0.9869,0.8014,0.4567,0.7076
MOD13Q1_061__250m_16_days_NDVI_doy2025065000000_aid0007,_250m_16_days_NDVI,aid0007,2025-03-06,2755016.0,-0.2,0.9985,"(-0.2,0.9985)",0.7720939,0.1387149,0.0192418,0.8685,0.9985,0.8108,0.5213,0.7296
MOD13Q1_061__250m_16_days_NDVI_doy2025081000000_aid0007,_250m_16_days_NDVI,aid0007,2025-03-22,2757565.0,-0.2,0.9992,"(-0.2,0.9992)",0.7050968,0.1401776,0.0196498,0.8008,0.9992,0.7419,0.4158,0.6468
MOD13Q1_061__250m_16_days_NDVI_doy2025097000000_aid0007,_250m_16_days_NDVI,aid0007,2025-04-07,2753728.0,-0.2,0.9983,"(-0.2,0.9983)",0.6006236,0.1592727,0.0253678,0.7335,0.9983,0.6276,0.103,0.4813
MOD13Q1_061__250m_16_days_NDVI_doy2025113000000_aid0007,_250m_16_days_NDVI,aid0007,2025-04-23,2754594.0,-0.2,0.9732,"(-0.2,0.9732)",0.5454291,0.1609255,0.025897,0.6863,0.9732,0.5492,0.0043,0.4135
MOD13Q1_061__250m_16_days_NDVI_doy2025129000000_aid0007,_250m_16_days_NDVI,aid0007,2025-05-09,2755332.0,-0.2,0.9675,"(-0.2,0.9675)",0.5571649,0.1627628,0.0264917,0.6959,0.9675,0.574,0.0139,0.4231
MOD13Q1_061__250m_16_days_NDVI_doy2025145000000_aid0007,_250m_16_days_NDVI,aid0007,2025-05-25,2751983.0,-0.2,0.9315,"(-0.2,0.9315)",0.5298566,0.1561181,0.0243729,0.6605,0.9315,0.5451,0.008,0.3995
MOD13Q1_061__250m_16_days_NDVI_doy2025161000000_aid0007,_250m_16_days_NDVI,aid0007,2025-06-10,2751367.0,-0.2,0.9582,"(-0.2,0.9582)",0.4892843,0.147877,0.0218676,0.61,0.9582,0.4939,-0.0064,0.3634
MOD13Q1_061__250m_16_days_NDVI_doy2025177000000_aid0007,_250m_16_days_NDVI,aid0007,2025-06-26,2752027.0,-0.2,0.948,"(-0.2,0.948)",0.434056,0.1323014,0.0175037,0.5338,0.8453,0.4229,0.0146,0.3261
MOD13Q1_061__250m_16_days_NDVI_doy2025193000000_aid0007,_250m_16_days_NDVI,aid0007,2025-07-12,2750430.0,-0.2,0.988,"(-0.2,0.988)",0.4457963,0.1228341,0.0150882,0.5312,0.7965,0.443,0.089,0.3543
MOD13Q1_061__250m_16_days_NDVI_doy2025209000000_aid0007,_250m_16_days_NDVI,aid0007,2025-07-28,2751185.0,-0.2,0.9913,"(-0.2,0.9913)",0.4904733,0.1455934,0.0211974,0.5902,0.8966,0.4996,0.0795,0.3859
MOD13Q1_061__250m_16_days_NDVI_doy2025225000000_aid0007,_250m_16_days_NDVI,aid0007,2025-08-13,2751256.0,-0.2,0.9576,"(-0.2,0.9576)",0.5182968,0.1655652,0.0274118,0.6313,0.9576,0.5265,0.0448,0.3967
MOD13Q1_061__250m_16_days_NDVI_doy2025241000000_aid0007,_250m_16_days_NDVI,aid0007,2025-08-29,2749387.0,-0.2,0.959,"(-0.2,0.959)",0.5518499,0.1934533,0.0374242,0.6961,0.959,0.5708,-0.0611,0.3932
MOD13Q1_061__250m_16_days_NDVI_doy2025257000000_aid0007,_250m_16_days_NDVI,aid0007,2025-09-14,2754136.0,-0.2,0.9931,"(-0.2,0.9931)",0.5826516,0.199912,0.0399648,0.7411,0.9931,0.6188,-0.0794,0.4129
MOD13Q1_061__250m_16_days_NDVI_doy2025273000000_aid0007,_250m_16_days_NDVI,aid0007,2025-09-30,2755524.0,-0.2,0.9715,"(-0.2,0.9715)",0.6050222,0.1980114,0.0392085,0.7658,0.9715,0.6505,-0.0504,0.4393
MOD13Q1_061__250m_16_days_NDVI_doy2025289000000_aid0007,_250m_16_days_NDVI,aid0007,2025-10-16,2756729.0,-0.2,0.9817,"(-0.2,0.9817)",0.5997642,0.1940944,0.0376726,0.7582,0.9817,0.6412,-0.0373,0.44
MOD13Q1_061__250m_16_days_NDVI_doy2025305000000_aid0007,_250m_16_days_NDVI,aid0007,2025-11-01,2756169.0,-0.2,0.9952,"(-0.2,0.9952)",0.5955152,0.1791722,0.0321027,0.7423,0.9952,0.6356,0.0383,0.4607
MOD13Q1_061__250m_16_days_NDVI_doy2025321000000_aid0007,_250m_16_days_NDVI,aid0007,2025-11-17,2754891.0,-0.2,0.9726,"(-0.2,0.9726)",0.569374,0.1742246,0.0303542,0.7145,0.9726,0.5917,-0.002,0.4279
MOD13Q1_061__250m_16_days_NDVI_doy2025337000000_aid0007,_250m_16_days_NDVI,aid0007,2025-12-03,2755616.0,-0.2,0.9907,"(-0.2,0.9907)",0.6036835,0.174514,0.0304551,0.7436,0.9907,0.6324,0.0621,0.471
MOD13Q1_061__250m_16_days_NDVI_doy2025353000000_aid0007,_250m_16_days_NDVI,aid0007,2025-12-19,2753052.0,-0.2,0.9507,"(-0.2,0.9507)",0.6637602,0.1629219,0.0265436,0.7908,0.9507,0.6915,0.2226,0.5635
MOD13Q1_061__250m_16_days_NDVI_doy2026001000000_aid0007,_250m_16_days_NDVI,aid0007,2026-01-01,2757367.0,-0.2,0.9949,"(-0.2,0.9949)",0.6826422,0.1542265,0.0237858,0.8023,0.9949,0.7005,0.2611,0.5858
MOD13Q1_061__250m_16_days_NDVI_doy2026017000000_aid0007,_250m_16_days_NDVI,aid0007,2026-01-17,2754897.0,-0.2,0.999,"(-0.2,0.999)",0.7066071,0.1508086,0.0227432,0.8217,0.999,0.727,0.3025,0.614
MOD13Q1_061__250m_16_days_NDVI_doy2026033000000_aid0007,_250m_16_days_NDVI,aid0007,2026-02-02,2756411.0,-0.2,0.9994,"(-0.2,0.9994)",0.7103671,0.1675311,0.0280667,0.8424,0.9994,0.7441,0.2602,0.6095
MOD13Q1_061__250m_16_days_NDVI_doy2026049000000_aid0007,_250m_16_days_NDVI,aid0007,2026-02-18,2754928.0,-0.2,0.9822,"(-0.2,0.9822)",0.7211883,0.1618865,0.0262072,0.8519,0.9822,0.7482,0.2954,0.6293
MOD13Q1_061__250m_16_days_NDVI_doy2026065000000_aid0007,_250m_16_days_NDVI,aid0007,2026-03-06,2753324.0,-0.2,0.9739,"(-0.2,0.9739)",0.6973007,0.1620909,0.0262735,0.8267,0.9739,0.7292,0.261,0.6004
MOD13Q1_061__250m_16_days_NDVI_doy2026081000000_aid0007,_250m_16_days_NDVI,aid0007,2026-03-22,2751967.0,-0.2,0.9845,"(-0.2,0.9845)",0.6655312,0.1466773,0.0215142,0.7699,0.9845,0.6923,0.3169,0.5887
MOD13Q1_061__250m_16_days_NDVI_doy2026097000000_aid0007,_250m_16_days_NDVI,aid0007,2026-04-07,2752778.0,-0.2,0.955,"(-0.2,0.955)",0.6575503,0.1419118,0.0201389,0.7627,0.955,0.6941,0.302,0.5784
MOD13Q1_061__250m_16_days_NDVI_doy2026113000000_aid0007,_250m_16_days_NDVI,aid0007,2026-04-23,2753260.0,-0.2,0.9976,"(-0.2,0.9976)",0.5871292,0.1553477,0.0241329,0.7165,0.9976,0.608,0.1,0.4699
MOD13Q1_061__250m_16_days_NDVI_doy2026129000000_aid0007,_250m_16_days_NDVI,aid0007,2026-05-09,2750912.0,-0.2,0.9942,"(-0.2,0.9942)",0.50848,0.1539602,0.0237037,0.6351,0.9942,0.5048,-0.0026,0.38
MOD13Q1_061__250m_16_days_NDVI_doy2026145000000_aid0007,_250m_16_days_NDVI,aid0007,2026-05-25,2763257.0,-0.1991,0.9987,"(-0.1991,0.9987)",0.3926599,0.149861,0.0224583,0.4995,0.8218,0.371,-0.0377,0.2846
MOD13Q1_061__250m_16_days_NDVI_doy2026161000000_aid0007,_250m_16_days_NDVI,aid0007,2026-06-10,2753218.0,-0.2,0.9911,"(-0.2,0.9911)",0.4947997,0.1425636,0.0203244,0.6042,0.9351,0.4988,0.0487,0.382
MOD13Q1_061__250m_16_days_NDVI_doy2026177000000_aid0007,_250m_16_days_NDVI,aid0007,2026-06-26,2752195.0,-0.2,0.9958,"(-0.2,0.9958)",0.4825272,0.1356933,0.0184127,0.5824,0.8882,0.4847,0.0727,0.3785
MOD13Q1_061__250m_16_days_NDVI_doy2026193000000_aid0007,_250m_16_days_NDVI,aid0007,2026-07-12,2763400.0,-0.2,0.9989,"(-0.2,0.9989)",0.3199539,0.160871,0.0258795,0.4231,0.7538,0.2996,-0.1279,0.2026
MOD13Q1_061__250m_16_days_NDVI_doy2026209000000_aid0007,_250m_16_days_NDVI,aid0007,2026-07-28,2755891.0,-0.2,0.9973,"(-0.2,0.9973)",0.5530183,0.1655948,0.0274217,0.6751,0.9973,0.5778,0.0839,0.4386
MOD13Q1_061__250m_16_days_NDVI_doy2023353000000_aid0008,_250m_16_days_NDVI,aid0008,2023-12-19,1727939.0,-0.199,0.9525,"(-0.199,0.9525)",0.586927,0.1627744,0.0264955,0.7105,0.9525,0.5928,0.104,0.4679
MOD13Q1_061__250m_16_days_NDVI_doy2024001000000_aid0008,_250m_16_days_NDVI,aid0008,2024-01-01,1727811.0,-0.2,0.9907,"(-0.2,0.9907)",0.6872891,0.1615308,0.0260922,0.8185,0.9907,0.7058,0.231,0.5835
MOD13Q1_061__250m_16_days_NDVI_doy2024017000000_aid0008,_250m_16_days_NDVI,aid0008,2024-01-17,1727792.0,-0.1996,0.9823,"(-0.1996,0.9823)",0.7530041,0.146553,0.0214778,0.873,0.9823,0.7834,0.344,0.6614
MOD13Q1_061__250m_16_days_NDVI_doy2024033000000_aid0008,_250m_16_days_NDVI,aid0008,2024-02-02,1727813.0,-0.199,0.9828,"(-0.199,0.9828)",0.7522945,0.1482517,0.0219786,0.8769,0.9828,0.7881,0.3107,0.6504
MOD13Q1_061__250m_16_days_NDVI_doy2024049000000_aid0008,_250m_16_days_NDVI,aid0008,2024-02-18,1727742.0,-0.2,0.9991,"(-0.2,0.9991)",0.7773894,0.1375194,0.0189116,0.8868,0.9991,0.8156,0.4178,0.6992
MOD13Q1_061__250m_16_days_NDVI_doy2024065000000_aid0008,_250m_16_days_NDVI,aid0008,2024-03-05,1727758.0,-0.2,0.9984,"(-0.2,0.9984)",0.733601,0.1502224,0.0225668,0.8573,0.9984,0.7709,0.3146,0.6402
MOD13Q1_061__250m_16_days_NDVI_doy2024081000000_aid0008,_250m_16_days_NDVI,aid0008,2024-03-21,1727642.0,-0.2,0.9895,"(-0.2,0.9895)",0.629154,0.1402128,0.0196596,0.7338,0.9895,0.6404,0.2426,0.5373
MOD13Q1_061__250m_16_days_NDVI_doy2024097000000_aid0008,_250m_16_days_NDVI,aid0008,2024-04-06,1727450.0,-0.1988,0.9248,"(-0.1988,0.9248)",0.490944,0.136224,0.018557,0.5869,0.8809,0.4842,0.0969,0.3909
MOD13Q1_061__250m_16_days_NDVI_doy2024113000000_aid0008,_250m_16_days_NDVI,aid0008,2024-04-22,1727144.0,-0.1997,0.9142,"(-0.1997,0.9142)",0.4227859,0.1331442,0.0177274,0.5174,0.8178,0.3959,0.0167,0.3171
MOD13Q1_061__250m_16_days_NDVI_doy2024129000000_aid0008,_250m_16_days_NDVI,aid0008,2024-05-08,1727336.0,-0.2,0.9762,"(-0.2,0.9762)",0.3896565,0.1268202,0.0160834,0.4683,0.7306,0.3546,0.0311,0.2934
MOD13Q1_061__250m_16_days_NDVI_doy2024145000000_aid0008,_250m_16_days_NDVI,aid0008,2024-05-24,1726814.0,-0.1996,0.9037,"(-0.1996,0.9037)",0.339807,0.100779,0.0101564,0.3852,0.5587,0.3133,0.096,0.2695
MOD13Q1_061__250m_16_days_NDVI_doy2024161000000_aid0008,_250m_16_days_NDVI,aid0008,2024-06-09,1727126.0,-0.2,0.9447,"(-0.2,0.9447)",0.3811513,0.1118275,0.0125054,0.4345,0.6299,0.3553,0.1088,0.3042
MOD13Q1_061__250m_16_days_NDVI_doy2024177000000_aid0008,_250m_16_days_NDVI,aid0008,2024-06-25,1726620.0,-0.2,0.9389,"(-0.2,0.9389)",0.3679352,0.1146994,0.0131559,0.4205,0.6218,0.3407,0.0851,0.2863
MOD13Q1_061__250m_16_days_NDVI_doy2024193000000_aid0008,_250m_16_days_NDVI,aid0008,2024-07-11,1726797.0,-0.2,0.8906,"(-0.2,0.8906)",0.3371432,0.0967068,0.0093522,0.3789,0.54,0.3157,0.1104,0.2715
MOD13Q1_061__250m_16_days_NDVI_doy2024209000000_aid0008,_250m_16_days_NDVI,aid0008,2024-07-27,1727309.0,-0.2,0.9202,"(-0.2,0.9202)",0.346818,0.1065438,0.0113516,0.3969,0.5874,0.3208,0.0794,0.2699
MOD13Q1_061__250m_16_days_NDVI_doy2024225000000_aid0008,_250m_16_days_NDVI,aid0008,2024-08-12,1727240.0,-0.2,0.9309,"(-0.2,0.9309)",0.3408542,0.1102116,0.0121466,0.3907,0.5855,0.3109,0.066,0.2608
MOD13Q1_061__250m_16_days_NDVI_doy2024241000000_aid0008,_250m_16_days_NDVI,aid0008,2024-08-28,1727220.0,-0.2,0.9439,"(-0.2,0.9439)",0.3535318,0.1311399,0.0171977,0.4109,0.644,0.3138,0.0224,0.2555
MOD13Q1_061__250m_16_days_NDVI_doy2024257000000_aid0008,_250m_16_days_NDVI,aid0008,2024-09-13,1727864.0,-0.1997,0.9415,"(-0.1997,0.9415)",0.3574808,0.136621,0.0186653,0.4154,0.6554,0.3139,0.0157,0.2554
MOD13Q1_061__250m_16_days_NDVI_doy2024273000000_aid0008,_250m_16_days_NDVI,aid0008,2024-09-29,1727822.0,-0.1968,0.9294,"(-0.1968,0.9294)",0.3626877,0.1400782,0.0196219,0.43,0.6962,0.3223,-0.0136,0.2525
MOD13Q1_061__250m_16_days_NDVI_doy2024289000000_aid0008,_250m_16_days_NDVI,aid0008,2024-10-15,1727851.0,-0.1995,0.9371,"(-0.1995,0.9371)",0.3973582,0.1548724,0.0239855,0.5068,0.8734,0.3597,-0.1037,0.2624
MOD13Q1_061__250m_16_days_NDVI_doy2024305000000_aid0008,_250m_16_days_NDVI,aid0008,2024-10-31,1727797.0,-0.2,0.9227,"(-0.2,0.9227)",0.4086761,0.1532513,0.023486,0.5273,0.9107,0.3747,-0.1142,0.2706
MOD13Q1_061__250m_16_days_NDVI_doy2024321000000_aid0008,_250m_16_days_NDVI,aid0008,2024-11-16,1727827.0,-0.1996,0.9489,"(-0.1996,0.9489)",0.4213177,0.1504683,0.0226407,0.5288,0.8807,0.3876,-0.0575,0.2942
MOD13Q1_061__250m_16_days_NDVI_doy2024337000000_aid0008,_250m_16_days_NDVI,aid0008,2024-12-02,1727712.0,-0.1994,0.9383,"(-0.1994,0.9383)",0.487439,0.1667079,0.0277915,0.608,0.9383,0.4714,-0.0436,0.3473
MOD13Q1_061__250m_16_days_NDVI_doy2024353000000_aid0008,_250m_16_days_NDVI,aid0008,2024-12-18,1727710.0,-0.2,0.9919,"(-0.2,0.9919)",0.5836401,0.1672246,0.0279641,0.7111,0.9919,0.5846,0.0827,0.4597
MOD13Q1_061__250m_16_days_NDVI_doy2025001000000_aid0008,_250m_16_days_NDVI,aid0008,2025-01-01,1727864.0,-0.1997,0.9981,"(-0.1997,0.9981)",0.6634137,0.1582434,0.025041,0.7941,0.9981,0.6747,0.1776,0.5475
MOD13Q1_061__250m_16_days_NDVI_doy2025017000000_aid0008,_250m_16_days_NDVI,aid0008,2025-01-17,1727823.0,-0.1995,0.9762,"(-0.1995,0.9762)",0.7117672,0.1633443,0.0266814,0.8489,0.9762,0.7433,0.2079,0.5925
MOD13Q1_061__250m_16_days_NDVI_doy2025033000000_aid0008,_250m_16_days_NDVI,aid0008,2025-02-02,1727763.0,-0.1931,0.9961,"(-0.1931,0.9961)",0.755246,0.1437144,0.0206538,0.8745,0.9961,0.7915,0.3333,0.658
MOD13Q1_061__250m_16_days_NDVI_doy2025049000000_aid0008,_250m_16_days_NDVI,aid0008,2025-02-18,1727711.0,-0.2,0.9933,"(-0.2,0.9933)",0.7539989,0.1435294,0.0206007,0.8711,0.9933,0.79,0.3541,0.6643
MOD13Q1_061__250m_16_days_NDVI_doy2025065000000_aid0008,_250m_16_days_NDVI,aid0008,2025-03-06,1727635.0,-0.198,0.9948,"(-0.198,0.9948)",0.7443067,0.14516,0.0210714,0.8581,0.9948,0.7841,0.3861,0.6693
MOD13Q1_061__250m_16_days_NDVI_doy2025081000000_aid0008,_250m_16_days_NDVI,aid0008,2025-03-22,1727560.0,-0.2,0.99,"(-0.2,0.99)",0.6689574,0.1431232,0.0204842,0.7775,0.99,0.6949,0.2935,0.5839
MOD13Q1_061__250m_16_days_NDVI_doy2025097000000_aid0008,_250m_16_days_NDVI,aid0008,2025-04-07,1726957.0,-0.2,0.9749,"(-0.2,0.9749)",0.4959732,0.1360806,0.0185179,0.5931,0.8976,0.4876,0.0856,0.3901
MOD13Q1_061__250m_16_days_NDVI_doy2025113000000_aid0008,_250m_16_days_NDVI,aid0008,2025-04-23,1727092.0,-0.2,0.9652,"(-0.2,0.9652)",0.4610312,0.1371534,0.018811,0.5581,0.8654,0.4424,0.0459,0.3532
MOD13Q1_061__250m_16_days_NDVI_doy2025129000000_aid0008,_250m_16_days_NDVI,aid0008,2025-05-09,1727264.0,-0.2,0.9211,"(-0.2,0.9211)",0.4539387,0.1422996,0.0202492,0.5566,0.8862,0.4322,0.0066,0.3366
MOD13Q1_061__250m_16_days_NDVI_doy2025145000000_aid0008,_250m_16_days_NDVI,aid0008,2025-05-25,1726638.0,-0.2,0.9315,"(-0.2,0.9315)",0.4424401,0.1383784,0.0191486,0.5364,0.8466,0.4183,0.0195,0.3296
MOD13Q1_061__250m_16_days_NDVI_doy2025161000000_aid0008,_250m_16_days_NDVI,aid0008,2025-06-10,1726416.0,-0.2,0.9067,"(-0.2,0.9067)",0.4150641,0.1233414,0.0152131,0.4876,0.7393,0.3913,0.0682,0.3198
MOD13Q1_061__250m_16_days_NDVI_doy2025177000000_aid0008,_250m_16_days_NDVI,aid0008,2025-06-26,1726684.0,-0.2,0.8979,"(-0.2,0.8979)",0.3708417,0.1064072,0.0113225,0.4238,0.6173,0.3464,0.1013,0.2948
MOD13Q1_061__250m_16_days_NDVI_doy2025193000000_aid0008,_250m_16_days_NDVI,aid0008,2025-07-12,1726841.0,-0.2,0.9935,"(-0.2,0.9935)",0.394635,0.1101571,0.0121346,0.4504,0.6503,0.372,0.1172,0.3171
MOD13Q1_061__250m_16_days_NDVI_doy2025209000000_aid0008,_250m_16_days_NDVI,aid0008,2025-07-28,1726836.0,-0.2,0.9913,"(-0.2,0.9913)",0.4034051,0.1434974,0.0205915,0.4816,0.7652,0.3721,0.0089,0.2925
MOD13Q1_061__250m_16_days_NDVI_doy2025225000000_aid0008,_250m_16_days_NDVI,aid0008,2025-08-13,1726808.0,-0.1995,0.9645,"(-0.1995,0.9645)",0.4228278,0.1660525,0.0275734,0.5163,0.8559,0.3822,-0.0497,0.2899
MOD13Q1_061__250m_16_days_NDVI_doy2025241000000_aid0008,_250m_16_days_NDVI,aid0008,2025-08-29,1726719.0,-0.2,0.9692,"(-0.2,0.9692)",0.4295061,0.1817257,0.0330242,0.5338,0.9121,0.3844,-0.0967,0.2816
MOD13Q1_061__250m_16_days_NDVI_doy2025257000000_aid0008,_250m_16_days_NDVI,aid0008,2025-09-14,1727657.0,-0.2,0.9561,"(-0.2,0.9561)",0.4525028,0.1925931,0.0370921,0.5878,0.9561,0.4099,-0.1722,0.2838
MOD13Q1_061__250m_16_days_NDVI_doy2025273000000_aid0008,_250m_16_days_NDVI,aid0008,2025-09-30,1727671.0,-0.2,0.9464,"(-0.2,0.9464)",0.4493559,0.1945586,0.037853,0.5932,0.9464,0.4021,-0.1945,0.2781
MOD13Q1_061__250m_16_days_NDVI_doy2025289000000_aid0008,_250m_16_days_NDVI,aid0008,2025-10-16,1727704.0,-0.1983,0.9986,"(-0.1983,0.9986)",0.4389576,0.1863934,0.0347425,0.5773,0.9986,0.3901,-0.1707,0.2779
MOD13Q1_061__250m_16_days_NDVI_doy2025305000000_aid0008,_250m_16_days_NDVI,aid0008,2025-11-01,1727180.0,-0.2,0.9285,"(-0.2,0.9285)",0.4508423,0.1788613,0.0319914,0.595,0.9285,0.4257,-0.1683,0.2895
MOD13Q1_061__250m_16_days_NDVI_doy2025321000000_aid0008,_250m_16_days_NDVI,aid0008,2025-11-17,1727540.0,-0.1995,0.9221,"(-0.1995,0.9221)",0.4395976,0.1609775,0.0259137,0.5633,0.9221,0.4176,-0.0996,0.2981
MOD13Q1_061__250m_16_days_NDVI_doy2025337000000_aid0008,_250m_16_days_NDVI,aid0008,2025-12-03,1727514.0,-0.2,0.9335,"(-0.2,0.9335)",0.5075818,0.175744,0.0308859,0.6382,0.9335,0.4938,-0.0514,0.3623
MOD13Q1_061__250m_16_days_NDVI_doy2025353000000_aid0008,_250m_16_days_NDVI,aid0008,2025-12-19,1727591.0,-0.2,0.9782,"(-0.2,0.9782)",0.6047805,0.1756578,0.0308557,0.746,0.9782,0.61,0.0643,0.4733
MOD13Q1_061__250m_16_days_NDVI_doy2026001000000_aid0008,_250m_16_days_NDVI,aid0008,2026-01-01,1727703.0,-0.2,0.9949,"(-0.2,0.9949)",0.6399119,0.1610525,0.0259379,0.7677,0.9949,0.6446,0.1635,0.526
MOD13Q1_061__250m_16_days_NDVI_doy2026017000000_aid0008,_250m_16_days_NDVI,aid0008,2026-01-17,1727736.0,-0.2,0.999,"(-0.2,0.999)",0.7150806,0.1481955,0.0219619,0.8339,0.999,0.7363,0.2929,0.6175
MOD13Q1_061__250m_16_days_NDVI_doy2026033000000_aid0008,_250m_16_days_NDVI,aid0008,2026-02-02,1727460.0,-0.1992,0.9978,"(-0.1992,0.9978)",0.7657245,0.1388266,0.0192728,0.8771,0.9978,0.7947,0.3949,0.6842
MOD13Q1_061__250m_16_days_NDVI_doy2026049000000_aid0008,_250m_16_days_NDVI,aid0008,2026-02-18,1727662.0,-0.1975,0.9937,"(-0.1975,0.9937)",0.7610766,0.1449707,0.0210165,0.8766,0.9937,0.8021,0.3826,0.679
MOD13Q1_061__250m_16_days_NDVI_doy2026065000000_aid0008,_250m_16_days_NDVI,aid0008,2026-03-06,1727548.0,-0.1974,0.996,"(-0.1974,0.996)",0.7346322,0.1511492,0.0228461,0.8544,0.996,0.7794,0.3479,0.6518
MOD13Q1_061__250m_16_days_NDVI_doy2026081000000_aid0008,_250m_16_days_NDVI,aid0008,2026-03-22,1727412.0,-0.2,0.9896,"(-0.2,0.9896)",0.6930207,0.1506555,0.0226971,0.8116,0.9896,0.7274,0.3046,0.6088
MOD13Q1_061__250m_16_days_NDVI_doy2026097000000_aid0008,_250m_16_days_NDVI,aid0008,2026-04-07,1726984.0,-0.2,0.9912,"(-0.2,0.9912)",0.6339701,0.1453748,0.0211338,0.7472,0.9912,0.6544,0.2186,0.5357
MOD13Q1_061__250m_16_days_NDVI_doy2026113000000_aid0008,_250m_16_days_NDVI,aid0008,2026-04-23,1726848.0,-0.2,0.9313,"(-0.2,0.9313)",0.5267679,0.1499815,0.0224944,0.6411,0.9313,0.5218,0.0629,0.4098
MOD13Q1_061__250m_16_days_NDVI_doy2026129000000_aid0008,_250m_16_days_NDVI,aid0008,2026-05-09,1726485.0,-0.2,0.9113,"(-0.2,0.9113)",0.4261462,0.1272987,0.016205,0.5076,0.7746,0.3972,0.0627,0.3296
MOD13Q1_061__250m_16_days_NDVI_doy2026145000000_aid0008,_250m_16_days_NDVI,aid0008,2026-05-25,1727269.0,-0.1993,0.9163,"(-0.1993,0.9163)",0.3727267,0.1127612,0.0127151,0.4327,0.6443,0.3454,0.0801,0.2916
MOD13Q1_061__250m_16_days_NDVI_doy2026161000000_aid0008,_250m_16_days_NDVI,aid0008,2026-06-10,1726522.0,-0.2,0.997,"(-0.2,0.997)",0.4383107,0.1392911,0.019402,0.5252,0.818,0.4145,0.0372,0.33
MOD13Q1_061__250m_16_days_NDVI_doy2026177000000_aid0008,_250m_16_days_NDVI,aid0008,2026-06-26,1726924.0,-0.1993,0.968,"(-0.1993,0.968)",0.4384519,0.1280145,0.0163877,0.516,0.7773,0.4211,0.0805,0.3418
MOD13Q1_061__250m_16_days_NDVI_doy2026193000000_aid0008,_250m_16_days_NDVI,aid0008,2026-07-12,1727656.0,-0.2,0.9963,"(-0.2,0.9963)",0.2853531,0.1473969,0.0217258,0.3715,0.6647,0.2683,-0.1171,0.176
MOD13Q1_061__250m_16_days_NDVI_doy2026209000000_aid0008,_250m_16_days_NDVI,aid0008,2026-07-28,1727102.0,-0.2,0.977,"(-0.2,0.977)",0.4967994,0.1603036,0.0256972,0.6121,0.977,0.4909,0.0008,0.3674
MOD13Q1_061__250m_16_days_NDVI_doy2023353000000_aid0009,_250m_16_days_NDVI,aid0009,2023-12-19,2015227.0,-0.2,0.9342,"(-0.2,0.9342)",0.4831901,0.1392656,0.0193949,0.5713,0.8519,0.4658,0.1036,0.3842
MOD13Q1_061__250m_16_days_NDVI_doy2024001000000_aid0009,_250m_16_days_NDVI,aid0009,2024-01-01,2015355.0,-0.1993,0.9834,"(-0.1993,0.9834)",0.502343,0.1427897,0.0203889,0.5967,0.8887,0.4869,0.11,0.402
MOD13Q1_061__250m_16_days_NDVI_doy2024017000000_aid0009,_250m_16_days_NDVI,aid0009,2024-01-17,2015856.0,-0.1987,0.9765,"(-0.1987,0.9765)",0.5731909,0.1497125,0.0224138,0.6806,0.9765,0.5539,0.1392,0.464
MOD13Q1_061__250m_16_days_NDVI_doy2024033000000_aid0009,_250m_16_days_NDVI,aid0009,2024-02-02,2015914.0,-0.1994,0.9548,"(-0.1994,0.9548)",0.5953553,0.1497195,0.0224159,0.6943,0.9548,0.5767,0.1798,0.4885
MOD13Q1_061__250m_16_days_NDVI_doy2024049000000_aid0009,_250m_16_days_NDVI,aid0009,2024-02-18,2015800.0,-0.1992,0.9979,"(-0.1992,0.9979)",0.6069525,0.1509507,0.0227861,0.7104,0.9979,0.5884,0.1812,0.4987
MOD13Q1_061__250m_16_days_NDVI_doy2024065000000_aid0009,_250m_16_days_NDVI,aid0009,2024-03-05,2015863.0,-0.1988,0.9994,"(-0.1988,0.9994)",0.5946078,0.1385911,0.0192075,0.6869,0.9678,0.5798,0.2182,0.4994
MOD13Q1_061__250m_16_days_NDVI_doy2024081000000_aid0009,_250m_16_days_NDVI,aid0009,2024-03-21,2015904.0,-0.1972,0.984,"(-0.1972,0.984)",0.5324791,0.127867,0.01635,0.6148,0.8695,0.5208,0.1903,0.445
MOD13Q1_061__250m_16_days_NDVI_doy2024097000000_aid0009,_250m_16_days_NDVI,aid0009,2024-04-06,2015737.0,-0.1996,0.9356,"(-0.1996,0.9356)",0.4820578,0.114828,0.0131855,0.5562,0.7843,0.4771,0.176,0.4041
MOD13Q1_061__250m_16_days_NDVI_doy2024113000000_aid0009,_250m_16_days_NDVI,aid0009,2024-04-22,2015571.0,-0.2,0.9886,"(-0.2,0.9886)",0.4481666,0.1145588,0.0131237,0.5234,0.7538,0.4453,0.1395,0.3698
MOD13Q1_061__250m_16_days_NDVI_doy2024129000000_aid0009,_250m_16_days_NDVI,aid0009,2024-05-08,2015592.0,-0.2,0.9762,"(-0.2,0.9762)",0.4248875,0.109533,0.0119975,0.4994,0.7316,0.4221,0.1124,0.3446
MOD13Q1_061__250m_16_days_NDVI_doy2024145000000_aid0009,_250m_16_days_NDVI,aid0009,2024-05-24,2015627.0,-0.2,0.9716,"(-0.2,0.9716)",0.3770333,0.1018579,0.010375,0.4504,0.6838,0.37,0.0614,0.2948
MOD13Q1_061__250m_16_days_NDVI_doy2024161000000_aid0009,_250m_16_days_NDVI,aid0009,2024-06-09,2015645.0,-0.2,0.9807,"(-0.2,0.9807)",0.3912716,0.099989,0.0099978,0.4568,0.6593,0.3809,0.1193,0.3218
MOD13Q1_061__250m_16_days_NDVI_doy2024177000000_aid0009,_250m_16_days_NDVI,aid0009,2024-06-25,2015703.0,-0.1987,0.9979,"(-0.1987,0.9979)",0.3563501,0.0941948,0.0088727,0.4114,0.5942,0.3445,0.1067,0.2895
MOD13Q1_061__250m_16_days_NDVI_doy2024193000000_aid0009,_250m_16_days_NDVI,aid0009,2024-07-11,2015723.0,-0.1982,0.8889,"(-0.1982,0.8889)",0.3314925,0.0834455,0.0069631,0.3813,0.5469,0.321,0.1053,0.2709
MOD13Q1_061__250m_16_days_NDVI_doy2024209000000_aid0009,_250m_16_days_NDVI,aid0009,2024-07-27,2015771.0,-0.1984,0.9099,"(-0.1984,0.9099)",0.3169561,0.0770727,0.0059402,0.3593,0.5025,0.3048,0.1206,0.2638
MOD13Q1_061__250m_16_days_NDVI_doy2024225000000_aid0009,_250m_16_days_NDVI,aid0009,2024-08-12,2015700.0,-0.2,0.904,"(-0.2,0.904)",0.3008183,0.0758254,0.0057495,0.339,0.475,0.2898,0.1123,0.2483
MOD13Q1_061__250m_16_days_NDVI_doy2024241000000_aid0009,_250m_16_days_NDVI,aid0009,2024-08-28,2015774.0,-0.2,0.911,"(-0.2,0.911)",0.3003584,0.0764624,0.0058465,0.3351,0.4644,0.2895,0.1196,0.2489
MOD13Q1_061__250m_16_days_NDVI_doy2024257000000_aid0009,_250m_16_days_NDVI,aid0009,2024-09-13,2015916.0,-0.2,0.9296,"(-0.2,0.9296)",0.2957093,0.0710154,0.0050432,0.3249,0.4338,0.2849,0.1434,0.2523
MOD13Q1_061__250m_16_days_NDVI_doy2024273000000_aid0009,_250m_16_days_NDVI,aid0009,2024-09-29,2015644.0,-0.199,0.9489,"(-0.199,0.9489)",0.3070521,0.0796661,0.0063467,0.3431,0.4758,0.2951,0.1219,0.2546
MOD13Q1_061__250m_16_days_NDVI_doy2024289000000_aid0009,_250m_16_days_NDVI,aid0009,2024-10-15,2015342.0,-0.1993,0.9468,"(-0.1993,0.9468)",0.3725296,0.1094194,0.0119726,0.4303,0.6226,0.3617,0.1098,0.3021
MOD13Q1_061__250m_16_days_NDVI_doy2024305000000_aid0009,_250m_16_days_NDVI,aid0009,2024-10-31,2015531.0,-0.2,0.9747,"(-0.2,0.9747)",0.419758,0.1279634,0.0163746,0.4969,0.7375,0.4184,0.0959,0.3365
MOD13Q1_061__250m_16_days_NDVI_doy2024321000000_aid0009,_250m_16_days_NDVI,aid0009,2024-11-16,2015872.0,-0.2,0.9859,"(-0.2,0.9859)",0.4327528,0.1332399,0.0177529,0.5132,0.7695,0.4312,0.086,0.3423
MOD13Q1_061__250m_16_days_NDVI_doy2024337000000_aid0009,_250m_16_days_NDVI,aid0009,2024-12-02,2015828.0,-0.2,0.9122,"(-0.2,0.9122)",0.4363855,0.1274794,0.016251,0.5155,0.7687,0.4233,0.0935,0.3467
MOD13Q1_061__250m_16_days_NDVI_doy2024353000000_aid0009,_250m_16_days_NDVI,aid0009,2024-12-18,2015830.0,-0.1998,0.9186,"(-0.1998,0.9186)",0.4556788,0.1256385,0.015785,0.528,0.765,0.4373,0.133,0.37
MOD13Q1_061__250m_16_days_NDVI_doy2025001000000_aid0009,_250m_16_days_NDVI,aid0009,2025-01-01,2015917.0,-0.1989,0.9981,"(-0.1989,0.9981)",0.5247054,0.1399173,0.0195768,0.6123,0.8871,0.5037,0.1543,0.4291
MOD13Q1_061__250m_16_days_NDVI_doy2025017000000_aid0009,_250m_16_days_NDVI,aid0009,2025-01-17,2015607.0,-0.2,0.9977,"(-0.2,0.9977)",0.5782716,0.1477252,0.0218227,0.6751,0.96,0.5507,0.1761,0.4754
MOD13Q1_061__250m_16_days_NDVI_doy2025033000000_aid0009,_250m_16_days_NDVI,aid0009,2025-02-02,2015940.0,-0.1964,0.9916,"(-0.1964,0.9916)",0.5644437,0.162626,0.0264472,0.6712,0.9916,0.5297,0.1065,0.4453
MOD13Q1_061__250m_16_days_NDVI_doy2025049000000_aid0009,_250m_16_days_NDVI,aid0009,2025-02-18,2015732.0,-0.2,0.9874,"(-0.2,0.9874)",0.5677714,0.1551841,0.0240821,0.6637,0.965,0.5481,0.153,0.4594
MOD13Q1_061__250m_16_days_NDVI_doy2025065000000_aid0009,_250m_16_days_NDVI,aid0009,2025-03-06,2014087.0,-0.1999,0.9963,"(-0.1999,0.9963)",0.6115165,0.1356827,0.0184098,0.7013,0.9781,0.6023,0.2398,0.5167
MOD13Q1_061__250m_16_days_NDVI_doy2025081000000_aid0009,_250m_16_days_NDVI,aid0009,2025-03-22,2014626.0,-0.1998,0.9852,"(-0.1998,0.9852)",0.5864322,0.1210967,0.0146644,0.6703,0.907,0.5873,0.2756,0.5124
MOD13Q1_061__250m_16_days_NDVI_doy2025097000000_aid0009,_250m_16_days_NDVI,aid0009,2025-04-07,2014398.0,-0.2,0.9817,"(-0.2,0.9817)",0.5336395,0.1124623,0.0126478,0.6129,0.8376,0.536,0.2384,0.4631
MOD13Q1_061__250m_16_days_NDVI_doy2025113000000_aid0009,_250m_16_days_NDVI,aid0009,2025-04-23,2014798.0,-0.2,0.9772,"(-0.2,0.9772)",0.491442,0.1178024,0.0138774,0.5743,0.817,0.4905,0.1698,0.4125
MOD13Q1_061__250m_16_days_NDVI_doy2025129000000_aid0009,_250m_16_days_NDVI,aid0009,2025-05-09,2015116.0,-0.2,0.9862,"(-0.2,0.9862)",0.4780738,0.1139233,0.0129785,0.5557,0.7843,0.4769,0.1747,0.4033
MOD13Q1_061__250m_16_days_NDVI_doy2025145000000_aid0009,_250m_16_days_NDVI,aid0009,2025-05-25,2014928.0,-0.2,0.9942,"(-0.2,0.9942)",0.4561966,0.1082641,0.0117211,0.5288,0.7511,0.453,0.1583,0.3806
MOD13Q1_061__250m_16_days_NDVI_doy2025161000000_aid0009,_250m_16_days_NDVI,aid0009,2025-06-10,2015105.0,-0.2,0.9406,"(-0.2,0.9406)",0.423267,0.1034969,0.0107116,0.4913,0.7058,0.4194,0.1338,0.3483
MOD13Q1_061__250m_16_days_NDVI_doy2025177000000_aid0009,_250m_16_days_NDVI,aid0009,2025-06-26,2015254.0,-0.1994,0.9823,"(-0.1994,0.9823)",0.3831913,0.0925263,0.0085611,0.442,0.6323,0.3755,0.1248,0.3151
MOD13Q1_061__250m_16_days_NDVI_doy2025193000000_aid0009,_250m_16_days_NDVI,aid0009,2025-07-12,2015203.0,-0.2,0.986,"(-0.2,0.986)",0.3685652,0.0911797,0.0083137,0.4229,0.5999,0.3582,0.1279,0.3049
MOD13Q1_061__250m_16_days_NDVI_doy2025209000000_aid0009,_250m_16_days_NDVI,aid0009,2025-07-28,2015466.0,-0.2,0.9877,"(-0.2,0.9877)",0.3507345,0.0961827,0.0092511,0.3957,0.5584,0.3373,0.1245,0.2872
MOD13Q1_061__250m_16_days_NDVI_doy2025225000000_aid0009,_250m_16_days_NDVI,aid0009,2025-08-13,2015560.0,-0.2,0.9598,"(-0.2,0.9598)",0.3325499,0.0943522,0.0089023,0.3703,0.5189,0.315,0.1226,0.2712
MOD13Q1_061__250m_16_days_NDVI_doy2025241000000_aid0009,_250m_16_days_NDVI,aid0009,2025-08-29,2014963.0,-0.1994,0.9289,"(-0.1994,0.9289)",0.3288707,0.0980013,0.0096043,0.3655,0.5137,0.3092,0.1185,0.2667
MOD13Q1_061__250m_16_days_NDVI_doy2025257000000_aid0009,_250m_16_days_NDVI,aid0009,2025-09-14,2015421.0,-0.199,0.9485,"(-0.199,0.9485)",0.3656161,0.1020991,0.0104242,0.4103,0.5709,0.3528,0.1426,0.3032
MOD13Q1_061__250m_16_days_NDVI_doy2025273000000_aid0009,_250m_16_days_NDVI,aid0009,2025-09-30,2015637.0,-0.1987,0.9271,"(-0.1987,0.9271)",0.392251,0.1109615,0.0123125,0.4593,0.6654,0.389,0.1159,0.3219
MOD13Q1_061__250m_16_days_NDVI_doy2025289000000_aid0009,_250m_16_days_NDVI,aid0009,2025-10-16,2015813.0,-0.1972,0.9251,"(-0.1972,0.9251)",0.4063494,0.119004,0.014162,0.4808,0.7103,0.405,0.0983,0.3278
MOD13Q1_061__250m_16_days_NDVI_doy2025305000000_aid0009,_250m_16_days_NDVI,aid0009,2025-11-01,2015510.0,-0.1984,0.9423,"(-0.1984,0.9423)",0.4352817,0.1319107,0.0174004,0.5223,0.7864,0.4356,0.0821,0.3462
MOD13Q1_061__250m_16_days_NDVI_doy2025321000000_aid0009,_250m_16_days_NDVI,aid0009,2025-11-17,2015677.0,-0.1995,0.9346,"(-0.1995,0.9346)",0.443303,0.1317561,0.0173597,0.5311,0.797,0.4479,0.0879,0.3538
MOD13Q1_061__250m_16_days_NDVI_doy2025337000000_aid0009,_250m_16_days_NDVI,aid0009,2025-12-03,2015338.0,-0.1996,0.9198,"(-0.1996,0.9198)",0.4720135,0.1356902,0.0184118,0.5673,0.8542,0.4693,0.0891,0.376
MOD13Q1_061__250m_16_days_NDVI_doy2025353000000_aid0009,_250m_16_days_NDVI,aid0009,2025-12-19,2015769.0,-0.2,0.9892,"(-0.2,0.9892)",0.4913821,0.1351378,0.0182622,0.5823,0.8689,0.4795,0.1046,0.3912
MOD13Q1_061__250m_16_days_NDVI_doy2026001000000_aid0009,_250m_16_days_NDVI,aid0009,2026-01-01,2015636.0,-0.1994,0.9461,"(-0.1994,0.9461)",0.524217,0.1441446,0.0207777,0.6292,0.9461,0.52,0.086,0.4119
MOD13Q1_061__250m_16_days_NDVI_doy2026017000000_aid0009,_250m_16_days_NDVI,aid0009,2026-01-17,2015824.0,-0.199,0.9892,"(-0.199,0.9892)",0.5535916,0.1540993,0.0237466,0.6596,0.9892,0.5423,0.0971,0.4346
MOD13Q1_061__250m_16_days_NDVI_doy2026033000000_aid0009,_250m_16_days_NDVI,aid0009,2026-02-02,2015350.0,-0.1997,0.9972,"(-0.1997,0.9972)",0.6126244,0.1522133,0.0231689,0.7185,0.9972,0.6036,0.176,0.5015
MOD13Q1_061__250m_16_days_NDVI_doy2026049000000_aid0009,_250m_16_days_NDVI,aid0009,2026-02-18,2015135.0,-0.2,0.9977,"(-0.2,0.9977)",0.6464806,0.1366929,0.018685,0.7393,0.9977,0.6303,0.2763,0.5541
MOD13Q1_061__250m_16_days_NDVI_doy2026065000000_aid0009,_250m_16_days_NDVI,aid0009,2026-03-06,2014785.0,-0.2,0.9932,"(-0.2,0.9932)",0.6640757,0.1236676,0.0152937,0.7467,0.9842,0.6589,0.3477,0.5871
MOD13Q1_061__250m_16_days_NDVI_doy2026081000000_aid0009,_250m_16_days_NDVI,aid0009,2026-03-22,2014673.0,-0.2,0.9973,"(-0.2,0.9973)",0.6281247,0.123602,0.0152774,0.7124,0.9515,0.6291,0.3134,0.5528
MOD13Q1_061__250m_16_days_NDVI_doy2026097000000_aid0009,_250m_16_days_NDVI,aid0009,2026-04-07,2014227.0,-0.2,0.9986,"(-0.2,0.9986)",0.6106941,0.1136932,0.0129261,0.6914,0.9156,0.6158,0.3169,0.5416
MOD13Q1_061__250m_16_days_NDVI_doy2026113000000_aid0009,_250m_16_days_NDVI,aid0009,2026-04-23,2014246.0,-0.1997,0.9898,"(-0.1997,0.9898)",0.5573835,0.1203374,0.0144811,0.645975,0.8948,0.5641,0.2311,0.48
MOD13Q1_061__250m_16_days_NDVI_doy2026129000000_aid0009,_250m_16_days_NDVI,aid0009,2026-05-09,2014312.0,-0.1978,0.9859,"(-0.1978,0.9859)",0.4802819,0.1203103,0.0144746,0.5737,0.854,0.4793,0.1065,0.3868
MOD13Q1_061__250m_16_days_NDVI_doy2026145000000_aid0009,_250m_16_days_NDVI,aid0009,2026-05-25,2015002.0,-0.1996,0.9989,"(-0.1996,0.9989)",0.4300215,0.1235142,0.0152558,0.5184,0.7921,0.4192,0.0622,0.3359
MOD13Q1_061__250m_16_days_NDVI_doy2026161000000_aid0009,_250m_16_days_NDVI,aid0009,2026-06-10,2014453.0,-0.1997,0.9932,"(-0.1997,0.9932)",0.4752468,0.1287435,0.0165749,0.565,0.8431,0.4675,0.1015,0.3796
MOD13Q1_061__250m_16_days_NDVI_doy2026177000000_aid0009,_250m_16_days_NDVI,aid0009,2026-06-26,2014680.0,-0.1993,0.998,"(-0.1993,0.998)",0.4773014,0.1264124,0.0159801,0.5659,0.8378,0.4698,0.1127,0.3846
MOD13Q1_061__250m_16_days_NDVI_doy2026193000000_aid0009,_250m_16_days_NDVI,aid0009,2026-07-12,2014798.0,-0.1999,0.9951,"(-0.1999,0.9951)",0.3980683,0.1307203,0.0170878,0.4889,0.7583,0.3908,0.0399,0.3093
MOD13Q1_061__250m_16_days_NDVI_doy2026209000000_aid0009,_250m_16_days_NDVI,aid0009,2026-07-28,2014536.0,-0.2,0.989,"(-0.2,0.989)",0.4269516,0.1201088,0.0144261,0.4908,0.7138,0.4118,0.1191,0.3421
MOD13Q1_061__250m_16_days_NDVI_doy2023353000000_aid0010,_250m_16_days_NDVI,aid0010,2023-12-19,2817217.0,-0.2,0.9378,"(-0.2,0.9378)",0.5169142,0.1591743,0.0253365,0.6358,0.9378,0.5072,0.0413,0.398
MOD13Q1_061__250m_16_days_NDVI_doy2024001000000_aid0010,_250m_16_days_NDVI,aid0010,2024-01-01,2816787.0,-0.1997,0.9881,"(-0.1997,0.9881)",0.5716043,0.1621795,0.0263022,0.6989,0.9881,0.5702,0.0607,0.4436
MOD13Q1_061__250m_16_days_NDVI_doy2024017000000_aid0010,_250m_16_days_NDVI,aid0010,2024-01-17,2818294.0,-0.2,0.9951,"(-0.2,0.9951)",0.5646507,0.1793969,0.0321832,0.7049,0.9951,0.5545,-0.0081,0.4197
MOD13Q1_061__250m_16_days_NDVI_doy2024033000000_aid0010,_250m_16_days_NDVI,aid0010,2024-02-02,2819220.0,-0.2,0.9504,"(-0.2,0.9504)",0.5689209,0.172605,0.0297925,0.6924,0.9504,0.5545,0.0567,0.4381
MOD13Q1_061__250m_16_days_NDVI_doy2024049000000_aid0010,_250m_16_days_NDVI,aid0010,2024-02-18,2817580.0,-0.2,0.9976,"(-0.2,0.9976)",0.6077516,0.1677881,0.0281529,0.7325,0.9976,0.5989,0.1123,0.4844
MOD13Q1_061__250m_16_days_NDVI_doy2024065000000_aid0010,_250m_16_days_NDVI,aid0010,2024-03-05,2818278.0,-0.2,0.9946,"(-0.2,0.9946)",0.5957404,0.1620988,0.026276,0.7121,0.9946,0.5924,0.1339,0.4808
MOD13Q1_061__250m_16_days_NDVI_doy2024081000000_aid0010,_250m_16_days_NDVI,aid0010,2024-03-21,2817099.0,-0.2,0.9415,"(-0.2,0.9415)",0.5515632,0.1427193,0.0203688,0.6527,0.9415,0.5555,0.1565,0.4542
MOD13Q1_061__250m_16_days_NDVI_doy2024097000000_aid0010,_250m_16_days_NDVI,aid0010,2024-04-06,2816137.0,-0.2,0.9554,"(-0.2,0.9554)",0.5128234,0.1266583,0.0160423,0.6036,0.8689,0.5163,0.1614,0.4267
MOD13Q1_061__250m_16_days_NDVI_doy2024113000000_aid0010,_250m_16_days_NDVI,aid0010,2024-04-22,2814794.0,-0.2,0.9824,"(-0.2,0.9824)",0.4650728,0.1276207,0.016287,0.5572,0.8369,0.4628,0.091,0.3707
MOD13Q1_061__250m_16_days_NDVI_doy2024129000000_aid0010,_250m_16_days_NDVI,aid0010,2024-05-08,2816512.0,-0.2,0.9315,"(-0.2,0.9315)",0.4339618,0.1271879,0.0161768,0.5238,0.811,0.4302,0.0451,0.3323
MOD13Q1_061__250m_16_days_NDVI_doy2024145000000_aid0010,_250m_16_days_NDVI,aid0010,2024-05-24,2814281.0,-0.2,0.9126,"(-0.2,0.9126)",0.3906761,0.1139457,0.0129836,0.4658,0.7161,0.3806,0.0486,0.2989
MOD13Q1_061__250m_16_days_NDVI_doy2024161000000_aid0010,_250m_16_days_NDVI,aid0010,2024-06-09,2814837.0,-0.2,0.9831,"(-0.2,0.9831)",0.4279897,0.1144326,0.0130948,0.4977,0.7372,0.4205,0.0985,0.338
MOD13Q1_061__250m_16_days_NDVI_doy2024177000000_aid0010,_250m_16_days_NDVI,aid0010,2024-06-25,2814317.0,-0.2,0.9544,"(-0.2,0.9544)",0.399486,0.1142234,0.013047,0.465,0.6969,0.3905,0.0785,0.3104
MOD13Q1_061__250m_16_days_NDVI_doy2024193000000_aid0010,_250m_16_days_NDVI,aid0010,2024-07-11,2814810.0,-0.2,0.8906,"(-0.2,0.8906)",0.3612416,0.098221,0.0096474,0.4174,0.6127,0.3499,0.0919,0.2872
MOD13Q1_061__250m_16_days_NDVI_doy2024209000000_aid0010,_250m_16_days_NDVI,aid0010,2024-07-27,2815699.0,-0.2,0.9202,"(-0.2,0.9202)",0.3543761,0.0946062,0.0089503,0.4056,0.5869,0.3445,0.1034,0.2847
MOD13Q1_061__250m_16_days_NDVI_doy2024225000000_aid0010,_250m_16_days_NDVI,aid0010,2024-08-12,2815446.0,-0.2,0.9011,"(-0.2,0.9011)",0.356987,0.0949771,0.0090207,0.4103,0.5942,0.3475,0.1038,0.2877
MOD13Q1_061__250m_16_days_NDVI_doy2024241000000_aid0010,_250m_16_days_NDVI,aid0010,2024-08-28,2816180.0,-0.2,0.9204,"(-0.2,0.9204)",0.3654007,0.1121402,0.0125754,0.4125,0.5959,0.3449,0.1068,0.2902
MOD13Q1_061__250m_16_days_NDVI_doy2024257000000_aid0010,_250m_16_days_NDVI,aid0010,2024-09-13,2817000.0,-0.2,0.9531,"(-0.2,0.9531)",0.377559,0.118198,0.0139708,0.4189,0.5941,0.3539,0.1269,0.3021
MOD13Q1_061__250m_16_days_NDVI_doy2024273000000_aid0010,_250m_16_days_NDVI,aid0010,2024-09-29,2819153.0,-0.2,0.9383,"(-0.2,0.9383)",0.367654,0.1244999,0.0155002,0.4119,0.5989,0.342,0.1002,0.2872
MOD13Q1_061__250m_16_days_NDVI_doy2024289000000_aid0010,_250m_16_days_NDVI,aid0010,2024-10-15,2818180.0,-0.2,0.9406,"(-0.2,0.9406)",0.404571,0.1334368,0.0178054,0.4765,0.7243,0.3831,0.0635,0.3113
MOD13Q1_061__250m_16_days_NDVI_doy2024305000000_aid0010,_250m_16_days_NDVI,aid0010,2024-10-31,2819101.0,-0.2,0.9405,"(-0.2,0.9405)",0.4470294,0.1409408,0.0198643,0.5515,0.8711,0.4402,0.0189,0.3384
MOD13Q1_061__250m_16_days_NDVI_doy2024321000000_aid0010,_250m_16_days_NDVI,aid0010,2024-11-16,2818107.0,-0.2,0.9508,"(-0.2,0.9508)",0.4628319,0.1391464,0.0193617,0.5636,0.8714,0.4535,0.0506,0.3584
MOD13Q1_061__250m_16_days_NDVI_doy2024337000000_aid0010,_250m_16_days_NDVI,aid0010,2024-12-02,2818895.0,-0.2,0.9397,"(-0.2,0.9397)",0.4674513,0.1462845,0.0213991,0.5707,0.8909,0.4532,0.037,0.3572
MOD13Q1_061__250m_16_days_NDVI_doy2024353000000_aid0010,_250m_16_days_NDVI,aid0010,2024-12-18,2817727.0,-0.2,0.9924,"(-0.2,0.9924)",0.4821645,0.1539167,0.0236904,0.5882,0.9224,0.4639,0.0312,0.3654
MOD13Q1_061__250m_16_days_NDVI_doy2025001000000_aid0010,_250m_16_days_NDVI,aid0010,2025-01-01,2818363.0,-0.2,0.9689,"(-0.2,0.9689)",0.4955136,0.1595588,0.025459,0.6084,0.9475,0.4826,0.0147,0.3709
MOD13Q1_061__250m_16_days_NDVI_doy2025017000000_aid0010,_250m_16_days_NDVI,aid0010,2025-01-17,2818784.0,-0.2,0.9514,"(-0.2,0.9514)",0.5339202,0.17536,0.0307511,0.6642,0.9514,0.5234,-0.0023,0.3976
MOD13Q1_061__250m_16_days_NDVI_doy2025033000000_aid0010,_250m_16_days_NDVI,aid0010,2025-02-02,2818325.0,-0.2,0.9982,"(-0.2,0.9982)",0.568552,0.1875516,0.0351756,0.7094,0.9982,0.5643,-0.0203,0.4175
MOD13Q1_061__250m_16_days_NDVI_doy2025049000000_aid0010,_250m_16_days_NDVI,aid0010,2025-02-18,2819026.0,-0.2,0.9924,"(-0.2,0.9924)",0.579177,0.1788932,0.0320028,0.7124,0.9924,0.5753,0.0388,0.4429
MOD13Q1_061__250m_16_days_NDVI_doy2025065000000_aid0010,_250m_16_days_NDVI,aid0010,2025-03-06,2816022.0,-0.2,0.9707,"(-0.2,0.9707)",0.6098131,0.1608481,0.0258721,0.7281,0.9707,0.6104,0.145,0.4948
MOD13Q1_061__250m_16_days_NDVI_doy2025081000000_aid0010,_250m_16_days_NDVI,aid0010,2025-03-22,2814714.0,-0.2,0.9411,"(-0.2,0.9411)",0.6217455,0.1444158,0.0208559,0.7231,0.9411,0.6346,0.2441,0.5315
MOD13Q1_061__250m_16_days_NDVI_doy2025097000000_aid0010,_250m_16_days_NDVI,aid0010,2025-04-07,2813962.0,-0.2,0.9431,"(-0.2,0.9431)",0.5468318,0.1281234,0.0164156,0.6389,0.9016,0.5573,0.2002,0.4634
MOD13Q1_061__250m_16_days_NDVI_doy2025113000000_aid0010,_250m_16_days_NDVI,aid0010,2025-04-23,2815837.0,-0.2,0.934,"(-0.2,0.934)",0.5119847,0.1355263,0.0183674,0.6098,0.9023,0.5184,0.1223,0.4148
MOD13Q1_061__250m_16_days_NDVI_doy2025129000000_aid0010,_250m_16_days_NDVI,aid0010,2025-05-09,2814799.0,-0.2,0.9941,"(-0.2,0.9941)",0.5068338,0.1380566,0.0190596,0.6021,0.8955,0.5134,0.1131,0.4065
MOD13Q1_061__250m_16_days_NDVI_doy2025145000000_aid0010,_250m_16_days_NDVI,aid0010,2025-05-25,2813433.0,-0.2,0.9942,"(-0.2,0.9942)",0.4893805,0.1371148,0.0188005,0.5814,0.8733,0.4924,0.0949,0.3868
MOD13Q1_061__250m_16_days_NDVI_doy2025161000000_aid0010,_250m_16_days_NDVI,aid0010,2025-06-10,2814524.0,-0.2,0.9202,"(-0.2,0.9202)",0.4467912,0.126897,0.0161028,0.5298,0.8004,0.4452,0.0788,0.3494
MOD13Q1_061__250m_16_days_NDVI_doy2025177000000_aid0010,_250m_16_days_NDVI,aid0010,2025-06-26,2819130.0,-0.2,0.913,"(-0.2,0.913)",0.4196233,0.1203173,0.0144763,0.4988,0.7575,0.4114,0.0676,0.3263
MOD13Q1_061__250m_16_days_NDVI_doy2025193000000_aid0010,_250m_16_days_NDVI,aid0010,2025-07-12,2813739.0,-0.2,0.9935,"(-0.2,0.9935)",0.4188547,0.112331,0.0126182,0.4891,0.7202,0.409,0.1039,0.335
MOD13Q1_061__250m_16_days_NDVI_doy2025209000000_aid0010,_250m_16_days_NDVI,aid0010,2025-07-28,2814489.0,-0.2,0.9811,"(-0.2,0.9811)",0.4091586,0.1196904,0.0143258,0.4788,0.7102,0.3946,0.0931,0.3245
MOD13Q1_061__250m_16_days_NDVI_doy2025225000000_aid0010,_250m_16_days_NDVI,aid0010,2025-08-13,2814722.0,-0.2,0.9795,"(-0.2,0.9795)",0.410517,0.1289956,0.0166399,0.483,0.7297,0.3881,0.0718,0.3185
MOD13Q1_061__250m_16_days_NDVI_doy2025241000000_aid0010,_250m_16_days_NDVI,aid0010,2025-08-29,2817600.0,-0.2,0.9521,"(-0.2,0.9521)",0.4236478,0.1439309,0.0207161,0.5042,0.7824,0.3977,0.0405,0.3187
MOD13Q1_061__250m_16_days_NDVI_doy2025257000000_aid0010,_250m_16_days_NDVI,aid0010,2025-09-14,2817010.0,-0.2,0.9484,"(-0.2,0.9484)",0.4526919,0.1588793,0.0252426,0.5475,0.8643,0.4205,0.0195,0.3363
MOD13Q1_061__250m_16_days_NDVI_doy2025273000000_aid0010,_250m_16_days_NDVI,aid0010,2025-09-30,2820004.0,-0.2,0.9481,"(-0.2,0.9481)",0.4720864,0.1669639,0.0278769,0.5723,0.9095,0.4527,0.0103,0.3475
MOD13Q1_061__250m_16_days_NDVI_doy2025289000000_aid0010,_250m_16_days_NDVI,aid0010,2025-10-16,2820034.0,-0.2,0.9597,"(-0.2,0.9597)",0.4816745,0.1656797,0.0274498,0.593075,0.9462,0.4744,-0.0028,0.3547
MOD13Q1_061__250m_16_days_NDVI_doy2025305000000_aid0010,_250m_16_days_NDVI,aid0010,2025-11-01,2817923.0,-0.2,0.9324,"(-0.2,0.9324)",0.4863248,0.1580421,0.0249773,0.5984,0.9324,0.4876,0.0192,0.3667
MOD13Q1_061__250m_16_days_NDVI_doy2025321000000_aid0010,_250m_16_days_NDVI,aid0010,2025-11-17,2820637.0,-0.2,0.9796,"(-0.2,0.9796)",0.4668846,0.1382997,0.0191268,0.5656,0.8633,0.4733,0.0695,0.3671
MOD13Q1_061__250m_16_days_NDVI_doy2025337000000_aid0010,_250m_16_days_NDVI,aid0010,2025-12-03,2818503.0,-0.2,0.9211,"(-0.2,0.9211)",0.4815644,0.1477647,0.0218344,0.5805,0.8872,0.4685,0.0693,0.376
MOD13Q1_061__250m_16_days_NDVI_doy2025353000000_aid0010,_250m_16_days_NDVI,aid0010,2025-12-19,2816726.0,-0.2,0.9892,"(-0.2,0.9892)",0.4906889,0.1650425,0.027239,0.6063,0.9691,0.4678,-0.0014,0.3632
MOD13Q1_061__250m_16_days_NDVI_doy2026001000000_aid0010,_250m_16_days_NDVI,aid0010,2026-01-01,2817717.0,-0.2,0.9908,"(-0.2,0.9908)",0.5015061,0.1652457,0.0273062,0.6232,0.9908,0.4855,-0.007,0.3711
MOD13Q1_061__250m_16_days_NDVI_doy2026017000000_aid0010,_250m_16_days_NDVI,aid0010,2026-01-17,2818207.0,-0.2,0.9754,"(-0.2,0.9754)",0.5698991,0.1849154,0.0341937,0.7204,0.9754,0.563,-0.0279,0.421
MOD13Q1_061__250m_16_days_NDVI_doy2026033000000_aid0010,_250m_16_days_NDVI,aid0010,2026-02-02,2817985.0,-0.2,0.9991,"(-0.2,0.9991)",0.6226171,0.1756414,0.0308499,0.7565,0.9991,0.6182,0.0998,0.4938
MOD13Q1_061__250m_16_days_NDVI_doy2026049000000_aid0010,_250m_16_days_NDVI,aid0010,2026-02-18,2817894.0,-0.2,0.9853,"(-0.2,0.9853)",0.6346231,0.1642062,0.0269637,0.753,0.9853,0.6335,0.1775,0.5228
MOD13Q1_061__250m_16_days_NDVI_doy2026065000000_aid0010,_250m_16_days_NDVI,aid0010,2026-03-06,2815940.0,-0.2,0.9842,"(-0.2,0.9842)",0.6405191,0.1537151,0.0236283,0.752,0.9842,0.6493,0.225,0.5412
MOD13Q1_061__250m_16_days_NDVI_doy2026081000000_aid0010,_250m_16_days_NDVI,aid0010,2026-03-22,2815269.0,-0.2,0.9896,"(-0.2,0.9896)",0.6434728,0.1420732,0.0201848,0.7432,0.9896,0.6565,0.2867,0.5606
MOD13Q1_061__250m_16_days_NDVI_doy2026097000000_aid0010,_250m_16_days_NDVI,aid0010,2026-04-07,2814309.0,-0.2,0.9912,"(-0.2,0.9912)",0.6296741,0.1299802,0.0168948,0.7205,0.9549,0.6463,0.3078,0.5554
MOD13Q1_061__250m_16_days_NDVI_doy2026113000000_aid0010,_250m_16_days_NDVI,aid0010,2026-04-23,2815556.0,-0.2,0.9624,"(-0.2,0.9624)",0.5578887,0.1416515,0.0200651,0.6598,0.938,0.5785,0.1683,0.4632
MOD13Q1_061__250m_16_days_NDVI_doy2026129000000_aid0010,_250m_16_days_NDVI,aid0010,2026-05-09,2813081.0,-0.2,0.942,"(-0.2,0.942)",0.4827112,0.1350931,0.0182501,0.581,0.8903,0.4864,0.0655,0.3748
MOD13Q1_061__250m_16_days_NDVI_doy2026145000000_aid0010,_250m_16_days_NDVI,aid0010,2026-05-25,2820318.0,-0.2,0.9945,"(-0.2,0.9945)",0.4302803,0.13428,0.0180311,0.5297,0.8388,0.4261,0.0145,0.3236
MOD13Q1_061__250m_16_days_NDVI_doy2026161000000_aid0010,_250m_16_days_NDVI,aid0010,2026-06-10,2812912.0,-0.2,0.997,"(-0.2,0.997)",0.4864257,0.1478355,0.0218553,0.5901,0.9144,0.4807,0.0494,0.3738
MOD13Q1_061__250m_16_days_NDVI_doy2026177000000_aid0010,_250m_16_days_NDVI,aid0010,2026-06-26,2819987.0,-0.2,0.9992,"(-0.2,0.9992)",0.4823099,0.1394153,0.0194366,0.5809,0.8875,0.4682,0.0699,0.3765
MOD13Q1_061__250m_16_days_NDVI_doy2026193000000_aid0010,_250m_16_days_NDVI,aid0010,2026-07-12,2819946.0,-0.2,0.9969,"(-0.2,0.9969)",0.3411144,0.142168,0.0202117,0.4364,0.7287,0.3354,-0.0508,0.2415
MOD13Q1_061__250m_16_days_NDVI_doy2026209000000_aid0010,_250m_16_days_NDVI,aid0010,2026-07-28,2816961.0,-0.2,0.9686,"(-0.2,0.9686)",0.4950695,0.1352096,0.0182816,0.5812,0.8468,0.4898,0.1385,0.4041
MOD13Q1_061__250m_16_days_NDVI_doy2023353000000_aid0011,_250m_16_days_NDVI,aid0011,2023-12-19,2761272.0,-0.2,0.9966,"(-0.2,0.9966)",0.6333677,0.1405541,0.0197555,0.7308,0.9891,0.6602,0.2983,0.5578
MOD13Q1_061__250m_16_days_NDVI_doy2024001000000_aid0011,_250m_16_days_NDVI,aid0011,2024-01-01,2761359.0,-0.2,0.9891,"(-0.2,0.9891)",0.6839137,0.1357117,0.0184177,0.7774,0.9891,0.7015,0.3689,0.614
MOD13Q1_061__250m_16_days_NDVI_doy2024017000000_aid0011,_250m_16_days_NDVI,aid0011,2024-01-17,2760949.0,-0.2,0.9858,"(-0.2,0.9858)",0.6592997,0.140214,0.01966,0.7575,0.9858,0.6572,0.2858,0.5688
MOD13Q1_061__250m_16_days_NDVI_doy2024033000000_aid0011,_250m_16_days_NDVI,aid0011,2024-02-02,2761911.0,-0.2,0.9976,"(-0.2,0.9976)",0.6535742,0.1337665,0.0178935,0.7449,0.9976,0.6443,0.2979,0.5661
MOD13Q1_061__250m_16_days_NDVI_doy2024049000000_aid0011,_250m_16_days_NDVI,aid0011,2024-02-18,2761547.0,-0.2,0.9959,"(-0.2,0.9959)",0.7075349,0.1220875,0.0149054,0.7895,0.9959,0.7144,0.42,0.6417
MOD13Q1_061__250m_16_days_NDVI_doy2024065000000_aid0011,_250m_16_days_NDVI,aid0011,2024-03-05,2762125.0,-0.2,0.9965,"(-0.2,0.9965)",0.7006145,0.1254215,0.0157306,0.7847,0.9965,0.7119,0.4122,0.6357
MOD13Q1_061__250m_16_days_NDVI_doy2024081000000_aid0011,_250m_16_days_NDVI,aid0011,2024-03-21,2761436.0,-0.2,0.9556,"(-0.2,0.9556)",0.6874002,0.1204696,0.0145129,0.766,0.9556,0.708,0.4348,0.6335
MOD13Q1_061__250m_16_days_NDVI_doy2024097000000_aid0011,_250m_16_days_NDVI,aid0011,2024-04-06,2760349.0,-0.2,0.9581,"(-0.2,0.9581)",0.6257997,0.1246713,0.0155429,0.7155,0.9322,0.6482,0.313,0.5545
MOD13Q1_061__250m_16_days_NDVI_doy2024113000000_aid0011,_250m_16_days_NDVI,aid0011,2024-04-22,2759044.0,-0.2,0.9644,"(-0.2,0.9644)",0.576957,0.1413392,0.0199768,0.685,0.9644,0.6027,0.1703,0.4791
MOD13Q1_061__250m_16_days_NDVI_doy2024129000000_aid0011,_250m_16_days_NDVI,aid0011,2024-05-08,2760337.0,-0.2,0.9465,"(-0.2,0.9465)",0.5290944,0.1415216,0.0200284,0.6376,0.9465,0.5533,0.1001,0.4226
MOD13Q1_061__250m_16_days_NDVI_doy2024145000000_aid0011,_250m_16_days_NDVI,aid0011,2024-05-24,2757879.0,-0.2,0.972,"(-0.2,0.972)",0.4810387,0.1324325,0.0175384,0.5838,0.8926,0.4936,0.0643,0.376
MOD13Q1_061__250m_16_days_NDVI_doy2024161000000_aid0011,_250m_16_days_NDVI,aid0011,2024-06-09,2759228.0,-0.2,0.9137,"(-0.2,0.9137)",0.5123359,0.1267231,0.0160587,0.6044,0.8853,0.5283,0.1362,0.4171
MOD13Q1_061__250m_16_days_NDVI_doy2024177000000_aid0011,_250m_16_days_NDVI,aid0011,2024-06-25,2758277.0,-0.2,0.9575,"(-0.2,0.9575)",0.4899572,0.1265073,0.0160041,0.5788,0.8563,0.5051,0.1163,0.3938
MOD13Q1_061__250m_16_days_NDVI_doy2024193000000_aid0011,_250m_16_days_NDVI,aid0011,2024-07-11,2758364.0,-0.2,0.8824,"(-0.2,0.8824)",0.4279593,0.1040752,0.0108316,0.4971,0.715,0.4348,0.1339,0.3518
MOD13Q1_061__250m_16_days_NDVI_doy2024209000000_aid0011,_250m_16_days_NDVI,aid0011,2024-07-27,2760836.0,-0.2,0.8936,"(-0.2,0.8936)",0.4496006,0.114349,0.0130757,0.5273,0.7647,0.4566,0.1316,0.369
MOD13Q1_061__250m_16_days_NDVI_doy2024225000000_aid0011,_250m_16_days_NDVI,aid0011,2024-08-12,2760171.0,-0.2,0.9249,"(-0.2,0.9249)",0.4698083,0.1218901,0.0148572,0.5512,0.7976,0.4793,0.1405,0.3869
MOD13Q1_061__250m_16_days_NDVI_doy2024241000000_aid0011,_250m_16_days_NDVI,aid0011,2024-08-28,2760565.0,-0.2,0.9511,"(-0.2,0.9511)",0.5160318,0.1363761,0.0185984,0.6046,0.865,0.5315,0.1706,0.431
MOD13Q1_061__250m_16_days_NDVI_doy2024257000000_aid0011,_250m_16_days_NDVI,aid0011,2024-09-13,2760758.0,-0.2,0.9612,"(-0.2,0.9612)",0.5723024,0.1600238,0.0256076,0.6845,0.9612,0.5992,0.139,0.4663
MOD13Q1_061__250m_16_days_NDVI_doy2024273000000_aid0011,_250m_16_days_NDVI,aid0011,2024-09-29,2762332.0,-0.2,0.965,"(-0.2,0.965)",0.5783972,0.1647055,0.0271279,0.6957,0.965,0.6052,0.1172,0.4643
MOD13Q1_061__250m_16_days_NDVI_doy2024289000000_aid0011,_250m_16_days_NDVI,aid0011,2024-10-15,2761089.0,-0.2,0.9797,"(-0.2,0.9797)",0.5864194,0.161679,0.0261401,0.7033,0.9797,0.6174,0.1366,0.4766
MOD13Q1_061__250m_16_days_NDVI_doy2024305000000_aid0011,_250m_16_days_NDVI,aid0011,2024-10-31,2761453.0,-0.2,0.944,"(-0.2,0.944)",0.6147389,0.1572663,0.0247327,0.7363,0.944,0.6498,0.1883,0.5171
MOD13Q1_061__250m_16_days_NDVI_doy2024321000000_aid0011,_250m_16_days_NDVI,aid0011,2024-11-16,2761441.0,-0.2,0.9961,"(-0.2,0.9961)",0.6111734,0.1488618,0.0221598,0.7278,0.9961,0.6447,0.1898,0.5126
MOD13Q1_061__250m_16_days_NDVI_doy2024337000000_aid0011,_250m_16_days_NDVI,aid0011,2024-12-02,2761629.0,-0.2,0.9912,"(-0.2,0.9912)",0.6014195,0.1453615,0.02113,0.7074,0.9912,0.6297,0.2142,0.5101
MOD13Q1_061__250m_16_days_NDVI_doy2024353000000_aid0011,_250m_16_days_NDVI,aid0011,2024-12-18,2762028.0,-0.1995,0.9992,"(-0.1995,0.9992)",0.6038819,0.142011,0.0201671,0.702,0.9795,0.6164,0.239,0.5168
MOD13Q1_061__250m_16_days_NDVI_doy2025001000000_aid0011,_250m_16_days_NDVI,aid0011,2025-01-01,2761622.0,-0.2,0.9805,"(-0.2,0.9805)",0.589443,0.1374412,0.0188901,0.6816,0.9559,0.5877,0.2226,0.498
MOD13Q1_061__250m_16_days_NDVI_doy2025017000000_aid0011,_250m_16_days_NDVI,aid0011,2025-01-17,2761068.0,-0.2,0.9512,"(-0.2,0.9512)",0.5831985,0.142166,0.0202112,0.6817,0.9512,0.5696,0.1897,0.4849
MOD13Q1_061__250m_16_days_NDVI_doy2025033000000_aid0011,_250m_16_days_NDVI,aid0011,2025-02-02,2762218.0,-0.2,0.9782,"(-0.2,0.9782)",0.6184546,0.1481679,0.0219537,0.7291,0.9782,0.6033,0.1789,0.509
MOD13Q1_061__250m_16_days_NDVI_doy2025049000000_aid0011,_250m_16_days_NDVI,aid0011,2025-02-18,2763990.0,-0.2,0.9946,"(-0.2,0.9946)",0.644632,0.1592313,0.0253546,0.7724,0.9946,0.6496,0.1534,0.5248
MOD13Q1_061__250m_16_days_NDVI_doy2025065000000_aid0011,_250m_16_days_NDVI,aid0011,2025-03-06,2761090.0,-0.2,0.9985,"(-0.2,0.9985)",0.7175777,0.1359656,0.0184866,0.8164,0.9985,0.7387,0.4017,0.6505
MOD13Q1_061__250m_16_days_NDVI_doy2025081000000_aid0011,_250m_16_days_NDVI,aid0011,2025-03-22,2759618.0,-0.2,0.9992,"(-0.2,0.9992)",0.7057786,0.1273692,0.0162229,0.7931,0.9992,0.736,0.4409,0.6522
MOD13Q1_061__250m_16_days_NDVI_doy2025097000000_aid0011,_250m_16_days_NDVI,aid0011,2025-04-07,2757600.0,-0.2,0.9366,"(-0.2,0.9366)",0.6482836,0.1308822,0.0171302,0.7459,0.9366,0.6797,0.3239,0.5771
MOD13Q1_061__250m_16_days_NDVI_doy2025113000000_aid0011,_250m_16_days_NDVI,aid0011,2025-04-23,2757897.0,-0.2,0.9412,"(-0.2,0.9412)",0.6113053,0.1438262,0.020686,0.7265,0.9412,0.64,0.1835,0.5093
MOD13Q1_061__250m_16_days_NDVI_doy2025129000000_aid0011,_250m_16_days_NDVI,aid0011,2025-05-09,2758120.0,-0.2,0.9531,"(-0.2,0.9531)",0.6032204,0.1493794,0.0223142,0.7204,0.9531,0.6396,0.1684,0.4996
MOD13Q1_061__250m_16_days_NDVI_doy2025145000000_aid0011,_250m_16_days_NDVI,aid0011,2025-05-25,2754555.0,-0.2,0.9915,"(-0.2,0.9915)",0.5709971,0.1498045,0.0224414,0.6874,0.9915,0.6025,0.1342,0.4661
MOD13Q1_061__250m_16_days_NDVI_doy2025161000000_aid0011,_250m_16_days_NDVI,aid0011,2025-06-10,2756415.0,-0.2,0.9424,"(-0.2,0.9424)",0.5237204,0.1389042,0.0192944,0.6304,0.939,0.5475,0.1132,0.4235
MOD13Q1_061__250m_16_days_NDVI_doy2025177000000_aid0011,_250m_16_days_NDVI,aid0011,2025-06-26,2761235.0,-0.2,0.9913,"(-0.2,0.9913)",0.4716872,0.1312033,0.0172143,0.5699,0.8651,0.4803,0.0779,0.3731
MOD13Q1_061__250m_16_days_NDVI_doy2025193000000_aid0011,_250m_16_days_NDVI,aid0011,2025-07-12,2756489.0,-0.2,0.9903,"(-0.2,0.9903)",0.4911538,0.1268605,0.0160936,0.5827,0.8515,0.4986,0.1347,0.4035
MOD13Q1_061__250m_16_days_NDVI_doy2025209000000_aid0011,_250m_16_days_NDVI,aid0011,2025-07-28,2757151.0,-0.2,0.9913,"(-0.2,0.9913)",0.5261098,0.1278145,0.0163365,0.6165,0.8706,0.5418,0.193,0.4471
MOD13Q1_061__250m_16_days_NDVI_doy2025225000000_aid0011,_250m_16_days_NDVI,aid0011,2025-08-13,2757240.0,-0.2,0.9555,"(-0.2,0.9555)",0.5471582,0.1363,0.0185777,0.6426,0.9069,0.568,0.2021,0.4664
MOD13Q1_061__250m_16_days_NDVI_doy2025241000000_aid0011,_250m_16_days_NDVI,aid0011,2025-08-29,2758668.0,-0.2,0.959,"(-0.2,0.959)",0.5803128,0.1594229,0.0254157,0.6927,0.959,0.6133,0.1802,0.4877
MOD13Q1_061__250m_16_days_NDVI_doy2025257000000_aid0011,_250m_16_days_NDVI,aid0011,2025-09-14,2759827.0,-0.2,0.9711,"(-0.2,0.9711)",0.6246559,0.1615778,0.0261074,0.7366,0.9711,0.6648,0.2439,0.5395
MOD13Q1_061__250m_16_days_NDVI_doy2025273000000_aid0011,_250m_16_days_NDVI,aid0011,2025-09-30,2762174.0,-0.2,0.9581,"(-0.2,0.9581)",0.646268,0.1683437,0.0283396,0.7664,0.9581,0.6943,0.2457,0.5581
MOD13Q1_061__250m_16_days_NDVI_doy2025289000000_aid0011,_250m_16_days_NDVI,aid0011,2025-10-16,2761701.0,-0.2,0.9817,"(-0.2,0.9817)",0.6399892,0.1673392,0.0280024,0.7617,0.9817,0.6885,0.2252,0.5471
MOD13Q1_061__250m_16_days_NDVI_doy2025305000000_aid0011,_250m_16_days_NDVI,aid0011,2025-11-01,2759976.0,-0.2,0.9893,"(-0.2,0.9893)",0.640963,0.1603625,0.0257161,0.7602,0.9893,0.6872,0.2345,0.5499
MOD13Q1_061__250m_16_days_NDVI_doy2025321000000_aid0011,_250m_16_days_NDVI,aid0011,2025-11-17,2762931.0,-0.2,0.9805,"(-0.2,0.9805)",0.6064321,0.1530227,0.0234159,0.7255,0.9805,0.6404,0.1905,0.5115
MOD13Q1_061__250m_16_days_NDVI_doy2025337000000_aid0011,_250m_16_days_NDVI,aid0011,2025-12-03,2761003.0,-0.2,0.9709,"(-0.2,0.9709)",0.6123792,0.1462894,0.0214006,0.7229,0.9709,0.6446,0.2209,0.5221
MOD13Q1_061__250m_16_days_NDVI_doy2025353000000_aid0011,_250m_16_days_NDVI,aid0011,2025-12-19,2758860.0,-0.2,0.9946,"(-0.2,0.9946)",0.6159532,0.1407201,0.0198022,0.7161,0.9507,0.6388,0.2614,0.5342
MOD13Q1_061__250m_16_days_NDVI_doy2026001000000_aid0011,_250m_16_days_NDVI,aid0011,2026-01-01,2762157.0,-0.2,0.9974,"(-0.2,0.9974)",0.600815,0.1346373,0.0181272,0.6867,0.9369,0.6093,0.2697,0.5199
MOD13Q1_061__250m_16_days_NDVI_doy2026017000000_aid0011,_250m_16_days_NDVI,aid0011,2026-01-17,2762783.0,-0.2,0.9995,"(-0.2,0.9995)",0.6177991,0.1483332,0.0220027,0.7214,0.9995,0.619,0.2159,0.5192
MOD13Q1_061__250m_16_days_NDVI_doy2026033000000_aid0011,_250m_16_days_NDVI,aid0011,2026-02-02,2762146.0,-0.2,0.9764,"(-0.2,0.9764)",0.6329479,0.1667112,0.0277926,0.769,0.9764,0.6344,0.1078,0.5045
MOD13Q1_061__250m_16_days_NDVI_doy2026049000000_aid0011,_250m_16_days_NDVI,aid0011,2026-02-18,2762331.0,-0.2,0.9755,"(-0.2,0.9755)",0.6507145,0.1580149,0.0249687,0.7719,0.9755,0.6493,0.1974,0.5421
MOD13Q1_061__250m_16_days_NDVI_doy2026065000000_aid0011,_250m_16_days_NDVI,aid0011,2026-03-06,2761388.0,-0.2,0.971,"(-0.2,0.971)",0.6518607,0.1472494,0.0216824,0.7653,0.971,0.65,0.2216,0.5478
MOD13Q1_061__250m_16_days_NDVI_doy2026081000000_aid0011,_250m_16_days_NDVI,aid0011,2026-03-22,2760184.0,-0.2,0.9971,"(-0.2,0.9971)",0.6736988,0.1250664,0.0156416,0.7582,0.9845,0.6889,0.3787,0.6064
MOD13Q1_061__250m_16_days_NDVI_doy2026097000000_aid0011,_250m_16_days_NDVI,aid0011,2026-04-07,2759412.0,-0.2,0.9345,"(-0.2,0.9345)",0.6937129,0.1158001,0.0134097,0.7688,0.9345,0.7195,0.4686,0.6487
MOD13Q1_061__250m_16_days_NDVI_doy2026113000000_aid0011,_250m_16_days_NDVI,aid0011,2026-04-23,2760158.0,-0.2,0.9715,"(-0.2,0.9715)",0.6436249,0.1361379,0.0185335,0.742,0.9715,0.6757,0.309,0.5688
MOD13Q1_061__250m_16_days_NDVI_doy2026129000000_aid0011,_250m_16_days_NDVI,aid0011,2026-05-09,2758257.0,-0.2,0.9537,"(-0.2,0.9537)",0.5741031,0.1436304,0.0206297,0.6825,0.9537,0.6009,0.1548,0.4714
MOD13Q1_061__250m_16_days_NDVI_doy2026145000000_aid0011,_250m_16_days_NDVI,aid0011,2026-05-25,2764081.0,-0.2,0.9987,"(-0.2,0.9987)",0.4386433,0.154781,0.0239572,0.5544,0.8997,0.4443,-0.0211,0.3242
MOD13Q1_061__250m_16_days_NDVI_doy2026161000000_aid0011,_250m_16_days_NDVI,aid0011,2026-06-10,2758009.0,-0.2,0.9904,"(-0.2,0.9904)",0.5706694,0.1404479,0.0197256,0.6768,0.9742,0.5888,0.1761,0.4765
MOD13Q1_061__250m_16_days_NDVI_doy2026177000000_aid0011,_250m_16_days_NDVI,aid0011,2026-06-26,2761466.0,-0.2,0.9729,"(-0.2,0.9729)",0.5204606,0.1212162,0.0146934,0.6054,0.8509,0.5304,0.1962,0.4417
MOD13Q1_061__250m_16_days_NDVI_doy2026193000000_aid0011,_250m_16_days_NDVI,aid0011,2026-07-12,2763688.0,-0.2,0.9979,"(-0.2,0.9979)",0.4346426,0.1561641,0.0243872,0.5595,0.9226,0.4479,-0.0469,0.3169
MOD13Q1_061__250m_16_days_NDVI_doy2026209000000_aid0011,_250m_16_days_NDVI,aid0011,2026-07-28,2762675.0,-0.2,0.9955,"(-0.2,0.9955)",0.5989418,0.1417732,0.0200996,0.7008,0.9621,0.6251,0.2493,0.5202
MOD13Q1_061__250m_16_days_NDVI_doy2023353000000_aid0012,_250m_16_days_NDVI,aid0012,2023-12-19,1440236.0,-0.2,0.9852,"(-0.2,0.9852)",0.6644327,0.1260584,0.0158907,0.7442,0.9256,0.698,0.44,0.6225
MOD13Q1_061__250m_16_days_NDVI_doy2024001000000_aid0012,_250m_16_days_NDVI,aid0012,2024-01-01,1440941.0,-0.2,0.9993,"(-0.2,0.9993)",0.7115519,0.1268862,0.0161001,0.7927,0.9731,0.7442,0.486,0.67
MOD13Q1_061__250m_16_days_NDVI_doy2024017000000_aid0012,_250m_16_days_NDVI,aid0012,2024-01-17,1440554.0,-0.1998,0.9854,"(-0.1998,0.9854)",0.6669471,0.1216728,0.0148043,0.7508,0.9726,0.6885,0.3806,0.6027
MOD13Q1_061__250m_16_days_NDVI_doy2024033000000_aid0012,_250m_16_days_NDVI,aid0012,2024-02-02,1441409.0,-0.1994,0.9985,"(-0.1994,0.9985)",0.656141,0.1150812,0.0132437,0.7264,0.9172,0.6697,0.4084,0.5992
MOD13Q1_061__250m_16_days_NDVI_doy2024049000000_aid0012,_250m_16_days_NDVI,aid0012,2024-02-18,1441353.0,-0.2,0.9928,"(-0.2,0.9928)",0.7054274,0.1157956,0.0134086,0.7753,0.9472,0.7293,0.4876,0.6602
MOD13Q1_061__250m_16_days_NDVI_doy2024065000000_aid0012,_250m_16_days_NDVI,aid0012,2024-03-05,1440127.0,-0.1998,0.9833,"(-0.1998,0.9833)",0.7029787,0.1109317,0.0123058,0.7696,0.9325,0.7265,0.4939,0.6593
MOD13Q1_061__250m_16_days_NDVI_doy2024081000000_aid0012,_250m_16_days_NDVI,aid0012,2024-03-21,1440172.0,-0.2,0.9922,"(-0.2,0.9922)",0.7152363,0.1086676,0.0118087,0.7791,0.9225,0.7405,0.5401,0.6835
MOD13Q1_061__250m_16_days_NDVI_doy2024097000000_aid0012,_250m_16_days_NDVI,aid0012,2024-04-06,1440170.0,-0.2,0.9675,"(-0.2,0.9675)",0.6827616,0.1208335,0.0146007,0.7578,0.9155,0.7175,0.4783,0.646
MOD13Q1_061__250m_16_days_NDVI_doy2024113000000_aid0012,_250m_16_days_NDVI,aid0012,2024-04-22,1440557.0,-0.2,0.996,"(-0.2,0.996)",0.6649411,0.1295972,0.0167954,0.7484,0.9317,0.7045,0.4297,0.6209
MOD13Q1_061__250m_16_days_NDVI_doy2024129000000_aid0012,_250m_16_days_NDVI,aid0012,2024-05-08,1440577.0,-0.2,0.9408,"(-0.2,0.9408)",0.6137686,0.134749,0.0181573,0.7031,0.9127,0.6524,0.3476,0.5609
MOD13Q1_061__250m_16_days_NDVI_doy2024145000000_aid0012,_250m_16_days_NDVI,aid0012,2024-05-24,1441338.0,-0.2,0.9889,"(-0.2,0.9889)",0.5698219,0.1308972,0.0171341,0.6581,0.8838,0.6025,0.2811,0.5073
MOD13Q1_061__250m_16_days_NDVI_doy2024161000000_aid0012,_250m_16_days_NDVI,aid0012,2024-06-09,1438300.0,-0.2,0.966,"(-0.2,0.966)",0.5871984,0.1205729,0.0145378,0.6631,0.8479,0.6085,0.3551,0.5399
MOD13Q1_061__250m_16_days_NDVI_doy2024177000000_aid0012,_250m_16_days_NDVI,aid0012,2024-06-25,1438677.0,-0.2,0.9595,"(-0.2,0.9595)",0.5683915,0.1222161,0.0149368,0.6468,0.8439,0.5856,0.3183,0.5154
MOD13Q1_061__250m_16_days_NDVI_doy2024193000000_aid0012,_250m_16_days_NDVI,aid0012,2024-07-11,1439246.0,-0.2,0.9584,"(-0.2,0.9584)",0.4863737,0.1019822,0.0104004,0.5478,0.7137,0.492,0.2713,0.4372
MOD13Q1_061__250m_16_days_NDVI_doy2024209000000_aid0012,_250m_16_days_NDVI,aid0012,2024-07-27,1439478.0,-0.2,0.9269,"(-0.2,0.9269)",0.4986764,0.1061284,0.0112632,0.5669,0.7569,0.5014,0.2502,0.4402
MOD13Q1_061__250m_16_days_NDVI_doy2024225000000_aid0012,_250m_16_days_NDVI,aid0012,2024-08-12,1439878.0,-0.2,0.982,"(-0.2,0.982)",0.5285651,0.1157946,0.0134084,0.603,0.807,0.5362,0.263,0.467
MOD13Q1_061__250m_16_days_NDVI_doy2024241000000_aid0012,_250m_16_days_NDVI,aid0012,2024-08-28,1440452.0,-0.2,0.953,"(-0.2,0.953)",0.5771257,0.1228023,0.0150804,0.6488,0.8429,0.5877,0.3253,0.519375
MOD13Q1_061__250m_16_days_NDVI_doy2024257000000_aid0012,_250m_16_days_NDVI,aid0012,2024-09-13,1440387.0,-0.2,0.9598,"(-0.2,0.9598)",0.6439597,0.1360105,0.0184989,0.7259,0.9275,0.6665,0.3899,0.5915
MOD13Q1_061__250m_16_days_NDVI_doy2024273000000_aid0012,_250m_16_days_NDVI,aid0012,2024-09-29,1440853.0,-0.2,0.9929,"(-0.2,0.9929)",0.6702401,0.139722,0.0195222,0.7536,0.9465,0.699,0.4321,0.625
MOD13Q1_061__250m_16_days_NDVI_doy2024289000000_aid0012,_250m_16_days_NDVI,aid0012,2024-10-15,1440222.0,-0.2,0.9797,"(-0.2,0.9797)",0.6542085,0.1416805,0.0200734,0.7404,0.9495,0.6844,0.3919,0.601
MOD13Q1_061__250m_16_days_NDVI_doy2024305000000_aid0012,_250m_16_days_NDVI,aid0012,2024-10-31,1440886.0,-0.2,0.998,"(-0.2,0.998)",0.6744319,0.1406205,0.0197741,0.7684,0.9677,0.714,0.4069,0.6238
MOD13Q1_061__250m_16_days_NDVI_doy2024321000000_aid0012,_250m_16_days_NDVI,aid0012,2024-11-16,1440278.0,-0.2,0.9992,"(-0.2,0.9992)",0.6726609,0.1393699,0.019424,0.772,0.9992,0.7105,0.3745,0.613
MOD13Q1_061__250m_16_days_NDVI_doy2024337000000_aid0012,_250m_16_days_NDVI,aid0012,2024-12-02,1440490.0,-0.2,0.9898,"(-0.2,0.9898)",0.6392827,0.1363535,0.0185923,0.7304,0.9413,0.6772,0.3709,0.5866
MOD13Q1_061__250m_16_days_NDVI_doy2024353000000_aid0012,_250m_16_days_NDVI,aid0012,2024-12-18,1440662.0,-0.1997,0.9967,"(-0.1997,0.9967)",0.6284587,0.1286499,0.0165508,0.7161,0.941,0.6542,0.3399,0.5656
MOD13Q1_061__250m_16_days_NDVI_doy2025001000000_aid0012,_250m_16_days_NDVI,aid0012,2025-01-01,1440304.0,-0.2,0.9952,"(-0.2,0.9952)",0.6221341,0.1249076,0.0156019,0.7068,0.9371,0.6374,0.3213,0.5526
MOD13Q1_061__250m_16_days_NDVI_doy2025017000000_aid0012,_250m_16_days_NDVI,aid0012,2025-01-17,1440374.0,-0.2,0.9982,"(-0.2,0.9982)",0.6025946,0.1229712,0.0151219,0.6836,0.9165,0.6047,0.2954,0.5283
MOD13Q1_061__250m_16_days_NDVI_doy2025033000000_aid0012,_250m_16_days_NDVI,aid0012,2025-02-02,1440950.0,-0.1997,0.9968,"(-0.1997,0.9968)",0.6062988,0.1177277,0.0138598,0.6791,0.897,0.6026,0.3159,0.5338
MOD13Q1_061__250m_16_days_NDVI_doy2025049000000_aid0012,_250m_16_days_NDVI,aid0012,2025-02-18,1439834.0,-0.2,0.984,"(-0.2,0.984)",0.6477245,0.1263453,0.0159631,0.742675,0.984,0.6561,0.3005,0.5658
MOD13Q1_061__250m_16_days_NDVI_doy2025065000000_aid0012,_250m_16_days_NDVI,aid0012,2025-03-06,1439866.0,-0.2,0.9869,"(-0.2,0.9869)",0.7199436,0.1076913,0.0115974,0.7843,0.9451,0.734,0.5163,0.6771
MOD13Q1_061__250m_16_days_NDVI_doy2025081000000_aid0012,_250m_16_days_NDVI,aid0012,2025-03-22,1439551.0,-0.2,0.9735,"(-0.2,0.9735)",0.7535146,0.1083878,0.0117479,0.8171,0.9484,0.7801,0.5866,0.7249
MOD13Q1_061__250m_16_days_NDVI_doy2025097000000_aid0012,_250m_16_days_NDVI,aid0012,2025-04-07,1439429.0,-0.2,0.9938,"(-0.2,0.9938)",0.712258,0.1058611,0.0112066,0.778,0.9262,0.7385,0.5303,0.6789
MOD13Q1_061__250m_16_days_NDVI_doy2025113000000_aid0012,_250m_16_days_NDVI,aid0012,2025-04-23,1439783.0,-0.2,0.9517,"(-0.2,0.9517)",0.690042,0.1169218,0.0136707,0.7667,0.927,0.7192,0.4672,0.6469
MOD13Q1_061__250m_16_days_NDVI_doy2025129000000_aid0012,_250m_16_days_NDVI,aid0012,2025-05-09,1438952.0,-0.1997,0.9416,"(-0.1997,0.9416)",0.67271,0.122809,0.015082,0.7518,0.9298,0.7025,0.4536,0.6325
MOD13Q1_061__250m_16_days_NDVI_doy2025145000000_aid0012,_250m_16_days_NDVI,aid0012,2025-05-25,1439213.0,-0.2,0.9562,"(-0.2,0.9562)",0.6329949,0.1342619,0.0180263,0.7191,0.9169,0.6661,0.3889,0.587
MOD13Q1_061__250m_16_days_NDVI_doy2025161000000_aid0012,_250m_16_days_NDVI,aid0012,2025-06-10,1440018.0,-0.2,0.981,"(-0.2,0.981)",0.6007574,0.1247692,0.0155674,0.6794,0.8583,0.6309,0.3812,0.5601
MOD13Q1_061__250m_16_days_NDVI_doy2025177000000_aid0012,_250m_16_days_NDVI,aid0012,2025-06-26,1438975.0,-0.2,0.9915,"(-0.2,0.9915)",0.5624076,0.1298906,0.0168716,0.6473,0.8564,0.5886,0.2988,0.5079
MOD13Q1_061__250m_16_days_NDVI_doy2025193000000_aid0012,_250m_16_days_NDVI,aid0012,2025-07-12,1439774.0,-0.2,0.99,"(-0.2,0.99)",0.5278433,0.1173905,0.0137805,0.6041,0.8088,0.54,0.2629,0.4676
MOD13Q1_061__250m_16_days_NDVI_doy2025209000000_aid0012,_250m_16_days_NDVI,aid0012,2025-07-28,1439863.0,-0.2,0.951,"(-0.2,0.951)",0.5664374,0.1221244,0.0149144,0.6458,0.852,0.5832,0.3021,0.5083
MOD13Q1_061__250m_16_days_NDVI_doy2025225000000_aid0012,_250m_16_days_NDVI,aid0012,2025-08-13,1439880.0,-0.2,0.9866,"(-0.2,0.9866)",0.5948621,0.1274873,0.016253,0.677,0.8855,0.6154,0.3295,0.538
MOD13Q1_061__250m_16_days_NDVI_doy2025241000000_aid0012,_250m_16_days_NDVI,aid0012,2025-08-29,1439440.0,-0.2,0.9671,"(-0.2,0.9671)",0.6394323,0.1340965,0.0179819,0.725,0.932,0.6659,0.378,0.5862
MOD13Q1_061__250m_16_days_NDVI_doy2025257000000_aid0012,_250m_16_days_NDVI,aid0012,2025-09-14,1440304.0,-0.2,0.9968,"(-0.2,0.9968)",0.6636487,0.1428029,0.0203927,0.7559,0.9653,0.6976,0.3929,0.6107
MOD13Q1_061__250m_16_days_NDVI_doy2025273000000_aid0012,_250m_16_days_NDVI,aid0012,2025-09-30,1439861.0,-0.2,0.9505,"(-0.2,0.9505)",0.7023981,0.1386955,0.0192364,0.7878,0.9505,0.7401,0.4791,0.6643
MOD13Q1_061__250m_16_days_NDVI_doy2025289000000_aid0012,_250m_16_days_NDVI,aid0012,2025-10-16,1440117.0,-0.1994,0.9986,"(-0.1994,0.9986)",0.6980614,0.1380735,0.0190643,0.784,0.9701,0.7365,0.473,0.6596
MOD13Q1_061__250m_16_days_NDVI_doy2025305000000_aid0012,_250m_16_days_NDVI,aid0012,2025-11-01,1439240.0,-0.2,0.9935,"(-0.2,0.9935)",0.7000153,0.1436911,0.0206471,0.7916,0.9845,0.7416,0.4596,0.6588
MOD13Q1_061__250m_16_days_NDVI_doy2025321000000_aid0012,_250m_16_days_NDVI,aid0012,2025-11-17,1441214.0,-0.2,0.9893,"(-0.2,0.9893)",0.6656355,0.1421173,0.0201973,0.7608,0.9771,0.7079,0.3996,0.6163
MOD13Q1_061__250m_16_days_NDVI_doy2025337000000_aid0012,_250m_16_days_NDVI,aid0012,2025-12-03,1440687.0,-0.2,0.9712,"(-0.2,0.9712)",0.6536779,0.1286614,0.0165538,0.7394,0.9192,0.6854,0.4012,0.6041
MOD13Q1_061__250m_16_days_NDVI_doy2025353000000_aid0012,_250m_16_days_NDVI,aid0012,2025-12-19,1439840.0,-0.2,0.9931,"(-0.2,0.9931)",0.6536546,0.12388,0.0153462,0.7351,0.9321,0.6815,0.4059,0.6034
MOD13Q1_061__250m_16_days_NDVI_doy2026001000000_aid0012,_250m_16_days_NDVI,aid0012,2026-01-01,1441127.0,-0.2,0.9769,"(-0.2,0.9769)",0.6029977,0.1188932,0.0141356,0.6782,0.8756,0.6209,0.3492,0.5466
MOD13Q1_061__250m_16_days_NDVI_doy2026017000000_aid0012,_250m_16_days_NDVI,aid0012,2026-01-17,1440857.0,-0.2,0.9747,"(-0.2,0.9747)",0.5998171,0.1158913,0.0134308,0.6702,0.8706,0.6045,0.3362,0.5366
MOD13Q1_061__250m_16_days_NDVI_doy2026033000000_aid0012,_250m_16_days_NDVI,aid0012,2026-02-02,1439220.0,-0.2,0.9865,"(-0.2,0.9865)",0.5840282,0.1200052,0.0144012,0.6544,0.8702,0.5766,0.2947,0.5105
MOD13Q1_061__250m_16_days_NDVI_doy2026049000000_aid0012,_250m_16_days_NDVI,aid0012,2026-02-18,1439124.0,-0.2,0.9755,"(-0.2,0.9755)",0.5813851,0.1175713,0.013823,0.6456,0.8487,0.5716,0.3071,0.5102
MOD13Q1_061__250m_16_days_NDVI_doy2026065000000_aid0012,_250m_16_days_NDVI,aid0012,2026-03-06,1440442.0,-0.2,0.9856,"(-0.2,0.9856)",0.5503807,0.1152875,0.0132912,0.6111,0.8071,0.5377,0.2844,0.4804
MOD13Q1_061__250m_16_days_NDVI_doy2026081000000_aid0012,_250m_16_days_NDVI,aid0012,2026-03-22,1439947.0,-0.2,0.9981,"(-0.2,0.9981)",0.6003801,0.1140597,0.0130096,0.6768,0.8916,0.5996,0.3188,0.5336
MOD13Q1_061__250m_16_days_NDVI_doy2026097000000_aid0012,_250m_16_days_NDVI,aid0012,2026-04-07,1439522.0,-0.2,0.9841,"(-0.2,0.9841)",0.701471,0.1115047,0.0124333,0.7721,0.9336,0.7247,0.4946,0.6611
MOD13Q1_061__250m_16_days_NDVI_doy2026113000000_aid0012,_250m_16_days_NDVI,aid0012,2026-04-23,1439590.0,-0.2,0.9952,"(-0.2,0.9952)",0.6966723,0.1183367,0.0140036,0.7718,0.9358,0.7247,0.4828,0.6562
MOD13Q1_061__250m_16_days_NDVI_doy2026129000000_aid0012,_250m_16_days_NDVI,aid0012,2026-05-09,1438581.0,-0.2,0.9982,"(-0.2,0.9982)",0.6504289,0.1234708,0.0152451,0.7293,0.9185,0.6765,0.4138,0.6031
MOD13Q1_061__250m_16_days_NDVI_doy2026145000000_aid0012,_250m_16_days_NDVI,aid0012,2026-05-25,1441154.0,-0.1998,0.999,"(-0.1998,0.999)",0.4895653,0.1849656,0.0342123,0.6365,0.999,0.5008,-0.046,0.3635
MOD13Q1_061__250m_16_days_NDVI_doy2026161000000_aid0012,_250m_16_days_NDVI,aid0012,2026-06-10,1440005.0,-0.1998,0.9993,"(-0.1998,0.9993)",0.6478386,0.1205813,0.0145399,0.7254,0.9168,0.6696,0.4064,0.5978
MOD13Q1_061__250m_16_days_NDVI_doy2026177000000_aid0012,_250m_16_days_NDVI,aid0012,2026-06-26,1440084.0,-0.2,0.9978,"(-0.2,0.9978)",0.5635796,0.1278239,0.016339,0.6517,0.8928,0.5805,0.2495,0.4908
MOD13Q1_061__250m_16_days_NDVI_doy2026193000000_aid0012,_250m_16_days_NDVI,aid0012,2026-07-12,1443649.0,-0.2,0.9962,"(-0.2,0.9962)",0.4302581,0.1756554,0.0308548,0.5736,0.9962,0.461,-0.1388,0.2884
MOD13Q1_061__250m_16_days_NDVI_doy2026209000000_aid0012,_250m_16_days_NDVI,aid0012,2026-07-28,1442181.0,-0.1996,0.9955,"(-0.1996,0.9955)",0.6454848,0.1283997,0.0164865,0.7287,0.9225,0.6763,0.402,0.598
MOD13Q1_061__250m_16_days_NDVI_doy2023353000000_aid0013,_250m_16_days_NDVI,aid0013,2023-12-19,1913191.0,-0.2,0.9852,"(-0.2,0.9852)",0.5719836,0.1659526,0.0275403,0.7049,0.9852,0.6117,0.0687,0.4504
MOD13Q1_061__250m_16_days_NDVI_doy2024001000000_aid0013,_250m_16_days_NDVI,aid0013,2024-01-01,1913845.0,-0.2,0.9975,"(-0.2,0.9975)",0.6293547,0.1617555,0.0261648,0.7569,0.9975,0.6654,0.1818,0.5268
MOD13Q1_061__250m_16_days_NDVI_doy2024017000000_aid0013,_250m_16_days_NDVI,aid0013,2024-01-17,1912891.0,-0.1994,0.9835,"(-0.1994,0.9835)",0.6143792,0.1477602,0.0218331,0.7326,0.9835,0.6335,0.1749,0.5095
MOD13Q1_061__250m_16_days_NDVI_doy2024033000000_aid0013,_250m_16_days_NDVI,aid0013,2024-02-02,1913430.0,-0.1993,0.9985,"(-0.1993,0.9985)",0.6431926,0.1305704,0.0170486,0.7305,0.9732,0.6574,0.3165,0.5649
MOD13Q1_061__250m_16_days_NDVI_doy2024049000000_aid0013,_250m_16_days_NDVI,aid0013,2024-02-18,1914349.0,-0.2,0.9928,"(-0.2,0.9928)",0.6760064,0.1333494,0.0177821,0.7693,0.9928,0.701,0.3571,0.6044
MOD13Q1_061__250m_16_days_NDVI_doy2024065000000_aid0013,_250m_16_days_NDVI,aid0013,2024-03-05,1912923.0,-0.1996,0.99,"(-0.1996,0.99)",0.682259,0.1245502,0.0155127,0.7645,0.9671,0.7038,0.4078,0.6218
MOD13Q1_061__250m_16_days_NDVI_doy2024081000000_aid0013,_250m_16_days_NDVI,aid0013,2024-03-21,1913659.0,-0.2,0.9922,"(-0.2,0.9922)",0.6643675,0.1293155,0.0167225,0.754,0.9781,0.6957,0.3778,0.6035
MOD13Q1_061__250m_16_days_NDVI_doy2024097000000_aid0013,_250m_16_days_NDVI,aid0013,2024-04-06,1913545.0,-0.1997,0.9675,"(-0.1997,0.9675)",0.6196567,0.1374007,0.0188789,0.7234,0.9675,0.6517,0.2572,0.5369
MOD13Q1_061__250m_16_days_NDVI_doy2024113000000_aid0013,_250m_16_days_NDVI,aid0013,2024-04-22,1913903.0,-0.2,0.996,"(-0.2,0.996)",0.5971854,0.1477008,0.0218155,0.713,0.996,0.6316,0.1683,0.4951
MOD13Q1_061__250m_16_days_NDVI_doy2024129000000_aid0013,_250m_16_days_NDVI,aid0013,2024-05-08,1913956.0,-0.1994,0.9408,"(-0.1994,0.9408)",0.5401874,0.1486581,0.0220992,0.656,0.9408,0.5719,0.0695,0.4214
MOD13Q1_061__250m_16_days_NDVI_doy2024145000000_aid0013,_250m_16_days_NDVI,aid0013,2024-05-24,1914061.0,-0.2,0.9889,"(-0.2,0.9889)",0.5088201,0.1397734,0.0195366,0.6153,0.9406,0.5328,0.0626,0.3942
MOD13Q1_061__250m_16_days_NDVI_doy2024161000000_aid0013,_250m_16_days_NDVI,aid0013,2024-06-09,1912367.0,-0.2,0.966,"(-0.2,0.966)",0.5340177,0.1353733,0.0183259,0.6276,0.9168,0.5646,0.1456,0.4348
MOD13Q1_061__250m_16_days_NDVI_doy2024177000000_aid0013,_250m_16_days_NDVI,aid0013,2024-06-25,1912244.0,-0.2,0.9595,"(-0.2,0.9595)",0.5116376,0.130837,0.0171183,0.6006,0.8766,0.5341,0.1406,0.4166
MOD13Q1_061__250m_16_days_NDVI_doy2024193000000_aid0013,_250m_16_days_NDVI,aid0013,2024-07-11,1912153.0,-0.2,0.9584,"(-0.2,0.9584)",0.4606235,0.1076293,0.0115841,0.527,0.7323,0.471,0.1848,0.3901
MOD13Q1_061__250m_16_days_NDVI_doy2024209000000_aid0013,_250m_16_days_NDVI,aid0013,2024-07-27,1912832.0,-0.2,0.9269,"(-0.2,0.9269)",0.4527115,0.1086278,0.0118,0.5221,0.7328,0.4601,0.1709,0.3816
MOD13Q1_061__250m_16_days_NDVI_doy2024225000000_aid0013,_250m_16_days_NDVI,aid0013,2024-08-12,1913180.0,-0.2,0.982,"(-0.2,0.982)",0.497681,0.1192026,0.0142093,0.5704,0.7835,0.5043,0.2152,0.4283
MOD13Q1_061__250m_16_days_NDVI_doy2024241000000_aid0013,_250m_16_days_NDVI,aid0013,2024-08-28,1913550.0,-0.2,0.9904,"(-0.2,0.9904)",0.5541779,0.1316778,0.0173391,0.6316,0.8512,0.5591,0.2656,0.4852
MOD13Q1_061__250m_16_days_NDVI_doy2024257000000_aid0013,_250m_16_days_NDVI,aid0013,2024-09-13,1913047.0,-0.2,0.9598,"(-0.2,0.9598)",0.6152683,0.1487538,0.0221277,0.7086,0.9565,0.6312,0.2941,0.5428
MOD13Q1_061__250m_16_days_NDVI_doy2024273000000_aid0013,_250m_16_days_NDVI,aid0013,2024-09-29,1913354.0,-0.2,0.9929,"(-0.2,0.9929)",0.6361914,0.1546793,0.0239257,0.7351,0.9821,0.6545,0.3069,0.5638
MOD13Q1_061__250m_16_days_NDVI_doy2024289000000_aid0013,_250m_16_days_NDVI,aid0013,2024-10-15,1913417.0,-0.2,0.9712,"(-0.2,0.9712)",0.6268768,0.1577871,0.0248968,0.7273,0.9712,0.6481,0.2766,0.547
MOD13Q1_061__250m_16_days_NDVI_doy2024305000000_aid0013,_250m_16_days_NDVI,aid0013,2024-10-31,1913607.0,-0.2,0.998,"(-0.2,0.998)",0.6235144,0.155899,0.0243045,0.7415,0.998,0.6582,0.2295,0.5367
MOD13Q1_061__250m_16_days_NDVI_doy2024321000000_aid0013,_250m_16_days_NDVI,aid0013,2024-11-16,1913269.0,-0.2,0.9978,"(-0.2,0.9978)",0.6202054,0.1587641,0.025206,0.7431,0.9978,0.6632,0.1959,0.5242
MOD13Q1_061__250m_16_days_NDVI_doy2024337000000_aid0013,_250m_16_days_NDVI,aid0013,2024-12-02,1913345.0,-0.2,0.9898,"(-0.2,0.9898)",0.5858515,0.1568974,0.0246168,0.709,0.9898,0.6283,0.1208,0.4737
MOD13Q1_061__250m_16_days_NDVI_doy2024353000000_aid0013,_250m_16_days_NDVI,aid0013,2024-12-18,1913909.0,-0.1997,0.9979,"(-0.1997,0.9979)",0.5753905,0.1531241,0.023447,0.6948,0.9979,0.6037,0.1268,0.4676
MOD13Q1_061__250m_16_days_NDVI_doy2025001000000_aid0013,_250m_16_days_NDVI,aid0013,2025-01-01,1913500.0,-0.1994,0.9952,"(-0.1994,0.9952)",0.593149,0.1391517,0.0193632,0.696,0.9864,0.6063,0.212,0.5024
MOD13Q1_061__250m_16_days_NDVI_doy2025017000000_aid0013,_250m_16_days_NDVI,aid0013,2025-01-17,1913507.0,-0.199,0.9953,"(-0.199,0.9953)",0.5929081,0.1319574,0.0174127,0.6876,0.9618,0.5911,0.2219,0.5013
MOD13Q1_061__250m_16_days_NDVI_doy2025033000000_aid0013,_250m_16_days_NDVI,aid0013,2025-02-02,1914264.0,-0.1997,0.9968,"(-0.1997,0.9968)",0.5940159,0.1312891,0.0172368,0.6846,0.9547,0.5865,0.2321,0.5036
MOD13Q1_061__250m_16_days_NDVI_doy2025049000000_aid0013,_250m_16_days_NDVI,aid0013,2025-02-18,1912720.0,-0.1987,0.9946,"(-0.1987,0.9946)",0.5896495,0.1306458,0.0170683,0.6815,0.9546,0.5854,0.2235,0.4983
MOD13Q1_061__250m_16_days_NDVI_doy2025065000000_aid0013,_250m_16_days_NDVI,aid0013,2025-03-06,1913187.0,-0.2,0.9869,"(-0.2,0.9869)",0.6928362,0.1212724,0.014707,0.7722,0.9818,0.7062,0.4197,0.6312
MOD13Q1_061__250m_16_days_NDVI_doy2025081000000_aid0013,_250m_16_days_NDVI,aid0013,2025-03-22,1913279.0,-0.2,0.9969,"(-0.2,0.9969)",0.7157528,0.1238298,0.0153338,0.802,0.9969,0.7434,0.4513,0.6617
MOD13Q1_061__250m_16_days_NDVI_doy2025097000000_aid0013,_250m_16_days_NDVI,aid0013,2025-04-07,1912709.0,-0.2,0.9938,"(-0.2,0.9938)",0.6862266,0.1161522,0.0134913,0.7654,0.956,0.7147,0.4469,0.638
MOD13Q1_061__250m_16_days_NDVI_doy2025113000000_aid0013,_250m_16_days_NDVI,aid0013,2025-04-23,1913299.0,-0.2,0.9954,"(-0.2,0.9954)",0.6578463,0.131335,0.0172489,0.7532,0.9954,0.6909,0.3422,0.5888
MOD13Q1_061__250m_16_days_NDVI_doy2025129000000_aid0013,_250m_16_days_NDVI,aid0013,2025-05-09,1912560.0,-0.1994,0.962,"(-0.1994,0.962)",0.6384718,0.1443817,0.0208461,0.7437,0.962,0.6818,0.2805,0.5584
MOD13Q1_061__250m_16_days_NDVI_doy2025145000000_aid0013,_250m_16_days_NDVI,aid0013,2025-05-25,1913459.0,-0.1989,0.985,"(-0.1989,0.985)",0.6020179,0.148827,0.0221495,0.7124,0.985,0.6473,0.1967,0.5061
MOD13Q1_061__250m_16_days_NDVI_doy2025161000000_aid0013,_250m_16_days_NDVI,aid0013,2025-06-10,1913074.0,-0.2,0.981,"(-0.2,0.981)",0.5635123,0.1404367,0.0197225,0.6669,0.9529,0.6041,0.1707,0.4684
MOD13Q1_061__250m_16_days_NDVI_doy2025177000000_aid0013,_250m_16_days_NDVI,aid0013,2025-06-26,1913096.0,-0.2,0.9913,"(-0.2,0.9913)",0.5130022,0.1455966,0.0211984,0.6237,0.9551,0.5419,0.0677,0.4013
MOD13Q1_061__250m_16_days_NDVI_doy2025193000000_aid0013,_250m_16_days_NDVI,aid0013,2025-07-12,1913754.0,-0.2,0.99,"(-0.2,0.99)",0.5246965,0.1278316,0.0163409,0.6187,0.8861,0.5447,0.173,0.4404
MOD13Q1_061__250m_16_days_NDVI_doy2025209000000_aid0013,_250m_16_days_NDVI,aid0013,2025-07-28,1912960.0,-0.2,0.9666,"(-0.2,0.9666)",0.5557124,0.1261606,0.0159165,0.6439,0.8876,0.5786,0.2377,0.4814
MOD13Q1_061__250m_16_days_NDVI_doy2025225000000_aid0013,_250m_16_days_NDVI,aid0013,2025-08-13,1913252.0,-0.2,0.9866,"(-0.2,0.9866)",0.5831359,0.1311126,0.0171905,0.6727,0.9116,0.608,0.2745,0.5134
MOD13Q1_061__250m_16_days_NDVI_doy2025241000000_aid0013,_250m_16_days_NDVI,aid0013,2025-08-29,1913725.0,-0.199,0.9697,"(-0.199,0.9697)",0.6306691,0.1388305,0.0192739,0.7237,0.9607,0.6598,0.3247,0.5641
MOD13Q1_061__250m_16_days_NDVI_doy2025257000000_aid0013,_250m_16_days_NDVI,aid0013,2025-09-14,1913319.0,-0.2,0.9968,"(-0.2,0.9968)",0.6663404,0.1443528,0.0208377,0.7606,0.9872,0.6982,0.3731,0.6056
MOD13Q1_061__250m_16_days_NDVI_doy2025273000000_aid0013,_250m_16_days_NDVI,aid0013,2025-09-30,1913101.0,-0.199,0.9498,"(-0.199,0.9498)",0.6958465,0.1481752,0.0219559,0.7934,0.9498,0.7368,0.4154,0.6422
MOD13Q1_061__250m_16_days_NDVI_doy2025289000000_aid0013,_250m_16_days_NDVI,aid0013,2025-10-16,1912730.0,-0.1986,0.9781,"(-0.1986,0.9781)",0.6946381,0.1513512,0.0229072,0.7944,0.9781,0.7391,0.4102,0.6407
MOD13Q1_061__250m_16_days_NDVI_doy2025305000000_aid0013,_250m_16_days_NDVI,aid0013,2025-11-01,1912026.0,-0.2,0.9935,"(-0.2,0.9935)",0.6868102,0.1557166,0.0242476,0.7935,0.9935,0.7347,0.3778,0.6272
MOD13Q1_061__250m_16_days_NDVI_doy2025321000000_aid0013,_250m_16_days_NDVI,aid0013,2025-11-17,1913953.0,-0.2,0.9805,"(-0.2,0.9805)",0.6408446,0.1541005,0.023747,0.7549,0.9805,0.6894,0.2709,0.5613
MOD13Q1_061__250m_16_days_NDVI_doy2025337000000_aid0013,_250m_16_days_NDVI,aid0013,2025-12-03,1913325.0,-0.2,0.9712,"(-0.2,0.9712)",0.5959436,0.1461034,0.0213462,0.7109,0.9712,0.6305,0.1739,0.4961
MOD13Q1_061__250m_16_days_NDVI_doy2025353000000_aid0013,_250m_16_days_NDVI,aid0013,2025-12-19,1912794.0,-0.2,0.9931,"(-0.2,0.9931)",0.5809861,0.1519929,0.0231018,0.7005,0.9931,0.6126,0.141,0.4767
MOD13Q1_061__250m_16_days_NDVI_doy2026001000000_aid0013,_250m_16_days_NDVI,aid0013,2026-01-01,1914257.0,-0.2,0.9554,"(-0.2,0.9554)",0.5436212,0.141634,0.0200602,0.6502,0.9554,0.5611,0.1277,0.4412
MOD13Q1_061__250m_16_days_NDVI_doy2026017000000_aid0013,_250m_16_days_NDVI,aid0013,2026-01-17,1913843.0,-0.2,0.9984,"(-0.2,0.9984)",0.5564096,0.1412039,0.0199385,0.6561,0.9529,0.5611,0.1524,0.4546
MOD13Q1_061__250m_16_days_NDVI_doy2026033000000_aid0013,_250m_16_days_NDVI,aid0013,2026-02-02,1912582.0,-0.2,0.9917,"(-0.2,0.9917)",0.5538898,0.1428032,0.0203927,0.6528,0.9501,0.5457,0.1421,0.4485
MOD13Q1_061__250m_16_days_NDVI_doy2026049000000_aid0013,_250m_16_days_NDVI,aid0013,2026-02-18,1913055.0,-0.2,0.9945,"(-0.2,0.9945)",0.5665339,0.1349369,0.018208,0.6542,0.9227,0.557,0.2066,0.4751
MOD13Q1_061__250m_16_days_NDVI_doy2026065000000_aid0013,_250m_16_days_NDVI,aid0013,2026-03-06,1913416.0,-0.2,0.9569,"(-0.2,0.9569)",0.5694031,0.1235572,0.0152664,0.6464,0.8829,0.5577,0.2522,0.4887
MOD13Q1_061__250m_16_days_NDVI_doy2026081000000_aid0013,_250m_16_days_NDVI,aid0013,2026-03-22,1913258.0,-0.2,0.9983,"(-0.2,0.9983)",0.635732,0.121918,0.014864,0.7248,0.9696,0.6427,0.3103,0.559
MOD13Q1_061__250m_16_days_NDVI_doy2026097000000_aid0013,_250m_16_days_NDVI,aid0013,2026-04-07,1913023.0,-0.2,0.9917,"(-0.2,0.9917)",0.6945254,0.1166164,0.0135994,0.7729,0.9574,0.7199,0.4587,0.6472
MOD13Q1_061__250m_16_days_NDVI_doy2026113000000_aid0013,_250m_16_days_NDVI,aid0013,2026-04-23,1913392.0,-0.2,0.9952,"(-0.2,0.9952)",0.6713639,0.1292965,0.0167176,0.7623,0.9916,0.7038,0.3793,0.6091
MOD13Q1_061__250m_16_days_NDVI_doy2026129000000_aid0013,_250m_16_days_NDVI,aid0013,2026-05-09,1912434.0,-0.2,0.9982,"(-0.2,0.9982)",0.6175888,0.1440188,0.0207414,0.723,0.9982,0.6551,0.2308,0.5261
MOD13Q1_061__250m_16_days_NDVI_doy2026145000000_aid0013,_250m_16_days_NDVI,aid0013,2026-05-25,1914156.0,-0.1996,0.999,"(-0.1996,0.999)",0.5310484,0.1590866,0.0253085,0.6565,0.999,0.5422,0.074,0.4235
MOD13Q1_061__250m_16_days_NDVI_doy2026161000000_aid0013,_250m_16_days_NDVI,aid0013,2026-06-10,1913030.0,-0.2,0.9993,"(-0.2,0.9993)",0.6187463,0.1453467,0.0211257,0.7243,0.9993,0.6571,0.2511,0.535
MOD13Q1_061__250m_16_days_NDVI_doy2026177000000_aid0013,_250m_16_days_NDVI,aid0013,2026-06-26,1913419.0,-0.2,0.9978,"(-0.2,0.9978)",0.5248793,0.1450733,0.0210463,0.6321,0.9388,0.5498,0.1209,0.4276
MOD13Q1_061__250m_16_days_NDVI_doy2026193000000_aid0013,_250m_16_days_NDVI,aid0013,2026-07-12,1915532.0,-0.2,0.9942,"(-0.2,0.9942)",0.4546461,0.1720108,0.0295877,0.5932,0.9942,0.4964,-0.0943,0.3182
MOD13Q1_061__250m_16_days_NDVI_doy2026209000000_aid0013,_250m_16_days_NDVI,aid0013,2026-07-28,1914639.0,-0.2,0.9947,"(-0.2,0.9947)",0.6111092,0.1410135,0.0198848,0.7119,0.9653,0.6486,0.2794,0.5389
MOD13Q1_061__250m_16_days_NDVI_doy2023353000000_aid0014,_250m_16_days_NDVI,aid0014,2023-12-19,3292943.0,-0.2,0.9073,"(-0.2,0.9073)",0.3418439,0.1161869,0.0134994,0.4057,0.6208,0.3262,0.0472,0.2623
MOD13Q1_061__250m_16_days_NDVI_doy2024001000000_aid0014,_250m_16_days_NDVI,aid0014,2024-01-01,3293528.0,-0.2,0.9294,"(-0.2,0.9294)",0.3876245,0.1304748,0.0170237,0.4634,0.7085,0.375,0.0549,0.3
MOD13Q1_061__250m_16_days_NDVI_doy2024017000000_aid0014,_250m_16_days_NDVI,aid0014,2024-01-17,3296329.0,-0.2,0.927,"(-0.2,0.927)",0.3665118,0.1238123,0.0153295,0.4341,0.6579,0.3529,0.0611,0.2849
MOD13Q1_061__250m_16_days_NDVI_doy2024033000000_aid0014,_250m_16_days_NDVI,aid0014,2024-02-02,3296886.0,-0.2,0.9327,"(-0.2,0.9327)",0.3839953,0.1352135,0.0182827,0.4613,0.7167,0.3685,0.0356,0.291
MOD13Q1_061__250m_16_days_NDVI_doy2024049000000_aid0014,_250m_16_days_NDVI,aid0014,2024-02-18,3293877.0,-0.2,0.9966,"(-0.2,0.9966)",0.4001462,0.1494281,0.0223287,0.4994,0.8174,0.3803,-0.0306,0.2874
MOD13Q1_061__250m_16_days_NDVI_doy2024065000000_aid0014,_250m_16_days_NDVI,aid0014,2024-03-05,3297039.0,-0.2,0.9935,"(-0.2,0.9935)",0.3915608,0.1489957,0.0221997,0.4895,0.8034,0.3669,-0.0337,0.2802
MOD13Q1_061__250m_16_days_NDVI_doy2024081000000_aid0014,_250m_16_days_NDVI,aid0014,2024-03-21,3295873.0,-0.2,0.9202,"(-0.2,0.9202)",0.3827327,0.1442151,0.020798,0.4752,0.7756,0.3554,-0.0255,0.2749
MOD13Q1_061__250m_16_days_NDVI_doy2024097000000_aid0014,_250m_16_days_NDVI,aid0014,2024-04-06,3294748.0,-0.2,0.9002,"(-0.2,0.9002)",0.393515,0.1338126,0.0179058,0.481,0.7595,0.3745,0.0168,0.2953
MOD13Q1_061__250m_16_days_NDVI_doy2024113000000_aid0014,_250m_16_days_NDVI,aid0014,2024-04-22,3290158.0,-0.2,0.9378,"(-0.2,0.9378)",0.4069773,0.1291124,0.01667,0.4939,0.7651,0.4001,0.0419,0.3131
MOD13Q1_061__250m_16_days_NDVI_doy2024129000000_aid0014,_250m_16_days_NDVI,aid0014,2024-05-08,3292220.0,-0.2,0.9884,"(-0.2,0.9884)",0.4192001,0.118097,0.0139469,0.4923,0.7135,0.4169,0.1236,0.3448
MOD13Q1_061__250m_16_days_NDVI_doy2024145000000_aid0014,_250m_16_days_NDVI,aid0014,2024-05-24,3289518.0,-0.2,0.9337,"(-0.2,0.9337)",0.4083102,0.1105678,0.0122252,0.4746,0.6783,0.4064,0.1351,0.3388
MOD13Q1_061__250m_16_days_NDVI_doy2024161000000_aid0014,_250m_16_days_NDVI,aid0014,2024-06-09,3291073.0,-0.2,0.9831,"(-0.2,0.9831)",0.4338947,0.114145,0.0130291,0.4996,0.7019,0.4319,0.1624,0.3647
MOD13Q1_061__250m_16_days_NDVI_doy2024177000000_aid0014,_250m_16_days_NDVI,aid0014,2024-06-25,3289752.0,-0.2,0.9869,"(-0.2,0.9869)",0.4402094,0.1124123,0.0126365,0.504,0.6946,0.4385,0.1863,0.3769
MOD13Q1_061__250m_16_days_NDVI_doy2024193000000_aid0014,_250m_16_days_NDVI,aid0014,2024-07-11,3291140.0,-0.2,0.9077,"(-0.2,0.9077)",0.3881998,0.1014388,0.0102898,0.4445,0.62,0.3832,0.152,0.3275
MOD13Q1_061__250m_16_days_NDVI_doy2024209000000_aid0014,_250m_16_days_NDVI,aid0014,2024-07-27,3292264.0,-0.2,0.9279,"(-0.2,0.9279)",0.3762556,0.1027877,0.0105653,0.4333,0.6145,0.3666,0.1313,0.3125
MOD13Q1_061__250m_16_days_NDVI_doy2024225000000_aid0014,_250m_16_days_NDVI,aid0014,2024-08-12,3291453.0,-0.2,0.9978,"(-0.2,0.9978)",0.4069563,0.1134886,0.0128797,0.4691,0.6705,0.3943,0.1334,0.3348
MOD13Q1_061__250m_16_days_NDVI_doy2024241000000_aid0014,_250m_16_days_NDVI,aid0014,2024-08-28,3292608.0,-0.2,0.9566,"(-0.2,0.9566)",0.398163,0.133205,0.0177436,0.4747,0.7249,0.372,0.0577,0.3079
MOD13Q1_061__250m_16_days_NDVI_doy2024257000000_aid0014,_250m_16_days_NDVI,aid0014,2024-09-13,3292841.0,-0.2,0.9782,"(-0.2,0.9782)",0.4116759,0.1475291,0.0217648,0.4931,0.7661,0.3756,0.0381,0.3111
MOD13Q1_061__250m_16_days_NDVI_doy2024273000000_aid0014,_250m_16_days_NDVI,aid0014,2024-09-29,3295989.0,-0.2,0.9667,"(-0.2,0.9667)",0.4081517,0.1569065,0.0246197,0.4888,0.7678,0.3635,0.0238,0.3028
MOD13Q1_061__250m_16_days_NDVI_doy2024289000000_aid0014,_250m_16_days_NDVI,aid0014,2024-10-15,3295847.0,-0.2,0.953,"(-0.2,0.953)",0.4398445,0.156078,0.0243604,0.5274,0.8245,0.4094,0.0322,0.3293
MOD13Q1_061__250m_16_days_NDVI_doy2024305000000_aid0014,_250m_16_days_NDVI,aid0014,2024-10-31,3298064.0,-0.2,0.9521,"(-0.2,0.9521)",0.405645,0.1417165,0.0200836,0.4868,0.7643,0.3939,0.0243,0.3018
MOD13Q1_061__250m_16_days_NDVI_doy2024321000000_aid0014,_250m_16_days_NDVI,aid0014,2024-11-16,3296457.0,-0.2,0.9828,"(-0.2,0.9828)",0.3803898,0.1352783,0.0183002,0.4575,0.7233,0.3655,0.0145,0.2803
MOD13Q1_061__250m_16_days_NDVI_doy2024337000000_aid0014,_250m_16_days_NDVI,aid0014,2024-12-02,3297587.0,-0.2,0.9397,"(-0.2,0.9397)",0.3569945,0.1212382,0.0146987,0.4296,0.6693,0.3443,0.0301,0.2698
MOD13Q1_061__250m_16_days_NDVI_doy2024353000000_aid0014,_250m_16_days_NDVI,aid0014,2024-12-18,3295575.0,-0.2,0.9816,"(-0.2,0.9816)",0.3394317,0.114055,0.0130085,0.4007,0.6098,0.3238,0.0522,0.2613
MOD13Q1_061__250m_16_days_NDVI_doy2025001000000_aid0014,_250m_16_days_NDVI,aid0014,2025-01-01,3297880.0,-0.2,0.9689,"(-0.2,0.9689)",0.33822,0.1150715,0.0132415,0.3945,0.5914,0.3186,0.0663,0.2632
MOD13Q1_061__250m_16_days_NDVI_doy2025017000000_aid0014,_250m_16_days_NDVI,aid0014,2025-01-17,3297681.0,-0.2,0.9322,"(-0.2,0.9322)",0.3251627,0.1234295,0.0152348,0.3828,0.5944,0.2971,0.0301,0.2417
MOD13Q1_061__250m_16_days_NDVI_doy2025033000000_aid0014,_250m_16_days_NDVI,aid0014,2025-02-02,3295697.0,-0.2,0.974,"(-0.2,0.974)",0.3365809,0.1284009,0.0164868,0.3949,0.6122,0.3073,0.0327,0.25
MOD13Q1_061__250m_16_days_NDVI_doy2025049000000_aid0014,_250m_16_days_NDVI,aid0014,2025-02-18,3297414.0,-0.2,0.9291,"(-0.2,0.9291)",0.3500322,0.1336504,0.0178624,0.4186,0.662,0.3193,0.0129,0.2563
MOD13Q1_061__250m_16_days_NDVI_doy2025065000000_aid0014,_250m_16_days_NDVI,aid0014,2025-03-06,3291591.0,-0.2,0.9386,"(-0.2,0.9386)",0.412078,0.1524522,0.0232417,0.5153,0.8498,0.3979,-0.0422,0.2923
MOD13Q1_061__250m_16_days_NDVI_doy2025081000000_aid0014,_250m_16_days_NDVI,aid0014,2025-03-22,3288894.0,-0.2,0.9301,"(-0.2,0.9301)",0.4576593,0.1668503,0.027839,0.5911,0.9301,0.4587,-0.0961,0.3162
MOD13Q1_061__250m_16_days_NDVI_doy2025097000000_aid0014,_250m_16_days_NDVI,aid0014,2025-04-07,3287362.0,-0.2,0.9432,"(-0.2,0.9432)",0.5003956,0.1598247,0.0255439,0.6278,0.9432,0.5062,-0.0052,0.3746
MOD13Q1_061__250m_16_days_NDVI_doy2025113000000_aid0014,_250m_16_days_NDVI,aid0014,2025-04-23,3290312.0,-0.2,0.9676,"(-0.2,0.9676)",0.5166454,0.1509628,0.0227898,0.6314,0.9501,0.5148,0.0732,0.4081
MOD13Q1_061__250m_16_days_NDVI_doy2025129000000_aid0014,_250m_16_days_NDVI,aid0014,2025-05-09,3286842.0,-0.2,0.9638,"(-0.2,0.9638)",0.5221509,0.1514052,0.0229235,0.6332,0.9594,0.5228,0.087,0.4147
MOD13Q1_061__250m_16_days_NDVI_doy2025145000000_aid0014,_250m_16_days_NDVI,aid0014,2025-05-25,3286380.0,-0.2,0.9909,"(-0.2,0.9909)",0.5084622,0.1446101,0.0209121,0.6103,0.9074,0.5049,0.1151,0.4122
MOD13Q1_061__250m_16_days_NDVI_doy2025161000000_aid0014,_250m_16_days_NDVI,aid0014,2025-06-10,3288990.0,-0.2,0.9956,"(-0.2,0.9956)",0.4882812,0.1335449,0.0178342,0.5761,0.8291,0.4896,0.1544,0.4074
MOD13Q1_061__250m_16_days_NDVI_doy2025177000000_aid0014,_250m_16_days_NDVI,aid0014,2025-06-26,3295423.0,-0.2,0.9966,"(-0.2,0.9966)",0.4723256,0.1272303,0.0161876,0.5554,0.7904,0.4764,0.1637,0.3987
MOD13Q1_061__250m_16_days_NDVI_doy2025193000000_aid0014,_250m_16_days_NDVI,aid0014,2025-07-12,3286474.0,-0.2,0.9878,"(-0.2,0.9878)",0.4643161,0.1190997,0.0141847,0.5431,0.775,0.4654,0.1566,0.3885
MOD13Q1_061__250m_16_days_NDVI_doy2025209000000_aid0014,_250m_16_days_NDVI,aid0014,2025-07-28,3288904.0,-0.2,0.9811,"(-0.2,0.9811)",0.4426972,0.1288028,0.0165902,0.5277,0.787,0.4303,0.0955,0.3548
MOD13Q1_061__250m_16_days_NDVI_doy2025225000000_aid0014,_250m_16_days_NDVI,aid0014,2025-08-13,3288356.0,-0.2,0.9795,"(-0.2,0.9795)",0.4372821,0.1403554,0.0196996,0.5357,0.8388,0.4216,0.0305,0.3336
MOD13Q1_061__250m_16_days_NDVI_doy2025241000000_aid0014,_250m_16_days_NDVI,aid0014,2025-08-29,3293333.0,-0.2,0.9519,"(-0.2,0.9519)",0.4419591,0.1610004,0.0259211,0.5635,0.937,0.4212,-0.0592,0.3144
MOD13Q1_061__250m_16_days_NDVI_doy2025257000000_aid0014,_250m_16_days_NDVI,aid0014,2025-09-14,3290006.0,-0.2,0.9424,"(-0.2,0.9424)",0.466443,0.1768643,0.031281,0.6017,0.9424,0.4418,-0.089,0.3254
MOD13Q1_061__250m_16_days_NDVI_doy2025273000000_aid0014,_250m_16_days_NDVI,aid0014,2025-09-30,3293977.0,-0.2,0.9581,"(-0.2,0.9581)",0.4923418,0.1869693,0.0349575,0.6406,0.9581,0.4667,-0.1019,0.3436
MOD13Q1_061__250m_16_days_NDVI_doy2025289000000_aid0014,_250m_16_days_NDVI,aid0014,2025-10-16,3296325.0,-0.2,0.9957,"(-0.2,0.9957)",0.490357,0.1893495,0.0358532,0.6408,0.9957,0.4735,-0.1162,0.338
MOD13Q1_061__250m_16_days_NDVI_doy2025305000000_aid0014,_250m_16_days_NDVI,aid0014,2025-11-01,3294802.0,-0.2,0.952,"(-0.2,0.952)",0.4615236,0.1770572,0.0313492,0.5912,0.952,0.4461,-0.0873,0.3198
MOD13Q1_061__250m_16_days_NDVI_doy2025321000000_aid0014,_250m_16_days_NDVI,aid0014,2025-11-17,3296125.0,-0.2,0.9954,"(-0.2,0.9954)",0.4260693,0.1405214,0.0197463,0.5186,0.8126,0.4153,0.0286,0.3226
MOD13Q1_061__250m_16_days_NDVI_doy2025337000000_aid0014,_250m_16_days_NDVI,aid0014,2025-12-03,3294673.0,-0.2,0.9168,"(-0.2,0.9168)",0.3619738,0.1204867,0.014517,0.4357,0.6757,0.3493,0.0357,0.2757
MOD13Q1_061__250m_16_days_NDVI_doy2025353000000_aid0014,_250m_16_days_NDVI,aid0014,2025-12-19,3294036.0,-0.2,0.9758,"(-0.2,0.9758)",0.3294957,0.1168064,0.0136437,0.3921,0.6058,0.3059,0.0359,0.2496
MOD13Q1_061__250m_16_days_NDVI_doy2026001000000_aid0014,_250m_16_days_NDVI,aid0014,2026-01-01,3296260.0,-0.2,0.9393,"(-0.2,0.9393)",0.3264127,0.1150492,0.0132363,0.3843,0.5857,0.3014,0.0486,0.25
MOD13Q1_061__250m_16_days_NDVI_doy2026017000000_aid0014,_250m_16_days_NDVI,aid0014,2026-01-17,3296941.0,-0.2,0.9311,"(-0.2,0.9311)",0.3410014,0.1309221,0.0171406,0.4105,0.6509,0.3086,0.0098,0.2502
MOD13Q1_061__250m_16_days_NDVI_doy2026033000000_aid0014,_250m_16_days_NDVI,aid0014,2026-02-02,3295794.0,-0.2,0.9417,"(-0.2,0.9417)",0.3749078,0.1478098,0.0218477,0.473,0.7851,0.3397,-0.0472,0.2649
MOD13Q1_061__250m_16_days_NDVI_doy2026049000000_aid0014,_250m_16_days_NDVI,aid0014,2026-02-18,3296485.0,-0.2,0.9327,"(-0.2,0.9327)",0.3907083,0.1510472,0.0228152,0.4955,0.8262,0.3601,-0.0557,0.275
MOD13Q1_061__250m_16_days_NDVI_doy2026065000000_aid0014,_250m_16_days_NDVI,aid0014,2026-03-06,3291591.0,-0.2,0.9248,"(-0.2,0.9248)",0.4691609,0.1414016,0.0199944,0.5671,0.8612,0.4601,0.0769,0.371
MOD13Q1_061__250m_16_days_NDVI_doy2026081000000_aid0014,_250m_16_days_NDVI,aid0014,2026-03-22,3288948.0,-0.2,0.9571,"(-0.2,0.9571)",0.5202456,0.1527657,0.0233373,0.6336,0.9571,0.5325,0.0631,0.4054
MOD13Q1_061__250m_16_days_NDVI_doy2026097000000_aid0014,_250m_16_days_NDVI,aid0014,2026-04-07,3288763.0,-0.2,0.9487,"(-0.2,0.9487)",0.5437464,0.1456806,0.0212228,0.6509,0.9487,0.5562,0.1277,0.4416
MOD13Q1_061__250m_16_days_NDVI_doy2026113000000_aid0014,_250m_16_days_NDVI,aid0014,2026-04-23,3290815.0,-0.2,0.9825,"(-0.2,0.9825)",0.5307431,0.1511765,0.0228543,0.6399,0.9442,0.5416,0.1029,0.4251
MOD13Q1_061__250m_16_days_NDVI_doy2026129000000_aid0014,_250m_16_days_NDVI,aid0014,2026-05-09,3288486.0,-0.2,0.9981,"(-0.2,0.9981)",0.5385923,0.1356056,0.0183889,0.6321,0.8937,0.5503,0.1959,0.4576
MOD13Q1_061__250m_16_days_NDVI_doy2026145000000_aid0014,_250m_16_days_NDVI,aid0014,2026-05-25,3298889.0,-0.2,0.9987,"(-0.2,0.9987)",0.4973696,0.1389314,0.0193019,0.5918,0.8658,0.5052,0.1351,0.4091
MOD13Q1_061__250m_16_days_NDVI_doy2026161000000_aid0014,_250m_16_days_NDVI,aid0014,2026-06-10,3287129.0,-0.2,0.9978,"(-0.2,0.9978)",0.458065,0.1239087,0.0153534,0.5319,0.7507,0.4573,0.1672,0.386
MOD13Q1_061__250m_16_days_NDVI_doy2026177000000_aid0014,_250m_16_days_NDVI,aid0014,2026-06-26,3296447.0,-0.2,0.9968,"(-0.2,0.9968)",0.4493492,0.1275216,0.0162618,0.5279,0.7635,0.4415,0.1352,0.3708
MOD13Q1_061__250m_16_days_NDVI_doy2026193000000_aid0014,_250m_16_days_NDVI,aid0014,2026-07-12,3297377.0,-0.2,0.9938,"(-0.2,0.9938)",0.3095097,0.1780719,0.0317096,0.4504,0.8947,0.3299,-0.2,0.1542
MOD13Q1_061__250m_16_days_NDVI_doy2026209000000_aid0014,_250m_16_days_NDVI,aid0014,2026-07-28,3289225.0,-0.2,0.9968,"(-0.2,0.9968)",0.5036297,0.1227762,0.015074,0.5802,0.7981,0.5073,0.217,0.4349
MOD13Q1_061__250m_16_days_NDVI_doy2023353000000_aid0015,_250m_16_days_NDVI,aid0015,2023-12-19,3417770.0,-0.2,0.9979,"(-0.2,0.9979)",0.7227932,0.1372582,0.0188398,0.813,0.9979,0.7592,0.458,0.671
MOD13Q1_061__250m_16_days_NDVI_doy2024001000000_aid0015,_250m_16_days_NDVI,aid0015,2024-01-01,3416429.0,-0.2,0.9992,"(-0.2,0.9992)",0.7566116,0.1211046,0.0146663,0.8274,0.9919,0.7779,0.5519,0.7172
MOD13Q1_061__250m_16_days_NDVI_doy2024017000000_aid0015,_250m_16_days_NDVI,aid0015,2024-01-17,3412924.0,-0.2,0.999,"(-0.2,0.999)",0.7600248,0.1210544,0.0146542,0.834425,0.999,0.7717,0.5379,0.7158
MOD13Q1_061__250m_16_days_NDVI_doy2024033000000_aid0015,_250m_16_days_NDVI,aid0015,2024-02-02,3433415.0,-0.2,0.9991,"(-0.2,0.9991)",0.7171472,0.140271,0.019676,0.809,0.9991,0.7275,0.4208,0.6537
MOD13Q1_061__250m_16_days_NDVI_doy2024049000000_aid0015,_250m_16_days_NDVI,aid0015,2024-02-18,3446246.0,-0.2,0.9961,"(-0.2,0.9961)",0.7289912,0.1473012,0.0216977,0.8274,0.9961,0.7483,0.4264,0.667
MOD13Q1_061__250m_16_days_NDVI_doy2024065000000_aid0015,_250m_16_days_NDVI,aid0015,2024-03-05,3433913.0,-0.2,0.9993,"(-0.2,0.9993)",0.7650512,0.1265578,0.0160169,0.8415,0.9993,0.7803,0.5458,0.7232
MOD13Q1_061__250m_16_days_NDVI_doy2024081000000_aid0015,_250m_16_days_NDVI,aid0015,2024-03-21,3412104.0,-0.2,0.9983,"(-0.2,0.9983)",0.7339672,0.1190235,0.0141666,0.8041,0.9645,0.7553,0.5349,0.6964
MOD13Q1_061__250m_16_days_NDVI_doy2024097000000_aid0015,_250m_16_days_NDVI,aid0015,2024-04-06,3421660.0,-0.2,0.9969,"(-0.2,0.9969)",0.7007334,0.1456769,0.0212218,0.7926,0.9969,0.7372,0.4351,0.6496
MOD13Q1_061__250m_16_days_NDVI_doy2024113000000_aid0015,_250m_16_days_NDVI,aid0015,2024-04-22,3409149.0,-0.2,0.9994,"(-0.2,0.9994)",0.6734395,0.1522191,0.0231707,0.7787,0.9994,0.7148,0.3345,0.601
MOD13Q1_061__250m_16_days_NDVI_doy2024129000000_aid0015,_250m_16_days_NDVI,aid0015,2024-05-08,3400770.0,-0.2,0.9991,"(-0.2,0.9991)",0.6629516,0.1600979,0.0256313,0.7676,0.9991,0.707,0.3281,0.5918
MOD13Q1_061__250m_16_days_NDVI_doy2024145000000_aid0015,_250m_16_days_NDVI,aid0015,2024-05-24,3417949.0,-0.2,0.9991,"(-0.2,0.9991)",0.6505906,0.1553121,0.0241218,0.7526,0.9991,0.6889,0.3231,0.5808
MOD13Q1_061__250m_16_days_NDVI_doy2024161000000_aid0015,_250m_16_days_NDVI,aid0015,2024-06-09,3426221.0,-0.2,0.9996,"(-0.2,0.9996)",0.602426,0.1593911,0.0254055,0.7128,0.9996,0.6338,0.2278,0.5188
MOD13Q1_061__250m_16_days_NDVI_doy2024177000000_aid0015,_250m_16_days_NDVI,aid0015,2024-06-25,3405961.0,-0.2,0.9977,"(-0.2,0.9977)",0.6552534,0.1394124,0.0194358,0.7412,0.9482,0.6789,0.3962,0.6032
MOD13Q1_061__250m_16_days_NDVI_doy2024193000000_aid0015,_250m_16_days_NDVI,aid0015,2024-07-11,3408967.0,-0.2,0.9994,"(-0.2,0.9994)",0.610679,0.1297653,0.016839,0.6918,0.9079,0.6174,0.3316,0.5477
MOD13Q1_061__250m_16_days_NDVI_doy2024209000000_aid0015,_250m_16_days_NDVI,aid0015,2024-07-27,3413739.0,-0.2,0.9987,"(-0.2,0.9987)",0.6359654,0.1321137,0.017454,0.7263,0.9721,0.6414,0.3166,0.5624
MOD13Q1_061__250m_16_days_NDVI_doy2024225000000_aid0015,_250m_16_days_NDVI,aid0015,2024-08-12,3412267.0,-0.2,0.9982,"(-0.2,0.9982)",0.6495176,0.1399726,0.0195923,0.751,0.9982,0.6494,0.2858,0.5649
MOD13Q1_061__250m_16_days_NDVI_doy2024241000000_aid0015,_250m_16_days_NDVI,aid0015,2024-08-28,3421854.0,-0.2,0.9996,"(-0.2,0.9996)",0.631873,0.1333453,0.017781,0.7156,0.9448,0.6384,0.3336,0.5628
MOD13Q1_061__250m_16_days_NDVI_doy2024257000000_aid0015,_250m_16_days_NDVI,aid0015,2024-09-13,3416115.0,-0.2,0.9989,"(-0.2,0.9989)",0.6673087,0.1316758,0.0173385,0.7582,0.9989,0.6745,0.349,0.5945
MOD13Q1_061__250m_16_days_NDVI_doy2024273000000_aid0015,_250m_16_days_NDVI,aid0015,2024-09-29,3424258.0,-0.2,0.9976,"(-0.2,0.9976)",0.6858322,0.127777,0.016327,0.7647,0.963,0.7005,0.4337,0.6323
MOD13Q1_061__250m_16_days_NDVI_doy2024289000000_aid0015,_250m_16_days_NDVI,aid0015,2024-10-15,3420088.0,-0.2,0.9968,"(-0.2,0.9968)",0.6704288,0.1442661,0.0208127,0.7634,0.9726,0.6987,0.3877,0.6131
MOD13Q1_061__250m_16_days_NDVI_doy2024305000000_aid0015,_250m_16_days_NDVI,aid0015,2024-10-31,3422496.0,-0.2,0.9969,"(-0.2,0.9969)",0.6603609,0.1680815,0.0282514,0.7697,0.9969,0.6997,0.326,0.5922
MOD13Q1_061__250m_16_days_NDVI_doy2024321000000_aid0015,_250m_16_days_NDVI,aid0015,2024-11-16,3431980.0,-0.2,0.9982,"(-0.2,0.9982)",0.656377,0.1682218,0.0282986,0.7634,0.9982,0.6937,0.3329,0.5912
MOD13Q1_061__250m_16_days_NDVI_doy2024337000000_aid0015,_250m_16_days_NDVI,aid0015,2024-12-02,3422999.0,-0.2,0.9993,"(-0.2,0.9993)",0.6793389,0.1565632,0.024512,0.7804,0.9993,0.7131,0.3749,0.6182
MOD13Q1_061__250m_16_days_NDVI_doy2024353000000_aid0015,_250m_16_days_NDVI,aid0015,2024-12-18,3409427.0,-0.2,0.995,"(-0.2,0.995)",0.7002128,0.1278872,0.0163551,0.7796,0.9754,0.7159,0.4531,0.649
MOD13Q1_061__250m_16_days_NDVI_doy2025001000000_aid0015,_250m_16_days_NDVI,aid0015,2025-01-01,3410365.0,-0.2,0.9995,"(-0.2,0.9995)",0.6596433,0.1311382,0.0171972,0.7468,0.9896,0.6605,0.3388,0.5836
MOD13Q1_061__250m_16_days_NDVI_doy2025017000000_aid0015,_250m_16_days_NDVI,aid0015,2025-01-17,3418020.0,-0.2,0.9965,"(-0.2,0.9965)",0.6766337,0.1390932,0.0193469,0.7745,0.9965,0.6838,0.3345,0.5985
MOD13Q1_061__250m_16_days_NDVI_doy2025033000000_aid0015,_250m_16_days_NDVI,aid0015,2025-02-02,3429274.0,-0.2,0.9991,"(-0.2,0.9991)",0.6614718,0.1521087,0.0231371,0.7718,0.9991,0.6734,0.2673,0.57
MOD13Q1_061__250m_16_days_NDVI_doy2025049000000_aid0015,_250m_16_days_NDVI,aid0015,2025-02-18,3436031.0,-0.2,0.999,"(-0.2,0.999)",0.7137648,0.1359241,0.0184754,0.8037,0.999,0.7283,0.435,0.6562
MOD13Q1_061__250m_16_days_NDVI_doy2025065000000_aid0015,_250m_16_days_NDVI,aid0015,2025-03-06,3437244.0,-0.2,0.9995,"(-0.2,0.9995)",0.7070014,0.139693,0.0195141,0.7954,0.9995,0.7268,0.4392,0.6529
MOD13Q1_061__250m_16_days_NDVI_doy2025081000000_aid0015,_250m_16_days_NDVI,aid0015,2025-03-22,3440201.0,-0.2,0.9991,"(-0.2,0.9991)",0.6507582,0.1619502,0.0262279,0.7574,0.9991,0.678,0.3112,0.5789
MOD13Q1_061__250m_16_days_NDVI_doy2025097000000_aid0015,_250m_16_days_NDVI,aid0015,2025-04-07,3422421.0,-0.2,0.9992,"(-0.2,0.9992)",0.6616571,0.1522711,0.0231865,0.7606,0.9992,0.6948,0.3511,0.5968
MOD13Q1_061__250m_16_days_NDVI_doy2025113000000_aid0015,_250m_16_days_NDVI,aid0015,2025-04-23,3416395.0,-0.2,0.9981,"(-0.2,0.9981)",0.6521729,0.1459403,0.0212986,0.7431,0.9752,0.6792,0.3556,0.5881
MOD13Q1_061__250m_16_days_NDVI_doy2025129000000_aid0015,_250m_16_days_NDVI,aid0015,2025-05-09,3418650.0,-0.2,0.9973,"(-0.2,0.9973)",0.6537961,0.1487265,0.0221196,0.746,0.9716,0.6832,0.3678,0.5947
MOD13Q1_061__250m_16_days_NDVI_doy2025145000000_aid0015,_250m_16_days_NDVI,aid0015,2025-05-25,3412120.0,-0.2,0.9992,"(-0.2,0.9992)",0.6635831,0.1493192,0.0222962,0.7563,0.9721,0.6975,0.3966,0.6124
MOD13Q1_061__250m_16_days_NDVI_doy2025161000000_aid0015,_250m_16_days_NDVI,aid0015,2025-06-10,3407133.0,-0.2,0.999,"(-0.2,0.999)",0.6661338,0.1380753,0.0190648,0.7555,0.9721,0.6831,0.3945,0.6111
MOD13Q1_061__250m_16_days_NDVI_doy2025177000000_aid0015,_250m_16_days_NDVI,aid0015,2025-06-26,3391928.0,-0.2,0.9987,"(-0.2,0.9987)",0.6349612,0.1443736,0.0208437,0.7274,0.9593,0.6479,0.3407,0.5727
MOD13Q1_061__250m_16_days_NDVI_doy2025193000000_aid0015,_250m_16_days_NDVI,aid0015,2025-07-12,3407137.0,-0.2,0.9983,"(-0.2,0.9983)",0.6005291,0.1374427,0.0188905,0.6886,0.9185,0.613,0.3054,0.5353
MOD13Q1_061__250m_16_days_NDVI_doy2025209000000_aid0015,_250m_16_days_NDVI,aid0015,2025-07-28,3405489.0,-0.2,0.9982,"(-0.2,0.9982)",0.6471746,0.1294564,0.016759,0.7352,0.97,0.6543,0.3432,0.5784
MOD13Q1_061__250m_16_days_NDVI_doy2025225000000_aid0015,_250m_16_days_NDVI,aid0015,2025-08-13,3404323.0,-0.2,0.9989,"(-0.2,0.9989)",0.6368568,0.1353083,0.0183083,0.7296,0.9764,0.6411,0.3049,0.5597
MOD13Q1_061__250m_16_days_NDVI_doy2025241000000_aid0015,_250m_16_days_NDVI,aid0015,2025-08-29,3408086.0,-0.2,0.9491,"(-0.2,0.9491)",0.6470837,0.1363796,0.0185994,0.7371,0.9491,0.6552,0.3381,0.5775
MOD13Q1_061__250m_16_days_NDVI_doy2025257000000_aid0015,_250m_16_days_NDVI,aid0015,2025-09-14,3412070.0,-0.2,0.9914,"(-0.2,0.9914)",0.680941,0.1305417,0.0170411,0.7648,0.9815,0.6939,0.4003,0.619
MOD13Q1_061__250m_16_days_NDVI_doy2025273000000_aid0015,_250m_16_days_NDVI,aid0015,2025-09-30,3423234.0,-0.2,0.9933,"(-0.2,0.9933)",0.6893346,0.1303351,0.0169872,0.7695,0.9588,0.7103,0.4483,0.641
MOD13Q1_061__250m_16_days_NDVI_doy2025289000000_aid0015,_250m_16_days_NDVI,aid0015,2025-10-16,3418386.0,-0.2,0.9935,"(-0.2,0.9935)",0.6593856,0.1471588,0.0216557,0.7522,0.9728,0.6851,0.378,0.6025
MOD13Q1_061__250m_16_days_NDVI_doy2025305000000_aid0015,_250m_16_days_NDVI,aid0015,2025-11-01,3415205.0,-0.2,0.9969,"(-0.2,0.9969)",0.6493558,0.1613858,0.0260454,0.757,0.9969,0.6828,0.312,0.579
MOD13Q1_061__250m_16_days_NDVI_doy2025321000000_aid0015,_250m_16_days_NDVI,aid0015,2025-11-17,3413144.0,-0.2,0.9978,"(-0.2,0.9978)",0.6401139,0.165638,0.027436,0.7507,0.9978,0.6763,0.2955,0.5686
MOD13Q1_061__250m_16_days_NDVI_doy2025337000000_aid0015,_250m_16_days_NDVI,aid0015,2025-12-03,3416817.0,-0.2,0.9947,"(-0.2,0.9947)",0.6738074,0.145428,0.0211493,0.7673,0.9915,0.6996,0.3903,0.6165
MOD13Q1_061__250m_16_days_NDVI_doy2025353000000_aid0015,_250m_16_days_NDVI,aid0015,2025-12-19,3414350.0,-0.2,0.997,"(-0.2,0.997)",0.7321461,0.1223804,0.014977,0.8073,0.9873,0.7482,0.5051,0.6864
MOD13Q1_061__250m_16_days_NDVI_doy2026001000000_aid0015,_250m_16_days_NDVI,aid0015,2026-01-01,3411569.0,-0.2,0.9985,"(-0.2,0.9985)",0.7510745,0.1120764,0.0125611,0.8268,0.9985,0.7582,0.5073,0.699
MOD13Q1_061__250m_16_days_NDVI_doy2026017000000_aid0015,_250m_16_days_NDVI,aid0015,2026-01-17,3413519.0,-0.2,0.9995,"(-0.2,0.9995)",0.7593508,0.1193415,0.0142424,0.8342,0.9995,0.772,0.5287,0.712
MOD13Q1_061__250m_16_days_NDVI_doy2026033000000_aid0015,_250m_16_days_NDVI,aid0015,2026-02-02,3428319.0,-0.2,0.9988,"(-0.2,0.9988)",0.7110035,0.1401477,0.0196414,0.8093,0.9988,0.7188,0.3873,0.6405
MOD13Q1_061__250m_16_days_NDVI_doy2026049000000_aid0015,_250m_16_days_NDVI,aid0015,2026-02-18,3429644.0,-0.2,0.9994,"(-0.2,0.9994)",0.7336377,0.1341801,0.0180043,0.8287,0.9994,0.7391,0.439,0.6728
MOD13Q1_061__250m_16_days_NDVI_doy2026065000000_aid0015,_250m_16_days_NDVI,aid0015,2026-03-06,3436615.0,-0.2,0.9985,"(-0.2,0.9985)",0.7202019,0.1361148,0.0185273,0.813,0.9985,0.7311,0.4308,0.6601
MOD13Q1_061__250m_16_days_NDVI_doy2026081000000_aid0015,_250m_16_days_NDVI,aid0015,2026-03-22,3436262.0,-0.2,0.9943,"(-0.2,0.9943)",0.6944807,0.1360038,0.018497,0.7772,0.9791,0.7112,0.4402,0.6424
MOD13Q1_061__250m_16_days_NDVI_doy2026097000000_aid0015,_250m_16_days_NDVI,aid0015,2026-04-07,3432237.0,-0.2,0.9982,"(-0.2,0.9982)",0.6894694,0.150958,0.0227883,0.7828,0.9982,0.726,0.4226,0.6387
MOD13Q1_061__250m_16_days_NDVI_doy2026113000000_aid0015,_250m_16_days_NDVI,aid0015,2026-04-23,3420654.0,-0.2,0.998,"(-0.2,0.998)",0.6846331,0.1414472,0.0200073,0.773,0.9837,0.7144,0.4215,0.6324
MOD13Q1_061__250m_16_days_NDVI_doy2026129000000_aid0015,_250m_16_days_NDVI,aid0015,2026-05-09,3413323.0,-0.2,0.9994,"(-0.2,0.9994)",0.6770489,0.1451008,0.0210542,0.7651,0.9779,0.7078,0.4104,0.6232
MOD13Q1_061__250m_16_days_NDVI_doy2026145000000_aid0015,_250m_16_days_NDVI,aid0015,2026-05-25,3426033.0,-0.2,0.9991,"(-0.2,0.9991)",0.6358898,0.168012,0.028228,0.7433,0.9936,0.6655,0.3261,0.5764
MOD13Q1_061__250m_16_days_NDVI_doy2026161000000_aid0015,_250m_16_days_NDVI,aid0015,2026-06-10,3417239.0,-0.2,0.9994,"(-0.2,0.9994)",0.6655677,0.1502749,0.0225826,0.7596,0.984,0.6832,0.3856,0.61
MOD13Q1_061__250m_16_days_NDVI_doy2026177000000_aid0015,_250m_16_days_NDVI,aid0015,2026-06-26,3406341.0,-0.2,0.9991,"(-0.2,0.9991)",0.677451,0.1309694,0.017153,0.7635,0.982,0.6831,0.3993,0.6178
MOD13Q1_061__250m_16_days_NDVI_doy2026193000000_aid0015,_250m_16_days_NDVI,aid0015,2026-07-12,3439591.0,-0.2,0.9992,"(-0.2,0.9992)",0.6303376,0.1584529,0.0251073,0.7436,0.9992,0.6336,0.2609,0.5505
MOD13Q1_061__250m_16_days_NDVI_doy2026209000000_aid0015,_250m_16_days_NDVI,aid0015,2026-07-28,3419554.0,-0.2,0.9992,"(-0.2,0.9992)",0.6571634,0.1433297,0.0205434,0.7579,0.9992,0.6707,0.3237,0.5842
