File Name,Dataset,aid,Date,Count,Minimum,Maximum,Range,Mean,Standard Deviation,Variance,Upper Quartile,Upper 1.5 IQR,Median,Lower 1.5 IQR,Lower Quartile
MOD13Q1_061__250m_16_days_NDVI_doy2007353000000_aid0001,_250m_16_days_NDVI,aid0001,2007-12-19,7483265.0,-0.2,0.9994,"(-0.2,0.9994)",0.4020307,0.3008185,0.0904918,0.689,0.9994,0.3535,-0.2,0.1062
MOD13Q1_061__250m_16_days_NDVI_doy2008001000000_aid0001,_250m_16_days_NDVI,aid0001,2008-01-01,7481711.0,-0.2,0.9995,"(-0.2,0.9995)",0.4326314,0.314581,0.0989612,0.7287,0.9995,0.4299,-0.2,0.1104
MOD13Q1_061__250m_16_days_NDVI_doy2008017000000_aid0001,_250m_16_days_NDVI,aid0001,2008-01-17,7477443.0,-0.2,0.9996,"(-0.2,0.9996)",0.4139617,0.2973205,0.0883995,0.7047,0.9996,0.3672,-0.2,0.1164
MOD13Q1_061__250m_16_days_NDVI_doy2008033000000_aid0001,_250m_16_days_NDVI,aid0001,2008-02-02,7475175.0,-0.2,0.9994,"(-0.2,0.9994)",0.4659848,0.3223195,0.1038899,0.7727,0.9994,0.533,-0.2,0.1241
MOD13Q1_061__250m_16_days_NDVI_doy2008049000000_aid0001,_250m_16_days_NDVI,aid0001,2008-02-18,7476204.0,-0.2,0.9995,"(-0.2,0.9995)",0.4747993,0.3269341,0.1068859,0.7839,0.9995,0.5579,-0.2,0.1274
MOD13Q1_061__250m_16_days_NDVI_doy2008065000000_aid0001,_250m_16_days_NDVI,aid0001,2008-03-05,7477249.0,-0.2,0.9995,"(-0.2,0.9995)",0.4732053,0.3257659,0.1061235,0.786,0.9995,0.55,-0.2,0.1272
MOD13Q1_061__250m_16_days_NDVI_doy2008081000000_aid0001,_250m_16_days_NDVI,aid0001,2008-03-21,7476198.0,-0.2,0.9995,"(-0.2,0.9995)",0.4687097,0.3202283,0.1025462,0.7716,0.9995,0.5651,-0.2,0.1255
MOD13Q1_061__250m_16_days_NDVI_doy2008097000000_aid0001,_250m_16_days_NDVI,aid0001,2008-04-06,7475288.0,-0.2,0.9993,"(-0.2,0.9993)",0.4604925,0.3174909,0.1008005,0.7638,0.9993,0.5425,-0.2,0.1217
MOD13Q1_061__250m_16_days_NDVI_doy2008113000000_aid0001,_250m_16_days_NDVI,aid0001,2008-04-22,7475521.0,-0.2,0.9993,"(-0.2,0.9993)",0.4280934,0.3034214,0.0920645,0.7221,0.9993,0.433,-0.2,0.1163
MOD13Q1_061__250m_16_days_NDVI_doy2008129000000_aid0001,_250m_16_days_NDVI,aid0001,2008-05-08,7476209.0,-0.2,0.9992,"(-0.2,0.9992)",0.4037387,0.2896855,0.0839177,0.6826,0.9992,0.376,-0.2,0.1133
MOD13Q1_061__250m_16_days_NDVI_doy2008145000000_aid0001,_250m_16_days_NDVI,aid0001,2008-05-24,7475677.0,-0.2,0.9991,"(-0.2,0.9991)",0.3768264,0.2709726,0.0734261,0.6269,0.9991,0.3395,-0.2,0.112
MOD13Q1_061__250m_16_days_NDVI_doy2008161000000_aid0001,_250m_16_days_NDVI,aid0001,2008-06-09,7476938.0,-0.2,0.9984,"(-0.2,0.9984)",0.3417795,0.2491705,0.062086,0.5306,0.9984,0.3079,-0.2,0.1096
MOD13Q1_061__250m_16_days_NDVI_doy2008177000000_aid0001,_250m_16_days_NDVI,aid0001,2008-06-25,7474837.0,-0.2,0.9951,"(-0.2,0.9951)",0.3293037,0.2413048,0.058228,0.5072,0.9951,0.2957,-0.2,0.1081
MOD13Q1_061__250m_16_days_NDVI_doy2008193000000_aid0001,_250m_16_days_NDVI,aid0001,2008-07-11,7474999.0,-0.2,0.9952,"(-0.2,0.9952)",0.310159,0.2214418,0.0490365,0.4736,0.9952,0.2822,-0.2,0.1074
MOD13Q1_061__250m_16_days_NDVI_doy2008209000000_aid0001,_250m_16_days_NDVI,aid0001,2008-07-27,7475148.0,-0.2,0.9925,"(-0.2,0.9925)",0.3046118,0.2189302,0.0479304,0.4618,0.9925,0.2771,-0.2,0.1051
MOD13Q1_061__250m_16_days_NDVI_doy2008225000000_aid0001,_250m_16_days_NDVI,aid0001,2008-08-12,7476156.0,-0.2,0.9929,"(-0.2,0.9929)",0.2990472,0.2154428,0.0464156,0.4558,0.9846,0.2687,-0.2,0.103
MOD13Q1_061__250m_16_days_NDVI_doy2008241000000_aid0001,_250m_16_days_NDVI,aid0001,2008-08-28,7477362.0,-0.2,0.9839,"(-0.2,0.9839)",0.2883845,0.2044207,0.0417878,0.4434,0.9562,0.2618,-0.2,0.1011
MOD13Q1_061__250m_16_days_NDVI_doy2008257000000_aid0001,_250m_16_days_NDVI,aid0001,2008-09-13,7476415.0,-0.2,0.9935,"(-0.2,0.9935)",0.2806495,0.1972426,0.0389046,0.4345,0.933,0.2562,-0.2,0.0996
MOD13Q1_061__250m_16_days_NDVI_doy2008273000000_aid0001,_250m_16_days_NDVI,aid0001,2008-09-29,7478968.0,-0.2,0.9496,"(-0.2,0.9496)",0.2839473,0.2023211,0.0409338,0.4468,0.9496,0.2543,-0.2,0.0988
MOD13Q1_061__250m_16_days_NDVI_doy2008289000000_aid0001,_250m_16_days_NDVI,aid0001,2008-10-15,7480081.0,-0.2,0.9979,"(-0.2,0.9979)",0.3020712,0.2215474,0.0490832,0.487,0.9979,0.2527,-0.2,0.0986
MOD13Q1_061__250m_16_days_NDVI_doy2008305000000_aid0001,_250m_16_days_NDVI,aid0001,2008-10-31,7481011.0,-0.2,0.9994,"(-0.2,0.9994)",0.332349,0.2542843,0.0646605,0.5458,0.9994,0.269,-0.2,0.0984
MOD13Q1_061__250m_16_days_NDVI_doy2008321000000_aid0001,_250m_16_days_NDVI,aid0001,2008-11-16,7482867.0,-0.2,0.9993,"(-0.2,0.9993)",0.3447937,0.2650785,0.0702666,0.5668,0.9993,0.2766,-0.2,0.0991
MOD13Q1_061__250m_16_days_NDVI_doy2008337000000_aid0001,_250m_16_days_NDVI,aid0001,2008-12-02,7482887.0,-0.2,0.9996,"(-0.2,0.9996)",0.3688558,0.2791344,0.077916,0.6175,0.9996,0.3126,-0.2,0.0997
MOD13Q1_061__250m_16_days_NDVI_doy2008353000000_aid0001,_250m_16_days_NDVI,aid0001,2008-12-18,7483726.0,-0.2,0.9996,"(-0.2,0.9996)",0.3945423,0.3006448,0.0903873,0.6844,0.9996,0.3275,-0.2,0.102
MOD13Q1_061__250m_16_days_NDVI_doy2009001000000_aid0001,_250m_16_days_NDVI,aid0001,2009-01-01,7481206.0,-0.2,0.9995,"(-0.2,0.9995)",0.4203884,0.3073788,0.0944817,0.7205,0.9995,0.3942,-0.2,0.109
MOD13Q1_061__250m_16_days_NDVI_doy2009017000000_aid0001,_250m_16_days_NDVI,aid0001,2009-01-17,7480494.0,-0.2,0.9995,"(-0.2,0.9995)",0.4303227,0.3043549,0.0926319,0.713,0.9995,0.4449,-0.2,0.114
MOD13Q1_061__250m_16_days_NDVI_doy2009033000000_aid0001,_250m_16_days_NDVI,aid0001,2009-02-02,7482318.0,-0.2,0.9994,"(-0.2,0.9994)",0.4506481,0.3156147,0.0996126,0.7503,0.9994,0.4878,-0.2,0.1151
MOD13Q1_061__250m_16_days_NDVI_doy2009049000000_aid0001,_250m_16_days_NDVI,aid0001,2009-02-18,7480965.0,-0.2,0.9995,"(-0.2,0.9995)",0.4593746,0.3226982,0.1041341,0.772,0.9995,0.5032,-0.2,0.117
MOD13Q1_061__250m_16_days_NDVI_doy2009065000000_aid0001,_250m_16_days_NDVI,aid0001,2009-03-06,7480402.0,-0.2,0.9994,"(-0.2,0.9994)",0.4567271,0.3148638,0.0991392,0.7524,0.9994,0.5101,-0.2,0.121
MOD13Q1_061__250m_16_days_NDVI_doy2009081000000_aid0001,_250m_16_days_NDVI,aid0001,2009-03-22,7479760.0,-0.2,0.9995,"(-0.2,0.9995)",0.4571294,0.3163004,0.1000459,0.7562,0.9995,0.5214,-0.2,0.1201
MOD13Q1_061__250m_16_days_NDVI_doy2009097000000_aid0001,_250m_16_days_NDVI,aid0001,2009-04-07,7479025.0,-0.2,0.9992,"(-0.2,0.9992)",0.4380128,0.306473,0.0939257,0.7232,0.9992,0.4748,-0.2,0.1182
MOD13Q1_061__250m_16_days_NDVI_doy2009113000000_aid0001,_250m_16_days_NDVI,aid0001,2009-04-23,7478698.0,-0.2,0.9993,"(-0.2,0.9993)",0.4103266,0.2908532,0.0845956,0.6763,0.9993,0.3961,-0.2,0.1156
MOD13Q1_061__250m_16_days_NDVI_doy2009129000000_aid0001,_250m_16_days_NDVI,aid0001,2009-05-09,7478381.0,-0.2,0.9989,"(-0.2,0.9989)",0.4000141,0.2898,0.083984,0.6726,0.9989,0.3632,-0.2,0.1119
MOD13Q1_061__250m_16_days_NDVI_doy2009145000000_aid0001,_250m_16_days_NDVI,aid0001,2009-05-25,7478412.0,-0.2,0.998,"(-0.2,0.998)",0.3765871,0.2734242,0.0747608,0.6285,0.998,0.3304,-0.2,0.1098
MOD13Q1_061__250m_16_days_NDVI_doy2009161000000_aid0001,_250m_16_days_NDVI,aid0001,2009-06-10,7478279.0,-0.2,0.9984,"(-0.2,0.9984)",0.3565497,0.2606618,0.0679446,0.5889,0.9984,0.3075,-0.2,0.1085
MOD13Q1_061__250m_16_days_NDVI_doy2009177000000_aid0001,_250m_16_days_NDVI,aid0001,2009-06-26,7477919.0,-0.2,0.9942,"(-0.2,0.9942)",0.3355622,0.2452726,0.0601586,0.5442,0.9942,0.287,-0.2,0.1069
MOD13Q1_061__250m_16_days_NDVI_doy2009193000000_aid0001,_250m_16_days_NDVI,aid0001,2009-07-12,7479445.0,-0.2,0.9897,"(-0.2,0.9897)",0.3099252,0.2285968,0.0522565,0.5,0.9897,0.2676,-0.2,0.1028
MOD13Q1_061__250m_16_days_NDVI_doy2009209000000_aid0001,_250m_16_days_NDVI,aid0001,2009-07-28,7477768.0,-0.2,0.9973,"(-0.2,0.9973)",0.2814709,0.2026377,0.041062,0.4392,0.9272,0.2458,-0.2,0.1019
MOD13Q1_061__250m_16_days_NDVI_doy2009225000000_aid0001,_250m_16_days_NDVI,aid0001,2009-08-13,7478309.0,-0.2,0.9851,"(-0.2,0.9851)",0.2664046,0.1875526,0.035176,0.403,0.8555,0.2377,-0.2,0.1013
MOD13Q1_061__250m_16_days_NDVI_doy2009241000000_aid0001,_250m_16_days_NDVI,aid0001,2009-08-29,7479512.0,-0.2,0.9819,"(-0.2,0.9819)",0.2572946,0.1761995,0.0310463,0.392,0.8296,0.2367,-0.2,0.1001
MOD13Q1_061__250m_16_days_NDVI_doy2009257000000_aid0001,_250m_16_days_NDVI,aid0001,2009-09-14,7480899.0,-0.2,0.9904,"(-0.2,0.9904)",0.262303,0.1819698,0.033113,0.4018,0.8555,0.2393,-0.2,0.0991
MOD13Q1_061__250m_16_days_NDVI_doy2009273000000_aid0001,_250m_16_days_NDVI,aid0001,2009-09-30,7483316.0,-0.2,0.9873,"(-0.2,0.9873)",0.256252,0.1788786,0.0319975,0.3895,0.8276,0.2328,-0.2,0.0974
MOD13Q1_061__250m_16_days_NDVI_doy2009289000000_aid0001,_250m_16_days_NDVI,aid0001,2009-10-16,7483099.0,-0.2,0.9938,"(-0.2,0.9938)",0.2687412,0.1940849,0.0376689,0.4106,0.8805,0.2357,-0.2,0.0971
MOD13Q1_061__250m_16_days_NDVI_doy2009305000000_aid0001,_250m_16_days_NDVI,aid0001,2009-11-01,7483175.0,-0.2,0.9987,"(-0.2,0.9987)",0.2793266,0.2074276,0.0430262,0.4199,0.9032,0.2344,-0.2,0.0977
MOD13Q1_061__250m_16_days_NDVI_doy2009321000000_aid0001,_250m_16_days_NDVI,aid0001,2009-11-17,7483626.0,-0.2,0.9994,"(-0.2,0.9994)",0.3278985,0.2525279,0.0637703,0.5207,0.9994,0.2562,-0.2,0.0992
MOD13Q1_061__250m_16_days_NDVI_doy2009337000000_aid0001,_250m_16_days_NDVI,aid0001,2009-12-03,7483719.0,-0.2,0.9996,"(-0.2,0.9996)",0.3817779,0.2956964,0.0874364,0.6745,0.9996,0.2923,-0.2,0.0997
MOD13Q1_061__250m_16_days_NDVI_doy2009353000000_aid0001,_250m_16_days_NDVI,aid0001,2009-12-19,7483829.0,-0.2,0.9996,"(-0.2,0.9996)",0.4082865,0.3094555,0.0957627,0.7177,0.9996,0.3389,-0.2,0.1033
MOD13Q1_061__250m_16_days_NDVI_doy2010001000000_aid0001,_250m_16_days_NDVI,aid0001,2010-01-01,7482798.0,-0.2,0.9996,"(-0.2,0.9996)",0.428638,0.3176823,0.100922,0.7316,0.9996,0.3974,-0.2,0.107
MOD13Q1_061__250m_16_days_NDVI_doy2010017000000_aid0001,_250m_16_days_NDVI,aid0001,2010-01-17,7482372.0,-0.2,0.9995,"(-0.2,0.9995)",0.4388899,0.3189831,0.1017502,0.7461,0.9995,0.449,-0.2,0.1087
MOD13Q1_061__250m_16_days_NDVI_doy2010033000000_aid0001,_250m_16_days_NDVI,aid0001,2010-02-02,7483411.0,-0.2,0.9995,"(-0.2,0.9995)",0.4466828,0.319736,0.1022311,0.7564,0.9995,0.4694,-0.2,0.1133
MOD13Q1_061__250m_16_days_NDVI_doy2010049000000_aid0001,_250m_16_days_NDVI,aid0001,2010-02-18,7482927.0,-0.2,0.9995,"(-0.2,0.9995)",0.4476016,0.316711,0.1003059,0.754,0.9995,0.454,-0.2,0.1163
MOD13Q1_061__250m_16_days_NDVI_doy2010065000000_aid0001,_250m_16_days_NDVI,aid0001,2010-03-06,7480918.0,-0.2,0.9996,"(-0.2,0.9996)",0.4525615,0.3216204,0.1034397,0.7605,0.9996,0.4677,-0.2,0.1165
MOD13Q1_061__250m_16_days_NDVI_doy2010081000000_aid0001,_250m_16_days_NDVI,aid0001,2010-03-22,7480872.0,-0.2,0.9994,"(-0.2,0.9994)",0.4563157,0.3205454,0.1027494,0.7619,0.9994,0.5254,-0.2,0.1175
MOD13Q1_061__250m_16_days_NDVI_doy2010097000000_aid0001,_250m_16_days_NDVI,aid0001,2010-04-07,7479992.0,-0.2,0.9993,"(-0.2,0.9993)",0.4410493,0.3124664,0.0976352,0.7392,0.9993,0.4905,-0.2,0.1151
MOD13Q1_061__250m_16_days_NDVI_doy2010113000000_aid0001,_250m_16_days_NDVI,aid0001,2010-04-23,7479847.0,-0.2,0.9995,"(-0.2,0.9995)",0.4126978,0.2966779,0.0880178,0.6968,0.9995,0.3878,-0.2,0.1125
MOD13Q1_061__250m_16_days_NDVI_doy2010129000000_aid0001,_250m_16_days_NDVI,aid0001,2010-05-09,7478863.0,-0.2,0.9994,"(-0.2,0.9994)",0.4013752,0.2951386,0.0871068,0.6902,0.9994,0.3637,-0.2,0.1103
MOD13Q1_061__250m_16_days_NDVI_doy2010145000000_aid0001,_250m_16_days_NDVI,aid0001,2010-05-25,7478137.0,-0.2,0.9992,"(-0.2,0.9992)",0.3779728,0.2811712,0.0790573,0.6525,0.9992,0.3256,-0.2,0.1062
MOD13Q1_061__250m_16_days_NDVI_doy2010161000000_aid0001,_250m_16_days_NDVI,aid0001,2010-06-10,7482326.0,-0.2,0.9988,"(-0.2,0.9988)",0.2918022,0.2232236,0.0498288,0.4622,0.9978,0.2084,-0.2,0.105
MOD13Q1_061__250m_16_days_NDVI_doy2010177000000_aid0001,_250m_16_days_NDVI,aid0001,2010-06-26,7482817.0,-0.2,0.9913,"(-0.2,0.9913)",0.3413295,0.2464153,0.0607205,0.5662,0.9913,0.2943,-0.2,0.1088
MOD13Q1_061__250m_16_days_NDVI_doy2010193000000_aid0001,_250m_16_days_NDVI,aid0001,2010-07-12,7479496.0,-0.2,0.9954,"(-0.2,0.9954)",0.308356,0.2220773,0.0493183,0.5016,0.9954,0.266,-0.2,0.1035
MOD13Q1_061__250m_16_days_NDVI_doy2010209000000_aid0001,_250m_16_days_NDVI,aid0001,2010-07-28,7478230.0,-0.2,0.9605,"(-0.2,0.9605)",0.2867269,0.2032317,0.0413031,0.4518,0.9605,0.2513,-0.2,0.1026
MOD13Q1_061__250m_16_days_NDVI_doy2010225000000_aid0001,_250m_16_days_NDVI,aid0001,2010-08-13,7479828.0,-0.2,0.9811,"(-0.2,0.9811)",0.2648258,0.1803181,0.0325146,0.407,0.8642,0.244,-0.2,0.1017
MOD13Q1_061__250m_16_days_NDVI_doy2010241000000_aid0001,_250m_16_days_NDVI,aid0001,2010-08-29,7480004.0,-0.2,0.9296,"(-0.2,0.9296)",0.2666895,0.1841276,0.033903,0.4125,0.8818,0.2439,-0.2,0.0996
MOD13Q1_061__250m_16_days_NDVI_doy2010257000000_aid0001,_250m_16_days_NDVI,aid0001,2010-09-14,7482542.0,-0.2,0.9692,"(-0.2,0.9692)",0.277361,0.1958398,0.0383532,0.4394,0.9305,0.2445,-0.2,0.0983
MOD13Q1_061__250m_16_days_NDVI_doy2010273000000_aid0001,_250m_16_days_NDVI,aid0001,2010-09-30,7483912.0,-0.2,0.9977,"(-0.2,0.9977)",0.2931543,0.2165096,0.0468764,0.462,0.9977,0.2493,-0.2,0.0971
MOD13Q1_061__250m_16_days_NDVI_doy2010289000000_aid0001,_250m_16_days_NDVI,aid0001,2010-10-16,7484018.0,-0.2,0.9916,"(-0.2,0.9916)",0.3028492,0.2270429,0.0515485,0.4816,0.9916,0.2498,-0.2,0.0962
MOD13Q1_061__250m_16_days_NDVI_doy2010305000000_aid0001,_250m_16_days_NDVI,aid0001,2010-11-01,7485383.0,-0.2,0.9945,"(-0.2,0.9945)",0.2952605,0.2209213,0.0488062,0.4707,0.9945,0.235,-0.2,0.0973
MOD13Q1_061__250m_16_days_NDVI_doy2010321000000_aid0001,_250m_16_days_NDVI,aid0001,2010-11-17,7484721.0,-0.2,0.9993,"(-0.2,0.9993)",0.3142289,0.2390371,0.0571387,0.5089,0.9993,0.247,-0.2,0.0967
MOD13Q1_061__250m_16_days_NDVI_doy2010337000000_aid0001,_250m_16_days_NDVI,aid0001,2010-12-03,7484851.0,-0.2,0.9993,"(-0.2,0.9993)",0.3501288,0.2703374,0.0730823,0.601,0.9993,0.2609,-0.2,0.098
MOD13Q1_061__250m_16_days_NDVI_doy2010353000000_aid0001,_250m_16_days_NDVI,aid0001,2010-12-19,7485216.0,-0.2,0.9996,"(-0.2,0.9996)",0.3582136,0.2759195,0.0761316,0.6197,0.9996,0.2711,-0.2,0.1001
MOD13Q1_061__250m_16_days_NDVI_doy2011001000000_aid0001,_250m_16_days_NDVI,aid0001,2011-01-01,7483605.0,-0.2,0.9994,"(-0.2,0.9994)",0.4136573,0.3082837,0.0950388,0.7196,0.9994,0.3744,-0.2,0.1022
MOD13Q1_061__250m_16_days_NDVI_doy2011017000000_aid0001,_250m_16_days_NDVI,aid0001,2011-01-17,7484212.0,-0.2,0.9996,"(-0.2,0.9996)",0.4335985,0.3236279,0.104735,0.7542,0.9996,0.4176,-0.2,0.1014
MOD13Q1_061__250m_16_days_NDVI_doy2011033000000_aid0001,_250m_16_days_NDVI,aid0001,2011-02-02,7475309.0,-0.2,0.9996,"(-0.2,0.9996)",0.4461725,0.3235031,0.1046543,0.7642,0.9996,0.4362,-0.2,0.1123
MOD13Q1_061__250m_16_days_NDVI_doy2011049000000_aid0001,_250m_16_days_NDVI,aid0001,2011-02-18,7470461.0,-0.2,0.9997,"(-0.2,0.9997)",0.4643783,0.3224705,0.1039872,0.7775,0.9997,0.4955,-0.2,0.1254
MOD13Q1_061__250m_16_days_NDVI_doy2011065000000_aid0001,_250m_16_days_NDVI,aid0001,2011-03-06,7467435.0,-0.2,0.9996,"(-0.2,0.9996)",0.4786296,0.3218322,0.103576,0.7824,0.9996,0.5592,-0.2,0.1351
MOD13Q1_061__250m_16_days_NDVI_doy2011081000000_aid0001,_250m_16_days_NDVI,aid0001,2011-03-22,7469030.0,-0.2,0.9994,"(-0.2,0.9994)",0.4787563,0.3203775,0.1026418,0.7815,0.9994,0.5822,-0.2,0.1362
MOD13Q1_061__250m_16_days_NDVI_doy2011097000000_aid0001,_250m_16_days_NDVI,aid0001,2011-04-07,7470125.0,-0.2,0.9993,"(-0.2,0.9993)",0.4576547,0.3058576,0.0935489,0.7411,0.9993,0.5388,-0.2,0.1356
MOD13Q1_061__250m_16_days_NDVI_doy2011113000000_aid0001,_250m_16_days_NDVI,aid0001,2011-04-23,7469185.0,-0.2,0.9994,"(-0.2,0.9994)",0.4391771,0.3033705,0.0920337,0.7268,0.9994,0.4633,-0.2,0.126
MOD13Q1_061__250m_16_days_NDVI_doy2011129000000_aid0001,_250m_16_days_NDVI,aid0001,2011-05-09,7472799.0,-0.2,0.9992,"(-0.2,0.9992)",0.406939,0.2867993,0.0822538,0.6728,0.9992,0.3802,-0.2,0.1227
MOD13Q1_061__250m_16_days_NDVI_doy2011145000000_aid0001,_250m_16_days_NDVI,aid0001,2011-05-25,7472635.0,-0.2,0.9993,"(-0.2,0.9993)",0.3962485,0.2820026,0.0795255,0.6707,0.9993,0.3606,-0.2,0.1191
MOD13Q1_061__250m_16_days_NDVI_doy2011161000000_aid0001,_250m_16_days_NDVI,aid0001,2011-06-10,7474161.0,-0.2,0.9992,"(-0.2,0.9992)",0.3786385,0.2731888,0.0746321,0.6392,0.9992,0.3366,-0.2,0.1154
MOD13Q1_061__250m_16_days_NDVI_doy2011177000000_aid0001,_250m_16_days_NDVI,aid0001,2011-06-26,7471691.0,-0.2,0.9951,"(-0.2,0.9951)",0.3459249,0.2578175,0.0664699,0.5743,0.9951,0.3088,-0.2,0.1098
MOD13Q1_061__250m_16_days_NDVI_doy2011193000000_aid0001,_250m_16_days_NDVI,aid0001,2011-07-12,7475650.0,-0.2,0.9969,"(-0.2,0.9969)",0.3106202,0.2399012,0.0575526,0.5063,0.9969,0.279,-0.2,0.1048
MOD13Q1_061__250m_16_days_NDVI_doy2011209000000_aid0001,_250m_16_days_NDVI,aid0001,2011-07-28,7475031.0,-0.2,0.991,"(-0.2,0.991)",0.2999609,0.2236112,0.050002,0.4768,0.991,0.2613,-0.2,0.1053
MOD13Q1_061__250m_16_days_NDVI_doy2011225000000_aid0001,_250m_16_days_NDVI,aid0001,2011-08-13,7475105.0,-0.2,0.9943,"(-0.2,0.9943)",0.2862527,0.2073012,0.0429738,0.4443,0.9259,0.2558,-0.2,0.1046
MOD13Q1_061__250m_16_days_NDVI_doy2011241000000_aid0001,_250m_16_days_NDVI,aid0001,2011-08-29,7476384.0,-0.2,0.9259,"(-0.2,0.9259)",0.2708179,0.1926661,0.0371202,0.4128,0.8778,0.2448,-0.2,0.1028
MOD13Q1_061__250m_16_days_NDVI_doy2011257000000_aid0001,_250m_16_days_NDVI,aid0001,2011-09-14,7475551.0,-0.2,0.9981,"(-0.2,0.9981)",0.281344,0.1990889,0.0396364,0.437,0.9338,0.2519,-0.2,0.1038
MOD13Q1_061__250m_16_days_NDVI_doy2011273000000_aid0001,_250m_16_days_NDVI,aid0001,2011-09-30,7479504.0,-0.2,0.9929,"(-0.2,0.9929)",0.3026836,0.2221467,0.0493492,0.4757,0.9929,0.2598,-0.2,0.1038
MOD13Q1_061__250m_16_days_NDVI_doy2011289000000_aid0001,_250m_16_days_NDVI,aid0001,2011-10-16,7481655.0,-0.2,0.9969,"(-0.2,0.9969)",0.3140227,0.2347908,0.0551267,0.4927,0.9969,0.2612,-0.2,0.1025
MOD13Q1_061__250m_16_days_NDVI_doy2011305000000_aid0001,_250m_16_days_NDVI,aid0001,2011-11-01,7481923.0,-0.2,0.9963,"(-0.2,0.9963)",0.3245516,0.2446586,0.0598579,0.5278,0.9963,0.2549,-0.2,0.103
MOD13Q1_061__250m_16_days_NDVI_doy2011321000000_aid0001,_250m_16_days_NDVI,aid0001,2011-11-17,7482226.0,-0.2,0.9994,"(-0.2,0.9994)",0.3415133,0.2577195,0.0664193,0.5656,0.9994,0.2681,-0.2,0.1032
MOD13Q1_061__250m_16_days_NDVI_doy2011337000000_aid0001,_250m_16_days_NDVI,aid0001,2011-12-03,7481815.0,-0.2,0.9994,"(-0.2,0.9994)",0.3781393,0.2838805,0.0805882,0.65,0.9994,0.2974,-0.2,0.1053
MOD13Q1_061__250m_16_days_NDVI_doy2011353000000_aid0001,_250m_16_days_NDVI,aid0001,2011-12-19,7483676.0,-0.2,0.9996,"(-0.2,0.9996)",0.4039658,0.2994713,0.0896831,0.6847,0.9996,0.3476,-0.2,0.1097
MOD13Q1_061__250m_16_days_NDVI_doy2012001000000_aid0001,_250m_16_days_NDVI,aid0001,2012-01-01,7478054.0,-0.2,0.9994,"(-0.2,0.9994)",0.4199376,0.3009045,0.0905435,0.6952,0.9994,0.3982,-0.2,0.1174
MOD13Q1_061__250m_16_days_NDVI_doy2012017000000_aid0001,_250m_16_days_NDVI,aid0001,2012-01-17,7478882.0,-0.2,0.9995,"(-0.2,0.9995)",0.4439851,0.3095957,0.0958495,0.7383,0.9995,0.4458,-0.2,0.125825
MOD13Q1_061__250m_16_days_NDVI_doy2012033000000_aid0001,_250m_16_days_NDVI,aid0001,2012-02-02,7476442.0,-0.2,0.9995,"(-0.2,0.9995)",0.4442269,0.3026045,0.0915695,0.7321,0.9995,0.4369,-0.2,0.1365
MOD13Q1_061__250m_16_days_NDVI_doy2012049000000_aid0001,_250m_16_days_NDVI,aid0001,2012-02-18,7466251.0,-0.2,0.9996,"(-0.2,0.9996)",0.4629419,0.3068749,0.0941722,0.7459,0.9996,0.5,-0.2,0.1455
MOD13Q1_061__250m_16_days_NDVI_doy2012065000000_aid0001,_250m_16_days_NDVI,aid0001,2012-03-05,7465181.0,-0.2,0.9994,"(-0.2,0.9994)",0.4545802,0.3000505,0.0900303,0.7241,0.9994,0.4778,-0.2,0.1498
MOD13Q1_061__250m_16_days_NDVI_doy2012081000000_aid0001,_250m_16_days_NDVI,aid0001,2012-03-21,7467799.0,-0.2,0.9992,"(-0.2,0.9992)",0.4450553,0.2957982,0.0874965,0.7171,0.9992,0.4643,-0.2,0.1449
MOD13Q1_061__250m_16_days_NDVI_doy2012097000000_aid0001,_250m_16_days_NDVI,aid0001,2012-04-06,7468278.0,-0.2,0.9996,"(-0.2,0.9996)",0.4112965,0.2883442,0.0831424,0.6941,0.9996,0.3558,-0.2,0.1332
MOD13Q1_061__250m_16_days_NDVI_doy2012113000000_aid0001,_250m_16_days_NDVI,aid0001,2012-04-22,7471235.0,-0.2,0.9994,"(-0.2,0.9994)",0.4254698,0.2953594,0.0872372,0.7088,0.9994,0.4081,-0.2,0.1296
MOD13Q1_061__250m_16_days_NDVI_doy2012129000000_aid0001,_250m_16_days_NDVI,aid0001,2012-05-08,7467945.0,-0.2,0.9992,"(-0.2,0.9992)",0.4181032,0.293693,0.0862556,0.7016,0.9992,0.3938,-0.2,0.1252
MOD13Q1_061__250m_16_days_NDVI_doy2012145000000_aid0001,_250m_16_days_NDVI,aid0001,2012-05-24,7471897.0,-0.2,0.9994,"(-0.2,0.9994)",0.3886631,0.274445,0.07532,0.6397,0.9994,0.357,-0.2,0.1223
MOD13Q1_061__250m_16_days_NDVI_doy2012161000000_aid0001,_250m_16_days_NDVI,aid0001,2012-06-09,7469561.0,-0.2,0.9977,"(-0.2,0.9977)",0.376449,0.2693866,0.0725691,0.6139,0.9977,0.3378,-0.2,0.1196
MOD13Q1_061__250m_16_days_NDVI_doy2012177000000_aid0001,_250m_16_days_NDVI,aid0001,2012-06-25,7470273.0,-0.2,0.9989,"(-0.2,0.9989)",0.3476355,0.2534461,0.0642349,0.555,0.9989,0.3038,-0.2,0.1153
MOD13Q1_061__250m_16_days_NDVI_doy2012193000000_aid0001,_250m_16_days_NDVI,aid0001,2012-07-11,7469620.0,-0.2,0.9982,"(-0.2,0.9982)",0.3284255,0.2396357,0.0574253,0.5194,0.9982,0.2856,-0.2,0.1133
MOD13Q1_061__250m_16_days_NDVI_doy2012209000000_aid0001,_250m_16_days_NDVI,aid0001,2012-07-27,7472929.0,-0.2,0.9896,"(-0.2,0.9896)",0.3019945,0.2124974,0.0451552,0.4651,0.9896,0.2695,-0.2,0.1116
MOD13Q1_061__250m_16_days_NDVI_doy2012225000000_aid0001,_250m_16_days_NDVI,aid0001,2012-08-12,7472471.0,-0.2,0.9934,"(-0.2,0.9934)",0.2997098,0.2109193,0.044487,0.4697,0.9934,0.2701,-0.2,0.1082
MOD13Q1_061__250m_16_days_NDVI_doy2012241000000_aid0001,_250m_16_days_NDVI,aid0001,2012-08-28,7475391.0,-0.2,0.9954,"(-0.2,0.9954)",0.2824863,0.19301,0.0372528,0.4376,0.9313,0.2592,-0.2,0.1081
MOD13Q1_061__250m_16_days_NDVI_doy2012257000000_aid0001,_250m_16_days_NDVI,aid0001,2012-09-13,7476055.0,-0.2,0.9968,"(-0.2,0.9968)",0.2837984,0.1964552,0.0385946,0.4379,0.9343,0.2554,-0.2,0.1066
MOD13Q1_061__250m_16_days_NDVI_doy2012273000000_aid0001,_250m_16_days_NDVI,aid0001,2012-09-29,7476842.0,-0.2,0.9915,"(-0.2,0.9915)",0.2902215,0.2053049,0.0421501,0.448,0.9362,0.2562,-0.2,0.1057
MOD13Q1_061__250m_16_days_NDVI_doy2012289000000_aid0001,_250m_16_days_NDVI,aid0001,2012-10-15,7478481.0,-0.2,0.9986,"(-0.2,0.9986)",0.3050552,0.223452,0.0499308,0.4752,0.9986,0.2581,-0.2,0.105
MOD13Q1_061__250m_16_days_NDVI_doy2012305000000_aid0001,_250m_16_days_NDVI,aid0001,2012-10-31,7478292.0,-0.2,0.9994,"(-0.2,0.9994)",0.3414857,0.2527433,0.0638792,0.5649,0.9994,0.2754,-0.2,0.1066
MOD13Q1_061__250m_16_days_NDVI_doy2012321000000_aid0001,_250m_16_days_NDVI,aid0001,2012-11-16,7480007.0,-0.2,0.9996,"(-0.2,0.9996)",0.3716392,0.2797985,0.0782872,0.6382,0.9996,0.2952,-0.2,0.1078
MOD13Q1_061__250m_16_days_NDVI_doy2012337000000_aid0001,_250m_16_days_NDVI,aid0001,2012-12-02,7479627.0,-0.2,0.9992,"(-0.2,0.9992)",0.3861857,0.2899223,0.084055,0.6539,0.9992,0.3116,-0.2,0.1111
MOD13Q1_061__250m_16_days_NDVI_doy2012353000000_aid0001,_250m_16_days_NDVI,aid0001,2012-12-18,7481497.0,-0.2,0.9995,"(-0.2,0.9995)",0.3903735,0.290713,0.0845141,0.6511,0.9995,0.3186,-0.2,0.1142
MOD13Q1_061__250m_16_days_NDVI_doy2013001000000_aid0001,_250m_16_days_NDVI,aid0001,2013-01-01,7480162.0,-0.2,0.9996,"(-0.2,0.9996)",0.3977406,0.2939407,0.0864011,0.6656,0.9996,0.3382,-0.2,0.114
MOD13Q1_061__250m_16_days_NDVI_doy2013017000000_aid0001,_250m_16_days_NDVI,aid0001,2013-01-17,7475958.0,-0.2,0.9995,"(-0.2,0.9995)",0.4112275,0.2935324,0.0861613,0.6772,0.9995,0.3756,-0.2,0.1219
MOD13Q1_061__250m_16_days_NDVI_doy2013033000000_aid0001,_250m_16_days_NDVI,aid0001,2013-02-02,7469776.0,-0.2,0.9993,"(-0.2,0.9993)",0.4193752,0.2896737,0.0839109,0.6773,0.9993,0.3921,-0.2,0.1324
MOD13Q1_061__250m_16_days_NDVI_doy2013049000000_aid0001,_250m_16_days_NDVI,aid0001,2013-02-18,7472661.0,-0.2,0.9996,"(-0.2,0.9996)",0.4349623,0.2949648,0.0870043,0.707,0.9996,0.4291,-0.2,0.1352
MOD13Q1_061__250m_16_days_NDVI_doy2013065000000_aid0001,_250m_16_days_NDVI,aid0001,2013-03-06,7473912.0,-0.2,0.9995,"(-0.2,0.9995)",0.4407579,0.2993145,0.0895892,0.7179,0.9995,0.4458,-0.2,0.1338
MOD13Q1_061__250m_16_days_NDVI_doy2013081000000_aid0001,_250m_16_days_NDVI,aid0001,2013-03-22,7474018.0,-0.2,0.9994,"(-0.2,0.9994)",0.4280098,0.2931297,0.085925,0.6949,0.9994,0.4193,-0.2,0.1328
MOD13Q1_061__250m_16_days_NDVI_doy2013097000000_aid0001,_250m_16_days_NDVI,aid0001,2013-04-07,7474059.0,-0.2,0.9991,"(-0.2,0.9991)",0.4119977,0.287679,0.0827592,0.6724,0.9991,0.3946,-0.2,0.1247
MOD13Q1_061__250m_16_days_NDVI_doy2013113000000_aid0001,_250m_16_days_NDVI,aid0001,2013-04-23,7475436.0,-0.2,0.998,"(-0.2,0.998)",0.3815221,0.2687142,0.0722073,0.6213,0.998,0.3372,-0.2,0.1231
MOD13Q1_061__250m_16_days_NDVI_doy2013129000000_aid0001,_250m_16_days_NDVI,aid0001,2013-05-09,7474762.0,-0.2,0.997,"(-0.2,0.997)",0.364881,0.2591182,0.0671422,0.6012,0.997,0.3066,-0.2,0.1205
MOD13Q1_061__250m_16_days_NDVI_doy2013145000000_aid0001,_250m_16_days_NDVI,aid0001,2013-05-25,7475144.0,-0.2,0.9942,"(-0.2,0.9942)",0.3493911,0.2522411,0.0636256,0.5788,0.9942,0.2869,-0.2,0.1192
MOD13Q1_061__250m_16_days_NDVI_doy2013161000000_aid0001,_250m_16_days_NDVI,aid0001,2013-06-10,7476961.0,-0.2,0.9987,"(-0.2,0.9987)",0.3355316,0.2424033,0.0587594,0.5537,0.9987,0.2744,-0.2,0.1186
MOD13Q1_061__250m_16_days_NDVI_doy2013177000000_aid0001,_250m_16_days_NDVI,aid0001,2013-06-26,7476258.0,-0.2,0.9956,"(-0.2,0.9956)",0.322652,0.2374205,0.0563685,0.5325,0.9956,0.258,-0.2,0.1139
MOD13Q1_061__250m_16_days_NDVI_doy2013193000000_aid0001,_250m_16_days_NDVI,aid0001,2013-07-12,7475224.0,-0.2,0.9969,"(-0.2,0.9969)",0.3068242,0.2183143,0.0476611,0.4911,0.9969,0.2547,-0.2,0.1139
MOD13Q1_061__250m_16_days_NDVI_doy2013209000000_aid0001,_250m_16_days_NDVI,aid0001,2013-07-28,7474003.0,-0.2,0.9883,"(-0.2,0.9883)",0.2756866,0.1918516,0.036807,0.4375,0.9288,0.2349,-0.2,0.1093
MOD13Q1_061__250m_16_days_NDVI_doy2013225000000_aid0001,_250m_16_days_NDVI,aid0001,2013-08-13,7474319.0,-0.2,0.9498,"(-0.2,0.9498)",0.2561813,0.1726725,0.0298158,0.3965,0.8302,0.2242,-0.2,0.1072
MOD13Q1_061__250m_16_days_NDVI_doy2013241000000_aid0001,_250m_16_days_NDVI,aid0001,2013-08-29,7474529.0,-0.2,0.9911,"(-0.2,0.9911)",0.2429826,0.1596222,0.0254793,0.3715,0.7679,0.2222,-0.2,0.1072
MOD13Q1_061__250m_16_days_NDVI_doy2013257000000_aid0001,_250m_16_days_NDVI,aid0001,2013-09-14,7477995.0,-0.2,0.9899,"(-0.2,0.9899)",0.2456751,0.1630791,0.0265948,0.3769,0.7865,0.2224,-0.2,0.1038
MOD13Q1_061__250m_16_days_NDVI_doy2013273000000_aid0001,_250m_16_days_NDVI,aid0001,2013-09-30,7478796.0,-0.2,0.9973,"(-0.2,0.9973)",0.2416033,0.1593745,0.0254002,0.3648,0.7554,0.2178,-0.2,0.1044
MOD13Q1_061__250m_16_days_NDVI_doy2013289000000_aid0001,_250m_16_days_NDVI,aid0001,2013-10-16,7479634.0,-0.2,0.9898,"(-0.2,0.9898)",0.2886323,0.207784,0.0431742,0.4533,0.9735,0.2354,-0.2,0.104
MOD13Q1_061__250m_16_days_NDVI_doy2013305000000_aid0001,_250m_16_days_NDVI,aid0001,2013-11-01,7479867.0,-0.2,0.9926,"(-0.2,0.9926)",0.3148772,0.2344014,0.054944,0.499,0.9926,0.2502,-0.2,0.105
MOD13Q1_061__250m_16_days_NDVI_doy2013321000000_aid0001,_250m_16_days_NDVI,aid0001,2013-11-17,7480882.0,-0.2,0.9993,"(-0.2,0.9993)",0.3139124,0.2331396,0.0543541,0.5031,0.9993,0.2446,-0.2,0.1063
MOD13Q1_061__250m_16_days_NDVI_doy2013337000000_aid0001,_250m_16_days_NDVI,aid0001,2013-12-03,7481203.0,-0.2,0.9994,"(-0.2,0.9994)",0.3381332,0.2474133,0.0612134,0.5511,0.9994,0.2752,-0.2,0.1101
MOD13Q1_061__250m_16_days_NDVI_doy2013353000000_aid0001,_250m_16_days_NDVI,aid0001,2013-12-19,7481808.0,-0.2,0.9994,"(-0.2,0.9994)",0.3819266,0.2806415,0.0787597,0.6232,0.9994,0.3205,-0.2,0.114
MOD13Q1_061__250m_16_days_NDVI_doy2014001000000_aid0001,_250m_16_days_NDVI,aid0001,2014-01-01,7480800.0,-0.2,0.9991,"(-0.2,0.9991)",0.3978993,0.2888536,0.0834364,0.655,0.9991,0.3422,-0.2,0.1166
MOD13Q1_061__250m_16_days_NDVI_doy2014017000000_aid0001,_250m_16_days_NDVI,aid0001,2014-01-17,7480052.0,-0.2,0.9993,"(-0.2,0.9993)",0.4140752,0.2881438,0.0830268,0.6794,0.9993,0.3943,-0.2,0.1226
MOD13Q1_061__250m_16_days_NDVI_doy2014033000000_aid0001,_250m_16_days_NDVI,aid0001,2014-02-02,7472688.0,-0.2,0.9995,"(-0.2,0.9995)",0.4456613,0.3035762,0.0921585,0.7346,0.9995,0.4422,-0.2,0.1342
MOD13Q1_061__250m_16_days_NDVI_doy2014049000000_aid0001,_250m_16_days_NDVI,aid0001,2014-02-18,7473715.0,-0.2,0.9993,"(-0.2,0.9993)",0.4701175,0.3130953,0.0980287,0.765,0.9993,0.5412,-0.2,0.1347
MOD13Q1_061__250m_16_days_NDVI_doy2014065000000_aid0001,_250m_16_days_NDVI,aid0001,2014-03-06,7475486.0,-0.2,0.9995,"(-0.2,0.9995)",0.4646465,0.3163827,0.100098,0.766,0.9995,0.5122,-0.2,0.1319
MOD13Q1_061__250m_16_days_NDVI_doy2014081000000_aid0001,_250m_16_days_NDVI,aid0001,2014-03-22,7476828.0,-0.2,0.9995,"(-0.2,0.9995)",0.451985,0.3104799,0.0963977,0.7468,0.9995,0.5011,-0.2,0.1282
MOD13Q1_061__250m_16_days_NDVI_doy2014097000000_aid0001,_250m_16_days_NDVI,aid0001,2014-04-07,7476161.0,-0.2,0.9991,"(-0.2,0.9991)",0.4502978,0.3133719,0.098202,0.7534,0.9991,0.494,-0.2,0.1259
MOD13Q1_061__250m_16_days_NDVI_doy2014113000000_aid0001,_250m_16_days_NDVI,aid0001,2014-04-23,7480405.0,-0.2,0.9995,"(-0.2,0.9995)",0.3919828,0.291523,0.0849856,0.6864,0.9995,0.2915,-0.2,0.1193
MOD13Q1_061__250m_16_days_NDVI_doy2014129000000_aid0001,_250m_16_days_NDVI,aid0001,2014-05-09,7480424.0,-0.2,0.9996,"(-0.2,0.9996)",0.3383152,0.272189,0.0740869,0.5961,0.9996,0.2103,-0.2,0.1104
MOD13Q1_061__250m_16_days_NDVI_doy2014145000000_aid0001,_250m_16_days_NDVI,aid0001,2014-05-25,7475890.0,-0.2,0.9991,"(-0.2,0.9991)",0.3935879,0.2861821,0.0819002,0.6717,0.9991,0.3655,-0.2,0.1132
MOD13Q1_061__250m_16_days_NDVI_doy2014161000000_aid0001,_250m_16_days_NDVI,aid0001,2014-06-10,7480455.0,-0.2,0.9985,"(-0.2,0.9985)",0.3681246,0.2684255,0.0720522,0.6262,0.9985,0.3191,-0.2,0.112
MOD13Q1_061__250m_16_days_NDVI_doy2014177000000_aid0001,_250m_16_days_NDVI,aid0001,2014-06-26,7476429.0,-0.2,0.9963,"(-0.2,0.9963)",0.3757274,0.274917,0.0755794,0.6317,0.9963,0.3283,-0.2,0.1105
MOD13Q1_061__250m_16_days_NDVI_doy2014193000000_aid0001,_250m_16_days_NDVI,aid0001,2014-07-12,7475504.0,-0.2,0.999,"(-0.2,0.999)",0.3523266,0.257118,0.0661097,0.5836,0.999,0.3025,-0.2,0.1095
MOD13Q1_061__250m_16_days_NDVI_doy2014209000000_aid0001,_250m_16_days_NDVI,aid0001,2014-07-28,7475296.0,-0.2,0.9984,"(-0.2,0.9984)",0.3280069,0.2388991,0.0570728,0.5293,0.9984,0.2819,-0.2,0.1078
MOD13Q1_061__250m_16_days_NDVI_doy2014225000000_aid0001,_250m_16_days_NDVI,aid0001,2014-08-13,7475609.0,-0.2,0.9757,"(-0.2,0.9757)",0.3094695,0.222651,0.0495735,0.4879,0.9757,0.2686,-0.2,0.1075
MOD13Q1_061__250m_16_days_NDVI_doy2014241000000_aid0001,_250m_16_days_NDVI,aid0001,2014-08-29,7476409.0,-0.2,0.9947,"(-0.2,0.9947)",0.3019891,0.215032,0.0462388,0.471,0.9947,0.2677,-0.2,0.1053
MOD13Q1_061__250m_16_days_NDVI_doy2014257000000_aid0001,_250m_16_days_NDVI,aid0001,2014-09-14,7478297.0,-0.2,0.9945,"(-0.2,0.9945)",0.2997924,0.2153037,0.0463557,0.4706,0.9945,0.2611,-0.2,0.1036
MOD13Q1_061__250m_16_days_NDVI_doy2014273000000_aid0001,_250m_16_days_NDVI,aid0001,2014-09-30,7480135.0,-0.2,0.9989,"(-0.2,0.9989)",0.3156559,0.231471,0.0535788,0.4982,0.9989,0.2706,-0.2,0.1038
MOD13Q1_061__250m_16_days_NDVI_doy2014289000000_aid0001,_250m_16_days_NDVI,aid0001,2014-10-16,7480468.0,-0.2,0.9993,"(-0.2,0.9993)",0.320851,0.2379183,0.0566051,0.5044,0.9993,0.2665,-0.2,0.1058
MOD13Q1_061__250m_16_days_NDVI_doy2014305000000_aid0001,_250m_16_days_NDVI,aid0001,2014-11-01,7481099.0,-0.2,0.9993,"(-0.2,0.9993)",0.3475195,0.2624506,0.0688803,0.5671,0.9993,0.2801,-0.2,0.1043
MOD13Q1_061__250m_16_days_NDVI_doy2014321000000_aid0001,_250m_16_days_NDVI,aid0001,2014-11-17,7481746.0,-0.2,0.9995,"(-0.2,0.9995)",0.359652,0.2725876,0.074304,0.6032,0.9995,0.2835,-0.2,0.1047
MOD13Q1_061__250m_16_days_NDVI_doy2014337000000_aid0001,_250m_16_days_NDVI,aid0001,2014-12-03,7483061.0,-0.2,0.9991,"(-0.2,0.9991)",0.3493177,0.2654004,0.0704374,0.5711,0.9991,0.2739,-0.2,0.1049
MOD13Q1_061__250m_16_days_NDVI_doy2014353000000_aid0001,_250m_16_days_NDVI,aid0001,2014-12-19,7483488.0,-0.2,0.9995,"(-0.2,0.9995)",0.4013921,0.2987021,0.089223,0.6884,0.9995,0.3465,-0.2,0.1071
MOD13Q1_061__250m_16_days_NDVI_doy2015001000000_aid0001,_250m_16_days_NDVI,aid0001,2015-01-01,7484139.0,-0.2,0.9994,"(-0.2,0.9994)",0.409953,0.303784,0.0922847,0.6937,0.9994,0.3615,-0.2,0.1092
MOD13Q1_061__250m_16_days_NDVI_doy2015017000000_aid0001,_250m_16_days_NDVI,aid0001,2015-01-17,7481830.0,-0.2,0.9993,"(-0.2,0.9993)",0.4320794,0.307072,0.0942932,0.7218,0.9993,0.431,-0.2,0.1164
MOD13Q1_061__250m_16_days_NDVI_doy2015033000000_aid0001,_250m_16_days_NDVI,aid0001,2015-02-02,7475976.0,-0.2,0.9996,"(-0.2,0.9996)",0.4437631,0.3052829,0.0931976,0.7249,0.9996,0.4597,-0.2,0.1286
MOD13Q1_061__250m_16_days_NDVI_doy2015049000000_aid0001,_250m_16_days_NDVI,aid0001,2015-02-18,7477667.0,-0.2,0.9996,"(-0.2,0.9996)",0.4305786,0.2995431,0.0897261,0.7131,0.9996,0.4124,-0.2,0.1269
MOD13Q1_061__250m_16_days_NDVI_doy2015065000000_aid0001,_250m_16_days_NDVI,aid0001,2015-03-06,7473959.0,-0.2,0.9995,"(-0.2,0.9995)",0.4731631,0.3185015,0.1014432,0.7747,0.9995,0.5452,-0.2,0.138
MOD13Q1_061__250m_16_days_NDVI_doy2015081000000_aid0001,_250m_16_days_NDVI,aid0001,2015-03-22,7469605.0,-0.2,0.9995,"(-0.2,0.9995)",0.4719984,0.3172967,0.1006772,0.7696,0.9995,0.5648,-0.2,0.1363
MOD13Q1_061__250m_16_days_NDVI_doy2015097000000_aid0001,_250m_16_days_NDVI,aid0001,2015-04-07,7476801.0,-0.2,0.9996,"(-0.2,0.9996)",0.450042,0.3069627,0.0942261,0.7391,0.9996,0.5005,-0.2,0.1338
MOD13Q1_061__250m_16_days_NDVI_doy2015113000000_aid0001,_250m_16_days_NDVI,aid0001,2015-04-23,7473424.0,-0.2,0.9995,"(-0.2,0.9995)",0.432182,0.3008698,0.0905227,0.7228,0.9995,0.4379,-0.2,0.1274
MOD13Q1_061__250m_16_days_NDVI_doy2015129000000_aid0001,_250m_16_days_NDVI,aid0001,2015-05-09,7473455.0,-0.2,0.9994,"(-0.2,0.9994)",0.4143593,0.2937922,0.0863139,0.6996,0.9994,0.393,-0.2,0.1229
MOD13Q1_061__250m_16_days_NDVI_doy2015145000000_aid0001,_250m_16_days_NDVI,aid0001,2015-05-25,7472819.0,-0.2,0.9993,"(-0.2,0.9993)",0.3898373,0.2867839,0.082245,0.6703,0.9993,0.3208,-0.2,0.1182
MOD13Q1_061__250m_16_days_NDVI_doy2015161000000_aid0001,_250m_16_days_NDVI,aid0001,2015-06-10,7474617.0,-0.2,0.9974,"(-0.2,0.9974)",0.3866963,0.2774218,0.0769629,0.6481,0.9974,0.3542,-0.2,0.1169
MOD13Q1_061__250m_16_days_NDVI_doy2015177000000_aid0001,_250m_16_days_NDVI,aid0001,2015-06-26,7474730.0,-0.2,0.999,"(-0.2,0.999)",0.3638239,0.2624739,0.0688925,0.6008,0.999,0.3247,-0.2,0.1145
MOD13Q1_061__250m_16_days_NDVI_doy2015193000000_aid0001,_250m_16_days_NDVI,aid0001,2015-07-12,7473837.0,-0.2,0.9966,"(-0.2,0.9966)",0.351108,0.254985,0.0650174,0.5826,0.9966,0.3077,-0.2,0.1114
MOD13Q1_061__250m_16_days_NDVI_doy2015209000000_aid0001,_250m_16_days_NDVI,aid0001,2015-07-28,7480578.0,-0.2,0.9873,"(-0.2,0.9873)",0.3295097,0.2370246,0.0561807,0.5323,0.9873,0.2916,-0.2,0.1101
MOD13Q1_061__250m_16_days_NDVI_doy2015225000000_aid0001,_250m_16_days_NDVI,aid0001,2015-08-13,7474406.0,-0.2,0.9941,"(-0.2,0.9941)",0.3274117,0.2360769,0.0557323,0.5246,0.9941,0.2892,-0.2,0.1079
MOD13Q1_061__250m_16_days_NDVI_doy2015241000000_aid0001,_250m_16_days_NDVI,aid0001,2015-08-29,7475910.0,-0.2,0.9901,"(-0.2,0.9901)",0.3221131,0.2298716,0.052841,0.5103,0.9901,0.2865,-0.2,0.1076
MOD13Q1_061__250m_16_days_NDVI_doy2015257000000_aid0001,_250m_16_days_NDVI,aid0001,2015-09-14,7476732.0,-0.2,0.9986,"(-0.2,0.9986)",0.3187096,0.231118,0.0534155,0.4971,0.9986,0.2807,-0.2,0.1062
MOD13Q1_061__250m_16_days_NDVI_doy2015273000000_aid0001,_250m_16_days_NDVI,aid0001,2015-09-30,7478289.0,-0.2,0.9893,"(-0.2,0.9893)",0.3191925,0.237156,0.056243,0.4981,0.9893,0.2748,-0.2,0.1035
MOD13Q1_061__250m_16_days_NDVI_doy2015289000000_aid0001,_250m_16_days_NDVI,aid0001,2015-10-16,7481144.0,-0.2,0.988,"(-0.2,0.988)",0.3085782,0.2301721,0.0529792,0.4716,0.988,0.2659,-0.2,0.1032
MOD13Q1_061__250m_16_days_NDVI_doy2015305000000_aid0001,_250m_16_days_NDVI,aid0001,2015-11-01,7480064.0,-0.2,0.9992,"(-0.2,0.9992)",0.3493841,0.2622458,0.0687729,0.5852,0.9992,0.2848,-0.2,0.1031
MOD13Q1_061__250m_16_days_NDVI_doy2015321000000_aid0001,_250m_16_days_NDVI,aid0001,2015-11-17,7481225.0,-0.2,0.9995,"(-0.2,0.9995)",0.3682086,0.2769693,0.076712,0.6162,0.9995,0.3129,-0.2,0.1034
MOD13Q1_061__250m_16_days_NDVI_doy2015337000000_aid0001,_250m_16_days_NDVI,aid0001,2015-12-03,7482023.0,-0.2,0.9995,"(-0.2,0.9995)",0.3983995,0.2996893,0.0898137,0.6764,0.9995,0.3534,-0.2,0.1047
MOD13Q1_061__250m_16_days_NDVI_doy2015353000000_aid0001,_250m_16_days_NDVI,aid0001,2015-12-19,7484104.0,-0.2,0.9995,"(-0.2,0.9995)",0.415499,0.30949,0.0957841,0.7101,0.9995,0.3771,-0.2,0.108
MOD13Q1_061__250m_16_days_NDVI_doy2007353000000_aid0002,_250m_16_days_NDVI,aid0002,2007-12-19,6906139.0,-0.2,0.9955,"(-0.2,0.9955)",0.6427049,0.1270894,0.0161517,0.7339,0.9622,0.6672,0.3504,0.5805
MOD13Q1_061__250m_16_days_NDVI_doy2008001000000_aid0002,_250m_16_days_NDVI,aid0002,2008-01-01,6907271.0,-0.2,0.9994,"(-0.2,0.9994)",0.6887583,0.1081159,0.011689,0.761,0.9378,0.7128,0.4663,0.6431
MOD13Q1_061__250m_16_days_NDVI_doy2008017000000_aid0002,_250m_16_days_NDVI,aid0002,2008-01-17,6907716.0,-0.2,0.9995,"(-0.2,0.9995)",0.679143,0.1203699,0.0144889,0.7606,0.9569,0.7054,0.4334,0.6297
MOD13Q1_061__250m_16_days_NDVI_doy2008033000000_aid0002,_250m_16_days_NDVI,aid0002,2008-02-02,6908259.0,-0.2,0.9989,"(-0.2,0.9989)",0.7228717,0.0957286,0.009164,0.7825,0.9217,0.7433,0.5505,0.6897
MOD13Q1_061__250m_16_days_NDVI_doy2008049000000_aid0002,_250m_16_days_NDVI,aid0002,2008-02-18,6908686.0,-0.2,0.9971,"(-0.2,0.9971)",0.7321596,0.092351,0.0085287,0.7857,0.9106,0.7502,0.5775,0.7024
MOD13Q1_061__250m_16_days_NDVI_doy2008065000000_aid0002,_250m_16_days_NDVI,aid0002,2008-03-05,6907508.0,-0.2,0.9916,"(-0.2,0.9916)",0.7223314,0.0993788,0.0098761,0.782,0.9159,0.7443,0.5588,0.6927
MOD13Q1_061__250m_16_days_NDVI_doy2008081000000_aid0002,_250m_16_days_NDVI,aid0002,2008-03-21,6906509.0,-0.2,0.9906,"(-0.2,0.9906)",0.7191638,0.0967869,0.0093677,0.7793,0.9185,0.7416,0.5473,0.6865
MOD13Q1_061__250m_16_days_NDVI_doy2008097000000_aid0002,_250m_16_days_NDVI,aid0002,2008-04-06,6906176.0,-0.2,0.9991,"(-0.2,0.9991)",0.707832,0.0980285,0.0096096,0.7709,0.9183,0.7335,0.5252,0.6726
MOD13Q1_061__250m_16_days_NDVI_doy2008113000000_aid0002,_250m_16_days_NDVI,aid0002,2008-04-22,6905394.0,-0.2,0.9988,"(-0.2,0.9988)",0.6784195,0.1132944,0.0128356,0.7544,0.93,0.7118,0.4614,0.6372
MOD13Q1_061__250m_16_days_NDVI_doy2008129000000_aid0002,_250m_16_days_NDVI,aid0002,2008-05-08,6904364.0,-0.2,0.9954,"(-0.2,0.9954)",0.6375192,0.1219455,0.0148707,0.7212,0.9169,0.6731,0.3932,0.59
MOD13Q1_061__250m_16_days_NDVI_doy2008145000000_aid0002,_250m_16_days_NDVI,aid0002,2008-05-24,6904298.0,-0.2,0.9989,"(-0.2,0.9989)",0.6096945,0.127342,0.016216,0.7015,0.9277,0.6437,0.3245,0.5507
MOD13Q1_061__250m_16_days_NDVI_doy2008161000000_aid0002,_250m_16_days_NDVI,aid0002,2008-06-09,6905606.0,-0.2,0.9945,"(-0.2,0.9945)",0.542041,0.1291787,0.0166871,0.6409,0.8908,0.5655,0.2044,0.4663
MOD13Q1_061__250m_16_days_NDVI_doy2008177000000_aid0002,_250m_16_days_NDVI,aid0002,2008-06-25,6905304.0,-0.2,0.9866,"(-0.2,0.9866)",0.5335427,0.1325369,0.017566,0.6366,0.9161,0.5566,0.1684,0.4493
MOD13Q1_061__250m_16_days_NDVI_doy2008193000000_aid0002,_250m_16_days_NDVI,aid0002,2008-07-11,6905358.0,-0.2,0.9988,"(-0.2,0.9988)",0.5092493,0.1236662,0.0152933,0.6007,0.8496,0.5271,0.1855,0.4346
MOD13Q1_061__250m_16_days_NDVI_doy2008209000000_aid0002,_250m_16_days_NDVI,aid0002,2008-07-27,6906240.0,-0.2,0.9902,"(-0.2,0.9902)",0.5013052,0.124934,0.0156085,0.5933,0.851,0.5177,0.1638,0.4215
MOD13Q1_061__250m_16_days_NDVI_doy2008225000000_aid0002,_250m_16_days_NDVI,aid0002,2008-08-12,6904625.0,-0.2,0.8975,"(-0.2,0.8975)",0.4915027,0.1212558,0.014703,0.5777,0.8175,0.506,0.178,0.4178
MOD13Q1_061__250m_16_days_NDVI_doy2008241000000_aid0002,_250m_16_days_NDVI,aid0002,2008-08-28,6905863.0,-0.2,0.9907,"(-0.2,0.9907)",0.4685579,0.1177938,0.0138754,0.5479,0.776,0.4818,0.1677,0.3958
MOD13Q1_061__250m_16_days_NDVI_doy2008257000000_aid0002,_250m_16_days_NDVI,aid0002,2008-09-13,6905182.0,-0.2,0.8966,"(-0.2,0.8966)",0.4597521,0.1161478,0.0134903,0.5364,0.7593,0.4697,0.1649,0.3878
MOD13Q1_061__250m_16_days_NDVI_doy2008273000000_aid0002,_250m_16_days_NDVI,aid0002,2008-09-29,6905628.0,-0.2,0.9871,"(-0.2,0.9871)",0.4702234,0.116001,0.0134562,0.5468,0.7644,0.4799,0.1841,0.4017
MOD13Q1_061__250m_16_days_NDVI_doy2008289000000_aid0002,_250m_16_days_NDVI,aid0002,2008-10-15,6908017.0,-0.2,0.9966,"(-0.2,0.9966)",0.5271442,0.1368359,0.0187241,0.6266,0.8967,0.5376,0.1759,0.4463
MOD13Q1_061__250m_16_days_NDVI_doy2008305000000_aid0002,_250m_16_days_NDVI,aid0002,2008-10-31,6905183.0,-0.2,0.9968,"(-0.2,0.9968)",0.6301283,0.1277926,0.0163309,0.7235,0.9591,0.651,0.3298,0.566
MOD13Q1_061__250m_16_days_NDVI_doy2008321000000_aid0002,_250m_16_days_NDVI,aid0002,2008-11-16,6906501.0,-0.1997,0.9879,"(-0.1997,0.9879)",0.6373858,0.1284448,0.0164981,0.7303,0.9541,0.6577,0.3458,0.5765
MOD13Q1_061__250m_16_days_NDVI_doy2008337000000_aid0002,_250m_16_days_NDVI,aid0002,2008-12-02,6906438.0,-0.2,0.9993,"(-0.2,0.9993)",0.6114706,0.1280818,0.0164049,0.7021,0.9352,0.6358,0.3129,0.5464
MOD13Q1_061__250m_16_days_NDVI_doy2008353000000_aid0002,_250m_16_days_NDVI,aid0002,2008-12-18,6906296.0,-0.2,0.9833,"(-0.2,0.9833)",0.6025197,0.1355911,0.0183849,0.7045,0.9739,0.6321,0.2535,0.5241
MOD13Q1_061__250m_16_days_NDVI_doy2009001000000_aid0002,_250m_16_days_NDVI,aid0002,2009-01-01,6908611.0,-0.1997,0.9973,"(-0.1997,0.9973)",0.6341898,0.1364244,0.0186116,0.7377,0.9973,0.669,0.2742,0.5523
MOD13Q1_061__250m_16_days_NDVI_doy2009017000000_aid0002,_250m_16_days_NDVI,aid0002,2009-01-17,6907299.0,-0.2,0.9991,"(-0.2,0.9991)",0.6523681,0.1241558,0.0154147,0.7427,0.9736,0.6821,0.3572,0.5885
MOD13Q1_061__250m_16_days_NDVI_doy2009033000000_aid0002,_250m_16_days_NDVI,aid0002,2009-02-02,6907270.0,-0.2,0.9987,"(-0.2,0.9987)",0.6665411,0.1047215,0.0109666,0.7328,0.8912,0.6882,0.4688,0.6272
MOD13Q1_061__250m_16_days_NDVI_doy2009049000000_aid0002,_250m_16_days_NDVI,aid0002,2009-02-18,6908674.0,-0.2,0.9987,"(-0.2,0.9987)",0.6899264,0.1057296,0.0111787,0.7605,0.9322,0.7124,0.4743,0.646
MOD13Q1_061__250m_16_days_NDVI_doy2009065000000_aid0002,_250m_16_days_NDVI,aid0002,2009-03-06,6907506.0,-0.2,0.9973,"(-0.2,0.9973)",0.677944,0.1124438,0.0126436,0.7551,0.9491,0.7032,0.4314,0.6256
MOD13Q1_061__250m_16_days_NDVI_doy2009081000000_aid0002,_250m_16_days_NDVI,aid0002,2009-03-22,6907766.0,-0.2,0.9937,"(-0.2,0.9937)",0.6636916,0.113437,0.012868,0.745,0.9592,0.6934,0.3878,0.6021
MOD13Q1_061__250m_16_days_NDVI_doy2009097000000_aid0002,_250m_16_days_NDVI,aid0002,2009-04-07,6906304.0,-0.2,0.995,"(-0.2,0.995)",0.6335503,0.1174315,0.0137901,0.7194,0.9452,0.6648,0.3367,0.5663
MOD13Q1_061__250m_16_days_NDVI_doy2009113000000_aid0002,_250m_16_days_NDVI,aid0002,2009-04-23,6905636.0,-0.2,0.9991,"(-0.2,0.9991)",0.5988818,0.1240694,0.0153932,0.6954,0.9636,0.6299,0.2482,0.5165
MOD13Q1_061__250m_16_days_NDVI_doy2009129000000_aid0002,_250m_16_days_NDVI,aid0002,2009-05-09,6906834.0,-0.2,0.999,"(-0.2,0.999)",0.5965925,0.1299072,0.0168759,0.6947,0.9634,0.6334,0.2457,0.5151
MOD13Q1_061__250m_16_days_NDVI_doy2009145000000_aid0002,_250m_16_days_NDVI,aid0002,2009-05-25,6904751.0,-0.2,0.9825,"(-0.2,0.9825)",0.6128961,0.1299085,0.0168762,0.7054,0.9356,0.6492,0.3217,0.5519
MOD13Q1_061__250m_16_days_NDVI_doy2009161000000_aid0002,_250m_16_days_NDVI,aid0002,2009-06-10,6904852.0,-0.2,0.9735,"(-0.2,0.9735)",0.573367,0.1362785,0.0185718,0.6749,0.9259,0.609,0.2352,0.499
MOD13Q1_061__250m_16_days_NDVI_doy2009177000000_aid0002,_250m_16_days_NDVI,aid0002,2009-06-26,6905392.0,-0.2,0.9861,"(-0.2,0.9861)",0.5628281,0.1383147,0.019131,0.6717,0.943,0.5844,0.215,0.489
MOD13Q1_061__250m_16_days_NDVI_doy2009193000000_aid0002,_250m_16_days_NDVI,aid0002,2009-07-12,6904820.0,-0.2,0.9971,"(-0.2,0.9971)",0.5230752,0.1266721,0.0160458,0.6177,0.8646,0.5445,0.206,0.453
MOD13Q1_061__250m_16_days_NDVI_doy2009209000000_aid0002,_250m_16_days_NDVI,aid0002,2009-07-28,6903840.0,-0.2,0.9037,"(-0.2,0.9037)",0.4936419,0.1326452,0.0175948,0.5914,0.8534,0.5004,0.1527,0.4159
MOD13Q1_061__250m_16_days_NDVI_doy2009225000000_aid0002,_250m_16_days_NDVI,aid0002,2009-08-13,6904104.0,-0.2,0.9975,"(-0.2,0.9975)",0.4680119,0.1304697,0.0170223,0.5618,0.8219,0.4649,0.1283,0.3884
MOD13Q1_061__250m_16_days_NDVI_doy2009241000000_aid0002,_250m_16_days_NDVI,aid0002,2009-08-29,6904372.0,-0.2,0.9929,"(-0.2,0.9929)",0.4612692,0.1338484,0.0179154,0.5555,0.8198,0.4532,0.115,0.3793
MOD13Q1_061__250m_16_days_NDVI_doy2009257000000_aid0002,_250m_16_days_NDVI,aid0002,2009-09-14,6904801.0,-0.2,0.9885,"(-0.2,0.9885)",0.4607704,0.1384567,0.0191703,0.5615,0.8481,0.4518,0.0839,0.3704
MOD13Q1_061__250m_16_days_NDVI_doy2009273000000_aid0002,_250m_16_days_NDVI,aid0002,2009-09-30,6904435.0,-0.2,0.9827,"(-0.2,0.9827)",0.4577784,0.1314121,0.0172691,0.5511,0.8152,0.4505,0.1109,0.375
MOD13Q1_061__250m_16_days_NDVI_doy2009289000000_aid0002,_250m_16_days_NDVI,aid0002,2009-10-16,6904166.0,-0.2,0.9802,"(-0.2,0.9802)",0.4870212,0.1428863,0.0204165,0.5916,0.8801,0.4719,0.1106,0.3992
MOD13Q1_061__250m_16_days_NDVI_doy2009305000000_aid0002,_250m_16_days_NDVI,aid0002,2009-11-01,6903241.0,-0.2,0.9977,"(-0.2,0.9977)",0.5032555,0.1450797,0.0210481,0.61,0.9129,0.5018,0.1048,0.4079
MOD13Q1_061__250m_16_days_NDVI_doy2009321000000_aid0002,_250m_16_days_NDVI,aid0002,2009-11-17,6905990.0,-0.2,0.9992,"(-0.2,0.9992)",0.5504471,0.1525921,0.0232843,0.6665,0.9909,0.5612,0.1233,0.4492
MOD13Q1_061__250m_16_days_NDVI_doy2009337000000_aid0002,_250m_16_days_NDVI,aid0002,2009-12-03,6903982.0,-0.2,0.9981,"(-0.2,0.9981)",0.6574431,0.1315144,0.017296,0.7472,0.9602,0.6879,0.391,0.6047
MOD13Q1_061__250m_16_days_NDVI_doy2009353000000_aid0002,_250m_16_days_NDVI,aid0002,2009-12-19,6904345.0,-0.1998,0.9993,"(-0.1998,0.9993)",0.6703119,0.1311037,0.0171882,0.7611,0.9822,0.7021,0.3926,0.6137
MOD13Q1_061__250m_16_days_NDVI_doy2010001000000_aid0002,_250m_16_days_NDVI,aid0002,2010-01-01,6904090.0,-0.2,0.9995,"(-0.2,0.9995)",0.6812642,0.1177367,0.0138619,0.755,0.9276,0.7043,0.4673,0.6399
MOD13Q1_061__250m_16_days_NDVI_doy2010017000000_aid0002,_250m_16_days_NDVI,aid0002,2010-01-17,6901183.0,-0.2,0.9983,"(-0.2,0.9983)",0.6875295,0.1099999,0.0121,0.7616,0.9418,0.7109,0.4609,0.6413
MOD13Q1_061__250m_16_days_NDVI_doy2010033000000_aid0002,_250m_16_days_NDVI,aid0002,2010-02-02,6901988.0,-0.2,0.9985,"(-0.2,0.9985)",0.6458251,0.117653,0.0138422,0.7253,0.9344,0.6693,0.3768,0.5859
MOD13Q1_061__250m_16_days_NDVI_doy2010049000000_aid0002,_250m_16_days_NDVI,aid0002,2010-02-18,6902837.0,-0.2,0.999,"(-0.2,0.999)",0.6978686,0.0979014,0.0095847,0.7569,0.9067,0.7111,0.5072,0.657
MOD13Q1_061__250m_16_days_NDVI_doy2010065000000_aid0002,_250m_16_days_NDVI,aid0002,2010-03-06,6905218.0,-0.2,0.9965,"(-0.2,0.9965)",0.7235782,0.0903769,0.008168,0.7784,0.9179,0.735,0.5459,0.6854
MOD13Q1_061__250m_16_days_NDVI_doy2010081000000_aid0002,_250m_16_days_NDVI,aid0002,2010-03-22,6903709.0,-0.2,0.9972,"(-0.2,0.9972)",0.7158717,0.0971159,0.0094315,0.7775,0.9303,0.7276,0.5228,0.6756
MOD13Q1_061__250m_16_days_NDVI_doy2010097000000_aid0002,_250m_16_days_NDVI,aid0002,2010-04-07,6902572.0,-0.2,0.9905,"(-0.2,0.9905)",0.6855365,0.0959754,0.0092113,0.7443,0.8847,0.7026,0.5103,0.6507
MOD13Q1_061__250m_16_days_NDVI_doy2010113000000_aid0002,_250m_16_days_NDVI,aid0002,2010-04-23,6901442.0,-0.2,0.9978,"(-0.2,0.9978)",0.6699357,0.1013957,0.0102811,0.734,0.8835,0.6905,0.4848,0.6343
MOD13Q1_061__250m_16_days_NDVI_doy2010129000000_aid0002,_250m_16_days_NDVI,aid0002,2010-05-09,6901500.0,-0.2,0.9902,"(-0.2,0.9902)",0.6599322,0.1065356,0.0113498,0.7239,0.8646,0.6843,0.4894,0.6301
MOD13Q1_061__250m_16_days_NDVI_doy2010145000000_aid0002,_250m_16_days_NDVI,aid0002,2010-05-25,6902310.0,-0.2,0.9975,"(-0.2,0.9975)",0.6573375,0.1048951,0.011003,0.7234,0.8735,0.6793,0.4732,0.6233
MOD13Q1_061__250m_16_days_NDVI_doy2010161000000_aid0002,_250m_16_days_NDVI,aid0002,2010-06-10,6911272.0,-0.2,0.9991,"(-0.2,0.9991)",0.5318593,0.1588621,0.0252372,0.6581,0.9991,0.5684,0.0674,0.4218
MOD13Q1_061__250m_16_days_NDVI_doy2010177000000_aid0002,_250m_16_days_NDVI,aid0002,2010-06-26,6904797.0,-0.2,0.9353,"(-0.2,0.9353)",0.6116318,0.1111553,0.0123555,0.6898,0.8828,0.6313,0.3673,0.5608
MOD13Q1_061__250m_16_days_NDVI_doy2010193000000_aid0002,_250m_16_days_NDVI,aid0002,2010-07-12,6904129.0,-0.2,0.9567,"(-0.2,0.9567)",0.5693816,0.1101934,0.0121426,0.6493,0.8584,0.5801,0.3008,0.5099
MOD13Q1_061__250m_16_days_NDVI_doy2010209000000_aid0002,_250m_16_days_NDVI,aid0002,2010-07-28,6904358.0,-0.2,0.9562,"(-0.2,0.9562)",0.5270607,0.1110151,0.0123243,0.6077,0.825,0.533,0.2455,0.4628
MOD13Q1_061__250m_16_days_NDVI_doy2010225000000_aid0002,_250m_16_days_NDVI,aid0002,2010-08-13,6909203.0,-0.2,0.9447,"(-0.2,0.9447)",0.4872045,0.111509,0.0124343,0.5662,0.7915,0.4902,0.1907,0.416
MOD13Q1_061__250m_16_days_NDVI_doy2010241000000_aid0002,_250m_16_days_NDVI,aid0002,2010-08-29,6904958.0,-0.2,0.8948,"(-0.2,0.8948)",0.4943842,0.1106138,0.0122354,0.5699,0.785,0.4955,0.2114,0.4265
MOD13Q1_061__250m_16_days_NDVI_doy2010257000000_aid0002,_250m_16_days_NDVI,aid0002,2010-09-14,6907386.0,-0.2,0.986,"(-0.2,0.986)",0.5074724,0.1221608,0.0149233,0.59,0.8264,0.4997,0.196,0.4324
MOD13Q1_061__250m_16_days_NDVI_doy2010273000000_aid0002,_250m_16_days_NDVI,aid0002,2010-09-30,6907058.0,-0.2,0.9944,"(-0.2,0.9944)",0.523182,0.128489,0.0165094,0.6145,0.871,0.5156,0.187,0.4435
MOD13Q1_061__250m_16_days_NDVI_doy2010289000000_aid0002,_250m_16_days_NDVI,aid0002,2010-10-16,6906576.0,-0.2,0.9819,"(-0.2,0.9819)",0.5522062,0.1339914,0.0179537,0.6486,0.9197,0.5568,0.1849,0.4631
MOD13Q1_061__250m_16_days_NDVI_doy2010305000000_aid0002,_250m_16_days_NDVI,aid0002,2010-11-01,6906601.0,-0.2,0.9192,"(-0.2,0.9192)",0.5439735,0.1359202,0.0184743,0.6411,0.9123,0.5564,0.1796,0.4565
MOD13Q1_061__250m_16_days_NDVI_doy2010321000000_aid0002,_250m_16_days_NDVI,aid0002,2010-11-17,6906469.0,-0.2,0.9745,"(-0.2,0.9745)",0.5719901,0.1375696,0.0189254,0.6722,0.9545,0.5864,0.201,0.4837
MOD13Q1_061__250m_16_days_NDVI_doy2010337000000_aid0002,_250m_16_days_NDVI,aid0002,2010-12-03,6905574.0,-0.2,0.9931,"(-0.2,0.9931)",0.6134712,0.1405231,0.0197467,0.7127,0.9587,0.646,0.2982,0.5469
MOD13Q1_061__250m_16_days_NDVI_doy2010353000000_aid0002,_250m_16_days_NDVI,aid0002,2010-12-19,6906230.0,-0.2,0.9992,"(-0.2,0.9992)",0.6086735,0.1400357,0.01961,0.7076,0.9665,0.6394,0.2749,0.5345
MOD13Q1_061__250m_16_days_NDVI_doy2011001000000_aid0002,_250m_16_days_NDVI,aid0002,2011-01-01,6906612.0,-0.2,0.9991,"(-0.2,0.9991)",0.6662104,0.1225981,0.0150303,0.7504,0.9541,0.6926,0.4109,0.6146
MOD13Q1_061__250m_16_days_NDVI_doy2011017000000_aid0002,_250m_16_days_NDVI,aid0002,2011-01-17,6907563.0,-0.2,0.9955,"(-0.2,0.9955)",0.67632,0.1127093,0.0127034,0.7512,0.9316,0.699,0.4505,0.6309
MOD13Q1_061__250m_16_days_NDVI_doy2011033000000_aid0002,_250m_16_days_NDVI,aid0002,2011-02-02,6907091.0,-0.2,0.9995,"(-0.2,0.9995)",0.7145752,0.1059063,0.0112161,0.7805,0.9398,0.7329,0.515,0.6743
MOD13Q1_061__250m_16_days_NDVI_doy2011049000000_aid0002,_250m_16_days_NDVI,aid0002,2011-02-18,6907061.0,-0.2,0.9994,"(-0.2,0.9994)",0.7458071,0.0931582,0.0086785,0.7988,0.923,0.7624,0.5918,0.716
MOD13Q1_061__250m_16_days_NDVI_doy2011065000000_aid0002,_250m_16_days_NDVI,aid0002,2011-03-06,6905452.0,-0.2,0.9967,"(-0.2,0.9967)",0.7455083,0.0816999,0.0066749,0.7932,0.9136,0.7559,0.5925,0.7129
MOD13Q1_061__250m_16_days_NDVI_doy2011081000000_aid0002,_250m_16_days_NDVI,aid0002,2011-03-22,6905627.0,-0.2,0.9978,"(-0.2,0.9978)",0.7417882,0.0762246,0.0058102,0.7854,0.8949,0.7525,0.6029,0.7124
MOD13Q1_061__250m_16_days_NDVI_doy2011097000000_aid0002,_250m_16_days_NDVI,aid0002,2011-04-07,6906537.0,-0.2,0.9977,"(-0.2,0.9977)",0.7122012,0.0865965,0.007499,0.7675,0.904,0.7258,0.54,0.6765
MOD13Q1_061__250m_16_days_NDVI_doy2011113000000_aid0002,_250m_16_days_NDVI,aid0002,2011-04-23,6905112.0,-0.2,0.9946,"(-0.2,0.9946)",0.7075601,0.0930798,0.0086638,0.7655,0.8981,0.7258,0.5445,0.6771
MOD13Q1_061__250m_16_days_NDVI_doy2011129000000_aid0002,_250m_16_days_NDVI,aid0002,2011-05-09,6905210.0,-0.2,0.9988,"(-0.2,0.9988)",0.6907558,0.1003171,0.0100635,0.7537,0.8926,0.7109,0.5222,0.6611
MOD13Q1_061__250m_16_days_NDVI_doy2011145000000_aid0002,_250m_16_days_NDVI,aid0002,2011-05-25,6905753.0,-0.2,0.9991,"(-0.2,0.9991)",0.6649373,0.1198744,0.0143699,0.7406,0.9062,0.6956,0.4646,0.6302
MOD13Q1_061__250m_16_days_NDVI_doy2011161000000_aid0002,_250m_16_days_NDVI,aid0002,2011-06-10,6909271.0,-0.2,0.9965,"(-0.2,0.9965)",0.65142,0.106452,0.011332,0.7215,0.8874,0.674,0.445,0.6109
MOD13Q1_061__250m_16_days_NDVI_doy2011177000000_aid0002,_250m_16_days_NDVI,aid0002,2011-06-26,6906261.0,-0.2,0.9876,"(-0.2,0.9876)",0.5959363,0.1119865,0.012541,0.6747,0.8727,0.6206,0.3447,0.5427
MOD13Q1_061__250m_16_days_NDVI_doy2011193000000_aid0002,_250m_16_days_NDVI,aid0002,2011-07-12,6905066.0,-0.2,0.9851,"(-0.2,0.9851)",0.5392536,0.1109102,0.0123011,0.6165,0.8233,0.5555,0.2718,0.4786
MOD13Q1_061__250m_16_days_NDVI_doy2011209000000_aid0002,_250m_16_days_NDVI,aid0002,2011-07-28,6903513.0,-0.2,0.9904,"(-0.2,0.9904)",0.5340843,0.11167,0.0124702,0.6129,0.8193,0.5454,0.2689,0.4753
MOD13Q1_061__250m_16_days_NDVI_doy2011225000000_aid0002,_250m_16_days_NDVI,aid0002,2011-08-13,6905178.0,-0.2,0.9865,"(-0.2,0.9865)",0.5052463,0.1135538,0.0128945,0.5859,0.8026,0.5089,0.2247,0.4414
MOD13Q1_061__250m_16_days_NDVI_doy2011241000000_aid0002,_250m_16_days_NDVI,aid0002,2011-08-29,6904947.0,-0.2,0.9,"(-0.2,0.9)",0.4733926,0.1140905,0.0130166,0.5495,0.7682,0.4737,0.185,0.4037
MOD13Q1_061__250m_16_days_NDVI_doy2011257000000_aid0002,_250m_16_days_NDVI,aid0002,2011-09-14,6904541.0,-0.2,0.8838,"(-0.2,0.8838)",0.5065521,0.1154277,0.0133236,0.5863,0.8047,0.5013,0.2223,0.4407
MOD13Q1_061__250m_16_days_NDVI_doy2011273000000_aid0002,_250m_16_days_NDVI,aid0002,2011-09-30,6905720.0,-0.2,0.9965,"(-0.2,0.9965)",0.544392,0.1343452,0.0180486,0.6409,0.9056,0.5511,0.1859,0.4589
MOD13Q1_061__250m_16_days_NDVI_doy2011289000000_aid0002,_250m_16_days_NDVI,aid0002,2011-10-16,6905757.0,-0.2,0.9751,"(-0.2,0.9751)",0.5574421,0.1452372,0.0210938,0.6664,0.9701,0.5669,0.1549,0.4618
MOD13Q1_061__250m_16_days_NDVI_doy2011305000000_aid0002,_250m_16_days_NDVI,aid0002,2011-11-01,6905486.0,-0.2,0.9987,"(-0.2,0.9987)",0.5763857,0.138172,0.0190915,0.6723,0.9415,0.5949,0.2226,0.4924
MOD13Q1_061__250m_16_days_NDVI_doy2011321000000_aid0002,_250m_16_days_NDVI,aid0002,2011-11-17,6905002.0,-0.1994,0.9987,"(-0.1994,0.9987)",0.6401379,0.134383,0.0180588,0.7371,0.9795,0.6681,0.3289,0.5738
MOD13Q1_061__250m_16_days_NDVI_doy2011337000000_aid0002,_250m_16_days_NDVI,aid0002,2011-12-03,6905997.0,-0.2,0.9977,"(-0.2,0.9977)",0.662442,0.123738,0.0153111,0.7439,0.9309,0.691,0.4322,0.6192
MOD13Q1_061__250m_16_days_NDVI_doy2011353000000_aid0002,_250m_16_days_NDVI,aid0002,2011-12-19,6906534.0,-0.2,0.997,"(-0.2,0.997)",0.6311736,0.126454,0.0159906,0.7204,0.9408,0.6585,0.3524,0.5732
MOD13Q1_061__250m_16_days_NDVI_doy2012001000000_aid0002,_250m_16_days_NDVI,aid0002,2012-01-01,6907831.0,-0.2,0.997,"(-0.2,0.997)",0.6172781,0.1279569,0.016373,0.7073,0.9377,0.6434,0.3198,0.5523
MOD13Q1_061__250m_16_days_NDVI_doy2012017000000_aid0002,_250m_16_days_NDVI,aid0002,2012-01-17,6906907.0,-0.2,0.9978,"(-0.2,0.9978)",0.6544049,0.1239149,0.0153549,0.7443,0.9747,0.6865,0.3566,0.5892
MOD13Q1_061__250m_16_days_NDVI_doy2012033000000_aid0002,_250m_16_days_NDVI,aid0002,2012-02-02,6906673.0,-0.2,0.9956,"(-0.2,0.9956)",0.698868,0.1012718,0.010256,0.7677,0.9397,0.7178,0.4805,0.6528
MOD13Q1_061__250m_16_days_NDVI_doy2012049000000_aid0002,_250m_16_days_NDVI,aid0002,2012-02-18,6908766.0,-0.2,0.9981,"(-0.2,0.9981)",0.697974,0.1066646,0.0113773,0.7697,0.9484,0.7175,0.4717,0.6505
MOD13Q1_061__250m_16_days_NDVI_doy2012065000000_aid0002,_250m_16_days_NDVI,aid0002,2012-03-05,6907402.0,-0.2,0.9924,"(-0.2,0.9924)",0.6800179,0.1038101,0.0107765,0.7498,0.9284,0.6984,0.4521,0.6307
MOD13Q1_061__250m_16_days_NDVI_doy2012081000000_aid0002,_250m_16_days_NDVI,aid0002,2012-03-21,6906446.0,-0.2,0.9947,"(-0.2,0.9947)",0.6787336,0.1032842,0.0106676,0.7505,0.9274,0.7025,0.4555,0.6325
MOD13Q1_061__250m_16_days_NDVI_doy2012097000000_aid0002,_250m_16_days_NDVI,aid0002,2012-04-06,6906361.0,-0.2,0.9992,"(-0.2,0.9992)",0.6988705,0.1065631,0.0113557,0.7686,0.9259,0.7264,0.5064,0.6637
MOD13Q1_061__250m_16_days_NDVI_doy2012113000000_aid0002,_250m_16_days_NDVI,aid0002,2012-04-22,6906990.0,-0.2,0.9903,"(-0.2,0.9903)",0.7114841,0.1051328,0.0110529,0.7791,0.9294,0.7407,0.5279,0.6786
MOD13Q1_061__250m_16_days_NDVI_doy2012129000000_aid0002,_250m_16_days_NDVI,aid0002,2012-05-08,6905565.0,-0.2,0.9987,"(-0.2,0.9987)",0.6856646,0.1104305,0.0121949,0.7596,0.9276,0.7124,0.4764,0.6463
MOD13Q1_061__250m_16_days_NDVI_doy2012145000000_aid0002,_250m_16_days_NDVI,aid0002,2012-05-24,6906866.0,-0.2,0.9987,"(-0.2,0.9987)",0.6982534,0.1140559,0.0130088,0.7736,0.9447,0.7258,0.4884,0.6595
MOD13Q1_061__250m_16_days_NDVI_doy2012161000000_aid0002,_250m_16_days_NDVI,aid0002,2012-06-09,6905011.0,-0.2,0.9952,"(-0.2,0.9952)",0.6482955,0.1280274,0.016391,0.7422,0.9703,0.683,0.354,0.5869
MOD13Q1_061__250m_16_days_NDVI_doy2012177000000_aid0002,_250m_16_days_NDVI,aid0002,2012-06-25,6903488.0,-0.2,0.9965,"(-0.2,0.9965)",0.635502,0.130346,0.0169901,0.7335,0.9776,0.668,0.3173,0.567
MOD13Q1_061__250m_16_days_NDVI_doy2012193000000_aid0002,_250m_16_days_NDVI,aid0002,2012-07-11,6904186.0,-0.2,0.9147,"(-0.2,0.9147)",0.601372,0.1320438,0.0174356,0.7037,0.9147,0.6293,0.26,0.5262
MOD13Q1_061__250m_16_days_NDVI_doy2012209000000_aid0002,_250m_16_days_NDVI,aid0002,2012-07-27,6906111.0,-0.2,0.9992,"(-0.2,0.9992)",0.5487054,0.1294844,0.0167662,0.653,0.9237,0.5636,0.1858,0.4661
MOD13Q1_061__250m_16_days_NDVI_doy2012225000000_aid0002,_250m_16_days_NDVI,aid0002,2012-08-12,6906894.0,-0.2,0.96,"(-0.2,0.96)",0.5337095,0.1092921,0.0119448,0.6132,0.8218,0.54,0.2655,0.4741
MOD13Q1_061__250m_16_days_NDVI_doy2012241000000_aid0002,_250m_16_days_NDVI,aid0002,2012-08-28,6907261.0,-0.2,0.9327,"(-0.2,0.9327)",0.5405664,0.1168891,0.0136631,0.6302,0.8721,0.5437,0.227,0.4689
MOD13Q1_061__250m_16_days_NDVI_doy2012257000000_aid0002,_250m_16_days_NDVI,aid0002,2012-09-13,6908046.0,-0.2,0.9726,"(-0.2,0.9726)",0.5333313,0.1184833,0.0140383,0.6188,0.8597,0.536,0.2173,0.4582
MOD13Q1_061__250m_16_days_NDVI_doy2012273000000_aid0002,_250m_16_days_NDVI,aid0002,2012-09-29,6906831.0,-0.2,0.9795,"(-0.2,0.9795)",0.5284046,0.1158509,0.0134214,0.6091,0.8365,0.5309,0.2301,0.4575
MOD13Q1_061__250m_16_days_NDVI_doy2012289000000_aid0002,_250m_16_days_NDVI,aid0002,2012-10-15,6906236.0,-0.1997,0.9976,"(-0.1997,0.9976)",0.5514462,0.1303068,0.0169799,0.6451,0.9109,0.553,0.2006,0.4673
MOD13Q1_061__250m_16_days_NDVI_doy2012305000000_aid0002,_250m_16_days_NDVI,aid0002,2012-10-31,6906212.0,-0.2,0.9992,"(-0.2,0.9992)",0.6102657,0.134691,0.0181417,0.7075,0.9679,0.6245,0.2725,0.5335
MOD13Q1_061__250m_16_days_NDVI_doy2012321000000_aid0002,_250m_16_days_NDVI,aid0002,2012-11-16,6906622.0,-0.2,0.9988,"(-0.2,0.9988)",0.6192291,0.1335174,0.0178269,0.7158,0.9718,0.6428,0.2891,0.5451
MOD13Q1_061__250m_16_days_NDVI_doy2012337000000_aid0002,_250m_16_days_NDVI,aid0002,2012-12-02,6908305.0,-0.2,0.9993,"(-0.2,0.9993)",0.6326889,0.1309104,0.0171375,0.7213,0.9403,0.653,0.3563,0.5753
MOD13Q1_061__250m_16_days_NDVI_doy2012353000000_aid0002,_250m_16_days_NDVI,aid0002,2012-12-18,6908323.0,-0.2,0.9994,"(-0.2,0.9994)",0.652051,0.1314749,0.0172856,0.7418,0.958,0.6771,0.3811,0.5975
MOD13Q1_061__250m_16_days_NDVI_doy2013001000000_aid0002,_250m_16_days_NDVI,aid0002,2013-01-01,6906415.0,-0.2,0.9962,"(-0.2,0.9962)",0.6361111,0.1282987,0.0164606,0.7227,0.9339,0.6626,0.369,0.5812
MOD13Q1_061__250m_16_days_NDVI_doy2013017000000_aid0002,_250m_16_days_NDVI,aid0002,2013-01-17,6907917.0,-0.2,0.9964,"(-0.2,0.9964)",0.6008404,0.1250336,0.0156334,0.6889,0.9204,0.6196,0.3029,0.5345
MOD13Q1_061__250m_16_days_NDVI_doy2013033000000_aid0002,_250m_16_days_NDVI,aid0002,2013-02-02,6907229.0,-0.2,0.9869,"(-0.2,0.9869)",0.5982495,0.1191368,0.0141936,0.6819,0.9116,0.6179,0.2989,0.5287
MOD13Q1_061__250m_16_days_NDVI_doy2013049000000_aid0002,_250m_16_days_NDVI,aid0002,2013-02-18,6906169.0,-0.2,0.9988,"(-0.2,0.9988)",0.6489952,0.1095987,0.0120119,0.7198,0.9067,0.6636,0.4083,0.5952
MOD13Q1_061__250m_16_days_NDVI_doy2013065000000_aid0002,_250m_16_days_NDVI,aid0002,2013-03-06,6905491.0,-0.2,0.9977,"(-0.2,0.9977)",0.6732271,0.1100978,0.0121215,0.7458,0.9327,0.6925,0.4343,0.6212
MOD13Q1_061__250m_16_days_NDVI_doy2013081000000_aid0002,_250m_16_days_NDVI,aid0002,2013-03-22,6905326.0,-0.2,0.998,"(-0.2,0.998)",0.6694341,0.1060645,0.0112497,0.7395,0.9162,0.6881,0.445,0.6217
MOD13Q1_061__250m_16_days_NDVI_doy2013097000000_aid0002,_250m_16_days_NDVI,aid0002,2013-04-07,6903887.0,-0.2,0.9917,"(-0.2,0.9917)",0.6687889,0.1075701,0.0115713,0.7402,0.9167,0.6879,0.446,0.6225
MOD13Q1_061__250m_16_days_NDVI_doy2013113000000_aid0002,_250m_16_days_NDVI,aid0002,2013-04-23,6905131.0,-0.2,0.9988,"(-0.2,0.9988)",0.6391967,0.1204742,0.014514,0.7224,0.9299,0.662,0.3754,0.5836
MOD13Q1_061__250m_16_days_NDVI_doy2013129000000_aid0002,_250m_16_days_NDVI,aid0002,2013-05-09,6907402.0,-0.2,0.9991,"(-0.2,0.9991)",0.6301244,0.1311706,0.0172057,0.7248,0.9593,0.6571,0.3338,0.5684
MOD13Q1_061__250m_16_days_NDVI_doy2013145000000_aid0002,_250m_16_days_NDVI,aid0002,2013-05-25,6904835.0,-0.2,0.9897,"(-0.2,0.9897)",0.620863,0.1305009,0.0170305,0.7135,0.935,0.6456,0.344,0.5657
MOD13Q1_061__250m_16_days_NDVI_doy2013161000000_aid0002,_250m_16_days_NDVI,aid0002,2013-06-10,6908701.0,-0.2,0.9992,"(-0.2,0.9992)",0.5911286,0.1623868,0.0263695,0.7062,0.9816,0.6325,0.2472,0.5226
MOD13Q1_061__250m_16_days_NDVI_doy2013177000000_aid0002,_250m_16_days_NDVI,aid0002,2013-06-26,6901388.0,-0.2,0.9559,"(-0.2,0.9559)",0.6166033,0.124597,0.0155244,0.7051,0.9171,0.6402,0.3501,0.5631
MOD13Q1_061__250m_16_days_NDVI_doy2013193000000_aid0002,_250m_16_days_NDVI,aid0002,2013-07-12,6902892.0,-0.2,0.9909,"(-0.2,0.9909)",0.5840153,0.1277186,0.016312,0.6805,0.935,0.597,0.2515,0.5089
MOD13Q1_061__250m_16_days_NDVI_doy2013209000000_aid0002,_250m_16_days_NDVI,aid0002,2013-07-28,6904346.0,-0.2,0.8933,"(-0.2,0.8933)",0.5195518,0.1248206,0.0155802,0.6061,0.8453,0.5258,0.2074,0.4466
MOD13Q1_061__250m_16_days_NDVI_doy2013225000000_aid0002,_250m_16_days_NDVI,aid0002,2013-08-13,6904589.0,-0.2,0.9737,"(-0.2,0.9737)",0.4722972,0.1220613,0.014899,0.5559,0.7959,0.4693,0.1559,0.3959
MOD13Q1_061__250m_16_days_NDVI_doy2013241000000_aid0002,_250m_16_days_NDVI,aid0002,2013-08-29,6904982.0,-0.2,0.8628,"(-0.2,0.8628)",0.4406417,0.1137876,0.0129476,0.5199,0.7507,0.4342,0.1352,0.366
MOD13Q1_061__250m_16_days_NDVI_doy2013257000000_aid0002,_250m_16_days_NDVI,aid0002,2013-09-14,6904797.0,-0.2,0.9974,"(-0.2,0.9974)",0.4400622,0.1172179,0.01374,0.5216,0.7593,0.431,0.1254,0.3631
MOD13Q1_061__250m_16_days_NDVI_doy2013273000000_aid0002,_250m_16_days_NDVI,aid0002,2013-09-30,6905798.0,-0.2,0.8948,"(-0.2,0.8948)",0.4413224,0.1263902,0.0159745,0.5343,0.8017,0.4253,0.0886,0.356
MOD13Q1_061__250m_16_days_NDVI_doy2013289000000_aid0002,_250m_16_days_NDVI,aid0002,2013-10-16,6905599.0,-0.2,0.9564,"(-0.2,0.9564)",0.5744189,0.1406771,0.01979,0.6815,0.9564,0.5909,0.1908,0.4852
MOD13Q1_061__250m_16_days_NDVI_doy2013305000000_aid0002,_250m_16_days_NDVI,aid0002,2013-11-01,6905845.0,-0.2,0.9718,"(-0.2,0.9718)",0.612821,0.1420606,0.0201812,0.7185,0.9718,0.6367,0.2458,0.5294
MOD13Q1_061__250m_16_days_NDVI_doy2013321000000_aid0002,_250m_16_days_NDVI,aid0002,2013-11-17,6906762.0,-0.2,0.9976,"(-0.2,0.9976)",0.6273971,0.1477756,0.0218376,0.7362,0.9976,0.6551,0.2602,0.5458
MOD13Q1_061__250m_16_days_NDVI_doy2013337000000_aid0002,_250m_16_days_NDVI,aid0002,2013-12-03,6906985.0,-0.2,0.9973,"(-0.2,0.9973)",0.6553087,0.1456805,0.0212228,0.7623,0.9973,0.6906,0.2893,0.5731
MOD13Q1_061__250m_16_days_NDVI_doy2013353000000_aid0002,_250m_16_days_NDVI,aid0002,2013-12-19,6906627.0,-0.2,0.9985,"(-0.2,0.9985)",0.6246411,0.1366308,0.018668,0.7232,0.9752,0.6449,0.3025,0.5549
MOD13Q1_061__250m_16_days_NDVI_doy2014001000000_aid0002,_250m_16_days_NDVI,aid0002,2014-01-01,6906657.0,-0.2,0.9983,"(-0.2,0.9983)",0.6536949,0.1242051,0.0154269,0.7371,0.9393,0.6757,0.3999,0.6022
MOD13Q1_061__250m_16_days_NDVI_doy2014017000000_aid0002,_250m_16_days_NDVI,aid0002,2014-01-17,6906488.0,-0.2,0.9988,"(-0.2,0.9988)",0.6715648,0.109225,0.0119301,0.7459,0.9292,0.6883,0.4404,0.6237
MOD13Q1_061__250m_16_days_NDVI_doy2014033000000_aid0002,_250m_16_days_NDVI,aid0002,2014-02-02,6907271.0,-0.2,0.9939,"(-0.2,0.9939)",0.6476038,0.1125349,0.0126641,0.726,0.935,0.6656,0.3775,0.5866
MOD13Q1_061__250m_16_days_NDVI_doy2014049000000_aid0002,_250m_16_days_NDVI,aid0002,2014-02-18,6906271.0,-0.2,0.9989,"(-0.2,0.9989)",0.7013771,0.0974272,0.0094921,0.7623,0.9234,0.712,0.4938,0.6549
MOD13Q1_061__250m_16_days_NDVI_doy2014065000000_aid0002,_250m_16_days_NDVI,aid0002,2014-03-06,6907142.0,-0.2,0.9989,"(-0.2,0.9989)",0.6988613,0.0962462,0.0092633,0.7592,0.921,0.7071,0.4895,0.6513
MOD13Q1_061__250m_16_days_NDVI_doy2014081000000_aid0002,_250m_16_days_NDVI,aid0002,2014-03-22,6906205.0,-0.2,0.9996,"(-0.2,0.9996)",0.7265649,0.0884091,0.0078162,0.7807,0.9208,0.7372,0.5472,0.6873
MOD13Q1_061__250m_16_days_NDVI_doy2014097000000_aid0002,_250m_16_days_NDVI,aid0002,2014-04-07,6905486.0,-0.1998,0.9934,"(-0.1998,0.9934)",0.7148748,0.0892043,0.0079574,0.7712,0.9083,0.7302,0.5427,0.6798
MOD13Q1_061__250m_16_days_NDVI_doy2014113000000_aid0002,_250m_16_days_NDVI,aid0002,2014-04-23,6905108.0,-0.2,0.9988,"(-0.2,0.9988)",0.7016244,0.1075947,0.0115766,0.7703,0.9275,0.7252,0.5081,0.6654
MOD13Q1_061__250m_16_days_NDVI_doy2014129000000_aid0002,_250m_16_days_NDVI,aid0002,2014-05-09,6904940.0,-0.2,0.9992,"(-0.2,0.9992)",0.6850025,0.1164682,0.0135648,0.7533,0.8931,0.7121,0.5203,0.6601
MOD13Q1_061__250m_16_days_NDVI_doy2014145000000_aid0002,_250m_16_days_NDVI,aid0002,2014-05-25,6904716.0,-0.2,0.9956,"(-0.2,0.9956)",0.6847646,0.0894687,0.0080047,0.7418,0.8762,0.7011,0.5178,0.6522
MOD13Q1_061__250m_16_days_NDVI_doy2014161000000_aid0002,_250m_16_days_NDVI,aid0002,2014-06-10,6904188.0,-0.2,0.9992,"(-0.2,0.9992)",0.6361525,0.1365943,0.018658,0.7271,0.9288,0.6755,0.3909,0.5926
MOD13Q1_061__250m_16_days_NDVI_doy2014177000000_aid0002,_250m_16_days_NDVI,aid0002,2014-06-26,6901548.0,-0.2,0.9992,"(-0.2,0.9992)",0.6761444,0.1013097,0.0102636,0.7446,0.9087,0.6942,0.4711,0.6352
MOD13Q1_061__250m_16_days_NDVI_doy2014193000000_aid0002,_250m_16_days_NDVI,aid0002,2014-07-12,6901694.0,-0.2,0.9888,"(-0.2,0.9888)",0.654061,0.10516,0.0110586,0.7298,0.9205,0.6704,0.4106,0.6021
MOD13Q1_061__250m_16_days_NDVI_doy2014209000000_aid0002,_250m_16_days_NDVI,aid0002,2014-07-28,6903342.0,-0.2,0.9325,"(-0.2,0.9325)",0.5972808,0.1146738,0.0131501,0.6862,0.906,0.61,0.3055,0.5339
MOD13Q1_061__250m_16_days_NDVI_doy2014225000000_aid0002,_250m_16_days_NDVI,aid0002,2014-08-13,6904016.0,-0.2,0.9243,"(-0.2,0.9243)",0.5716864,0.1201667,0.01444,0.6681,0.9243,0.577,0.2396,0.4967
MOD13Q1_061__250m_16_days_NDVI_doy2014241000000_aid0002,_250m_16_days_NDVI,aid0002,2014-08-29,6906586.0,-0.2,0.9952,"(-0.2,0.9952)",0.555515,0.1221424,0.0149188,0.6529,0.9038,0.5575,0.2049,0.4737
MOD13Q1_061__250m_16_days_NDVI_doy2014257000000_aid0002,_250m_16_days_NDVI,aid0002,2014-09-14,6904990.0,-0.2,0.9852,"(-0.2,0.9852)",0.559005,0.1284233,0.0164925,0.6616,0.9451,0.5604,0.1886,0.4724
MOD13Q1_061__250m_16_days_NDVI_doy2014273000000_aid0002,_250m_16_days_NDVI,aid0002,2014-09-30,6907395.0,-0.2,0.9984,"(-0.2,0.9984)",0.5548162,0.1322534,0.017491,0.6552,0.9385,0.5564,0.182,0.4659
MOD13Q1_061__250m_16_days_NDVI_doy2014289000000_aid0002,_250m_16_days_NDVI,aid0002,2014-10-16,6906057.0,-0.2,0.9691,"(-0.2,0.9691)",0.5256206,0.1249578,0.0156145,0.6132,0.8634,0.5309,0.1962,0.4464
MOD13Q1_061__250m_16_days_NDVI_doy2014305000000_aid0002,_250m_16_days_NDVI,aid0002,2014-11-01,6905753.0,-0.2,0.9934,"(-0.2,0.9934)",0.6150745,0.1325304,0.0175643,0.7109,0.9606,0.6363,0.2944,0.5443
MOD13Q1_061__250m_16_days_NDVI_doy2014321000000_aid0002,_250m_16_days_NDVI,aid0002,2014-11-17,6906623.0,-0.2,0.9972,"(-0.2,0.9972)",0.6544349,0.1417244,0.0200858,0.7574,0.9972,0.682,0.3302,0.5865
MOD13Q1_061__250m_16_days_NDVI_doy2014337000000_aid0002,_250m_16_days_NDVI,aid0002,2014-12-03,6906389.0,-0.2,0.9993,"(-0.2,0.9993)",0.6282189,0.1346459,0.0181295,0.7238,0.9656,0.65,0.3201,0.5623
MOD13Q1_061__250m_16_days_NDVI_doy2014353000000_aid0002,_250m_16_days_NDVI,aid0002,2014-12-19,6906218.0,-0.2,0.9992,"(-0.2,0.9992)",0.6692414,0.1340764,0.0179765,0.7607,0.9766,0.6981,0.4005,0.6166
MOD13Q1_061__250m_16_days_NDVI_doy2015001000000_aid0002,_250m_16_days_NDVI,aid0002,2015-01-01,6907300.0,-0.2,0.9992,"(-0.2,0.9992)",0.660816,0.129019,0.0166459,0.749,0.9593,0.6885,0.3985,0.6088
MOD13Q1_061__250m_16_days_NDVI_doy2015017000000_aid0002,_250m_16_days_NDVI,aid0002,2015-01-17,6906384.0,-0.2,0.9981,"(-0.2,0.9981)",0.6966724,0.1107133,0.0122574,0.7684,0.9325,0.7235,0.4949,0.659
MOD13Q1_061__250m_16_days_NDVI_doy2015033000000_aid0002,_250m_16_days_NDVI,aid0002,2015-02-02,6906893.0,-0.2,0.999,"(-0.2,0.999)",0.6782372,0.1137829,0.0129466,0.7548,0.9408,0.702,0.4448,0.6308
MOD13Q1_061__250m_16_days_NDVI_doy2015049000000_aid0002,_250m_16_days_NDVI,aid0002,2015-02-18,6906436.0,-0.2,0.9989,"(-0.2,0.9989)",0.7278291,0.0860617,0.0074066,0.7776,0.903,0.7385,0.5686,0.694
MOD13Q1_061__250m_16_days_NDVI_doy2015065000000_aid0002,_250m_16_days_NDVI,aid0002,2015-03-06,6906226.0,-0.2,0.9992,"(-0.2,0.9992)",0.7299687,0.0877451,0.0076992,0.7818,0.9108,0.7429,0.5668,0.6958
MOD13Q1_061__250m_16_days_NDVI_doy2015081000000_aid0002,_250m_16_days_NDVI,aid0002,2015-03-22,6906560.0,-0.2,0.9948,"(-0.2,0.9948)",0.7066466,0.0903218,0.008158,0.7623,0.9021,0.7231,0.5293,0.6691
MOD13Q1_061__250m_16_days_NDVI_doy2015097000000_aid0002,_250m_16_days_NDVI,aid0002,2015-04-07,6906603.0,-0.2,0.9967,"(-0.2,0.9967)",0.7017054,0.0976568,0.0095369,0.7641,0.9109,0.7231,0.5194,0.6662
MOD13Q1_061__250m_16_days_NDVI_doy2015113000000_aid0002,_250m_16_days_NDVI,aid0002,2015-04-23,6906127.0,-0.2,0.9988,"(-0.2,0.9988)",0.7097993,0.1033576,0.0106828,0.7734,0.9111,0.7351,0.5439,0.6816
MOD13Q1_061__250m_16_days_NDVI_doy2015129000000_aid0002,_250m_16_days_NDVI,aid0002,2015-05-09,6905971.0,-0.2,0.9991,"(-0.2,0.9991)",0.6976351,0.1076655,0.0115919,0.7628,0.8999,0.7274,0.5341,0.6713
MOD13Q1_061__250m_16_days_NDVI_doy2015145000000_aid0002,_250m_16_days_NDVI,aid0002,2015-05-25,6905797.0,-0.2,0.9991,"(-0.2,0.9991)",0.689727,0.127484,0.0162522,0.7679,0.9261,0.7265,0.5042,0.6624
MOD13Q1_061__250m_16_days_NDVI_doy2015161000000_aid0002,_250m_16_days_NDVI,aid0002,2015-06-10,6904134.0,-0.2,0.9973,"(-0.2,0.9973)",0.6908297,0.113495,0.0128811,0.7655,0.9312,0.7177,0.489,0.6549
MOD13Q1_061__250m_16_days_NDVI_doy2015177000000_aid0002,_250m_16_days_NDVI,aid0002,2015-06-26,6905469.0,-0.2,0.9946,"(-0.2,0.9946)",0.6573219,0.1212128,0.0146926,0.7401,0.9269,0.6893,0.4216,0.6127
MOD13Q1_061__250m_16_days_NDVI_doy2015193000000_aid0002,_250m_16_days_NDVI,aid0002,2015-07-12,6904115.0,-0.2,0.9888,"(-0.2,0.9888)",0.6434671,0.1238066,0.0153281,0.7307,0.9323,0.6743,0.3907,0.5947
MOD13Q1_061__250m_16_days_NDVI_doy2015209000000_aid0002,_250m_16_days_NDVI,aid0002,2015-07-28,6906292.0,-0.2,0.9543,"(-0.2,0.9543)",0.6104822,0.1246308,0.0155328,0.7037,0.9309,0.6388,0.3217,0.5509
MOD13Q1_061__250m_16_days_NDVI_doy2015225000000_aid0002,_250m_16_days_NDVI,aid0002,2015-08-13,6905190.0,-0.2,0.9609,"(-0.2,0.9609)",0.6068641,0.1217326,0.0148188,0.6995,0.9359,0.6287,0.2978,0.5388
MOD13Q1_061__250m_16_days_NDVI_doy2015241000000_aid0002,_250m_16_days_NDVI,aid0002,2015-08-29,6904882.0,-0.2,0.9763,"(-0.2,0.9763)",0.5827468,0.1212416,0.0146995,0.6756,0.9225,0.5925,0.2554,0.5075
MOD13Q1_061__250m_16_days_NDVI_doy2015257000000_aid0002,_250m_16_days_NDVI,aid0002,2015-09-14,6906133.0,-0.2,0.9616,"(-0.2,0.9616)",0.5657765,0.1287308,0.0165716,0.664,0.9342,0.5709,0.2033,0.4797
MOD13Q1_061__250m_16_days_NDVI_doy2015273000000_aid0002,_250m_16_days_NDVI,aid0002,2015-09-30,6905767.0,-0.2,0.9955,"(-0.2,0.9955)",0.5667357,0.1385682,0.0192012,0.6753,0.9785,0.5721,0.1696,0.473
MOD13Q1_061__250m_16_days_NDVI_doy2015289000000_aid0002,_250m_16_days_NDVI,aid0002,2015-10-16,6907581.0,-0.2,0.9994,"(-0.2,0.9994)",0.5615049,0.1392216,0.0193826,0.6703,0.9739,0.5715,0.1603,0.4663
MOD13Q1_061__250m_16_days_NDVI_doy2015305000000_aid0002,_250m_16_days_NDVI,aid0002,2015-11-01,6905806.0,-0.2,0.9994,"(-0.2,0.9994)",0.617445,0.1481197,0.0219394,0.7302,0.9994,0.6475,0.211,0.5225
MOD13Q1_061__250m_16_days_NDVI_doy2015321000000_aid0002,_250m_16_days_NDVI,aid0002,2015-11-17,6907684.0,-0.199,0.9988,"(-0.199,0.9988)",0.6269605,0.1491459,0.0222445,0.7405,0.9988,0.6543,0.2448,0.5422
MOD13Q1_061__250m_16_days_NDVI_doy2015337000000_aid0002,_250m_16_days_NDVI,aid0002,2015-12-03,6904435.0,-0.2,0.999,"(-0.2,0.999)",0.6806199,0.1390918,0.0193465,0.7763,0.9964,0.7151,0.4071,0.6286
MOD13Q1_061__250m_16_days_NDVI_doy2015353000000_aid0002,_250m_16_days_NDVI,aid0002,2015-12-19,6903034.0,-0.2,0.9993,"(-0.2,0.9993)",0.6601873,0.1383582,0.019143,0.7491,0.9519,0.6915,0.4111,0.6139
MOD13Q1_061__250m_16_days_NDVI_doy2007353000000_aid0003,_250m_16_days_NDVI,aid0003,2007-12-19,1373474.0,-0.2,0.9669,"(-0.2,0.9669)",0.5964447,0.1254054,0.0157265,0.6872,0.9251,0.6098,0.2777,0.5234
MOD13Q1_061__250m_16_days_NDVI_doy2008001000000_aid0003,_250m_16_days_NDVI,aid0003,2008-01-01,1374044.0,-0.2,0.984,"(-0.2,0.984)",0.6138651,0.1247774,0.0155694,0.7061,0.952,0.6261,0.2944,0.5414
MOD13Q1_061__250m_16_days_NDVI_doy2008017000000_aid0003,_250m_16_days_NDVI,aid0003,2008-01-17,1377599.0,-0.2,0.9987,"(-0.2,0.9987)",0.6141644,0.129354,0.0167325,0.7039,0.9351,0.6301,0.3182,0.5496
MOD13Q1_061__250m_16_days_NDVI_doy2008033000000_aid0003,_250m_16_days_NDVI,aid0003,2008-02-02,1381353.0,-0.2,0.9801,"(-0.2,0.9801)",0.6023626,0.1269884,0.0161261,0.6842,0.8981,0.6121,0.3277,0.5416
MOD13Q1_061__250m_16_days_NDVI_doy2008049000000_aid0003,_250m_16_days_NDVI,aid0003,2008-02-18,1380306.0,-0.2,0.9922,"(-0.2,0.9922)",0.6133137,0.1276931,0.0163055,0.6882,0.8857,0.6252,0.359,0.5565
MOD13Q1_061__250m_16_days_NDVI_doy2008065000000_aid0003,_250m_16_days_NDVI,aid0003,2008-03-05,1379467.0,-0.1998,0.9627,"(-0.1998,0.9627)",0.5813366,0.126342,0.0159623,0.659,0.875,0.5871,0.299,0.515
MOD13Q1_061__250m_16_days_NDVI_doy2008081000000_aid0003,_250m_16_days_NDVI,aid0003,2008-03-21,1376877.0,-0.2,0.9492,"(-0.2,0.9492)",0.5493023,0.1202441,0.0144586,0.621,0.825,0.5529,0.281,0.485
MOD13Q1_061__250m_16_days_NDVI_doy2008097000000_aid0003,_250m_16_days_NDVI,aid0003,2008-04-06,1375972.0,-0.2,0.9256,"(-0.2,0.9256)",0.5308482,0.1152135,0.0132742,0.6013,0.7993,0.5382,0.2713,0.4693
MOD13Q1_061__250m_16_days_NDVI_doy2008113000000_aid0003,_250m_16_days_NDVI,aid0003,2008-04-22,1373430.0,-0.2,0.8927,"(-0.2,0.8927)",0.4690359,0.1132757,0.0128314,0.5439,0.7732,0.4745,0.1617,0.391
MOD13Q1_061__250m_16_days_NDVI_doy2008129000000_aid0003,_250m_16_days_NDVI,aid0003,2008-05-08,1372255.0,-0.2,0.8671,"(-0.2,0.8671)",0.44777,0.113288,0.0128342,0.5222,0.7562,0.4473,0.1322,0.3662
MOD13Q1_061__250m_16_days_NDVI_doy2008145000000_aid0003,_250m_16_days_NDVI,aid0003,2008-05-24,1372270.0,-0.2,0.8891,"(-0.2,0.8891)",0.4380266,0.1190027,0.0141617,0.5224,0.7853,0.4322,0.0842,0.3471
MOD13Q1_061__250m_16_days_NDVI_doy2008161000000_aid0003,_250m_16_days_NDVI,aid0003,2008-06-09,1371864.0,-0.2,0.8778,"(-0.2,0.8778)",0.3764978,0.1100475,0.0121105,0.4505,0.6938,0.3641,0.045,0.2883
MOD13Q1_061__250m_16_days_NDVI_doy2008177000000_aid0003,_250m_16_days_NDVI,aid0003,2008-06-25,1374120.0,-0.2,0.9548,"(-0.2,0.9548)",0.3666519,0.1080847,0.0116823,0.437,0.6677,0.3553,0.0525,0.2832
MOD13Q1_061__250m_16_days_NDVI_doy2008193000000_aid0003,_250m_16_days_NDVI,aid0003,2008-07-11,1372676.0,-0.2,0.8823,"(-0.2,0.8823)",0.3766511,0.1196765,0.0143225,0.4585,0.7183,0.3542,0.0255,0.2853
MOD13Q1_061__250m_16_days_NDVI_doy2008209000000_aid0003,_250m_16_days_NDVI,aid0003,2008-07-27,1372947.0,-0.2,0.9151,"(-0.2,0.9151)",0.365979,0.1195497,0.0142921,0.4415,0.6906,0.3363,0.0264,0.2754
MOD13Q1_061__250m_16_days_NDVI_doy2008225000000_aid0003,_250m_16_days_NDVI,aid0003,2008-08-12,1372551.0,-0.2,0.878,"(-0.2,0.878)",0.3553194,0.116164,0.0134941,0.4323,0.6801,0.3233,0.0194,0.2671
MOD13Q1_061__250m_16_days_NDVI_doy2008241000000_aid0003,_250m_16_days_NDVI,aid0003,2008-08-28,1374388.0,-0.1996,0.863,"(-0.1996,0.863)",0.3543913,0.1194145,0.0142598,0.4414,0.7108,0.3201,-0.0076,0.2618
MOD13Q1_061__250m_16_days_NDVI_doy2008257000000_aid0003,_250m_16_days_NDVI,aid0003,2008-09-13,1374058.0,-0.2,0.8702,"(-0.2,0.8702)",0.3583338,0.1184704,0.0140352,0.4442,0.7104,0.3267,0.0005,0.2667
MOD13Q1_061__250m_16_days_NDVI_doy2008273000000_aid0003,_250m_16_days_NDVI,aid0003,2008-09-29,1373682.0,-0.2,0.8782,"(-0.2,0.8782)",0.392146,0.1275535,0.0162699,0.4888,0.7823,0.3666,0.0,0.2931
MOD13Q1_061__250m_16_days_NDVI_doy2008289000000_aid0003,_250m_16_days_NDVI,aid0003,2008-10-15,1374037.0,-0.2,0.916,"(-0.2,0.916)",0.4858472,0.1560491,0.0243513,0.615,0.916,0.4826,-0.023,0.3598
MOD13Q1_061__250m_16_days_NDVI_doy2008305000000_aid0003,_250m_16_days_NDVI,aid0003,2008-10-31,1373724.0,-0.2,0.9736,"(-0.2,0.9736)",0.5296215,0.1552548,0.0241041,0.6582,0.9736,0.5378,0.0367,0.4096
MOD13Q1_061__250m_16_days_NDVI_doy2008321000000_aid0003,_250m_16_days_NDVI,aid0003,2008-11-16,1375953.0,-0.2,0.9111,"(-0.2,0.9111)",0.471361,0.1394544,0.0194475,0.5718,0.8731,0.4634,0.07,0.3708
MOD13Q1_061__250m_16_days_NDVI_doy2008337000000_aid0003,_250m_16_days_NDVI,aid0003,2008-12-02,1375429.0,-0.2,0.8729,"(-0.2,0.8729)",0.4627465,0.1238507,0.015339,0.5415,0.7848,0.4586,0.136,0.3793
MOD13Q1_061__250m_16_days_NDVI_doy2008353000000_aid0003,_250m_16_days_NDVI,aid0003,2008-12-18,1374489.0,-0.2,0.9834,"(-0.2,0.9834)",0.4398706,0.1228568,0.0150938,0.5185,0.7684,0.4319,0.102,0.3519
MOD13Q1_061__250m_16_days_NDVI_doy2009001000000_aid0003,_250m_16_days_NDVI,aid0003,2009-01-01,1381949.0,-0.1997,0.9574,"(-0.1997,0.9574)",0.4518001,0.1230247,0.0151351,0.5288,0.7655,0.4473,0.1343,0.371
MOD13Q1_061__250m_16_days_NDVI_doy2009017000000_aid0003,_250m_16_days_NDVI,aid0003,2009-01-17,1380289.0,-0.2,0.984,"(-0.2,0.984)",0.4881768,0.1261504,0.0159139,0.57,0.8082,0.4934,0.173,0.4112
MOD13Q1_061__250m_16_days_NDVI_doy2009033000000_aid0003,_250m_16_days_NDVI,aid0003,2009-02-02,1374767.0,-0.2,0.9969,"(-0.2,0.9969)",0.5648126,0.1212445,0.0147002,0.6503,0.884,0.5744,0.2608,0.4945
MOD13Q1_061__250m_16_days_NDVI_doy2009049000000_aid0003,_250m_16_days_NDVI,aid0003,2009-02-18,1381903.0,-0.1998,0.9913,"(-0.1998,0.9913)",0.6268649,0.1279142,0.0163621,0.7133,0.9344,0.6422,0.3431,0.5652
MOD13Q1_061__250m_16_days_NDVI_doy2009065000000_aid0003,_250m_16_days_NDVI,aid0003,2009-03-06,1376830.0,-0.2,0.9626,"(-0.2,0.9626)",0.6149925,0.1252785,0.0156947,0.7025,0.9324,0.6217,0.3085,0.5449
MOD13Q1_061__250m_16_days_NDVI_doy2009081000000_aid0003,_250m_16_days_NDVI,aid0003,2009-03-22,1381992.0,-0.2,0.9932,"(-0.2,0.9932)",0.5512674,0.1215313,0.0147699,0.627,0.8385,0.5546,0.2745,0.486
MOD13Q1_061__250m_16_days_NDVI_doy2009097000000_aid0003,_250m_16_days_NDVI,aid0003,2009-04-07,1380714.0,-0.2,0.88,"(-0.2,0.88)",0.540088,0.1209853,0.0146374,0.6165,0.828,0.5455,0.264,0.4755
MOD13Q1_061__250m_16_days_NDVI_doy2009113000000_aid0003,_250m_16_days_NDVI,aid0003,2009-04-23,1373761.0,-0.2,0.8826,"(-0.2,0.8826)",0.5264889,0.1172378,0.0137447,0.6068,0.8357,0.5329,0.2253,0.4542
MOD13Q1_061__250m_16_days_NDVI_doy2009129000000_aid0003,_250m_16_days_NDVI,aid0003,2009-05-09,1374970.0,-0.2,0.9148,"(-0.2,0.9148)",0.4806825,0.1192332,0.0142166,0.5614,0.796,0.4849,0.1704,0.405
MOD13Q1_061__250m_16_days_NDVI_doy2009145000000_aid0003,_250m_16_days_NDVI,aid0003,2009-05-25,1374447.0,-0.2,0.9636,"(-0.2,0.9636)",0.4546224,0.1246678,0.0155421,0.5428,0.8093,0.4531,0.0986,0.3651
MOD13Q1_061__250m_16_days_NDVI_doy2009161000000_aid0003,_250m_16_days_NDVI,aid0003,2009-06-10,1372805.0,-0.2,0.8793,"(-0.2,0.8793)",0.4281931,0.1180212,0.013929,0.5043,0.7518,0.4239,0.0918,0.3393
MOD13Q1_061__250m_16_days_NDVI_doy2009177000000_aid0003,_250m_16_days_NDVI,aid0003,2009-06-26,1373702.0,-0.2,0.923,"(-0.2,0.923)",0.3998334,0.1143261,0.0130705,0.4738,0.7157,0.3938,0.0708,0.3125
MOD13Q1_061__250m_16_days_NDVI_doy2009193000000_aid0003,_250m_16_days_NDVI,aid0003,2009-07-12,1372408.0,-0.2,0.9153,"(-0.2,0.9153)",0.3814861,0.1123831,0.01263,0.4583,0.7059,0.3695,0.0456,0.2932
MOD13Q1_061__250m_16_days_NDVI_doy2009209000000_aid0003,_250m_16_days_NDVI,aid0003,2009-07-28,1372135.0,-0.2,0.9057,"(-0.2,0.9057)",0.3545544,0.1054123,0.0111118,0.4218,0.6442,0.3423,0.0511,0.2735
MOD13Q1_061__250m_16_days_NDVI_doy2009225000000_aid0003,_250m_16_days_NDVI,aid0003,2009-08-13,1371896.0,-0.2,0.902,"(-0.2,0.902)",0.3406699,0.0983449,0.0096717,0.4067,0.6171,0.327,0.056,0.2664
MOD13Q1_061__250m_16_days_NDVI_doy2009241000000_aid0003,_250m_16_days_NDVI,aid0003,2009-08-29,1373356.0,-0.2,0.9264,"(-0.2,0.9264)",0.3472092,0.104312,0.010881,0.4167,0.6397,0.3303,0.045,0.268
MOD13Q1_061__250m_16_days_NDVI_doy2009257000000_aid0003,_250m_16_days_NDVI,aid0003,2009-09-14,1372763.0,-0.2,0.9465,"(-0.2,0.9465)",0.3745883,0.1145972,0.0131325,0.4561,0.7097,0.3612,0.0334,0.287
MOD13Q1_061__250m_16_days_NDVI_doy2009273000000_aid0003,_250m_16_days_NDVI,aid0003,2009-09-30,1373491.0,-0.2,0.899,"(-0.2,0.899)",0.3754135,0.1120145,0.0125472,0.4496,0.6839,0.367,0.0591,0.2934
MOD13Q1_061__250m_16_days_NDVI_doy2009289000000_aid0003,_250m_16_days_NDVI,aid0003,2009-10-16,1372497.0,-0.2,0.8872,"(-0.2,0.8872)",0.3987272,0.1294412,0.016755,0.4876,0.7706,0.3857,0.0159,0.2989
MOD13Q1_061__250m_16_days_NDVI_doy2009305000000_aid0003,_250m_16_days_NDVI,aid0003,2009-11-01,1369558.0,-0.2,0.9156,"(-0.2,0.9156)",0.4110498,0.1462813,0.0213982,0.5153,0.8322,0.3917,-0.0129,0.304
MOD13Q1_061__250m_16_days_NDVI_doy2009321000000_aid0003,_250m_16_days_NDVI,aid0003,2009-11-17,1373351.0,-0.2,0.9476,"(-0.2,0.9476)",0.559933,0.1642015,0.0269621,0.6907,0.9476,0.5863,0.1055,0.4566
MOD13Q1_061__250m_16_days_NDVI_doy2009337000000_aid0003,_250m_16_days_NDVI,aid0003,2009-12-03,1370420.0,-0.2,0.9981,"(-0.2,0.9981)",0.600193,0.156851,0.0246022,0.7163,0.9981,0.6313,0.2093,0.5135
MOD13Q1_061__250m_16_days_NDVI_doy2009353000000_aid0003,_250m_16_days_NDVI,aid0003,2009-12-19,1365975.0,-0.2,0.995,"(-0.2,0.995)",0.6743751,0.1638524,0.0268476,0.7823,0.995,0.7184,0.3791,0.621
MOD13Q1_061__250m_16_days_NDVI_doy2010001000000_aid0003,_250m_16_days_NDVI,aid0003,2010-01-01,1361330.0,-0.2,0.9931,"(-0.2,0.9931)",0.6643545,0.1508847,0.0227662,0.7626,0.9851,0.6995,0.3916,0.6142
MOD13Q1_061__250m_16_days_NDVI_doy2010017000000_aid0003,_250m_16_days_NDVI,aid0003,2010-01-17,1352643.0,-0.2,0.9961,"(-0.2,0.9961)",0.6562944,0.1462985,0.0214032,0.7525,0.9667,0.6845,0.3903,0.6076
MOD13Q1_061__250m_16_days_NDVI_doy2010033000000_aid0003,_250m_16_days_NDVI,aid0003,2010-02-02,1352774.0,-0.2,0.9393,"(-0.2,0.9393)",0.6759347,0.1481874,0.0219595,0.7706,0.9393,0.7049,0.4164,0.6289
MOD13Q1_061__250m_16_days_NDVI_doy2010049000000_aid0003,_250m_16_days_NDVI,aid0003,2010-02-18,1354769.0,-0.2,0.9949,"(-0.2,0.9949)",0.7016375,0.1479409,0.0218865,0.787,0.9719,0.733,0.4783,0.6635
MOD13Q1_061__250m_16_days_NDVI_doy2010065000000_aid0003,_250m_16_days_NDVI,aid0003,2010-03-06,1364031.0,-0.2,0.9473,"(-0.2,0.9473)",0.6914694,0.1514027,0.0229228,0.7762,0.9473,0.7199,0.4707,0.654
MOD13Q1_061__250m_16_days_NDVI_doy2010081000000_aid0003,_250m_16_days_NDVI,aid0003,2010-03-22,1361848.0,-0.2,0.9605,"(-0.2,0.9605)",0.6882384,0.1461252,0.0213526,0.772,0.9475,0.716,0.4658,0.6495
MOD13Q1_061__250m_16_days_NDVI_doy2010097000000_aid0003,_250m_16_days_NDVI,aid0003,2010-04-07,1361624.0,-0.2,0.9721,"(-0.2,0.9721)",0.6442937,0.1358314,0.0184502,0.7267,0.9135,0.6683,0.4137,0.6015
MOD13Q1_061__250m_16_days_NDVI_doy2010113000000_aid0003,_250m_16_days_NDVI,aid0003,2010-04-23,1361014.0,-0.2,0.9259,"(-0.2,0.9259)",0.6291767,0.1295671,0.0167876,0.7103,0.9022,0.6524,0.3903,0.5823
MOD13Q1_061__250m_16_days_NDVI_doy2010129000000_aid0003,_250m_16_days_NDVI,aid0003,2010-05-09,1364781.0,-0.2,0.9872,"(-0.2,0.9872)",0.591004,0.1405401,0.0197515,0.6792,0.8805,0.6181,0.3437,0.545
MOD13Q1_061__250m_16_days_NDVI_doy2010145000000_aid0003,_250m_16_days_NDVI,aid0003,2010-05-25,1365923.0,-0.2,0.9624,"(-0.2,0.9624)",0.601516,0.1297699,0.0168402,0.6825,0.87,0.6248,0.37,0.5575
MOD13Q1_061__250m_16_days_NDVI_doy2010161000000_aid0003,_250m_16_days_NDVI,aid0003,2010-06-10,1377088.0,-0.2,0.998,"(-0.2,0.998)",0.5261914,0.1283095,0.0164633,0.6129,0.8431,0.5445,0.2292,0.4594
MOD13Q1_061__250m_16_days_NDVI_doy2010177000000_aid0003,_250m_16_days_NDVI,aid0003,2010-06-26,1373263.0,-0.2,0.9966,"(-0.2,0.9966)",0.5448822,0.1226529,0.0150437,0.6258,0.8365,0.5528,0.2746,0.4853
MOD13Q1_061__250m_16_days_NDVI_doy2010193000000_aid0003,_250m_16_days_NDVI,aid0003,2010-07-12,1372014.0,-0.2,0.9002,"(-0.2,0.9002)",0.5022308,0.1151548,0.0132606,0.5773,0.7844,0.5116,0.2321,0.4392
MOD13Q1_061__250m_16_days_NDVI_doy2010209000000_aid0003,_250m_16_days_NDVI,aid0003,2010-07-28,1369967.0,-0.2,0.8972,"(-0.2,0.8972)",0.4504683,0.1162207,0.0135072,0.5291,0.764,0.4486,0.1376,0.3725
MOD13Q1_061__250m_16_days_NDVI_doy2010225000000_aid0003,_250m_16_days_NDVI,aid0003,2010-08-13,1377596.0,-0.2,0.8789,"(-0.2,0.8789)",0.4045994,0.103852,0.0107852,0.4696,0.6638,0.4025,0.1459,0.3401
MOD13Q1_061__250m_16_days_NDVI_doy2010241000000_aid0003,_250m_16_days_NDVI,aid0003,2010-08-29,1372630.0,-0.2,0.9096,"(-0.2,0.9096)",0.4596452,0.1174282,0.0137894,0.5357,0.7646,0.4532,0.1542,0.3831
MOD13Q1_061__250m_16_days_NDVI_doy2010257000000_aid0003,_250m_16_days_NDVI,aid0003,2010-09-14,1373829.0,-0.2,0.9865,"(-0.2,0.9865)",0.508125,0.140369,0.0197035,0.6127,0.908,0.5048,0.0937,0.4051
MOD13Q1_061__250m_16_days_NDVI_doy2010273000000_aid0003,_250m_16_days_NDVI,aid0003,2010-09-30,1373781.0,-0.2,0.9188,"(-0.2,0.9188)",0.5318387,0.1448688,0.020987,0.6412,0.9188,0.5337,0.1167,0.4314
MOD13Q1_061__250m_16_days_NDVI_doy2010289000000_aid0003,_250m_16_days_NDVI,aid0003,2010-10-16,1374494.0,-0.2,0.9252,"(-0.2,0.9252)",0.5430053,0.1467245,0.0215281,0.6525,0.9252,0.5432,0.1333,0.4448
MOD13Q1_061__250m_16_days_NDVI_doy2010305000000_aid0003,_250m_16_days_NDVI,aid0003,2010-11-01,1374427.0,-0.2,0.8988,"(-0.2,0.8988)",0.5013469,0.1480883,0.0219301,0.6098,0.8988,0.4962,0.0774,0.3968
MOD13Q1_061__250m_16_days_NDVI_doy2010321000000_aid0003,_250m_16_days_NDVI,aid0003,2010-11-17,1375350.0,-0.2,0.977,"(-0.2,0.977)",0.510202,0.1393261,0.0194118,0.6054,0.8787,0.5126,0.1499,0.4232
MOD13Q1_061__250m_16_days_NDVI_doy2010337000000_aid0003,_250m_16_days_NDVI,aid0003,2010-12-03,1373378.0,-0.2,0.9277,"(-0.2,0.9277)",0.5153859,0.1417077,0.0200811,0.6133,0.8929,0.5154,0.1464,0.4265
MOD13Q1_061__250m_16_days_NDVI_doy2010353000000_aid0003,_250m_16_days_NDVI,aid0003,2010-12-19,1373737.0,-0.2,0.9938,"(-0.2,0.9938)",0.6272429,0.1407907,0.019822,0.7261,0.966,0.6504,0.3176,0.5627
MOD13Q1_061__250m_16_days_NDVI_doy2011001000000_aid0003,_250m_16_days_NDVI,aid0003,2011-01-01,1373809.0,-0.2,0.9442,"(-0.2,0.9442)",0.6368176,0.136507,0.0186342,0.7388,0.9442,0.6547,0.3018,0.564
MOD13Q1_061__250m_16_days_NDVI_doy2011017000000_aid0003,_250m_16_days_NDVI,aid0003,2011-01-17,1375644.0,-0.2,0.9988,"(-0.2,0.9988)",0.6621942,0.1302825,0.0169735,0.7545,0.9834,0.6824,0.3693,0.6004
MOD13Q1_061__250m_16_days_NDVI_doy2011033000000_aid0003,_250m_16_days_NDVI,aid0003,2011-02-02,1378862.0,-0.2,0.9782,"(-0.2,0.9782)",0.7194037,0.1237879,0.0153234,0.7948,0.9736,0.7399,0.4898,0.6728
MOD13Q1_061__250m_16_days_NDVI_doy2011049000000_aid0003,_250m_16_days_NDVI,aid0003,2011-02-18,1377039.0,-0.2,0.9934,"(-0.2,0.9934)",0.7060591,0.1288549,0.0166036,0.7826,0.9672,0.7244,0.4686,0.657
MOD13Q1_061__250m_16_days_NDVI_doy2011065000000_aid0003,_250m_16_days_NDVI,aid0003,2011-03-06,1374927.0,-0.2,0.9912,"(-0.2,0.9912)",0.6802147,0.1187961,0.0141125,0.7508,0.9336,0.6919,0.4461,0.6289
MOD13Q1_061__250m_16_days_NDVI_doy2011081000000_aid0003,_250m_16_days_NDVI,aid0003,2011-03-22,1373514.0,-0.2,0.9689,"(-0.2,0.9689)",0.6578277,0.1188027,0.0141141,0.7282,0.9082,0.6664,0.4282,0.6082
MOD13Q1_061__250m_16_days_NDVI_doy2011097000000_aid0003,_250m_16_days_NDVI,aid0003,2011-04-07,1377279.0,-0.2,0.9958,"(-0.2,0.9958)",0.6012268,0.1200609,0.0144146,0.673,0.8512,0.6153,0.376,0.5542
MOD13Q1_061__250m_16_days_NDVI_doy2011113000000_aid0003,_250m_16_days_NDVI,aid0003,2011-04-23,1372073.0,-0.2,0.9445,"(-0.2,0.9445)",0.5968839,0.1188196,0.0141181,0.6735,0.8707,0.6074,0.3448,0.542
MOD13Q1_061__250m_16_days_NDVI_doy2011129000000_aid0003,_250m_16_days_NDVI,aid0003,2011-05-09,1372675.0,-0.2,0.9051,"(-0.2,0.9051)",0.5830377,0.1192466,0.0142197,0.6583,0.8446,0.5987,0.3478,0.5341
MOD13Q1_061__250m_16_days_NDVI_doy2011145000000_aid0003,_250m_16_days_NDVI,aid0003,2011-05-25,1374797.0,-0.2,0.9869,"(-0.2,0.9869)",0.5814867,0.1214679,0.0147545,0.6589,0.8485,0.6004,0.3429,0.5325
MOD13Q1_061__250m_16_days_NDVI_doy2011161000000_aid0003,_250m_16_days_NDVI,aid0003,2011-06-10,1372439.0,-0.2,0.9719,"(-0.2,0.9719)",0.5745662,0.1163413,0.0135353,0.651,0.846,0.5828,0.326,0.521
MOD13Q1_061__250m_16_days_NDVI_doy2011177000000_aid0003,_250m_16_days_NDVI,aid0003,2011-06-26,1372534.0,-0.2,0.9165,"(-0.2,0.9165)",0.46901,0.1068631,0.0114197,0.5394,0.7441,0.4755,0.1982,0.4029
MOD13Q1_061__250m_16_days_NDVI_doy2011193000000_aid0003,_250m_16_days_NDVI,aid0003,2011-07-12,1373067.0,-0.2,0.9415,"(-0.2,0.9415)",0.4299306,0.1092974,0.0119459,0.4994,0.7127,0.4238,0.1439,0.3572
MOD13Q1_061__250m_16_days_NDVI_doy2011209000000_aid0003,_250m_16_days_NDVI,aid0003,2011-07-28,1370377.0,-0.2,0.9461,"(-0.2,0.9461)",0.4372669,0.109706,0.0120354,0.5062,0.7183,0.4309,0.1527,0.3648
MOD13Q1_061__250m_16_days_NDVI_doy2011225000000_aid0003,_250m_16_days_NDVI,aid0003,2011-08-13,1371595.0,-0.2,0.9656,"(-0.2,0.9656)",0.4394039,0.1162282,0.013509,0.5111,0.7325,0.4319,0.1421,0.3635
MOD13Q1_061__250m_16_days_NDVI_doy2011241000000_aid0003,_250m_16_days_NDVI,aid0003,2011-08-29,1371661.0,-0.2,0.8934,"(-0.2,0.8934)",0.396747,0.1100789,0.0121174,0.4589,0.6627,0.3821,0.1192,0.323
MOD13Q1_061__250m_16_days_NDVI_doy2011257000000_aid0003,_250m_16_days_NDVI,aid0003,2011-09-14,1372165.0,-0.2,0.8943,"(-0.2,0.8943)",0.4531939,0.1200833,0.01442,0.5268,0.7546,0.4416,0.1471,0.3749
MOD13Q1_061__250m_16_days_NDVI_doy2011273000000_aid0003,_250m_16_days_NDVI,aid0003,2011-09-30,1373885.0,-0.2,0.9593,"(-0.2,0.9593)",0.5119306,0.1336258,0.0178559,0.61,0.891,0.5125,0.141,0.4224
MOD13Q1_061__250m_16_days_NDVI_doy2011289000000_aid0003,_250m_16_days_NDVI,aid0003,2011-10-16,1373253.0,-0.2,0.9136,"(-0.2,0.9136)",0.5652662,0.1535095,0.0235652,0.6897,0.9136,0.5786,0.1195,0.4616
MOD13Q1_061__250m_16_days_NDVI_doy2011305000000_aid0003,_250m_16_days_NDVI,aid0003,2011-11-01,1374137.0,-0.2,0.9993,"(-0.2,0.9993)",0.5820247,0.1568094,0.0245892,0.7052,0.9993,0.6027,0.1523,0.484
MOD13Q1_061__250m_16_days_NDVI_doy2011321000000_aid0003,_250m_16_days_NDVI,aid0003,2011-11-17,1373413.0,-0.2,0.9753,"(-0.2,0.9753)",0.6002128,0.1439361,0.0207176,0.7082,0.9753,0.6206,0.2477,0.524
MOD13Q1_061__250m_16_days_NDVI_doy2011337000000_aid0003,_250m_16_days_NDVI,aid0003,2011-12-03,1375176.0,-0.2,0.9968,"(-0.2,0.9968)",0.5517019,0.1451927,0.0210809,0.6591,0.9448,0.5614,0.1816,0.4681
MOD13Q1_061__250m_16_days_NDVI_doy2011353000000_aid0003,_250m_16_days_NDVI,aid0003,2011-12-19,1373838.0,-0.2,0.9539,"(-0.2,0.9539)",0.4876051,0.134998,0.0182245,0.5811,0.847,0.4788,0.1379,0.4038
MOD13Q1_061__250m_16_days_NDVI_doy2012001000000_aid0003,_250m_16_days_NDVI,aid0003,2012-01-01,1378631.0,-0.2,0.9946,"(-0.2,0.9946)",0.4622228,0.1375256,0.0189133,0.5535,0.8238,0.4491,0.103,0.3733
MOD13Q1_061__250m_16_days_NDVI_doy2012017000000_aid0003,_250m_16_days_NDVI,aid0003,2012-01-17,1376731.0,-0.2,0.9758,"(-0.2,0.9758)",0.4982092,0.1273983,0.0162303,0.5812,0.8228,0.5042,0.1785,0.4201
MOD13Q1_061__250m_16_days_NDVI_doy2012033000000_aid0003,_250m_16_days_NDVI,aid0003,2012-02-02,1378141.0,-0.2,0.9271,"(-0.2,0.9271)",0.5550295,0.1289701,0.0166333,0.6395,0.8727,0.568,0.2508,0.484
MOD13Q1_061__250m_16_days_NDVI_doy2012049000000_aid0003,_250m_16_days_NDVI,aid0003,2012-02-18,1381611.0,-0.2,0.9431,"(-0.2,0.9431)",0.5920716,0.1280799,0.0164045,0.6716,0.8796,0.6051,0.3249,0.5329
MOD13Q1_061__250m_16_days_NDVI_doy2012065000000_aid0003,_250m_16_days_NDVI,aid0003,2012-03-05,1380719.0,-0.2,0.953,"(-0.2,0.953)",0.6502091,0.1238714,0.0153441,0.7277,0.9248,0.6655,0.399,0.5962
MOD13Q1_061__250m_16_days_NDVI_doy2012081000000_aid0003,_250m_16_days_NDVI,aid0003,2012-03-21,1378780.0,-0.2,0.9886,"(-0.2,0.9886)",0.637342,0.1211692,0.014682,0.7152,0.9166,0.6518,0.3795,0.5809
MOD13Q1_061__250m_16_days_NDVI_doy2012097000000_aid0003,_250m_16_days_NDVI,aid0003,2012-04-06,1378588.0,-0.2,0.9173,"(-0.2,0.9173)",0.6523818,0.1187451,0.0141004,0.7274,0.912,0.6671,0.4197,0.6043
MOD13Q1_061__250m_16_days_NDVI_doy2012113000000_aid0003,_250m_16_days_NDVI,aid0003,2012-04-22,1380063.0,-0.2,0.994,"(-0.2,0.994)",0.6347664,0.1251761,0.0156691,0.7162,0.9106,0.6539,0.3885,0.5851
MOD13Q1_061__250m_16_days_NDVI_doy2012129000000_aid0003,_250m_16_days_NDVI,aid0003,2012-05-08,1374772.0,-0.2,0.9917,"(-0.2,0.9917)",0.6108441,0.1249956,0.0156239,0.6988,0.9174,0.624,0.3273,0.5502
MOD13Q1_061__250m_16_days_NDVI_doy2012145000000_aid0003,_250m_16_days_NDVI,aid0003,2012-05-24,1373584.0,-0.2,0.9892,"(-0.2,0.9892)",0.6423012,0.1170734,0.0137062,0.7231,0.9233,0.6599,0.3886,0.5893
MOD13Q1_061__250m_16_days_NDVI_doy2012161000000_aid0003,_250m_16_days_NDVI,aid0003,2012-06-09,1372739.0,-0.2,0.9869,"(-0.2,0.9869)",0.4842104,0.1113315,0.0123947,0.5611,0.7838,0.4962,0.1899,0.4126
MOD13Q1_061__250m_16_days_NDVI_doy2012177000000_aid0003,_250m_16_days_NDVI,aid0003,2012-06-25,1370593.0,-0.2,0.9407,"(-0.2,0.9407)",0.4660779,0.1197167,0.0143321,0.5518,0.8114,0.4688,0.1191,0.3787
MOD13Q1_061__250m_16_days_NDVI_doy2012193000000_aid0003,_250m_16_days_NDVI,aid0003,2012-07-11,1371198.0,-0.2,0.9213,"(-0.2,0.9213)",0.4345009,0.1140649,0.0130108,0.5136,0.7579,0.4341,0.1064,0.3507
MOD13Q1_061__250m_16_days_NDVI_doy2012209000000_aid0003,_250m_16_days_NDVI,aid0003,2012-07-27,1374384.0,-0.2,0.9598,"(-0.2,0.9598)",0.3950764,0.101854,0.0103742,0.4599,0.6631,0.3908,0.1212,0.3244
MOD13Q1_061__250m_16_days_NDVI_doy2012225000000_aid0003,_250m_16_days_NDVI,aid0003,2012-08-12,1373644.0,-0.2,0.9361,"(-0.2,0.9361)",0.4428938,0.114407,0.013089,0.5188,0.7481,0.442,0.1366,0.3659
MOD13Q1_061__250m_16_days_NDVI_doy2012241000000_aid0003,_250m_16_days_NDVI,aid0003,2012-08-28,1375009.0,-0.2,0.9261,"(-0.2,0.9261)",0.5077602,0.1376282,0.0189415,0.6119,0.9064,0.5109,0.1202,0.4152
MOD13Q1_061__250m_16_days_NDVI_doy2012257000000_aid0003,_250m_16_days_NDVI,aid0003,2012-09-13,1374736.0,-0.2,0.9014,"(-0.2,0.9014)",0.5429038,0.1438888,0.020704,0.6577,0.9014,0.5493,0.1297,0.4465
MOD13Q1_061__250m_16_days_NDVI_doy2012273000000_aid0003,_250m_16_days_NDVI,aid0003,2012-09-29,1375141.0,-0.2,0.9051,"(-0.2,0.9051)",0.5400018,0.1515703,0.0229736,0.6666,0.9051,0.5408,0.0786,0.4314
MOD13Q1_061__250m_16_days_NDVI_doy2012289000000_aid0003,_250m_16_days_NDVI,aid0003,2012-10-15,1375543.0,-0.2,0.9986,"(-0.2,0.9986)",0.550479,0.1547917,0.0239605,0.6787,0.9986,0.5578,0.0856,0.4414
MOD13Q1_061__250m_16_days_NDVI_doy2012305000000_aid0003,_250m_16_days_NDVI,aid0003,2012-10-31,1375022.0,-0.2,0.9687,"(-0.2,0.9687)",0.574043,0.1630009,0.0265693,0.7107,0.9687,0.5865,0.0955,0.4646
MOD13Q1_061__250m_16_days_NDVI_doy2012321000000_aid0003,_250m_16_days_NDVI,aid0003,2012-11-16,1376484.0,-0.2,0.9862,"(-0.2,0.9862)",0.5929718,0.1517656,0.0230328,0.7105,0.9862,0.6118,0.1978,0.5054
MOD13Q1_061__250m_16_days_NDVI_doy2012337000000_aid0003,_250m_16_days_NDVI,aid0003,2012-12-02,1374790.0,-0.2,0.9985,"(-0.2,0.9985)",0.6168321,0.1483693,0.0220135,0.7286,0.9985,0.6404,0.2594,0.5409
MOD13Q1_061__250m_16_days_NDVI_doy2012353000000_aid0003,_250m_16_days_NDVI,aid0003,2012-12-18,1375426.0,-0.2,0.9856,"(-0.2,0.9856)",0.6392781,0.1448824,0.0209909,0.7507,0.9856,0.6636,0.288,0.5656
MOD13Q1_061__250m_16_days_NDVI_doy2013001000000_aid0003,_250m_16_days_NDVI,aid0003,2013-01-01,1374485.0,-0.2,0.9904,"(-0.2,0.9904)",0.6383913,0.1365965,0.0186586,0.7374,0.9802,0.6643,0.3289,0.574
MOD13Q1_061__250m_16_days_NDVI_doy2013017000000_aid0003,_250m_16_days_NDVI,aid0003,2013-01-17,1375790.0,-0.2,0.9955,"(-0.2,0.9955)",0.6131808,0.1386151,0.0192141,0.7139,0.9775,0.6309,0.2702,0.5364
MOD13Q1_061__250m_16_days_NDVI_doy2013033000000_aid0003,_250m_16_days_NDVI,aid0003,2013-02-02,1378962.0,-0.1998,0.9993,"(-0.1998,0.9993)",0.6183162,0.1255831,0.0157711,0.6992,0.9055,0.6329,0.355,0.5615
MOD13Q1_061__250m_16_days_NDVI_doy2013049000000_aid0003,_250m_16_days_NDVI,aid0003,2013-02-18,1373705.0,-0.2,0.9365,"(-0.2,0.9365)",0.6493893,0.1151661,0.0132632,0.7168,0.8948,0.6587,0.4201,0.5981
MOD13Q1_061__250m_16_days_NDVI_doy2013065000000_aid0003,_250m_16_days_NDVI,aid0003,2013-03-06,1373413.0,-0.2,0.9867,"(-0.2,0.9867)",0.6741375,0.1108486,0.0122874,0.7388,0.9108,0.6829,0.4521,0.6241
MOD13Q1_061__250m_16_days_NDVI_doy2013081000000_aid0003,_250m_16_days_NDVI,aid0003,2013-03-22,1372586.0,-0.2,0.9551,"(-0.2,0.9551)",0.6690692,0.1076705,0.0115929,0.737,0.9146,0.6813,0.441,0.6186
MOD13Q1_061__250m_16_days_NDVI_doy2013097000000_aid0003,_250m_16_days_NDVI,aid0003,2013-04-07,1371395.0,-0.2,0.9768,"(-0.2,0.9768)",0.6448456,0.1111435,0.0123529,0.721,0.916,0.66,0.3958,0.5909
MOD13Q1_061__250m_16_days_NDVI_doy2013113000000_aid0003,_250m_16_days_NDVI,aid0003,2013-04-23,1372395.0,-0.2,0.9625,"(-0.2,0.9625)",0.6228332,0.1184894,0.0140397,0.7082,0.9124,0.6391,0.351,0.5653
MOD13Q1_061__250m_16_days_NDVI_doy2013129000000_aid0003,_250m_16_days_NDVI,aid0003,2013-05-09,1373282.0,-0.2,0.9177,"(-0.2,0.9177)",0.6075196,0.128259,0.0164504,0.7006,0.9177,0.6294,0.3139,0.5459
MOD13Q1_061__250m_16_days_NDVI_doy2013145000000_aid0003,_250m_16_days_NDVI,aid0003,2013-05-25,1372674.0,-0.2,0.9041,"(-0.2,0.9041)",0.5516475,0.1302951,0.0169768,0.6495,0.9041,0.569,0.22,0.4777
MOD13Q1_061__250m_16_days_NDVI_doy2013161000000_aid0003,_250m_16_days_NDVI,aid0003,2013-06-10,1374494.0,-0.2,0.9682,"(-0.2,0.9682)",0.5480785,0.1315796,0.0173132,0.6458,0.9043,0.5629,0.2143,0.4732
MOD13Q1_061__250m_16_days_NDVI_doy2013177000000_aid0003,_250m_16_days_NDVI,aid0003,2013-06-26,1369702.0,-0.2,0.9817,"(-0.2,0.9817)",0.5173862,0.1277338,0.0163159,0.6113,0.8648,0.5329,0.1888,0.4423
MOD13Q1_061__250m_16_days_NDVI_doy2013193000000_aid0003,_250m_16_days_NDVI,aid0003,2013-07-12,1364201.0,-0.2,0.9263,"(-0.2,0.9263)",0.5134734,0.1370323,0.0187779,0.612,0.8719,0.5276,0.1788,0.4387
MOD13Q1_061__250m_16_days_NDVI_doy2013209000000_aid0003,_250m_16_days_NDVI,aid0003,2013-07-28,1371923.0,-0.2,0.9005,"(-0.2,0.9005)",0.4350026,0.1230159,0.0151329,0.5263,0.7979,0.4341,0.0736,0.3452
MOD13Q1_061__250m_16_days_NDVI_doy2013225000000_aid0003,_250m_16_days_NDVI,aid0003,2013-08-13,1372581.0,-0.2,0.8982,"(-0.2,0.8982)",0.4091959,0.1197094,0.0143303,0.4952,0.7608,0.3994,0.0526,0.3181
MOD13Q1_061__250m_16_days_NDVI_doy2013241000000_aid0003,_250m_16_days_NDVI,aid0003,2013-08-29,1372974.0,-0.1995,0.8697,"(-0.1995,0.8697)",0.3881086,0.112708,0.0127031,0.4559,0.6798,0.375,0.0827,0.3066
MOD13Q1_061__250m_16_days_NDVI_doy2013257000000_aid0003,_250m_16_days_NDVI,aid0003,2013-09-14,1373196.0,-0.2,0.9774,"(-0.2,0.9774)",0.4129133,0.1213785,0.0147327,0.4911,0.741,0.4011,0.0746,0.3245
MOD13Q1_061__250m_16_days_NDVI_doy2013273000000_aid0003,_250m_16_days_NDVI,aid0003,2013-09-30,1374331.0,-0.1992,0.8448,"(-0.1992,0.8448)",0.4233499,0.1309245,0.0171412,0.5124,0.7908,0.4089,0.0484,0.3268
MOD13Q1_061__250m_16_days_NDVI_doy2013289000000_aid0003,_250m_16_days_NDVI,aid0003,2013-10-16,1373563.0,-0.1995,0.8794,"(-0.1995,0.8794)",0.4749544,0.1559425,0.0243181,0.593,0.8794,0.4661,-0.0112,0.3513
MOD13Q1_061__250m_16_days_NDVI_doy2013305000000_aid0003,_250m_16_days_NDVI,aid0003,2013-11-01,1373820.0,-0.2,0.9107,"(-0.2,0.9107)",0.5493177,0.1624008,0.026374,0.6823,0.9107,0.5609,0.0536,0.4308
MOD13Q1_061__250m_16_days_NDVI_doy2013321000000_aid0003,_250m_16_days_NDVI,aid0003,2013-11-17,1374736.0,-0.2,0.9458,"(-0.2,0.9458)",0.6148776,0.1620954,0.0262749,0.7424,0.9458,0.6491,0.1749,0.5154
MOD13Q1_061__250m_16_days_NDVI_doy2013337000000_aid0003,_250m_16_days_NDVI,aid0003,2013-12-03,1374224.0,-0.2,0.9856,"(-0.2,0.9856)",0.617218,0.1492391,0.0222723,0.729,0.9856,0.6434,0.2515,0.538
MOD13Q1_061__250m_16_days_NDVI_doy2013353000000_aid0003,_250m_16_days_NDVI,aid0003,2013-12-19,1374067.0,-0.2,0.9797,"(-0.2,0.9797)",0.5683174,0.1519507,0.023089,0.6828,0.9797,0.5885,0.1587,0.4731
MOD13Q1_061__250m_16_days_NDVI_doy2014001000000_aid0003,_250m_16_days_NDVI,aid0003,2014-01-01,1373449.0,-0.2,0.9634,"(-0.2,0.9634)",0.5735633,0.1301232,0.016932,0.6646,0.9095,0.591,0.2519,0.4995
MOD13Q1_061__250m_16_days_NDVI_doy2014017000000_aid0003,_250m_16_days_NDVI,aid0003,2014-01-17,1374521.0,-0.2,0.9859,"(-0.2,0.9859)",0.6367217,0.1168716,0.013659,0.714,0.9121,0.6537,0.3838,0.5819
MOD13Q1_061__250m_16_days_NDVI_doy2014033000000_aid0003,_250m_16_days_NDVI,aid0003,2014-02-02,1377401.0,-0.2,0.9841,"(-0.2,0.9841)",0.6661739,0.1211516,0.0146777,0.7456,0.9412,0.6825,0.4166,0.614
MOD13Q1_061__250m_16_days_NDVI_doy2014049000000_aid0003,_250m_16_days_NDVI,aid0003,2014-02-18,1376707.0,-0.2,0.9851,"(-0.2,0.9851)",0.7076566,0.1208813,0.0146123,0.7806,0.9645,0.727,0.4721,0.6572
MOD13Q1_061__250m_16_days_NDVI_doy2014065000000_aid0003,_250m_16_days_NDVI,aid0003,2014-03-06,1379419.0,-0.2,0.9982,"(-0.2,0.9982)",0.6914403,0.1272601,0.0161951,0.7674,0.9562,0.7115,0.4377,0.6355
MOD13Q1_061__250m_16_days_NDVI_doy2014081000000_aid0003,_250m_16_days_NDVI,aid0003,2014-03-22,1373973.0,-0.2,0.995,"(-0.2,0.995)",0.6919369,0.1179451,0.0139111,0.7681,0.9712,0.7121,0.4241,0.6305
MOD13Q1_061__250m_16_days_NDVI_doy2014097000000_aid0003,_250m_16_days_NDVI,aid0003,2014-04-07,1372022.0,-0.2,0.9394,"(-0.2,0.9394)",0.6736704,0.1195659,0.014296,0.7568,0.9394,0.6955,0.3923,0.611
MOD13Q1_061__250m_16_days_NDVI_doy2014113000000_aid0003,_250m_16_days_NDVI,aid0003,2014-04-23,1372326.0,-0.2,0.9859,"(-0.2,0.9859)",0.641422,0.1154697,0.0133332,0.7238,0.9348,0.6609,0.3693,0.582
MOD13Q1_061__250m_16_days_NDVI_doy2014129000000_aid0003,_250m_16_days_NDVI,aid0003,2014-05-09,1375528.0,-0.2,0.9982,"(-0.2,0.9982)",0.6229743,0.1204886,0.0145175,0.7056,0.9111,0.6438,0.3616,0.568
MOD13Q1_061__250m_16_days_NDVI_doy2014145000000_aid0003,_250m_16_days_NDVI,aid0003,2014-05-25,1372319.0,-0.2,0.9662,"(-0.2,0.9662)",0.6078619,0.117737,0.013862,0.691,0.902,0.6282,0.3383,0.5499
MOD13Q1_061__250m_16_days_NDVI_doy2014161000000_aid0003,_250m_16_days_NDVI,aid0003,2014-06-10,1372664.0,-0.2,0.9078,"(-0.2,0.9078)",0.5816572,0.1256696,0.0157929,0.6729,0.903,0.6027,0.2874,0.5187
MOD13Q1_061__250m_16_days_NDVI_doy2014177000000_aid0003,_250m_16_days_NDVI,aid0003,2014-06-26,1363575.0,-0.2,0.9982,"(-0.2,0.9982)",0.5503774,0.1341368,0.0179927,0.6425,0.87,0.5684,0.2633,0.4908
MOD13Q1_061__250m_16_days_NDVI_doy2014193000000_aid0003,_250m_16_days_NDVI,aid0003,2014-07-12,1368985.0,-0.2,0.9217,"(-0.2,0.9217)",0.5529893,0.1238212,0.0153317,0.6381,0.8568,0.5644,0.2736,0.4923
MOD13Q1_061__250m_16_days_NDVI_doy2014209000000_aid0003,_250m_16_days_NDVI,aid0003,2014-07-28,1370727.0,-0.2,0.9091,"(-0.2,0.9091)",0.5236267,0.1187533,0.0141024,0.6044,0.8267,0.525,0.2339,0.4562
MOD13Q1_061__250m_16_days_NDVI_doy2014225000000_aid0003,_250m_16_days_NDVI,aid0003,2014-08-13,1371623.0,-0.2,0.915,"(-0.2,0.915)",0.5117932,0.1195403,0.0142899,0.5872,0.8036,0.5112,0.2265,0.4429
MOD13Q1_061__250m_16_days_NDVI_doy2014241000000_aid0003,_250m_16_days_NDVI,aid0003,2014-08-29,1374423.0,-0.2,0.9934,"(-0.2,0.9934)",0.5374223,0.1235661,0.0152686,0.6198,0.8484,0.5373,0.2388,0.4674
MOD13Q1_061__250m_16_days_NDVI_doy2014257000000_aid0003,_250m_16_days_NDVI,aid0003,2014-09-14,1372897.0,-0.2,0.9224,"(-0.2,0.9224)",0.5648067,0.129897,0.0168732,0.659,0.9177,0.564,0.2258,0.4857
MOD13Q1_061__250m_16_days_NDVI_doy2014273000000_aid0003,_250m_16_days_NDVI,aid0003,2014-09-30,1374832.0,-0.2,0.9615,"(-0.2,0.9615)",0.5796246,0.1336556,0.0178638,0.675,0.9134,0.5841,0.244,0.5026
MOD13Q1_061__250m_16_days_NDVI_doy2014289000000_aid0003,_250m_16_days_NDVI,aid0003,2014-10-16,1373348.0,-0.2,0.9202,"(-0.2,0.9202)",0.5723803,0.1414366,0.0200043,0.678,0.9202,0.5783,0.204,0.4884
MOD13Q1_061__250m_16_days_NDVI_doy2014305000000_aid0003,_250m_16_days_NDVI,aid0003,2014-11-01,1373003.0,-0.2,0.9896,"(-0.2,0.9896)",0.5972684,0.1474712,0.0217477,0.7049,0.9688,0.6145,0.2434,0.5203
MOD13Q1_061__250m_16_days_NDVI_doy2014321000000_aid0003,_250m_16_days_NDVI,aid0003,2014-11-17,1375574.0,-0.2,0.9496,"(-0.2,0.9496)",0.6140978,0.1394067,0.0194342,0.7119,0.9496,0.6355,0.3077,0.5502
MOD13Q1_061__250m_16_days_NDVI_doy2014337000000_aid0003,_250m_16_days_NDVI,aid0003,2014-12-03,1376446.0,-0.2,0.9989,"(-0.2,0.9989)",0.6292353,0.1436868,0.0206459,0.7305,0.9671,0.6528,0.3193,0.566
MOD13Q1_061__250m_16_days_NDVI_doy2014353000000_aid0003,_250m_16_days_NDVI,aid0003,2014-12-19,1374673.0,-0.2,0.9986,"(-0.2,0.9986)",0.6238061,0.1396381,0.0194988,0.7216,0.9525,0.6451,0.3284,0.5643
MOD13Q1_061__250m_16_days_NDVI_doy2015001000000_aid0003,_250m_16_days_NDVI,aid0003,2015-01-01,1373648.0,-0.2,0.9899,"(-0.2,0.9899)",0.623542,0.1421983,0.0202203,0.722,0.9409,0.6464,0.337,0.568
MOD13Q1_061__250m_16_days_NDVI_doy2015017000000_aid0003,_250m_16_days_NDVI,aid0003,2015-01-17,1374640.0,-0.2,0.9654,"(-0.2,0.9654)",0.6571354,0.1330046,0.0176902,0.7488,0.9654,0.6763,0.3776,0.6003
MOD13Q1_061__250m_16_days_NDVI_doy2015033000000_aid0003,_250m_16_days_NDVI,aid0003,2015-02-02,1374649.0,-0.2,0.9892,"(-0.2,0.9892)",0.6608362,0.1272466,0.0161917,0.7461,0.9588,0.6785,0.3891,0.6033
MOD13Q1_061__250m_16_days_NDVI_doy2015049000000_aid0003,_250m_16_days_NDVI,aid0003,2015-02-18,1375818.0,-0.2,0.972,"(-0.2,0.972)",0.6705376,0.1290148,0.0166448,0.7538,0.961,0.6892,0.4076,0.6153
MOD13Q1_061__250m_16_days_NDVI_doy2015065000000_aid0003,_250m_16_days_NDVI,aid0003,2015-03-06,1375285.0,-0.2,0.999,"(-0.2,0.999)",0.6734053,0.1309219,0.0171405,0.7552,0.9578,0.6932,0.4155,0.6193
MOD13Q1_061__250m_16_days_NDVI_doy2015081000000_aid0003,_250m_16_days_NDVI,aid0003,2015-03-22,1375884.0,-0.2,0.9422,"(-0.2,0.9422)",0.6545784,0.1279745,0.0163775,0.737,0.9422,0.6714,0.3898,0.5981
MOD13Q1_061__250m_16_days_NDVI_doy2015097000000_aid0003,_250m_16_days_NDVI,aid0003,2015-04-07,1376859.0,-0.2,0.9441,"(-0.2,0.9441)",0.6265306,0.1261259,0.0159077,0.7056,0.9034,0.644,0.3759,0.5737
MOD13Q1_061__250m_16_days_NDVI_doy2015113000000_aid0003,_250m_16_days_NDVI,aid0003,2015-04-23,1378130.0,-0.2,0.9278,"(-0.2,0.9278)",0.5856191,0.1229053,0.0151057,0.6629,0.8564,0.6049,0.3404,0.5339
MOD13Q1_061__250m_16_days_NDVI_doy2015129000000_aid0003,_250m_16_days_NDVI,aid0003,2015-05-09,1376015.0,-0.2,0.9378,"(-0.2,0.9378)",0.5761199,0.1201742,0.0144418,0.6522,0.844,0.5937,0.3325,0.5243
MOD13Q1_061__250m_16_days_NDVI_doy2015145000000_aid0003,_250m_16_days_NDVI,aid0003,2015-05-25,1372955.0,-0.2,0.9374,"(-0.2,0.9374)",0.5773828,0.120613,0.0145475,0.6586,0.8686,0.5978,0.3081,0.5184
MOD13Q1_061__250m_16_days_NDVI_doy2015161000000_aid0003,_250m_16_days_NDVI,aid0003,2015-06-10,1372206.0,-0.2,0.9233,"(-0.2,0.9233)",0.5651701,0.1216087,0.0147887,0.6487,0.8732,0.5834,0.2745,0.499
MOD13Q1_061__250m_16_days_NDVI_doy2015177000000_aid0003,_250m_16_days_NDVI,aid0003,2015-06-26,1372929.0,-0.2,0.9774,"(-0.2,0.9774)",0.5109218,0.1204997,0.0145202,0.5978,0.8511,0.5256,0.1756,0.4289
MOD13Q1_061__250m_16_days_NDVI_doy2015193000000_aid0003,_250m_16_days_NDVI,aid0003,2015-07-12,1371710.0,-0.2,0.9682,"(-0.2,0.9682)",0.4874841,0.1151464,0.0132587,0.5673,0.807,0.4981,0.1678,0.4075
MOD13Q1_061__250m_16_days_NDVI_doy2015209000000_aid0003,_250m_16_days_NDVI,aid0003,2015-07-28,1372836.0,-0.2,0.8905,"(-0.2,0.8905)",0.4557376,0.1122529,0.0126007,0.5295,0.7509,0.4613,0.1605,0.3819
MOD13Q1_061__250m_16_days_NDVI_doy2015225000000_aid0003,_250m_16_days_NDVI,aid0003,2015-08-13,1371472.0,-0.2,0.9952,"(-0.2,0.9952)",0.5051949,0.1169428,0.0136756,0.5755,0.7772,0.5162,0.2393,0.441
MOD13Q1_061__250m_16_days_NDVI_doy2015241000000_aid0003,_250m_16_days_NDVI,aid0003,2015-08-29,1373321.0,-0.1997,0.9468,"(-0.1997,0.9468)",0.5418909,0.1228497,0.0150921,0.6234,0.8542,0.5482,0.2387,0.4695
MOD13Q1_061__250m_16_days_NDVI_doy2015257000000_aid0003,_250m_16_days_NDVI,aid0003,2015-09-14,1374174.0,-0.2,0.9593,"(-0.2,0.9593)",0.5573335,0.1303434,0.0169894,0.6473,0.9036,0.5581,0.2201,0.4764
MOD13Q1_061__250m_16_days_NDVI_doy2015273000000_aid0003,_250m_16_days_NDVI,aid0003,2015-09-30,1374297.0,-0.1998,0.9979,"(-0.1998,0.9979)",0.5532753,0.1289882,0.016638,0.6412,0.8941,0.5564,0.2195,0.4725
MOD13Q1_061__250m_16_days_NDVI_doy2015289000000_aid0003,_250m_16_days_NDVI,aid0003,2015-10-16,1374791.0,-0.1997,0.9562,"(-0.1997,0.9562)",0.5571702,0.138227,0.0191067,0.661,0.927,0.5597,0.1738,0.4661
MOD13Q1_061__250m_16_days_NDVI_doy2015305000000_aid0003,_250m_16_days_NDVI,aid0003,2015-11-01,1375287.0,-0.2,0.9952,"(-0.2,0.9952)",0.6218915,0.1380614,0.0190609,0.7208,0.9761,0.6403,0.2953,0.5506
MOD13Q1_061__250m_16_days_NDVI_doy2015321000000_aid0003,_250m_16_days_NDVI,aid0003,2015-11-17,1373987.0,-0.1997,0.9857,"(-0.1997,0.9857)",0.6311645,0.1345418,0.0181015,0.7267,0.9626,0.649,0.3287,0.5675
MOD13Q1_061__250m_16_days_NDVI_doy2015337000000_aid0003,_250m_16_days_NDVI,aid0003,2015-12-03,1373558.0,-0.2,0.9856,"(-0.2,0.9856)",0.6295135,0.1420738,0.020185,0.7317,0.9856,0.6481,0.2997,0.5589
MOD13Q1_061__250m_16_days_NDVI_doy2015353000000_aid0003,_250m_16_days_NDVI,aid0003,2015-12-19,1371896.0,-0.2,0.9994,"(-0.2,0.9994)",0.6305947,0.1643813,0.0270212,0.7406,0.9994,0.654,0.3079,0.5675
MOD13Q1_061__250m_16_days_NDVI_doy2007353000000_aid0004,_250m_16_days_NDVI,aid0004,2007-12-19,1282607.0,-0.2,0.974,"(-0.2,0.974)",0.4379383,0.1575263,0.0248146,0.5436,0.8386,0.4595,0.0519,0.3469
MOD13Q1_061__250m_16_days_NDVI_doy2008001000000_aid0004,_250m_16_days_NDVI,aid0004,2008-01-01,1285140.0,-0.2,0.9894,"(-0.2,0.9894)",0.4837129,0.1785159,0.0318679,0.606,0.9276,0.5182,0.0693,0.3913
MOD13Q1_061__250m_16_days_NDVI_doy2008017000000_aid0004,_250m_16_days_NDVI,aid0004,2008-01-17,1325497.0,-0.2,0.9969,"(-0.2,0.9969)",0.4800735,0.2058332,0.0423673,0.6147,0.9585,0.518,0.041,0.3852
MOD13Q1_061__250m_16_days_NDVI_doy2008033000000_aid0004,_250m_16_days_NDVI,aid0004,2008-02-02,1289581.0,-0.2,0.9986,"(-0.2,0.9986)",0.5715288,0.2079344,0.0432367,0.6996,0.9937,0.6038,0.2059,0.5021
MOD13Q1_061__250m_16_days_NDVI_doy2008049000000_aid0004,_250m_16_days_NDVI,aid0004,2008-02-18,1318863.0,-0.2,0.9988,"(-0.2,0.9988)",0.6135696,0.2358776,0.0556382,0.7511,0.9988,0.6679,0.2651,0.5567
MOD13Q1_061__250m_16_days_NDVI_doy2008065000000_aid0004,_250m_16_days_NDVI,aid0004,2008-03-05,1276327.0,-0.2,0.982,"(-0.2,0.982)",0.6169035,0.2070135,0.0428546,0.7413,0.982,0.6555,0.2561,0.5472
MOD13Q1_061__250m_16_days_NDVI_doy2008081000000_aid0004,_250m_16_days_NDVI,aid0004,2008-03-21,1268876.0,-0.2,0.9953,"(-0.2,0.9953)",0.5968367,0.1921828,0.0369342,0.7149,0.9953,0.6236,0.2334,0.5223
MOD13Q1_061__250m_16_days_NDVI_doy2008097000000_aid0004,_250m_16_days_NDVI,aid0004,2008-04-06,1263682.0,-0.2,0.9401,"(-0.2,0.9401)",0.5592162,0.1769334,0.0313054,0.6683,0.9401,0.5831,0.2066,0.4836
MOD13Q1_061__250m_16_days_NDVI_doy2008113000000_aid0004,_250m_16_days_NDVI,aid0004,2008-04-22,1266304.0,-0.2,0.9598,"(-0.2,0.9598)",0.4725495,0.1564283,0.0244698,0.577,0.8353,0.5028,0.1465,0.4048
MOD13Q1_061__250m_16_days_NDVI_doy2008129000000_aid0004,_250m_16_days_NDVI,aid0004,2008-05-08,1271973.0,-0.2,0.9457,"(-0.2,0.9457)",0.426254,0.1424822,0.0203012,0.5266,0.7917,0.4489,0.0844,0.3497
MOD13Q1_061__250m_16_days_NDVI_doy2008145000000_aid0004,_250m_16_days_NDVI,aid0004,2008-05-24,1269053.0,-0.2,0.9597,"(-0.2,0.9597)",0.402331,0.127354,0.016219,0.494,0.7509,0.4145,0.0648,0.3223
MOD13Q1_061__250m_16_days_NDVI_doy2008161000000_aid0004,_250m_16_days_NDVI,aid0004,2008-06-09,1272681.0,-0.2,0.8714,"(-0.2,0.8714)",0.3538093,0.1164039,0.0135499,0.4314,0.6535,0.3588,0.0612,0.2833
MOD13Q1_061__250m_16_days_NDVI_doy2008177000000_aid0004,_250m_16_days_NDVI,aid0004,2008-06-25,1275394.0,-0.2,0.922,"(-0.2,0.922)",0.3439361,0.1140123,0.0129988,0.4177,0.6274,0.3482,0.0682,0.2779
MOD13Q1_061__250m_16_days_NDVI_doy2008193000000_aid0004,_250m_16_days_NDVI,aid0004,2008-07-11,1278349.0,-0.2,0.9057,"(-0.2,0.9057)",0.3289172,0.1090834,0.0118992,0.3953,0.5897,0.3299,0.0713,0.2657
MOD13Q1_061__250m_16_days_NDVI_doy2008209000000_aid0004,_250m_16_days_NDVI,aid0004,2008-07-27,1286407.0,-0.2,0.9568,"(-0.2,0.9568)",0.3112989,0.1060829,0.0112536,0.3711,0.5377,0.3131,0.0934,0.26
MOD13Q1_061__250m_16_days_NDVI_doy2008225000000_aid0004,_250m_16_days_NDVI,aid0004,2008-08-12,1282567.0,-0.2,0.9584,"(-0.2,0.9584)",0.2925915,0.0995438,0.009909,0.3476,0.503,0.291,0.0886,0.244
MOD13Q1_061__250m_16_days_NDVI_doy2008241000000_aid0004,_250m_16_days_NDVI,aid0004,2008-08-28,1280060.0,-0.2,0.9922,"(-0.2,0.9922)",0.2867115,0.0944101,0.0089133,0.3381,0.4881,0.2827,0.0881,0.2381
MOD13Q1_061__250m_16_days_NDVI_doy2008257000000_aid0004,_250m_16_days_NDVI,aid0004,2008-09-13,1281963.0,-0.2,0.9849,"(-0.2,0.9849)",0.2932953,0.0938261,0.0088033,0.3441,0.4965,0.2866,0.0901,0.2425
MOD13Q1_061__250m_16_days_NDVI_doy2008273000000_aid0004,_250m_16_days_NDVI,aid0004,2008-09-29,1302446.0,-0.2,0.9774,"(-0.2,0.9774)",0.3049048,0.1194046,0.0142575,0.3753,0.5743,0.3035,0.0436,0.2426
MOD13Q1_061__250m_16_days_NDVI_doy2008289000000_aid0004,_250m_16_days_NDVI,aid0004,2008-10-15,1336911.0,-0.2,0.9986,"(-0.2,0.9986)",0.3259964,0.1626532,0.0264561,0.4218,0.6795,0.3269,-0.0077,0.25
MOD13Q1_061__250m_16_days_NDVI_doy2008305000000_aid0004,_250m_16_days_NDVI,aid0004,2008-10-31,1284961.0,-0.2,0.9662,"(-0.2,0.9662)",0.4200606,0.1477026,0.021816,0.5223,0.8296,0.4296,0.0101,0.3174
MOD13Q1_061__250m_16_days_NDVI_doy2008321000000_aid0004,_250m_16_days_NDVI,aid0004,2008-11-16,1295464.0,-0.2,0.9914,"(-0.2,0.9914)",0.4251631,0.1615122,0.0260862,0.5389,0.8646,0.4538,-0.0041,0.3217
MOD13Q1_061__250m_16_days_NDVI_doy2008337000000_aid0004,_250m_16_days_NDVI,aid0004,2008-12-02,1285757.0,-0.2,0.9932,"(-0.2,0.9932)",0.4388668,0.1673243,0.0279974,0.5599,0.8924,0.4643,0.0049,0.3379
MOD13Q1_061__250m_16_days_NDVI_doy2008353000000_aid0004,_250m_16_days_NDVI,aid0004,2008-12-18,1307767.0,-0.2,0.9952,"(-0.2,0.9952)",0.4236386,0.1790769,0.0320685,0.5404,0.8648,0.4324,-0.0003,0.3241
MOD13Q1_061__250m_16_days_NDVI_doy2009001000000_aid0004,_250m_16_days_NDVI,aid0004,2009-01-01,1292956.0,-0.2,0.9919,"(-0.2,0.9919)",0.4759283,0.1856207,0.034455,0.5988,0.9414,0.491,0.0278,0.3704
MOD13Q1_061__250m_16_days_NDVI_doy2009017000000_aid0004,_250m_16_days_NDVI,aid0004,2009-01-17,1298499.0,-0.2,0.9986,"(-0.2,0.9986)",0.4858455,0.1892764,0.0358255,0.5982,0.9052,0.5124,0.0865,0.3935
MOD13Q1_061__250m_16_days_NDVI_doy2009033000000_aid0004,_250m_16_days_NDVI,aid0004,2009-02-02,1313284.0,-0.2,0.9853,"(-0.2,0.9853)",0.484275,0.1923269,0.0369896,0.5915,0.8658,0.5087,0.1343,0.4086
MOD13Q1_061__250m_16_days_NDVI_doy2009049000000_aid0004,_250m_16_days_NDVI,aid0004,2009-02-18,1293591.0,-0.2,0.9776,"(-0.2,0.9776)",0.5366803,0.1776686,0.0315661,0.6363,0.8934,0.558,0.2078,0.4649
MOD13Q1_061__250m_16_days_NDVI_doy2009065000000_aid0004,_250m_16_days_NDVI,aid0004,2009-03-06,1295592.0,-0.2,0.9836,"(-0.2,0.9836)",0.5246674,0.1853789,0.0343653,0.6362,0.9146,0.5523,0.1722,0.4506
MOD13Q1_061__250m_16_days_NDVI_doy2009081000000_aid0004,_250m_16_days_NDVI,aid0004,2009-03-22,1296014.0,-0.2,0.9274,"(-0.2,0.9274)",0.519794,0.1736765,0.0301635,0.6289,0.9046,0.5528,0.1694,0.4451
MOD13Q1_061__250m_16_days_NDVI_doy2009097000000_aid0004,_250m_16_days_NDVI,aid0004,2009-04-07,1298206.0,-0.2,0.9367,"(-0.2,0.9367)",0.4544733,0.1614351,0.0260613,0.5626,0.8288,0.4886,0.1189,0.3851
MOD13Q1_061__250m_16_days_NDVI_doy2009113000000_aid0004,_250m_16_days_NDVI,aid0004,2009-04-23,1299843.0,-0.2,0.8632,"(-0.2,0.8632)",0.4111157,0.1498291,0.0224488,0.518,0.7961,0.4366,0.0543,0.3325
MOD13Q1_061__250m_16_days_NDVI_doy2009129000000_aid0004,_250m_16_days_NDVI,aid0004,2009-05-09,1301489.0,-0.2,0.9734,"(-0.2,0.9734)",0.3841943,0.141496,0.0200211,0.4838,0.7635,0.4017,0.0176,0.2973
MOD13Q1_061__250m_16_days_NDVI_doy2009145000000_aid0004,_250m_16_days_NDVI,aid0004,2009-05-25,1338595.0,-0.2,0.9958,"(-0.2,0.9958)",0.3599526,0.1486821,0.0221064,0.4622,0.7399,0.3792,-0.001,0.2769
MOD13Q1_061__250m_16_days_NDVI_doy2009161000000_aid0004,_250m_16_days_NDVI,aid0004,2009-06-10,1301652.0,-0.2,0.9419,"(-0.2,0.9419)",0.3561426,0.1277497,0.01632,0.4438,0.692,0.3647,0.0301,0.2783
MOD13Q1_061__250m_16_days_NDVI_doy2009177000000_aid0004,_250m_16_days_NDVI,aid0004,2009-06-26,1301455.0,-0.2,0.9267,"(-0.2,0.9267)",0.3247049,0.1150084,0.0132269,0.3981,0.6042,0.3298,0.0546,0.2607
MOD13Q1_061__250m_16_days_NDVI_doy2009193000000_aid0004,_250m_16_days_NDVI,aid0004,2009-07-12,1302845.0,-0.2,0.9244,"(-0.2,0.9244)",0.3149406,0.1088766,0.0118541,0.3828,0.5754,0.3163,0.0618,0.2544
MOD13Q1_061__250m_16_days_NDVI_doy2009209000000_aid0004,_250m_16_days_NDVI,aid0004,2009-07-28,1303307.0,-0.2,0.8993,"(-0.2,0.8993)",0.2863232,0.0977881,0.0095625,0.3442,0.5033,0.2865,0.079,0.2381
MOD13Q1_061__250m_16_days_NDVI_doy2009225000000_aid0004,_250m_16_days_NDVI,aid0004,2009-08-13,1303374.0,-0.2,0.9083,"(-0.2,0.9083)",0.2732729,0.0872302,0.0076091,0.3206,0.4533,0.2723,0.0994,0.2321
MOD13Q1_061__250m_16_days_NDVI_doy2009241000000_aid0004,_250m_16_days_NDVI,aid0004,2009-08-29,1326260.0,-0.2,0.9324,"(-0.2,0.9324)",0.2632978,0.0963294,0.0092793,0.3114,0.4324,0.2679,0.1097,0.2307
MOD13Q1_061__250m_16_days_NDVI_doy2009257000000_aid0004,_250m_16_days_NDVI,aid0004,2009-09-14,1305000.0,-0.2,0.9097,"(-0.2,0.9097)",0.2714466,0.0833776,0.0069518,0.3158,0.4464,0.2704,0.0981,0.2287
MOD13Q1_061__250m_16_days_NDVI_doy2009273000000_aid0004,_250m_16_days_NDVI,aid0004,2009-09-30,1311453.0,-0.2,0.8845,"(-0.2,0.8845)",0.2662548,0.0841652,0.0070838,0.3115,0.4397,0.2652,0.0978,0.226
MOD13Q1_061__250m_16_days_NDVI_doy2009289000000_aid0004,_250m_16_days_NDVI,aid0004,2009-10-16,1313704.0,-0.2,0.8915,"(-0.2,0.8915)",0.2819912,0.0967688,0.0093642,0.3384,0.4956,0.2859,0.0764,0.2336
MOD13Q1_061__250m_16_days_NDVI_doy2009305000000_aid0004,_250m_16_days_NDVI,aid0004,2009-11-01,1328747.0,-0.2,0.9599,"(-0.2,0.9599)",0.2783945,0.1096775,0.0120291,0.3412,0.5066,0.2841,0.0655,0.2309
MOD13Q1_061__250m_16_days_NDVI_doy2009321000000_aid0004,_250m_16_days_NDVI,aid0004,2009-11-17,1339456.0,-0.2,0.9928,"(-0.2,0.9928)",0.3349987,0.1544209,0.0238458,0.4264,0.6833,0.3414,-0.0018,0.2551
MOD13Q1_061__250m_16_days_NDVI_doy2009337000000_aid0004,_250m_16_days_NDVI,aid0004,2009-12-03,1318846.0,-0.2,0.952,"(-0.2,0.952)",0.3847874,0.1608518,0.0258733,0.4972,0.82,0.3958,-0.0408,0.282
MOD13Q1_061__250m_16_days_NDVI_doy2009353000000_aid0004,_250m_16_days_NDVI,aid0004,2009-12-19,1345416.0,-0.2,0.9936,"(-0.2,0.9936)",0.4507568,0.199601,0.0398406,0.5955,0.9837,0.4872,-0.0557,0.335
MOD13Q1_061__250m_16_days_NDVI_doy2010001000000_aid0004,_250m_16_days_NDVI,aid0004,2010-01-01,1336265.0,-0.2,0.9845,"(-0.2,0.9845)",0.4646452,0.1889739,0.0357111,0.5919,0.9119,0.5052,0.0552,0.3772
MOD13Q1_061__250m_16_days_NDVI_doy2010017000000_aid0004,_250m_16_days_NDVI,aid0004,2010-01-17,1310590.0,-0.2,0.9983,"(-0.2,0.9983)",0.4810255,0.1721766,0.0296448,0.5874,0.8671,0.5039,0.1212,0.4009
MOD13Q1_061__250m_16_days_NDVI_doy2010033000000_aid0004,_250m_16_days_NDVI,aid0004,2010-02-02,1358333.0,-0.2,0.9987,"(-0.2,0.9987)",0.5518633,0.2410299,0.0580954,0.6991,0.9987,0.6078,0.1649,0.4854
MOD13Q1_061__250m_16_days_NDVI_doy2010049000000_aid0004,_250m_16_days_NDVI,aid0004,2010-02-18,1307740.0,-0.2,0.9866,"(-0.2,0.9866)",0.6227188,0.2121932,0.0450259,0.7453,0.9866,0.6733,0.3303,0.5793
MOD13Q1_061__250m_16_days_NDVI_doy2010065000000_aid0004,_250m_16_days_NDVI,aid0004,2010-03-06,1304599.0,-0.2,0.9976,"(-0.2,0.9976)",0.6280352,0.2133233,0.0455068,0.7534,0.9976,0.6792,0.3222,0.5809
MOD13Q1_061__250m_16_days_NDVI_doy2010081000000_aid0004,_250m_16_days_NDVI,aid0004,2010-03-22,1301615.0,-0.2,0.9972,"(-0.2,0.9972)",0.5929817,0.197908,0.0391676,0.7146,0.9706,0.6334,0.2801,0.5408
MOD13Q1_061__250m_16_days_NDVI_doy2010097000000_aid0004,_250m_16_days_NDVI,aid0004,2010-04-07,1302242.0,-0.2,0.9829,"(-0.2,0.9829)",0.535703,0.1832395,0.0335767,0.6545,0.9085,0.5825,0.2185,0.4801
MOD13Q1_061__250m_16_days_NDVI_doy2010113000000_aid0004,_250m_16_days_NDVI,aid0004,2010-04-23,1303075.0,-0.2,0.9153,"(-0.2,0.9153)",0.5069106,0.1670483,0.0279051,0.6247,0.9153,0.553,0.1292,0.4265
MOD13Q1_061__250m_16_days_NDVI_doy2010129000000_aid0004,_250m_16_days_NDVI,aid0004,2010-05-09,1300340.0,-0.2,0.9087,"(-0.2,0.9087)",0.4762472,0.1586304,0.0251636,0.5898,0.8907,0.522,0.0833,0.3872
MOD13Q1_061__250m_16_days_NDVI_doy2010145000000_aid0004,_250m_16_days_NDVI,aid0004,2010-05-25,1310099.0,-0.2,0.9392,"(-0.2,0.9392)",0.4596933,0.1641853,0.0269568,0.5764,0.8875,0.5023,0.0577,0.3689
MOD13Q1_061__250m_16_days_NDVI_doy2010161000000_aid0004,_250m_16_days_NDVI,aid0004,2010-06-10,1319260.0,-0.2,0.9902,"(-0.2,0.9902)",0.3886637,0.1459129,0.0212906,0.4879,0.7397,0.4142,0.0682,0.32
MOD13Q1_061__250m_16_days_NDVI_doy2010177000000_aid0004,_250m_16_days_NDVI,aid0004,2010-06-26,1314626.0,-0.2,0.9134,"(-0.2,0.9134)",0.4102061,0.1440249,0.0207432,0.5075,0.7658,0.4306,0.077,0.3353
MOD13Q1_061__250m_16_days_NDVI_doy2010193000000_aid0004,_250m_16_days_NDVI,aid0004,2010-07-12,1305436.0,-0.2,0.9103,"(-0.2,0.9103)",0.3656321,0.1326207,0.0175883,0.4495,0.6727,0.3781,0.0775,0.3007
MOD13Q1_061__250m_16_days_NDVI_doy2010209000000_aid0004,_250m_16_days_NDVI,aid0004,2010-07-28,1308375.0,-0.2,0.9168,"(-0.2,0.9168)",0.3350749,0.1220924,0.0149066,0.4082,0.6003,0.3438,0.088,0.2801
MOD13Q1_061__250m_16_days_NDVI_doy2010225000000_aid0004,_250m_16_days_NDVI,aid0004,2010-08-13,1307590.0,-0.2,0.9043,"(-0.2,0.9043)",0.3228261,0.1108641,0.0122909,0.381,0.5409,0.327,0.1145,0.2744
MOD13Q1_061__250m_16_days_NDVI_doy2010241000000_aid0004,_250m_16_days_NDVI,aid0004,2010-08-29,1307213.0,-0.2,0.9173,"(-0.2,0.9173)",0.327638,0.1173911,0.0137807,0.3867,0.5616,0.3262,0.0952,0.2701
MOD13Q1_061__250m_16_days_NDVI_doy2010257000000_aid0004,_250m_16_days_NDVI,aid0004,2010-09-14,1308695.0,-0.2,0.9496,"(-0.2,0.9496)",0.3522691,0.1316393,0.0173289,0.4218,0.6337,0.3502,0.0686,0.2805
MOD13Q1_061__250m_16_days_NDVI_doy2010273000000_aid0004,_250m_16_days_NDVI,aid0004,2010-09-30,1313725.0,-0.2,0.9633,"(-0.2,0.9633)",0.339955,0.1321904,0.0174743,0.4112,0.6206,0.3385,0.0622,0.2716
MOD13Q1_061__250m_16_days_NDVI_doy2010289000000_aid0004,_250m_16_days_NDVI,aid0004,2010-10-16,1317300.0,-0.2,0.9797,"(-0.2,0.9797)",0.3545942,0.1412051,0.0199389,0.4368,0.6753,0.3564,0.0393,0.2778
MOD13Q1_061__250m_16_days_NDVI_doy2010305000000_aid0004,_250m_16_days_NDVI,aid0004,2010-11-01,1314900.0,-0.2,0.997,"(-0.2,0.997)",0.3246208,0.1224043,0.0149828,0.3974,0.609,0.3263,0.0447,0.2563
MOD13Q1_061__250m_16_days_NDVI_doy2010321000000_aid0004,_250m_16_days_NDVI,aid0004,2010-11-17,1324351.0,-0.2,0.9989,"(-0.2,0.9989)",0.3482158,0.1388152,0.0192697,0.4359,0.6906,0.3587,0.0114,0.2661
MOD13Q1_061__250m_16_days_NDVI_doy2010337000000_aid0004,_250m_16_days_NDVI,aid0004,2010-12-03,1348114.0,-0.2,0.9975,"(-0.2,0.9975)",0.3667047,0.1642104,0.0269651,0.4819,0.8002,0.3936,-0.0486,0.2697
MOD13Q1_061__250m_16_days_NDVI_doy2010353000000_aid0004,_250m_16_days_NDVI,aid0004,2010-12-19,1314980.0,-0.2,0.968,"(-0.2,0.968)",0.4336243,0.1662894,0.0276522,0.5557,0.9137,0.4542,-0.0418,0.3167
MOD13Q1_061__250m_16_days_NDVI_doy2011001000000_aid0004,_250m_16_days_NDVI,aid0004,2011-01-01,1316509.0,-0.2,0.9942,"(-0.2,0.9942)",0.4647165,0.1789321,0.0320167,0.5876,0.9218,0.4994,0.0304,0.3647
MOD13Q1_061__250m_16_days_NDVI_doy2011017000000_aid0004,_250m_16_days_NDVI,aid0004,2011-01-17,1320720.0,-0.2,0.9898,"(-0.2,0.9898)",0.4775631,0.1854441,0.0343895,0.6059,0.942,0.5083,0.0457,0.3818
MOD13Q1_061__250m_16_days_NDVI_doy2011033000000_aid0004,_250m_16_days_NDVI,aid0004,2011-02-02,1325555.0,-0.2,0.996,"(-0.2,0.996)",0.5706117,0.2148593,0.0461645,0.702,0.996,0.615,0.2083,0.5045
MOD13Q1_061__250m_16_days_NDVI_doy2011049000000_aid0004,_250m_16_days_NDVI,aid0004,2011-02-18,1361095.0,-0.2,0.9972,"(-0.2,0.9972)",0.584701,0.2388097,0.0570301,0.7353,0.9972,0.6433,0.1771,0.512
MOD13Q1_061__250m_16_days_NDVI_doy2011065000000_aid0004,_250m_16_days_NDVI,aid0004,2011-03-06,1309478.0,-0.2,0.9918,"(-0.2,0.9918)",0.578919,0.2005354,0.0402145,0.7015,0.9795,0.6181,0.2378,0.516
MOD13Q1_061__250m_16_days_NDVI_doy2011081000000_aid0004,_250m_16_days_NDVI,aid0004,2011-03-22,1309303.0,-0.2,0.9967,"(-0.2,0.9967)",0.5680343,0.1958165,0.0383441,0.687,0.9571,0.6101,0.2363,0.5067
MOD13Q1_061__250m_16_days_NDVI_doy2011097000000_aid0004,_250m_16_days_NDVI,aid0004,2011-04-07,1315587.0,-0.2,0.9631,"(-0.2,0.9631)",0.5142639,0.1804509,0.0325625,0.6317,0.9104,0.5595,0.1672,0.4459
MOD13Q1_061__250m_16_days_NDVI_doy2011113000000_aid0004,_250m_16_days_NDVI,aid0004,2011-04-23,1312453.0,-0.2,0.974,"(-0.2,0.974)",0.4615971,0.1607528,0.0258415,0.5775,0.8766,0.4958,0.0743,0.3762
MOD13Q1_061__250m_16_days_NDVI_doy2011129000000_aid0004,_250m_16_days_NDVI,aid0004,2011-05-09,1319637.0,-0.2,0.9654,"(-0.2,0.9654)",0.4408714,0.1695148,0.0287353,0.5671,0.9114,0.4754,-0.0139,0.3347
MOD13Q1_061__250m_16_days_NDVI_doy2011145000000_aid0004,_250m_16_days_NDVI,aid0004,2011-05-25,1312754.0,-0.2,0.9988,"(-0.2,0.9988)",0.4503661,0.1637294,0.0268073,0.5741,0.9013,0.479,0.0089,0.348
MOD13Q1_061__250m_16_days_NDVI_doy2011161000000_aid0004,_250m_16_days_NDVI,aid0004,2011-06-10,1313158.0,-0.2,0.9012,"(-0.2,0.9012)",0.4108198,0.1488965,0.0221702,0.5187,0.8214,0.4252,0.0142,0.3169
MOD13Q1_061__250m_16_days_NDVI_doy2011177000000_aid0004,_250m_16_days_NDVI,aid0004,2011-06-26,1313114.0,-0.2,0.8799,"(-0.2,0.8799)",0.3772225,0.1364849,0.0186281,0.4765,0.7499,0.3877,0.0208,0.2942
MOD13Q1_061__250m_16_days_NDVI_doy2011193000000_aid0004,_250m_16_days_NDVI,aid0004,2011-07-12,1360334.0,-0.2,0.9876,"(-0.2,0.9876)",0.3389195,0.1484806,0.0220465,0.4329,0.6807,0.3474,0.0199,0.2677
MOD13Q1_061__250m_16_days_NDVI_doy2011209000000_aid0004,_250m_16_days_NDVI,aid0004,2011-07-28,1312532.0,-0.2,0.9341,"(-0.2,0.9341)",0.358394,0.1313108,0.0172425,0.4324,0.6556,0.3552,0.0604,0.2836
MOD13Q1_061__250m_16_days_NDVI_doy2011225000000_aid0004,_250m_16_days_NDVI,aid0004,2011-08-13,1313174.0,-0.2,0.9266,"(-0.2,0.9266)",0.3306857,0.1337184,0.0178806,0.3996,0.6105,0.3234,0.0481,0.259
MOD13Q1_061__250m_16_days_NDVI_doy2011241000000_aid0004,_250m_16_days_NDVI,aid0004,2011-08-29,1317815.0,-0.2,0.9135,"(-0.2,0.9135)",0.3011359,0.1197031,0.0143288,0.3622,0.548,0.2935,0.0525,0.2383
MOD13Q1_061__250m_16_days_NDVI_doy2011257000000_aid0004,_250m_16_days_NDVI,aid0004,2011-09-14,1322550.0,-0.2,0.9853,"(-0.2,0.9853)",0.3101199,0.1195539,0.0142931,0.3731,0.5603,0.3026,0.0611,0.2483
MOD13Q1_061__250m_16_days_NDVI_doy2011273000000_aid0004,_250m_16_days_NDVI,aid0004,2011-09-30,1324263.0,-0.2,0.9794,"(-0.2,0.9794)",0.3337373,0.1315807,0.0173135,0.4016,0.6185,0.3236,0.0401,0.257
MOD13Q1_061__250m_16_days_NDVI_doy2011289000000_aid0004,_250m_16_days_NDVI,aid0004,2011-10-16,1319384.0,-0.2,0.9945,"(-0.2,0.9945)",0.3598624,0.1427746,0.0203846,0.4433,0.7122,0.3518,-0.0049,0.264
MOD13Q1_061__250m_16_days_NDVI_doy2011305000000_aid0004,_250m_16_days_NDVI,aid0004,2011-11-01,1318788.0,-0.2,0.9865,"(-0.2,0.9865)",0.3853976,0.1547709,0.023954,0.4892,0.8097,0.3979,-0.045,0.2755
MOD13Q1_061__250m_16_days_NDVI_doy2011321000000_aid0004,_250m_16_days_NDVI,aid0004,2011-11-17,1315498.0,-0.2,0.8984,"(-0.2,0.8984)",0.4595615,0.1740192,0.0302827,0.5895,0.8984,0.4922,-0.0575,0.3307
MOD13Q1_061__250m_16_days_NDVI_doy2011337000000_aid0004,_250m_16_days_NDVI,aid0004,2011-12-03,1320160.0,-0.2,0.9778,"(-0.2,0.9778)",0.4498614,0.177833,0.0316246,0.5787,0.9625,0.4883,-0.0618,0.3225
MOD13Q1_061__250m_16_days_NDVI_doy2011353000000_aid0004,_250m_16_days_NDVI,aid0004,2011-12-19,1323312.0,-0.2,0.9907,"(-0.2,0.9907)",0.3980306,0.1588974,0.0252484,0.5089,0.8176,0.4289,-0.0058,0.303
MOD13Q1_061__250m_16_days_NDVI_doy2012001000000_aid0004,_250m_16_days_NDVI,aid0004,2012-01-01,1323104.0,-0.2,0.9628,"(-0.2,0.9628)",0.4041976,0.1548183,0.0239687,0.5126,0.8108,0.4271,0.0156,0.3138
MOD13Q1_061__250m_16_days_NDVI_doy2012017000000_aid0004,_250m_16_days_NDVI,aid0004,2012-01-17,1322737.0,-0.2,0.998,"(-0.2,0.998)",0.4876682,0.1838283,0.0337928,0.6116,0.9423,0.5284,0.0596,0.3908
MOD13Q1_061__250m_16_days_NDVI_doy2012033000000_aid0004,_250m_16_days_NDVI,aid0004,2012-02-02,1334525.0,-0.2,0.9986,"(-0.2,0.9986)",0.5225587,0.1984299,0.0393744,0.6561,0.9633,0.5646,0.1251,0.4437
MOD13Q1_061__250m_16_days_NDVI_doy2012049000000_aid0004,_250m_16_days_NDVI,aid0004,2012-02-18,1327869.0,-0.2,0.9972,"(-0.2,0.9972)",0.5710169,0.1999671,0.0399868,0.6982,0.9903,0.6149,0.2107,0.5032
MOD13Q1_061__250m_16_days_NDVI_doy2012065000000_aid0004,_250m_16_days_NDVI,aid0004,2012-03-05,1323252.0,-0.2,0.9715,"(-0.2,0.9715)",0.5958192,0.2053566,0.0421713,0.7259,0.9715,0.6431,0.2632,0.5408
MOD13Q1_061__250m_16_days_NDVI_doy2012081000000_aid0004,_250m_16_days_NDVI,aid0004,2012-03-21,1324153.0,-0.2,0.9763,"(-0.2,0.9763)",0.5630793,0.1880743,0.035372,0.6795,0.9382,0.6065,0.246,0.5061
MOD13Q1_061__250m_16_days_NDVI_doy2012097000000_aid0004,_250m_16_days_NDVI,aid0004,2012-04-06,1322443.0,-0.2,0.9951,"(-0.2,0.9951)",0.5302519,0.1780232,0.0316923,0.6438,0.9014,0.5786,0.2116,0.4709
MOD13Q1_061__250m_16_days_NDVI_doy2012113000000_aid0004,_250m_16_days_NDVI,aid0004,2012-04-22,1378614.0,-0.2,0.9949,"(-0.2,0.9949)",0.4666283,0.1938097,0.0375622,0.5994,0.9379,0.5299,0.0347,0.3735
MOD13Q1_061__250m_16_days_NDVI_doy2012129000000_aid0004,_250m_16_days_NDVI,aid0004,2012-05-08,1332021.0,-0.2,0.9956,"(-0.2,0.9956)",0.4340186,0.1680999,0.0282576,0.5524,0.86,0.4779,0.0394,0.3472
MOD13Q1_061__250m_16_days_NDVI_doy2012145000000_aid0004,_250m_16_days_NDVI,aid0004,2012-05-24,1334682.0,-0.2,0.9896,"(-0.2,0.9896)",0.4363927,0.1703723,0.0290267,0.5571,0.8821,0.4736,0.0151,0.3403
MOD13Q1_061__250m_16_days_NDVI_doy2012161000000_aid0004,_250m_16_days_NDVI,aid0004,2012-06-09,1323781.0,-0.2,0.9252,"(-0.2,0.9252)",0.371647,0.1353443,0.0183181,0.4678,0.7259,0.3873,0.0376,0.2957
MOD13Q1_061__250m_16_days_NDVI_doy2012177000000_aid0004,_250m_16_days_NDVI,aid0004,2012-06-25,1327304.0,-0.2,0.9614,"(-0.2,0.9614)",0.3469794,0.1223886,0.014979,0.4309,0.6545,0.3561,0.0582,0.2818
MOD13Q1_061__250m_16_days_NDVI_doy2012193000000_aid0004,_250m_16_days_NDVI,aid0004,2012-07-11,1324155.0,-0.2,0.8757,"(-0.2,0.8757)",0.3225415,0.1115744,0.0124488,0.3958,0.5896,0.3285,0.0728,0.2666
MOD13Q1_061__250m_16_days_NDVI_doy2012209000000_aid0004,_250m_16_days_NDVI,aid0004,2012-07-27,1330483.0,-0.2,0.8412,"(-0.2,0.8412)",0.3004838,0.0990861,0.009818,0.3595,0.5227,0.3039,0.0875,0.2507
MOD13Q1_061__250m_16_days_NDVI_doy2012225000000_aid0004,_250m_16_days_NDVI,aid0004,2012-08-12,1332948.0,-0.2,0.9969,"(-0.2,0.9969)",0.3180141,0.1187282,0.0140964,0.3862,0.5786,0.3216,0.0655,0.2579
MOD13Q1_061__250m_16_days_NDVI_doy2012241000000_aid0004,_250m_16_days_NDVI,aid0004,2012-08-28,1324115.0,-0.2,0.9264,"(-0.2,0.9264)",0.3229369,0.1212222,0.0146948,0.3892,0.6005,0.3182,0.037,0.2483
MOD13Q1_061__250m_16_days_NDVI_doy2012257000000_aid0004,_250m_16_days_NDVI,aid0004,2012-09-13,1325225.0,-0.2,0.9342,"(-0.2,0.9342)",0.3309799,0.1305808,0.0170514,0.4022,0.623,0.3295,0.0342,0.255
MOD13Q1_061__250m_16_days_NDVI_doy2012273000000_aid0004,_250m_16_days_NDVI,aid0004,2012-09-29,1325373.0,-0.2,0.9232,"(-0.2,0.9232)",0.3317335,0.1237507,0.0153142,0.4069,0.6286,0.3359,0.0374,0.2591
MOD13Q1_061__250m_16_days_NDVI_doy2012289000000_aid0004,_250m_16_days_NDVI,aid0004,2012-10-15,1327475.0,-0.2,0.8884,"(-0.2,0.8884)",0.3757273,0.1436457,0.0206341,0.4643,0.7343,0.3823,0.0143,0.2843
MOD13Q1_061__250m_16_days_NDVI_doy2012305000000_aid0004,_250m_16_days_NDVI,aid0004,2012-10-31,1328204.0,-0.2,0.9837,"(-0.2,0.9837)",0.3533496,0.1458519,0.0212728,0.4441,0.7163,0.3604,-0.0096,0.2626
MOD13Q1_061__250m_16_days_NDVI_doy2012321000000_aid0004,_250m_16_days_NDVI,aid0004,2012-11-16,1324114.0,-0.2,0.9985,"(-0.2,0.9985)",0.366269,0.1458724,0.0212788,0.46,0.7405,0.3748,-0.0075,0.273
MOD13Q1_061__250m_16_days_NDVI_doy2012337000000_aid0004,_250m_16_days_NDVI,aid0004,2012-12-02,1323716.0,-0.2,0.9635,"(-0.2,0.9635)",0.4225219,0.1675735,0.0280809,0.5369,0.8797,0.4457,-0.0346,0.3083
MOD13Q1_061__250m_16_days_NDVI_doy2012353000000_aid0004,_250m_16_days_NDVI,aid0004,2012-12-18,1358039.0,-0.2,0.9333,"(-0.2,0.9333)",0.4324493,0.1905442,0.0363071,0.5683,0.9333,0.4658,-0.0592,0.3173
MOD13Q1_061__250m_16_days_NDVI_doy2013001000000_aid0004,_250m_16_days_NDVI,aid0004,2013-01-01,1359206.0,-0.2,0.9887,"(-0.2,0.9887)",0.4315937,0.1876295,0.0352048,0.5577,0.9024,0.4654,-0.0168,0.3279
MOD13Q1_061__250m_16_days_NDVI_doy2013017000000_aid0004,_250m_16_days_NDVI,aid0004,2013-01-17,1331510.0,-0.2,0.9893,"(-0.2,0.9893)",0.4318886,0.1658494,0.027506,0.5411,0.8178,0.455,0.0799,0.3566
MOD13Q1_061__250m_16_days_NDVI_doy2013033000000_aid0004,_250m_16_days_NDVI,aid0004,2013-02-02,1326197.0,-0.2,0.9932,"(-0.2,0.9932)",0.4520062,0.1738638,0.0302286,0.5552,0.831,0.4671,0.0955,0.3713
MOD13Q1_061__250m_16_days_NDVI_doy2013049000000_aid0004,_250m_16_days_NDVI,aid0004,2013-02-18,1329553.0,-0.2,0.9891,"(-0.2,0.9891)",0.4911071,0.1939256,0.0376071,0.6115,0.9327,0.5138,0.076,0.3973
MOD13Q1_061__250m_16_days_NDVI_doy2013065000000_aid0004,_250m_16_days_NDVI,aid0004,2013-03-06,1328067.0,-0.2,0.9792,"(-0.2,0.9792)",0.5181505,0.1883716,0.0354839,0.6378,0.947,0.5467,0.1188,0.4302
MOD13Q1_061__250m_16_days_NDVI_doy2013081000000_aid0004,_250m_16_days_NDVI,aid0004,2013-03-22,1326162.0,-0.2,0.9388,"(-0.2,0.9388)",0.5077373,0.1804336,0.0325563,0.6254,0.926,0.5341,0.1237,0.4247
MOD13Q1_061__250m_16_days_NDVI_doy2013097000000_aid0004,_250m_16_days_NDVI,aid0004,2013-04-07,1325409.0,-0.2,0.9236,"(-0.2,0.9236)",0.4947203,0.1754968,0.0307991,0.6087,0.8923,0.529,0.136,0.4196
MOD13Q1_061__250m_16_days_NDVI_doy2013113000000_aid0004,_250m_16_days_NDVI,aid0004,2013-04-23,1334527.0,-0.2,0.9294,"(-0.2,0.9294)",0.4493405,0.1588598,0.0252364,0.5571,0.8382,0.4816,0.0886,0.3697
MOD13Q1_061__250m_16_days_NDVI_doy2013129000000_aid0004,_250m_16_days_NDVI,aid0004,2013-05-09,1335765.0,-0.2,0.9226,"(-0.2,0.9226)",0.4201524,0.1554288,0.0241581,0.5278,0.8179,0.4478,0.0443,0.3344
MOD13Q1_061__250m_16_days_NDVI_doy2013145000000_aid0004,_250m_16_days_NDVI,aid0004,2013-05-25,1328562.0,-0.2,0.9036,"(-0.2,0.9036)",0.382838,0.1443573,0.020839,0.4839,0.7537,0.4023,0.0342,0.304
MOD13Q1_061__250m_16_days_NDVI_doy2013161000000_aid0004,_250m_16_days_NDVI,aid0004,2013-06-10,1332647.0,-0.2,0.974,"(-0.2,0.974)",0.3675206,0.131421,0.0172715,0.4593,0.7098,0.3774,0.0418,0.2923
MOD13Q1_061__250m_16_days_NDVI_doy2013177000000_aid0004,_250m_16_days_NDVI,aid0004,2013-06-26,1377215.0,-0.2,0.9803,"(-0.2,0.9803)",0.3289106,0.1404711,0.0197321,0.4224,0.6617,0.3455,0.0234,0.2628
MOD13Q1_061__250m_16_days_NDVI_doy2013193000000_aid0004,_250m_16_days_NDVI,aid0004,2013-07-12,1327488.0,-0.2,0.9323,"(-0.2,0.9323)",0.3449578,0.1225991,0.0150305,0.4278,0.6568,0.352,0.0461,0.2751
MOD13Q1_061__250m_16_days_NDVI_doy2013209000000_aid0004,_250m_16_days_NDVI,aid0004,2013-07-28,1327628.0,-0.2,0.8987,"(-0.2,0.8987)",0.3005544,0.1014055,0.0102831,0.3623,0.5328,0.3012,0.0781,0.2486
MOD13Q1_061__250m_16_days_NDVI_doy2013225000000_aid0004,_250m_16_days_NDVI,aid0004,2013-08-13,1327201.0,-0.2,0.92,"(-0.2,0.92)",0.2880287,0.0973003,0.0094673,0.3461,0.5051,0.2882,0.0811,0.2401
MOD13Q1_061__250m_16_days_NDVI_doy2013241000000_aid0004,_250m_16_days_NDVI,aid0004,2013-08-29,1329089.0,-0.1997,0.8884,"(-0.1997,0.8884)",0.2725748,0.0897641,0.0080576,0.3217,0.4543,0.2735,0.1007,0.2333
MOD13Q1_061__250m_16_days_NDVI_doy2013257000000_aid0004,_250m_16_days_NDVI,aid0004,2013-09-14,1328548.0,-0.2,0.97,"(-0.2,0.97)",0.275564,0.085757,0.0073543,0.3234,0.4558,0.2771,0.1027,0.2351
MOD13Q1_061__250m_16_days_NDVI_doy2013273000000_aid0004,_250m_16_days_NDVI,aid0004,2013-09-30,1330322.0,-0.1998,0.8974,"(-0.1998,0.8974)",0.26305,0.0833881,0.0069536,0.3088,0.4315,0.2661,0.1043,0.227
MOD13Q1_061__250m_16_days_NDVI_doy2013289000000_aid0004,_250m_16_days_NDVI,aid0004,2013-10-16,1331493.0,-0.2,0.9849,"(-0.2,0.9849)",0.291044,0.1022246,0.0104499,0.354,0.534,0.2929,0.054,0.234
MOD13Q1_061__250m_16_days_NDVI_doy2013305000000_aid0004,_250m_16_days_NDVI,aid0004,2013-11-01,1359010.0,-0.2,0.99,"(-0.2,0.99)",0.3693155,0.1623937,0.0263717,0.4745,0.7777,0.3841,-0.031,0.2723
MOD13Q1_061__250m_16_days_NDVI_doy2013321000000_aid0004,_250m_16_days_NDVI,aid0004,2013-11-17,1340957.0,-0.2,0.992,"(-0.2,0.992)",0.400299,0.1731399,0.0299774,0.5179,0.8593,0.4209,-0.0511,0.2903
MOD13Q1_061__250m_16_days_NDVI_doy2013337000000_aid0004,_250m_16_days_NDVI,aid0004,2013-12-03,1357765.0,-0.2,0.9943,"(-0.2,0.9943)",0.4046251,0.1881507,0.0354007,0.5361,0.9153,0.4268,-0.0964,0.2831
MOD13Q1_061__250m_16_days_NDVI_doy2013353000000_aid0004,_250m_16_days_NDVI,aid0004,2013-12-19,1337886.0,-0.2,0.9984,"(-0.2,0.9984)",0.4266899,0.1882649,0.0354437,0.5604,0.9539,0.4387,-0.0963,0.2977
MOD13Q1_061__250m_16_days_NDVI_doy2014001000000_aid0004,_250m_16_days_NDVI,aid0004,2014-01-01,1343022.0,-0.2,0.9992,"(-0.2,0.9992)",0.4505232,0.186546,0.0347994,0.5769,0.9275,0.4797,-0.0076,0.3431
MOD13Q1_061__250m_16_days_NDVI_doy2014017000000_aid0004,_250m_16_days_NDVI,aid0004,2014-01-17,1368580.0,-0.2,0.997,"(-0.2,0.997)",0.4736906,0.2112298,0.044618,0.6115,0.9389,0.5168,0.0658,0.3932
MOD13Q1_061__250m_16_days_NDVI_doy2014033000000_aid0004,_250m_16_days_NDVI,aid0004,2014-02-02,1377919.0,-0.2,0.995,"(-0.2,0.995)",0.5004151,0.2252755,0.050749,0.6564,0.995,0.5421,0.0189,0.4014
MOD13Q1_061__250m_16_days_NDVI_doy2014049000000_aid0004,_250m_16_days_NDVI,aid0004,2014-02-18,1348823.0,-0.2,0.999,"(-0.2,0.999)",0.6163099,0.2320483,0.0538464,0.754,0.999,0.6732,0.3268,0.5831
MOD13Q1_061__250m_16_days_NDVI_doy2014065000000_aid0004,_250m_16_days_NDVI,aid0004,2014-03-06,1359226.0,-0.2,0.9939,"(-0.2,0.9939)",0.6094716,0.2454333,0.0602375,0.7558,0.9939,0.6732,0.2996,0.5733
MOD13Q1_061__250m_16_days_NDVI_doy2014081000000_aid0004,_250m_16_days_NDVI,aid0004,2014-03-22,1342581.0,-0.2,0.9961,"(-0.2,0.9961)",0.600059,0.2253063,0.0507629,0.7359,0.9826,0.6578,0.3029,0.5627
MOD13Q1_061__250m_16_days_NDVI_doy2014097000000_aid0004,_250m_16_days_NDVI,aid0004,2014-04-07,1312488.0,-0.2,0.9912,"(-0.2,0.9912)",0.5809383,0.1952311,0.0381152,0.7002,0.9514,0.6289,0.276,0.5305
MOD13Q1_061__250m_16_days_NDVI_doy2014113000000_aid0004,_250m_16_days_NDVI,aid0004,2014-04-23,1311496.0,-0.2,0.9984,"(-0.2,0.9984)",0.5418837,0.1925511,0.0370759,0.6733,0.9945,0.6,0.1376,0.459
MOD13Q1_061__250m_16_days_NDVI_doy2014129000000_aid0004,_250m_16_days_NDVI,aid0004,2014-05-09,1319410.0,-0.2,0.9962,"(-0.2,0.9962)",0.4877808,0.1655176,0.0273961,0.5908,0.8254,0.5236,0.1998,0.4344
MOD13Q1_061__250m_16_days_NDVI_doy2014145000000_aid0004,_250m_16_days_NDVI,aid0004,2014-05-25,1305416.0,-0.2,0.9726,"(-0.2,0.9726)",0.5114266,0.1639117,0.0268671,0.6231,0.8946,0.5584,0.1701,0.4419
MOD13Q1_061__250m_16_days_NDVI_doy2014161000000_aid0004,_250m_16_days_NDVI,aid0004,2014-06-10,1335729.0,-0.2,0.9899,"(-0.2,0.9899)",0.450568,0.1703378,0.029015,0.5663,0.8436,0.4921,0.1041,0.3814
MOD13Q1_061__250m_16_days_NDVI_doy2014177000000_aid0004,_250m_16_days_NDVI,aid0004,2014-06-26,1304683.0,-0.2,0.9422,"(-0.2,0.9422)",0.4584231,0.142362,0.0202669,0.5546,0.7913,0.4878,0.1601,0.3968
MOD13Q1_061__250m_16_days_NDVI_doy2014193000000_aid0004,_250m_16_days_NDVI,aid0004,2014-07-12,1306573.0,-0.2,0.9491,"(-0.2,0.9491)",0.4333637,0.139549,0.0194739,0.5212,0.7406,0.4555,0.1555,0.3749
MOD13Q1_061__250m_16_days_NDVI_doy2014209000000_aid0004,_250m_16_days_NDVI,aid0004,2014-07-28,1349380.0,-0.2,0.949,"(-0.2,0.949)",0.3803407,0.1564406,0.0244737,0.4687,0.6839,0.4016,0.11,0.3252
MOD13Q1_061__250m_16_days_NDVI_doy2014225000000_aid0004,_250m_16_days_NDVI,aid0004,2014-08-13,1308196.0,-0.2,0.9773,"(-0.2,0.9773)",0.3820068,0.1387797,0.0192598,0.4553,0.6575,0.3906,0.1183,0.3205
MOD13Q1_061__250m_16_days_NDVI_doy2014241000000_aid0004,_250m_16_days_NDVI,aid0004,2014-08-29,1315083.0,-0.2,0.9766,"(-0.2,0.9766)",0.38926,0.1373029,0.0188521,0.4646,0.681,0.395,0.1039,0.3203
MOD13Q1_061__250m_16_days_NDVI_doy2014257000000_aid0004,_250m_16_days_NDVI,aid0004,2014-09-14,1313638.0,-0.2,0.9365,"(-0.2,0.9365)",0.3990927,0.1413981,0.0199934,0.478,0.7168,0.4027,0.08,0.3188
MOD13Q1_061__250m_16_days_NDVI_doy2014273000000_aid0004,_250m_16_days_NDVI,aid0004,2014-09-30,1315173.0,-0.2,0.9829,"(-0.2,0.9829)",0.4142994,0.1506541,0.0226967,0.505,0.7609,0.4261,0.0785,0.3344
MOD13Q1_061__250m_16_days_NDVI_doy2014289000000_aid0004,_250m_16_days_NDVI,aid0004,2014-10-16,1326583.0,-0.2,0.9978,"(-0.2,0.9978)",0.3930919,0.1581373,0.0250074,0.4945,0.7691,0.4081,0.0368,0.3114
MOD13Q1_061__250m_16_days_NDVI_doy2014305000000_aid0004,_250m_16_days_NDVI,aid0004,2014-11-01,1323894.0,-0.2,0.9617,"(-0.2,0.9617)",0.3936778,0.152917,0.0233836,0.4946,0.7989,0.409,-0.0126,0.2917
MOD13Q1_061__250m_16_days_NDVI_doy2014321000000_aid0004,_250m_16_days_NDVI,aid0004,2014-11-17,1318248.0,-0.2,0.9811,"(-0.2,0.9811)",0.4459366,0.1669418,0.0278696,0.5637,0.9213,0.478,-0.035,0.3242
MOD13Q1_061__250m_16_days_NDVI_doy2014337000000_aid0004,_250m_16_days_NDVI,aid0004,2014-12-03,1325459.0,-0.2,0.9961,"(-0.2,0.9961)",0.429843,0.1727315,0.0298362,0.5493,0.9006,0.4607,-0.0367,0.3149
MOD13Q1_061__250m_16_days_NDVI_doy2014353000000_aid0004,_250m_16_days_NDVI,aid0004,2014-12-19,1319602.0,-0.2,0.9649,"(-0.2,0.9649)",0.4940802,0.186833,0.0349066,0.6303,0.9649,0.5347,0.0271,0.389
MOD13Q1_061__250m_16_days_NDVI_doy2015001000000_aid0004,_250m_16_days_NDVI,aid0004,2015-01-01,1319750.0,-0.2,0.9842,"(-0.2,0.9842)",0.5027985,0.1738723,0.0302316,0.6211,0.9227,0.5427,0.1181,0.4199
MOD13Q1_061__250m_16_days_NDVI_doy2015017000000_aid0004,_250m_16_days_NDVI,aid0004,2015-01-17,1321131.0,-0.2,0.9977,"(-0.2,0.9977)",0.5669272,0.1992454,0.0396987,0.6885,0.9564,0.6077,0.2393,0.5088
MOD13Q1_061__250m_16_days_NDVI_doy2015033000000_aid0004,_250m_16_days_NDVI,aid0004,2015-02-02,1323977.0,-0.2,0.9976,"(-0.2,0.9976)",0.5938846,0.2030532,0.0412306,0.7121,0.9846,0.6221,0.2571,0.5301
MOD13Q1_061__250m_16_days_NDVI_doy2015049000000_aid0004,_250m_16_days_NDVI,aid0004,2015-02-18,1358392.0,-0.2,0.9989,"(-0.2,0.9989)",0.5911823,0.2431999,0.0591462,0.7396,0.9989,0.6462,0.2421,0.5406
MOD13Q1_061__250m_16_days_NDVI_doy2015065000000_aid0004,_250m_16_days_NDVI,aid0004,2015-03-06,1308037.0,-0.2,0.9976,"(-0.2,0.9976)",0.6289738,0.2146084,0.0460568,0.7572,0.9976,0.6702,0.3085,0.5777
MOD13Q1_061__250m_16_days_NDVI_doy2015081000000_aid0004,_250m_16_days_NDVI,aid0004,2015-03-22,1312339.0,-0.2,0.988,"(-0.2,0.988)",0.6070705,0.1988497,0.0395412,0.7274,0.9561,0.649,0.3169,0.5632
MOD13Q1_061__250m_16_days_NDVI_doy2015097000000_aid0004,_250m_16_days_NDVI,aid0004,2015-04-07,1300239.0,-0.2,0.9943,"(-0.2,0.9943)",0.5703062,0.1781973,0.0317543,0.6857,0.923,0.6166,0.2725,0.5204
MOD13Q1_061__250m_16_days_NDVI_doy2015113000000_aid0004,_250m_16_days_NDVI,aid0004,2015-04-23,1301726.0,-0.2,0.966,"(-0.2,0.966)",0.5219644,0.1750015,0.0306255,0.6415,0.9327,0.5754,0.1518,0.4456
MOD13Q1_061__250m_16_days_NDVI_doy2015129000000_aid0004,_250m_16_days_NDVI,aid0004,2015-05-09,1304645.0,-0.2,0.9866,"(-0.2,0.9866)",0.4969808,0.1706787,0.0291312,0.6171,0.9225,0.5474,0.1066,0.4129
MOD13Q1_061__250m_16_days_NDVI_doy2015145000000_aid0004,_250m_16_days_NDVI,aid0004,2015-05-25,1301713.0,-0.2,0.9364,"(-0.2,0.9364)",0.4848121,0.1598315,0.0255461,0.597,0.8864,0.5258,0.1115,0.4028
MOD13Q1_061__250m_16_days_NDVI_doy2015161000000_aid0004,_250m_16_days_NDVI,aid0004,2015-06-10,1306139.0,-0.2,0.972,"(-0.2,0.972)",0.4343279,0.1563961,0.0244598,0.5396,0.8088,0.4672,0.0909,0.3601
MOD13Q1_061__250m_16_days_NDVI_doy2015177000000_aid0004,_250m_16_days_NDVI,aid0004,2015-06-26,1306939.0,-0.2,0.9266,"(-0.2,0.9266)",0.4290279,0.1417019,0.0200794,0.528,0.7884,0.448,0.094,0.3544
MOD13Q1_061__250m_16_days_NDVI_doy2015193000000_aid0004,_250m_16_days_NDVI,aid0004,2015-07-12,1298852.0,-0.2,0.9375,"(-0.2,0.9375)",0.4020442,0.1341536,0.0179972,0.4929,0.7365,0.4141,0.0869,0.3305
MOD13Q1_061__250m_16_days_NDVI_doy2015209000000_aid0004,_250m_16_days_NDVI,aid0004,2015-07-28,1369257.0,-0.2,0.9958,"(-0.2,0.9958)",0.3577696,0.1606928,0.0258222,0.4584,0.6978,0.3812,0.0594,0.2988
MOD13Q1_061__250m_16_days_NDVI_doy2015225000000_aid0004,_250m_16_days_NDVI,aid0004,2015-08-13,1301525.0,-0.2,0.947,"(-0.2,0.947)",0.4017811,0.1408109,0.0198277,0.4829,0.7209,0.4054,0.0862,0.3242
MOD13Q1_061__250m_16_days_NDVI_doy2015241000000_aid0004,_250m_16_days_NDVI,aid0004,2015-08-29,1299631.0,-0.2,0.9392,"(-0.2,0.9392)",0.3901637,0.1488302,0.0221504,0.4733,0.7133,0.3972,0.0733,0.3133
MOD13Q1_061__250m_16_days_NDVI_doy2015257000000_aid0004,_250m_16_days_NDVI,aid0004,2015-09-14,1319131.0,-0.2,0.9448,"(-0.2,0.9448)",0.3858644,0.1606024,0.0257931,0.4814,0.7469,0.3956,0.0389,0.3044
MOD13Q1_061__250m_16_days_NDVI_doy2015273000000_aid0004,_250m_16_days_NDVI,aid0004,2015-09-30,1311226.0,-0.2,0.9938,"(-0.2,0.9938)",0.3881421,0.15631,0.0244328,0.4851,0.7552,0.3992,0.0349,0.305
MOD13Q1_061__250m_16_days_NDVI_doy2015289000000_aid0004,_250m_16_days_NDVI,aid0004,2015-10-16,1327868.0,-0.2,0.9752,"(-0.2,0.9752)",0.356932,0.1526331,0.0232969,0.447,0.6955,0.3677,0.0328,0.2813
MOD13Q1_061__250m_16_days_NDVI_doy2015305000000_aid0004,_250m_16_days_NDVI,aid0004,2015-11-01,1305504.0,-0.2,0.9983,"(-0.2,0.9983)",0.429144,0.1691388,0.0286079,0.5442,0.8818,0.4418,-0.0185,0.3191
MOD13Q1_061__250m_16_days_NDVI_doy2015321000000_aid0004,_250m_16_days_NDVI,aid0004,2015-11-17,1303331.0,-0.2,0.9916,"(-0.2,0.9916)",0.4602735,0.1772569,0.03142,0.5869,0.9518,0.4816,-0.0231,0.3429
MOD13Q1_061__250m_16_days_NDVI_doy2015337000000_aid0004,_250m_16_days_NDVI,aid0004,2015-12-03,1304047.0,-0.2,0.9976,"(-0.2,0.9976)",0.4758388,0.1816047,0.0329803,0.6125,0.9976,0.507,-0.0467,0.3488
MOD13Q1_061__250m_16_days_NDVI_doy2015353000000_aid0004,_250m_16_days_NDVI,aid0004,2015-12-19,1312079.0,-0.2,0.9991,"(-0.2,0.9991)",0.512853,0.1978183,0.0391321,0.6537,0.9991,0.5648,0.013,0.3974
MOD13Q1_061__250m_16_days_NDVI_doy2007353000000_aid0005,_250m_16_days_NDVI,aid0005,2007-12-19,1140734.0,-0.2,0.9227,"(-0.2,0.9227)",0.5793421,0.1268403,0.0160885,0.6701,0.9227,0.5796,0.2379,0.4972
MOD13Q1_061__250m_16_days_NDVI_doy2008001000000_aid0005,_250m_16_days_NDVI,aid0005,2008-01-01,1141291.0,-0.2,0.9154,"(-0.2,0.9154)",0.5688982,0.1213595,0.0147281,0.6503,0.8946,0.5669,0.2431,0.4874
MOD13Q1_061__250m_16_days_NDVI_doy2008017000000_aid0005,_250m_16_days_NDVI,aid0005,2008-01-17,1145372.0,-0.2,0.9861,"(-0.2,0.9861)",0.6255444,0.1266416,0.0160381,0.7106,0.9521,0.6332,0.3074,0.5493
MOD13Q1_061__250m_16_days_NDVI_doy2008033000000_aid0005,_250m_16_days_NDVI,aid0005,2008-02-02,1141662.0,-0.2,0.9972,"(-0.2,0.9972)",0.7021224,0.117048,0.0137002,0.7753,0.9723,0.7123,0.4378,0.6403
MOD13Q1_061__250m_16_days_NDVI_doy2008049000000_aid0005,_250m_16_days_NDVI,aid0005,2008-02-18,1145161.0,-0.2,0.9993,"(-0.2,0.9993)",0.6690999,0.1320076,0.017426,0.7577,0.9993,0.6851,0.3482,0.5939
MOD13Q1_061__250m_16_days_NDVI_doy2008065000000_aid0005,_250m_16_days_NDVI,aid0005,2008-03-05,1141516.0,-0.2,0.9602,"(-0.2,0.9602)",0.713397,0.1097087,0.012036,0.7781,0.9515,0.7211,0.4869,0.6616
MOD13Q1_061__250m_16_days_NDVI_doy2008081000000_aid0005,_250m_16_days_NDVI,aid0005,2008-03-21,1141921.0,-0.2,0.9337,"(-0.2,0.9337)",0.6513071,0.1112438,0.0123752,0.7255,0.9245,0.6664,0.3938,0.5928
MOD13Q1_061__250m_16_days_NDVI_doy2008097000000_aid0005,_250m_16_days_NDVI,aid0005,2008-04-06,1139941.0,-0.2,0.921,"(-0.2,0.921)",0.5741507,0.1217465,0.0148222,0.6612,0.9046,0.5903,0.251,0.4971
MOD13Q1_061__250m_16_days_NDVI_doy2008113000000_aid0005,_250m_16_days_NDVI,aid0005,2008-04-22,1141501.0,-0.2,0.9079,"(-0.2,0.9079)",0.504079,0.1321493,0.0174634,0.6006,0.8957,0.5182,0.1083,0.4036
MOD13Q1_061__250m_16_days_NDVI_doy2008129000000_aid0005,_250m_16_days_NDVI,aid0005,2008-05-08,1141797.0,-0.2,0.9735,"(-0.2,0.9735)",0.4870088,0.1355636,0.0183775,0.5898,0.8828,0.5073,0.071,0.3822
MOD13Q1_061__250m_16_days_NDVI_doy2008145000000_aid0005,_250m_16_days_NDVI,aid0005,2008-05-24,1140178.0,-0.2,0.9199,"(-0.2,0.9199)",0.5060881,0.1447409,0.0209499,0.6151,0.9199,0.5329,0.0522,0.3899
MOD13Q1_061__250m_16_days_NDVI_doy2008161000000_aid0005,_250m_16_days_NDVI,aid0005,2008-06-09,1138409.0,-0.2,0.9072,"(-0.2,0.9072)",0.4731874,0.1362396,0.0185612,0.566,0.8715,0.4886,0.0568,0.3623
MOD13Q1_061__250m_16_days_NDVI_doy2008177000000_aid0005,_250m_16_days_NDVI,aid0005,2008-06-25,1144137.0,-0.2,0.957,"(-0.2,0.957)",0.4570213,0.12955,0.0167832,0.5384,0.7938,0.4685,0.1128,0.3681
MOD13Q1_061__250m_16_days_NDVI_doy2008193000000_aid0005,_250m_16_days_NDVI,aid0005,2008-07-11,1142430.0,-0.2,0.9749,"(-0.2,0.9749)",0.5000491,0.1305212,0.0170358,0.5803,0.8126,0.5155,0.1931,0.4254
MOD13Q1_061__250m_16_days_NDVI_doy2008209000000_aid0005,_250m_16_days_NDVI,aid0005,2008-07-27,1138609.0,-0.2,0.923,"(-0.2,0.923)",0.5618501,0.1235427,0.0152628,0.6379,0.8476,0.5739,0.2884,0.4981
MOD13Q1_061__250m_16_days_NDVI_doy2008225000000_aid0005,_250m_16_days_NDVI,aid0005,2008-08-12,1138874.0,-0.2,0.9333,"(-0.2,0.9333)",0.5727097,0.123206,0.0151797,0.6452,0.8498,0.5795,0.3042,0.5088
MOD13Q1_061__250m_16_days_NDVI_doy2008241000000_aid0005,_250m_16_days_NDVI,aid0005,2008-08-28,1139476.0,-0.2,0.9625,"(-0.2,0.9625)",0.5723297,0.1282214,0.0164407,0.6507,0.8745,0.5811,0.2777,0.5015
MOD13Q1_061__250m_16_days_NDVI_doy2008257000000_aid0005,_250m_16_days_NDVI,aid0005,2008-09-13,1138764.0,-0.2,0.98,"(-0.2,0.98)",0.544187,0.1295742,0.0167895,0.6228,0.8574,0.5523,0.2318,0.4664
MOD13Q1_061__250m_16_days_NDVI_doy2008273000000_aid0005,_250m_16_days_NDVI,aid0005,2008-09-29,1138731.0,-0.2,0.9891,"(-0.2,0.9891)",0.5688684,0.1308785,0.0171292,0.6516,0.8844,0.5842,0.2636,0.4964
MOD13Q1_061__250m_16_days_NDVI_doy2008289000000_aid0005,_250m_16_days_NDVI,aid0005,2008-10-15,1141541.0,-0.2,0.9771,"(-0.2,0.9771)",0.6102621,0.1353411,0.0183172,0.7017,0.9297,0.6447,0.3212,0.5495
MOD13Q1_061__250m_16_days_NDVI_doy2008305000000_aid0005,_250m_16_days_NDVI,aid0005,2008-10-31,1138440.0,-0.2,0.9315,"(-0.2,0.9315)",0.5849928,0.1464767,0.0214554,0.7002,0.9315,0.6176,0.164,0.4857
MOD13Q1_061__250m_16_days_NDVI_doy2008321000000_aid0005,_250m_16_days_NDVI,aid0005,2008-11-16,1142031.0,-0.2,0.8945,"(-0.2,0.8945)",0.4870103,0.1397343,0.0195257,0.597,0.8945,0.4979,0.0493,0.3779
MOD13Q1_061__250m_16_days_NDVI_doy2008337000000_aid0005,_250m_16_days_NDVI,aid0005,2008-12-02,1139816.0,-0.2,0.9747,"(-0.2,0.9747)",0.4853087,0.1279692,0.0163761,0.5636,0.8075,0.4835,0.1572,0.401
MOD13Q1_061__250m_16_days_NDVI_doy2008353000000_aid0005,_250m_16_days_NDVI,aid0005,2008-12-18,1140343.0,-0.2,0.9206,"(-0.2,0.9206)",0.451141,0.1271495,0.016167,0.5285,0.7779,0.4361,0.1128,0.3622
MOD13Q1_061__250m_16_days_NDVI_doy2009001000000_aid0005,_250m_16_days_NDVI,aid0005,2009-01-01,1140472.0,-0.2,0.9174,"(-0.2,0.9174)",0.4259207,0.1251333,0.0156583,0.4955,0.7325,0.4044,0.1005,0.3375
MOD13Q1_061__250m_16_days_NDVI_doy2009017000000_aid0005,_250m_16_days_NDVI,aid0005,2009-01-17,1141636.0,-0.2,0.9047,"(-0.2,0.9047)",0.4273819,0.1319282,0.0174051,0.5084,0.7754,0.402,0.0635,0.3304
MOD13Q1_061__250m_16_days_NDVI_doy2009033000000_aid0005,_250m_16_days_NDVI,aid0005,2009-02-02,1141989.0,-0.1996,0.9283,"(-0.1996,0.9283)",0.5612797,0.1461501,0.0213598,0.6723,0.9283,0.5573,0.1376,0.4584
MOD13Q1_061__250m_16_days_NDVI_doy2009049000000_aid0005,_250m_16_days_NDVI,aid0005,2009-02-18,1141787.0,-0.2,0.9913,"(-0.2,0.9913)",0.6524011,0.1363411,0.0185889,0.7509,0.9913,0.6721,0.3037,0.572
MOD13Q1_061__250m_16_days_NDVI_doy2009065000000_aid0005,_250m_16_days_NDVI,aid0005,2009-03-06,1140462.0,-0.2,0.9867,"(-0.2,0.9867)",0.6937913,0.1167631,0.0136336,0.7715,0.9638,0.7169,0.4443,0.6406
MOD13Q1_061__250m_16_days_NDVI_doy2009081000000_aid0005,_250m_16_days_NDVI,aid0005,2009-03-22,1139401.0,-0.2,0.9778,"(-0.2,0.9778)",0.6690414,0.1185643,0.0140575,0.7529,0.9593,0.6895,0.3784,0.6031
MOD13Q1_061__250m_16_days_NDVI_doy2009097000000_aid0005,_250m_16_days_NDVI,aid0005,2009-04-07,1140666.0,-0.2,0.9295,"(-0.2,0.9295)",0.6374472,0.1210951,0.014664,0.7236,0.9295,0.6605,0.3439,0.5717
MOD13Q1_061__250m_16_days_NDVI_doy2009113000000_aid0005,_250m_16_days_NDVI,aid0005,2009-04-23,1140252.0,-0.2,0.9254,"(-0.2,0.9254)",0.6137093,0.1268553,0.0160923,0.707,0.9254,0.6377,0.2863,0.5387
MOD13Q1_061__250m_16_days_NDVI_doy2009129000000_aid0005,_250m_16_days_NDVI,aid0005,2009-05-09,1142911.0,-0.2,0.9166,"(-0.2,0.9166)",0.5731197,0.1322628,0.0174935,0.6668,0.9166,0.595,0.2373,0.495
MOD13Q1_061__250m_16_days_NDVI_doy2009145000000_aid0005,_250m_16_days_NDVI,aid0005,2009-05-25,1140452.0,-0.2,0.9432,"(-0.2,0.9432)",0.5784949,0.1321482,0.0174631,0.669,0.9143,0.6026,0.2583,0.5047
MOD13Q1_061__250m_16_days_NDVI_doy2009161000000_aid0005,_250m_16_days_NDVI,aid0005,2009-06-10,1139688.0,-0.2,0.9134,"(-0.2,0.9134)",0.5425594,0.1289066,0.0166169,0.6291,0.8767,0.5625,0.2164,0.464
MOD13Q1_061__250m_16_days_NDVI_doy2009177000000_aid0005,_250m_16_days_NDVI,aid0005,2009-06-26,1141968.0,-0.2,0.9598,"(-0.2,0.9598)",0.5202723,0.1285996,0.0165378,0.6007,0.8381,0.5366,0.205,0.4424
MOD13Q1_061__250m_16_days_NDVI_doy2009193000000_aid0005,_250m_16_days_NDVI,aid0005,2009-07-12,1139210.0,-0.2,0.9204,"(-0.2,0.9204)",0.5160023,0.1169891,0.0136864,0.5846,0.7935,0.5242,0.2364,0.4453
MOD13Q1_061__250m_16_days_NDVI_doy2009209000000_aid0005,_250m_16_days_NDVI,aid0005,2009-07-28,1139274.0,-0.2,0.9423,"(-0.2,0.9423)",0.5163981,0.1181305,0.0139548,0.5782,0.7678,0.5154,0.2622,0.4518
MOD13Q1_061__250m_16_days_NDVI_doy2009225000000_aid0005,_250m_16_days_NDVI,aid0005,2009-08-13,1139001.0,-0.2,0.9395,"(-0.2,0.9395)",0.5173728,0.1235467,0.0152638,0.5824,0.7813,0.5119,0.2509,0.4498
MOD13Q1_061__250m_16_days_NDVI_doy2009241000000_aid0005,_250m_16_days_NDVI,aid0005,2009-08-29,1140424.0,-0.2,0.9567,"(-0.2,0.9567)",0.5980183,0.1321437,0.017462,0.6747,0.8908,0.6043,0.3145,0.5306
MOD13Q1_061__250m_16_days_NDVI_doy2009257000000_aid0005,_250m_16_days_NDVI,aid0005,2009-09-14,1138531.0,-0.1997,0.9779,"(-0.1997,0.9779)",0.6207667,0.1322535,0.017491,0.6979,0.9068,0.6303,0.3497,0.5586
MOD13Q1_061__250m_16_days_NDVI_doy2009273000000_aid0005,_250m_16_days_NDVI,aid0005,2009-09-30,1139017.0,-0.2,0.9519,"(-0.2,0.9519)",0.6074833,0.136086,0.0185194,0.687,0.892,0.6275,0.3453,0.5503
MOD13Q1_061__250m_16_days_NDVI_doy2009289000000_aid0005,_250m_16_days_NDVI,aid0005,2009-10-16,1138954.0,-0.2,0.9274,"(-0.2,0.9274)",0.6203356,0.1350454,0.0182372,0.7052,0.9141,0.6501,0.357,0.5659
MOD13Q1_061__250m_16_days_NDVI_doy2009305000000_aid0005,_250m_16_days_NDVI,aid0005,2009-11-01,1146309.0,-0.2,0.9161,"(-0.2,0.9161)",0.5950936,0.1472303,0.0216767,0.703,0.9161,0.6332,0.22,0.5098
MOD13Q1_061__250m_16_days_NDVI_doy2009321000000_aid0005,_250m_16_days_NDVI,aid0005,2009-11-17,1139754.0,-0.2,0.9985,"(-0.2,0.9985)",0.5998708,0.1626175,0.0264445,0.7188,0.9985,0.6414,0.1938,0.5088
MOD13Q1_061__250m_16_days_NDVI_doy2009337000000_aid0005,_250m_16_days_NDVI,aid0005,2009-12-03,1140154.0,-0.2,0.9965,"(-0.2,0.9965)",0.6280879,0.1585199,0.0251285,0.7401,0.9965,0.6686,0.2679,0.5512
MOD13Q1_061__250m_16_days_NDVI_doy2009353000000_aid0005,_250m_16_days_NDVI,aid0005,2009-12-19,1140518.0,-0.2,0.9562,"(-0.2,0.9562)",0.6475495,0.1344673,0.0180815,0.7371,0.9562,0.6796,0.3569,0.585
MOD13Q1_061__250m_16_days_NDVI_doy2010001000000_aid0005,_250m_16_days_NDVI,aid0005,2010-01-01,1140877.0,-0.2,0.9984,"(-0.2,0.9984)",0.693197,0.130193,0.0169502,0.7725,0.9523,0.7244,0.4575,0.6465
MOD13Q1_061__250m_16_days_NDVI_doy2010017000000_aid0005,_250m_16_days_NDVI,aid0005,2010-01-17,1140526.0,-0.2,0.9928,"(-0.2,0.9928)",0.7028191,0.1295159,0.0167744,0.7784,0.9571,0.7285,0.4784,0.6584
MOD13Q1_061__250m_16_days_NDVI_doy2010033000000_aid0005,_250m_16_days_NDVI,aid0005,2010-02-02,1139796.0,-0.2,0.9954,"(-0.2,0.9954)",0.7059485,0.1450524,0.0210402,0.7859,0.9658,0.7384,0.4829,0.6647
MOD13Q1_061__250m_16_days_NDVI_doy2010049000000_aid0005,_250m_16_days_NDVI,aid0005,2010-02-18,1138642.0,-0.2,0.9888,"(-0.2,0.9888)",0.7211083,0.1262382,0.0159361,0.7899,0.9521,0.7415,0.5189,0.6815
MOD13Q1_061__250m_16_days_NDVI_doy2010065000000_aid0005,_250m_16_days_NDVI,aid0005,2010-03-06,1139789.0,-0.2,0.9984,"(-0.2,0.9984)",0.7122167,0.1117213,0.0124817,0.7751,0.9386,0.7249,0.5026,0.6661
MOD13Q1_061__250m_16_days_NDVI_doy2010081000000_aid0005,_250m_16_days_NDVI,aid0005,2010-03-22,1140018.0,-0.2,0.9808,"(-0.2,0.9808)",0.6775155,0.1153399,0.0133033,0.7468,0.9284,0.6976,0.4441,0.6257
MOD13Q1_061__250m_16_days_NDVI_doy2010097000000_aid0005,_250m_16_days_NDVI,aid0005,2010-04-07,1140116.0,-0.2,0.9301,"(-0.2,0.9301)",0.6138112,0.1280616,0.0163998,0.7037,0.9301,0.64,0.2937,0.5397
MOD13Q1_061__250m_16_days_NDVI_doy2010113000000_aid0005,_250m_16_days_NDVI,aid0005,2010-04-23,1139777.0,-0.2,0.9625,"(-0.2,0.9625)",0.5859782,0.136962,0.0187586,0.681,0.9497,0.6177,0.2273,0.4995
MOD13Q1_061__250m_16_days_NDVI_doy2010129000000_aid0005,_250m_16_days_NDVI,aid0005,2010-05-09,1146257.0,-0.2,0.9862,"(-0.2,0.9862)",0.5175565,0.1433714,0.0205554,0.6151,0.9124,0.5449,0.1198,0.4169
MOD13Q1_061__250m_16_days_NDVI_doy2010145000000_aid0005,_250m_16_days_NDVI,aid0005,2010-05-25,1137452.0,-0.2,0.9448,"(-0.2,0.9448)",0.5622199,0.1261589,0.0159161,0.6353,0.8528,0.582,0.2728,0.4903
MOD13Q1_061__250m_16_days_NDVI_doy2010161000000_aid0005,_250m_16_days_NDVI,aid0005,2010-06-10,1143441.0,-0.2,0.9411,"(-0.2,0.9411)",0.5526527,0.1320369,0.0174337,0.6316,0.8602,0.5736,0.2506,0.4792
MOD13Q1_061__250m_16_days_NDVI_doy2010177000000_aid0005,_250m_16_days_NDVI,aid0005,2010-06-26,1141109.0,-0.2,0.949,"(-0.2,0.949)",0.5743233,0.1229066,0.015106,0.6414,0.8283,0.5835,0.3299,0.5168
MOD13Q1_061__250m_16_days_NDVI_doy2010193000000_aid0005,_250m_16_days_NDVI,aid0005,2010-07-12,1138630.0,-0.2,0.9203,"(-0.2,0.9203)",0.5440135,0.1171696,0.0137287,0.6058,0.7862,0.5491,0.3051,0.4855
MOD13Q1_061__250m_16_days_NDVI_doy2010209000000_aid0005,_250m_16_days_NDVI,aid0005,2010-07-28,1136987.0,-0.2,0.9399,"(-0.2,0.9399)",0.5166373,0.1158753,0.0134271,0.5759,0.7548,0.5171,0.2777,0.4566
MOD13Q1_061__250m_16_days_NDVI_doy2010225000000_aid0005,_250m_16_days_NDVI,aid0005,2010-08-13,1145448.0,-0.2,0.9279,"(-0.2,0.9279)",0.4863892,0.113537,0.0128906,0.5406,0.7038,0.4845,0.2686,0.4318
MOD13Q1_061__250m_16_days_NDVI_doy2010241000000_aid0005,_250m_16_days_NDVI,aid0005,2010-08-29,1141007.0,-0.2,0.9408,"(-0.2,0.9408)",0.5638538,0.1219882,0.0148811,0.633,0.8296,0.5676,0.3053,0.5019
MOD13Q1_061__250m_16_days_NDVI_doy2010257000000_aid0005,_250m_16_days_NDVI,aid0005,2010-09-14,1140072.0,-0.2,0.9471,"(-0.2,0.9471)",0.5866555,0.1281712,0.0164279,0.6626,0.866,0.5996,0.3236,0.527
MOD13Q1_061__250m_16_days_NDVI_doy2010273000000_aid0005,_250m_16_days_NDVI,aid0005,2010-09-30,1138137.0,-0.2,0.9368,"(-0.2,0.9368)",0.6055136,0.13648,0.0186268,0.6945,0.9187,0.6287,0.3208,0.545
MOD13Q1_061__250m_16_days_NDVI_doy2010289000000_aid0005,_250m_16_days_NDVI,aid0005,2010-10-16,1140081.0,-0.2,0.9398,"(-0.2,0.9398)",0.6055649,0.1411102,0.0199121,0.7012,0.9398,0.6324,0.2937,0.5382
MOD13Q1_061__250m_16_days_NDVI_doy2010305000000_aid0005,_250m_16_days_NDVI,aid0005,2010-11-01,1141147.0,-0.2,0.9735,"(-0.2,0.9735)",0.5670149,0.1341996,0.0180095,0.6603,0.9172,0.5849,0.2318,0.4889
MOD13Q1_061__250m_16_days_NDVI_doy2010321000000_aid0005,_250m_16_days_NDVI,aid0005,2010-11-17,1141506.0,-0.2,0.9054,"(-0.2,0.9054)",0.5205674,0.1279799,0.0163789,0.6059,0.8664,0.531,0.1717,0.4322
MOD13Q1_061__250m_16_days_NDVI_doy2010337000000_aid0005,_250m_16_days_NDVI,aid0005,2010-12-03,1141301.0,-0.2,0.8996,"(-0.2,0.8996)",0.4894491,0.1278142,0.0163365,0.5687,0.8162,0.483,0.1562,0.4037
MOD13Q1_061__250m_16_days_NDVI_doy2010353000000_aid0005,_250m_16_days_NDVI,aid0005,2010-12-19,1138995.0,-0.1998,0.9651,"(-0.1998,0.9651)",0.5316709,0.1342846,0.0180323,0.6197,0.8811,0.5304,0.1841,0.4454
MOD13Q1_061__250m_16_days_NDVI_doy2011001000000_aid0005,_250m_16_days_NDVI,aid0005,2011-01-01,1142028.0,-0.2,0.9797,"(-0.2,0.9797)",0.5480081,0.1438343,0.0206883,0.6472,0.9405,0.5404,0.1573,0.4512
MOD13Q1_061__250m_16_days_NDVI_doy2011017000000_aid0005,_250m_16_days_NDVI,aid0005,2011-01-17,1142523.0,-0.2,0.9944,"(-0.2,0.9944)",0.6298679,0.1445536,0.0208957,0.7335,0.9944,0.6333,0.2324,0.533
MOD13Q1_061__250m_16_days_NDVI_doy2011033000000_aid0005,_250m_16_days_NDVI,aid0005,2011-02-02,1141493.0,-0.1997,0.9502,"(-0.1997,0.9502)",0.7026017,0.1223426,0.0149677,0.7849,0.9502,0.7095,0.4064,0.6335
MOD13Q1_061__250m_16_days_NDVI_doy2011049000000_aid0005,_250m_16_days_NDVI,aid0005,2011-02-18,1139258.0,-0.2,0.9798,"(-0.2,0.9798)",0.7319918,0.1082998,0.0117289,0.8019,0.9798,0.7428,0.4939,0.6787
MOD13Q1_061__250m_16_days_NDVI_doy2011065000000_aid0005,_250m_16_days_NDVI,aid0005,2011-03-06,1139713.0,-0.1997,0.992,"(-0.1997,0.992)",0.7082946,0.1112099,0.0123676,0.7827,0.9655,0.7221,0.4552,0.6517
MOD13Q1_061__250m_16_days_NDVI_doy2011081000000_aid0005,_250m_16_days_NDVI,aid0005,2011-03-22,1140353.0,-0.2,0.986,"(-0.2,0.986)",0.6522871,0.1192078,0.0142105,0.7321,0.9244,0.6714,0.3906,0.5955
MOD13Q1_061__250m_16_days_NDVI_doy2011097000000_aid0005,_250m_16_days_NDVI,aid0005,2011-04-07,1139600.0,-0.2,0.9214,"(-0.2,0.9214)",0.6094152,0.1293557,0.0167329,0.7003,0.9214,0.6352,0.2976,0.5392
MOD13Q1_061__250m_16_days_NDVI_doy2011113000000_aid0005,_250m_16_days_NDVI,aid0005,2011-04-23,1139350.0,-0.2,0.989,"(-0.2,0.989)",0.6011811,0.1414385,0.0200048,0.7029,0.989,0.638,0.2254,0.5119
MOD13Q1_061__250m_16_days_NDVI_doy2011129000000_aid0005,_250m_16_days_NDVI,aid0005,2011-05-09,1139124.0,-0.2,0.9223,"(-0.2,0.9223)",0.5947195,0.1438464,0.0206918,0.6993,0.9223,0.6342,0.2014,0.5001
MOD13Q1_061__250m_16_days_NDVI_doy2011145000000_aid0005,_250m_16_days_NDVI,aid0005,2011-05-25,1141785.0,-0.2,0.986,"(-0.2,0.986)",0.587254,0.134575,0.0181104,0.684,0.9397,0.6179,0.229,0.502
MOD13Q1_061__250m_16_days_NDVI_doy2011161000000_aid0005,_250m_16_days_NDVI,aid0005,2011-06-10,1144256.0,-0.2,0.9961,"(-0.2,0.9961)",0.5965478,0.1405792,0.0197625,0.6974,0.9758,0.6248,0.2294,0.5102
MOD13Q1_061__250m_16_days_NDVI_doy2011177000000_aid0005,_250m_16_days_NDVI,aid0005,2011-06-26,1139674.0,-0.2,0.9285,"(-0.2,0.9285)",0.5699792,0.1346886,0.018141,0.655,0.8997,0.5933,0.247,0.4918
MOD13Q1_061__250m_16_days_NDVI_doy2011193000000_aid0005,_250m_16_days_NDVI,aid0005,2011-07-12,1140816.0,-0.2,0.9645,"(-0.2,0.9645)",0.5256082,0.1199379,0.0143851,0.5954,0.8,0.5394,0.2544,0.459
MOD13Q1_061__250m_16_days_NDVI_doy2011209000000_aid0005,_250m_16_days_NDVI,aid0005,2011-07-28,1137435.0,-0.2,0.9274,"(-0.2,0.9274)",0.5606833,0.127986,0.0163804,0.6375,0.853,0.5781,0.2783,0.4938
MOD13Q1_061__250m_16_days_NDVI_doy2011225000000_aid0005,_250m_16_days_NDVI,aid0005,2011-08-13,1137215.0,-0.2,0.9632,"(-0.2,0.9632)",0.6003348,0.1248357,0.0155839,0.673,0.8674,0.6171,0.349,0.5434
MOD13Q1_061__250m_16_days_NDVI_doy2011241000000_aid0005,_250m_16_days_NDVI,aid0005,2011-08-29,1137541.0,-0.2,0.939,"(-0.2,0.939)",0.5835058,0.1244867,0.0154969,0.6556,0.8506,0.5973,0.3306,0.5256
MOD13Q1_061__250m_16_days_NDVI_doy2011257000000_aid0005,_250m_16_days_NDVI,aid0005,2011-09-14,1138362.0,-0.2,0.9416,"(-0.2,0.9416)",0.60008,0.1404421,0.019724,0.687,0.9153,0.6263,0.3065,0.5348
MOD13Q1_061__250m_16_days_NDVI_doy2011273000000_aid0005,_250m_16_days_NDVI,aid0005,2011-09-30,1141581.0,-0.2,0.9913,"(-0.2,0.9913)",0.6157135,0.1428884,0.0204171,0.7089,0.9532,0.6488,0.2939,0.5429
MOD13Q1_061__250m_16_days_NDVI_doy2011289000000_aid0005,_250m_16_days_NDVI,aid0005,2011-10-16,1140528.0,-0.2,0.9223,"(-0.2,0.9223)",0.6451898,0.1443213,0.0208286,0.7435,0.9223,0.6888,0.3378,0.5812
MOD13Q1_061__250m_16_days_NDVI_doy2011305000000_aid0005,_250m_16_days_NDVI,aid0005,2011-11-01,1142597.0,-0.2,0.9922,"(-0.2,0.9922)",0.6246303,0.1452034,0.021084,0.7304,0.9922,0.6609,0.2807,0.5505
MOD13Q1_061__250m_16_days_NDVI_doy2011321000000_aid0005,_250m_16_days_NDVI,aid0005,2011-11-17,1140479.0,-0.2,0.936,"(-0.2,0.936)",0.6014818,0.1499385,0.0224815,0.721,0.936,0.6324,0.1614,0.4971
MOD13Q1_061__250m_16_days_NDVI_doy2011337000000_aid0005,_250m_16_days_NDVI,aid0005,2011-12-03,1142557.0,-0.2,0.9976,"(-0.2,0.9976)",0.5670471,0.1507501,0.0227256,0.6828,0.9976,0.5936,0.1413,0.4661
MOD13Q1_061__250m_16_days_NDVI_doy2011353000000_aid0005,_250m_16_days_NDVI,aid0005,2011-12-19,1142184.0,-0.2,0.9381,"(-0.2,0.9381)",0.5739219,0.134073,0.0179756,0.6735,0.9381,0.5859,0.2053,0.4862
MOD13Q1_061__250m_16_days_NDVI_doy2012001000000_aid0005,_250m_16_days_NDVI,aid0005,2012-01-01,1141996.0,-0.2,0.9323,"(-0.2,0.9323)",0.5645787,0.1322225,0.0174828,0.6591,0.9323,0.5769,0.1974,0.4744
MOD13Q1_061__250m_16_days_NDVI_doy2012017000000_aid0005,_250m_16_days_NDVI,aid0005,2012-01-17,1143049.0,-0.2,0.9393,"(-0.2,0.9393)",0.5624789,0.135455,0.0183481,0.6532,0.9261,0.5653,0.1977,0.4709
MOD13Q1_061__250m_16_days_NDVI_doy2012033000000_aid0005,_250m_16_days_NDVI,aid0005,2012-02-02,1148037.0,-0.2,0.9913,"(-0.2,0.9913)",0.6802776,0.1326585,0.0175983,0.759,0.9544,0.6944,0.4175,0.6224
MOD13Q1_061__250m_16_days_NDVI_doy2012049000000_aid0005,_250m_16_days_NDVI,aid0005,2012-02-18,1144318.0,-0.2,0.9877,"(-0.2,0.9877)",0.7372261,0.1064685,0.0113355,0.801,0.961,0.748,0.534,0.6942
MOD13Q1_061__250m_16_days_NDVI_doy2012065000000_aid0005,_250m_16_days_NDVI,aid0005,2012-03-05,1143499.0,-0.2,0.9986,"(-0.2,0.9986)",0.7324112,0.1055889,0.011149,0.7913,0.9296,0.7486,0.5608,0.6991
MOD13Q1_061__250m_16_days_NDVI_doy2012081000000_aid0005,_250m_16_days_NDVI,aid0005,2012-03-21,1141181.0,-0.2,0.9914,"(-0.2,0.9914)",0.7148182,0.1071225,0.0114752,0.7781,0.9272,0.737,0.5291,0.6785
MOD13Q1_061__250m_16_days_NDVI_doy2012097000000_aid0005,_250m_16_days_NDVI,aid0005,2012-04-06,1141265.0,-0.2,0.9355,"(-0.2,0.9355)",0.6700336,0.1282231,0.0164412,0.7592,0.9355,0.7059,0.379,0.6071
MOD13Q1_061__250m_16_days_NDVI_doy2012113000000_aid0005,_250m_16_days_NDVI,aid0005,2012-04-22,1141169.0,-0.2,0.9819,"(-0.2,0.9819)",0.6154973,0.1458478,0.0212716,0.7239,0.9819,0.6574,0.2124,0.5193
MOD13Q1_061__250m_16_days_NDVI_doy2012129000000_aid0005,_250m_16_days_NDVI,aid0005,2012-05-08,1140582.0,-0.1996,0.957,"(-0.1996,0.957)",0.5843755,0.1465675,0.021482,0.6946,0.957,0.617,0.1639,0.4823
MOD13Q1_061__250m_16_days_NDVI_doy2012145000000_aid0005,_250m_16_days_NDVI,aid0005,2012-05-24,1141689.0,-0.2,0.9899,"(-0.2,0.9899)",0.5924384,0.1368734,0.0187343,0.6861,0.9465,0.6214,0.2461,0.5101
MOD13Q1_061__250m_16_days_NDVI_doy2012161000000_aid0005,_250m_16_days_NDVI,aid0005,2012-06-09,1142056.0,-0.1997,0.9471,"(-0.1997,0.9471)",0.4978399,0.1199382,0.0143852,0.5654,0.7758,0.5051,0.2148,0.4251
MOD13Q1_061__250m_16_days_NDVI_doy2012177000000_aid0005,_250m_16_days_NDVI,aid0005,2012-06-25,1138596.0,-0.2,0.9321,"(-0.2,0.9321)",0.5353471,0.1240763,0.0153949,0.6046,0.8146,0.5391,0.2546,0.4646
MOD13Q1_061__250m_16_days_NDVI_doy2012193000000_aid0005,_250m_16_days_NDVI,aid0005,2012-07-11,1139099.0,-0.2,0.9273,"(-0.2,0.9273)",0.4845274,0.1200126,0.014403,0.5514,0.7585,0.4849,0.2062,0.4133
MOD13Q1_061__250m_16_days_NDVI_doy2012209000000_aid0005,_250m_16_days_NDVI,aid0005,2012-07-27,1138575.0,-0.2,0.9551,"(-0.2,0.9551)",0.4574867,0.1199792,0.014395,0.5171,0.714,0.4508,0.1891,0.3858
MOD13Q1_061__250m_16_days_NDVI_doy2012225000000_aid0005,_250m_16_days_NDVI,aid0005,2012-08-12,1141077.0,-0.2,0.9917,"(-0.2,0.9917)",0.5076381,0.1320561,0.0174388,0.5828,0.8144,0.5043,0.1968,0.4284
MOD13Q1_061__250m_16_days_NDVI_doy2012241000000_aid0005,_250m_16_days_NDVI,aid0005,2012-08-28,1143827.0,-0.2,0.9468,"(-0.2,0.9468)",0.5537469,0.1403806,0.0197067,0.6405,0.8859,0.5719,0.2315,0.4769
MOD13Q1_061__250m_16_days_NDVI_doy2012257000000_aid0005,_250m_16_days_NDVI,aid0005,2012-09-13,1141682.0,-0.2,0.9957,"(-0.2,0.9957)",0.5909784,0.1423364,0.0202597,0.6817,0.927,0.6173,0.2717,0.5177
MOD13Q1_061__250m_16_days_NDVI_doy2012273000000_aid0005,_250m_16_days_NDVI,aid0005,2012-09-29,1142089.0,-0.2,0.9693,"(-0.2,0.9693)",0.6089557,0.1396503,0.0195022,0.7022,0.9416,0.6408,0.2925,0.5383
MOD13Q1_061__250m_16_days_NDVI_doy2012289000000_aid0005,_250m_16_days_NDVI,aid0005,2012-10-15,1137505.0,-0.2,0.9844,"(-0.2,0.9844)",0.5862727,0.1494573,0.0223375,0.692,0.9787,0.6264,0.211,0.4996
MOD13Q1_061__250m_16_days_NDVI_doy2012305000000_aid0005,_250m_16_days_NDVI,aid0005,2012-10-31,1139514.0,-0.2,0.9525,"(-0.2,0.9525)",0.6130895,0.1426217,0.020341,0.7192,0.9525,0.6494,0.2297,0.5234
MOD13Q1_061__250m_16_days_NDVI_doy2012321000000_aid0005,_250m_16_days_NDVI,aid0005,2012-11-16,1141316.0,-0.2,0.9389,"(-0.2,0.9389)",0.5896987,0.145718,0.0212337,0.7015,0.9389,0.6207,0.1669,0.4876
MOD13Q1_061__250m_16_days_NDVI_doy2012337000000_aid0005,_250m_16_days_NDVI,aid0005,2012-12-02,1143750.0,-0.2,0.9731,"(-0.2,0.9731)",0.6232715,0.1357328,0.0184234,0.7223,0.9731,0.6439,0.2856,0.5476
MOD13Q1_061__250m_16_days_NDVI_doy2012353000000_aid0005,_250m_16_days_NDVI,aid0005,2012-12-18,1140627.0,-0.2,0.9993,"(-0.2,0.9993)",0.6787563,0.1244995,0.0155001,0.7637,0.9731,0.7052,0.4147,0.6241
MOD13Q1_061__250m_16_days_NDVI_doy2013001000000_aid0005,_250m_16_days_NDVI,aid0005,2013-01-01,1141135.0,-0.2,0.9993,"(-0.2,0.9993)",0.7014585,0.1233931,0.0152259,0.7792,0.9705,0.7248,0.4597,0.6514
MOD13Q1_061__250m_16_days_NDVI_doy2013017000000_aid0005,_250m_16_days_NDVI,aid0005,2013-01-17,1141922.0,-0.2,0.9964,"(-0.2,0.9964)",0.6753281,0.124558,0.0155147,0.7551,0.9703,0.6819,0.3926,0.6101
MOD13Q1_061__250m_16_days_NDVI_doy2013033000000_aid0005,_250m_16_days_NDVI,aid0005,2013-02-02,1140442.0,-0.2,0.9696,"(-0.2,0.9696)",0.6473906,0.1275978,0.0162812,0.7391,0.9696,0.6419,0.2989,0.563
MOD13Q1_061__250m_16_days_NDVI_doy2013049000000_aid0005,_250m_16_days_NDVI,aid0005,2013-02-18,1140756.0,-0.2,0.9886,"(-0.2,0.9886)",0.716619,0.1125415,0.0126656,0.7938,0.9886,0.7144,0.4511,0.6567
MOD13Q1_061__250m_16_days_NDVI_doy2013065000000_aid0005,_250m_16_days_NDVI,aid0005,2013-03-06,1140192.0,-0.2,0.998,"(-0.2,0.998)",0.7364313,0.1035161,0.0107156,0.7977,0.9514,0.7436,0.539,0.6942
MOD13Q1_061__250m_16_days_NDVI_doy2013081000000_aid0005,_250m_16_days_NDVI,aid0005,2013-03-22,1138482.0,-0.2,0.9589,"(-0.2,0.9589)",0.6973771,0.107287,0.0115105,0.7606,0.9196,0.7157,0.4956,0.6546
MOD13Q1_061__250m_16_days_NDVI_doy2013097000000_aid0005,_250m_16_days_NDVI,aid0005,2013-04-07,1138563.0,-0.2,0.9249,"(-0.2,0.9249)",0.6236915,0.1350114,0.0182281,0.7205,0.9249,0.6579,0.274,0.5419
MOD13Q1_061__250m_16_days_NDVI_doy2013113000000_aid0005,_250m_16_days_NDVI,aid0005,2013-04-23,1139146.0,-0.2,0.934,"(-0.2,0.934)",0.6036236,0.1449954,0.0210237,0.7088,0.934,0.6453,0.2014,0.5058
MOD13Q1_061__250m_16_days_NDVI_doy2013129000000_aid0005,_250m_16_days_NDVI,aid0005,2013-05-09,1140730.0,-0.2,0.9924,"(-0.2,0.9924)",0.5839299,0.1491193,0.0222366,0.6922,0.9924,0.6282,0.1496,0.4751
MOD13Q1_061__250m_16_days_NDVI_doy2013145000000_aid0005,_250m_16_days_NDVI,aid0005,2013-05-25,1139591.0,-0.2,0.9489,"(-0.2,0.9489)",0.5782312,0.1438754,0.0207001,0.6764,0.9489,0.6183,0.1817,0.4785
MOD13Q1_061__250m_16_days_NDVI_doy2013161000000_aid0005,_250m_16_days_NDVI,aid0005,2013-06-10,1138781.0,-0.2,0.9707,"(-0.2,0.9707)",0.5765549,0.1375502,0.0189201,0.6678,0.9341,0.6098,0.2186,0.4881
MOD13Q1_061__250m_16_days_NDVI_doy2013177000000_aid0005,_250m_16_days_NDVI,aid0005,2013-06-26,1137065.0,-0.2,0.9496,"(-0.2,0.9496)",0.5665297,0.129541,0.0167809,0.6443,0.8714,0.5892,0.2658,0.4929
MOD13Q1_061__250m_16_days_NDVI_doy2013193000000_aid0005,_250m_16_days_NDVI,aid0005,2013-07-12,1137619.0,-0.2,0.9297,"(-0.2,0.9297)",0.5748205,0.1250506,0.0156377,0.6465,0.8454,0.5931,0.315,0.5139
MOD13Q1_061__250m_16_days_NDVI_doy2013209000000_aid0005,_250m_16_days_NDVI,aid0005,2013-07-28,1139760.0,-0.2,0.9497,"(-0.2,0.9497)",0.5606598,0.1194167,0.0142604,0.6232,0.7961,0.5686,0.335,0.5079
MOD13Q1_061__250m_16_days_NDVI_doy2013225000000_aid0005,_250m_16_days_NDVI,aid0005,2013-08-13,1139160.0,-0.2,0.9663,"(-0.2,0.9663)",0.5266056,0.1265213,0.0160076,0.5917,0.7831,0.5252,0.2727,0.4641
MOD13Q1_061__250m_16_days_NDVI_doy2013241000000_aid0005,_250m_16_days_NDVI,aid0005,2013-08-29,1138787.0,-0.2,0.935,"(-0.2,0.935)",0.5118323,0.1306149,0.0170603,0.5828,0.7992,0.5073,0.2221,0.4385
MOD13Q1_061__250m_16_days_NDVI_doy2013257000000_aid0005,_250m_16_days_NDVI,aid0005,2013-09-14,1140424.0,-0.2,0.9348,"(-0.2,0.9348)",0.5344155,0.1367541,0.0187017,0.6137,0.8432,0.535,0.2312,0.4607
MOD13Q1_061__250m_16_days_NDVI_doy2013273000000_aid0005,_250m_16_days_NDVI,aid0005,2013-09-30,1139082.0,-0.2,0.9809,"(-0.2,0.9809)",0.5656456,0.1378238,0.0189954,0.654,0.8963,0.5814,0.25,0.4924
MOD13Q1_061__250m_16_days_NDVI_doy2013289000000_aid0005,_250m_16_days_NDVI,aid0005,2013-10-16,1141033.0,-0.2,0.9251,"(-0.2,0.9251)",0.5952227,0.1375509,0.0189203,0.691,0.9251,0.6178,0.2658,0.5209
MOD13Q1_061__250m_16_days_NDVI_doy2013305000000_aid0005,_250m_16_days_NDVI,aid0005,2013-11-01,1142021.0,-0.2,0.9473,"(-0.2,0.9473)",0.6116554,0.1454832,0.0211654,0.7139,0.9473,0.6465,0.2509,0.5287
MOD13Q1_061__250m_16_days_NDVI_doy2013321000000_aid0005,_250m_16_days_NDVI,aid0005,2013-11-17,1140384.0,-0.2,0.9421,"(-0.2,0.9421)",0.6233052,0.1566232,0.0245308,0.7388,0.9421,0.6684,0.2058,0.5256
MOD13Q1_061__250m_16_days_NDVI_doy2013337000000_aid0005,_250m_16_days_NDVI,aid0005,2013-12-03,1140373.0,-0.2,0.9953,"(-0.2,0.9953)",0.6096005,0.1490092,0.0222037,0.7208,0.9953,0.6444,0.2051,0.5145
MOD13Q1_061__250m_16_days_NDVI_doy2013353000000_aid0005,_250m_16_days_NDVI,aid0005,2013-12-19,1140477.0,-0.2,0.9158,"(-0.2,0.9158)",0.5498875,0.1318721,0.0173902,0.6394,0.8968,0.5606,0.2104,0.4678
MOD13Q1_061__250m_16_days_NDVI_doy2014001000000_aid0005,_250m_16_days_NDVI,aid0005,2014-01-01,1140834.0,-0.2,0.9993,"(-0.2,0.9993)",0.6154597,0.1256543,0.015789,0.7024,0.9491,0.6209,0.2904,0.5376
MOD13Q1_061__250m_16_days_NDVI_doy2014017000000_aid0005,_250m_16_days_NDVI,aid0005,2014-01-17,1140892.0,-0.2,0.9983,"(-0.2,0.9983)",0.6308651,0.1274193,0.0162357,0.7189,0.9637,0.6418,0.3032,0.5526
MOD13Q1_061__250m_16_days_NDVI_doy2014033000000_aid0005,_250m_16_days_NDVI,aid0005,2014-02-02,1146985.0,-0.2,0.9981,"(-0.2,0.9981)",0.7483106,0.1220878,0.0149054,0.8156,0.957,0.767,0.5519,0.7101
MOD13Q1_061__250m_16_days_NDVI_doy2014049000000_aid0005,_250m_16_days_NDVI,aid0005,2014-02-18,1141962.0,-0.2,0.9992,"(-0.2,0.9992)",0.7480083,0.104222,0.0108622,0.8088,0.9568,0.7639,0.5621,0.7101
MOD13Q1_061__250m_16_days_NDVI_doy2014065000000_aid0005,_250m_16_days_NDVI,aid0005,2014-03-06,1146022.0,-0.2,0.9919,"(-0.2,0.9919)",0.7375557,0.1172146,0.0137393,0.8042,0.9566,0.7583,0.546,0.7009
MOD13Q1_061__250m_16_days_NDVI_doy2014081000000_aid0005,_250m_16_days_NDVI,aid0005,2014-03-22,1139955.0,-0.2,0.9536,"(-0.2,0.9536)",0.724466,0.1050078,0.0110266,0.7864,0.9318,0.7462,0.5424,0.6888
MOD13Q1_061__250m_16_days_NDVI_doy2014097000000_aid0005,_250m_16_days_NDVI,aid0005,2014-04-07,1139314.0,-0.2,0.9762,"(-0.2,0.9762)",0.6361257,0.1456368,0.0212101,0.7471,0.9762,0.6756,0.2336,0.5416
MOD13Q1_061__250m_16_days_NDVI_doy2014113000000_aid0005,_250m_16_days_NDVI,aid0005,2014-04-23,1138464.0,-0.2,0.9868,"(-0.2,0.9868)",0.5994373,0.1503651,0.0226096,0.7155,0.9868,0.6418,0.15,0.4893
MOD13Q1_061__250m_16_days_NDVI_doy2014129000000_aid0005,_250m_16_days_NDVI,aid0005,2014-05-09,1145600.0,-0.2,0.9984,"(-0.2,0.9984)",0.5987404,0.1450073,0.0210271,0.7002,0.9816,0.634,0.2292,0.5118
MOD13Q1_061__250m_16_days_NDVI_doy2014145000000_aid0005,_250m_16_days_NDVI,aid0005,2014-05-25,1139289.0,-0.2,0.9926,"(-0.2,0.9926)",0.5979252,0.1330223,0.0176949,0.6896,0.9426,0.6305,0.2591,0.5174
MOD13Q1_061__250m_16_days_NDVI_doy2014161000000_aid0005,_250m_16_days_NDVI,aid0005,2014-06-10,1137852.0,-0.2,0.9875,"(-0.2,0.9875)",0.5998301,0.126259,0.0159413,0.6837,0.9193,0.6267,0.2907,0.5265
MOD13Q1_061__250m_16_days_NDVI_doy2014177000000_aid0005,_250m_16_days_NDVI,aid0005,2014-06-26,1143234.0,-0.2,0.9564,"(-0.2,0.9564)",0.5705247,0.1361257,0.0185302,0.6538,0.8876,0.5957,0.2641,0.4979
MOD13Q1_061__250m_16_days_NDVI_doy2014193000000_aid0005,_250m_16_days_NDVI,aid0005,2014-07-12,1135190.0,-0.2,0.9388,"(-0.2,0.9388)",0.5948073,0.1334482,0.0178084,0.6744,0.8944,0.6213,0.3077,0.5277
MOD13Q1_061__250m_16_days_NDVI_doy2014209000000_aid0005,_250m_16_days_NDVI,aid0005,2014-07-28,1137033.0,-0.2,0.9441,"(-0.2,0.9441)",0.5964036,0.1233844,0.0152237,0.6685,0.8641,0.6174,0.3425,0.5381
MOD13Q1_061__250m_16_days_NDVI_doy2014225000000_aid0005,_250m_16_days_NDVI,aid0005,2014-08-13,1137160.0,-0.2,0.9199,"(-0.2,0.9199)",0.5848859,0.1213429,0.0147241,0.6537,0.8394,0.6027,0.3442,0.5299
MOD13Q1_061__250m_16_days_NDVI_doy2014241000000_aid0005,_250m_16_days_NDVI,aid0005,2014-08-29,1140482.0,-0.2,0.9097,"(-0.2,0.9097)",0.5728184,0.1280179,0.0163886,0.6499,0.8581,0.5982,0.3029,0.5111
MOD13Q1_061__250m_16_days_NDVI_doy2014257000000_aid0005,_250m_16_days_NDVI,aid0005,2014-09-14,1137630.0,-0.2,0.9383,"(-0.2,0.9383)",0.6312235,0.135492,0.0183581,0.7163,0.9237,0.6632,0.3706,0.578
MOD13Q1_061__250m_16_days_NDVI_doy2014273000000_aid0005,_250m_16_days_NDVI,aid0005,2014-09-30,1140329.0,-0.2,0.9608,"(-0.2,0.9608)",0.6491776,0.1446886,0.0209348,0.7475,0.9608,0.6883,0.3525,0.5895
MOD13Q1_061__250m_16_days_NDVI_doy2014289000000_aid0005,_250m_16_days_NDVI,aid0005,2014-10-16,1138820.0,-0.2,0.9273,"(-0.2,0.9273)",0.6535685,0.1459128,0.0212905,0.7569,0.9273,0.6955,0.3212,0.5826
MOD13Q1_061__250m_16_days_NDVI_doy2014305000000_aid0005,_250m_16_days_NDVI,aid0005,2014-11-01,1139751.0,-0.2,0.9757,"(-0.2,0.9757)",0.6388833,0.1500843,0.0225253,0.7502,0.9757,0.6822,0.2442,0.5478
MOD13Q1_061__250m_16_days_NDVI_doy2014321000000_aid0005,_250m_16_days_NDVI,aid0005,2014-11-17,1138900.0,-0.2,0.9283,"(-0.2,0.9283)",0.6154584,0.1468547,0.0215663,0.7252,0.9283,0.6547,0.2103,0.5192
MOD13Q1_061__250m_16_days_NDVI_doy2014337000000_aid0005,_250m_16_days_NDVI,aid0005,2014-12-03,1141177.0,-0.2,0.9918,"(-0.2,0.9918)",0.6435141,0.1390767,0.0193423,0.7428,0.9918,0.6794,0.3116,0.5703
MOD13Q1_061__250m_16_days_NDVI_doy2014353000000_aid0005,_250m_16_days_NDVI,aid0005,2014-12-19,1142554.0,-0.2,0.9995,"(-0.2,0.9995)",0.6881972,0.1303033,0.0169789,0.775,0.9768,0.7184,0.4315,0.6376
MOD13Q1_061__250m_16_days_NDVI_doy2015001000000_aid0005,_250m_16_days_NDVI,aid0005,2015-01-01,1140889.0,-0.2,0.9523,"(-0.2,0.9523)",0.703666,0.120056,0.0144134,0.7724,0.9329,0.7264,0.5049,0.6654
MOD13Q1_061__250m_16_days_NDVI_doy2015017000000_aid0005,_250m_16_days_NDVI,aid0005,2015-01-17,1140781.0,-0.2,0.9996,"(-0.2,0.9996)",0.7224152,0.1108993,0.0122987,0.7841,0.9408,0.7317,0.5229,0.6796
MOD13Q1_061__250m_16_days_NDVI_doy2015033000000_aid0005,_250m_16_days_NDVI,aid0005,2015-02-02,1139616.0,-0.2,0.9908,"(-0.2,0.9908)",0.7112343,0.1134175,0.0128635,0.7806,0.9702,0.7133,0.4636,0.6538
MOD13Q1_061__250m_16_days_NDVI_doy2015049000000_aid0005,_250m_16_days_NDVI,aid0005,2015-02-18,1139682.0,-0.2,0.996,"(-0.2,0.996)",0.6941218,0.1173817,0.0137785,0.7704,0.9731,0.6911,0.4217,0.6309
MOD13Q1_061__250m_16_days_NDVI_doy2015065000000_aid0005,_250m_16_days_NDVI,aid0005,2015-03-06,1138878.0,-0.2,0.9487,"(-0.2,0.9487)",0.7212178,0.1103523,0.0121776,0.7884,0.9487,0.7219,0.4924,0.67
MOD13Q1_061__250m_16_days_NDVI_doy2015081000000_aid0005,_250m_16_days_NDVI,aid0005,2015-03-22,1140764.0,-0.2,0.9928,"(-0.2,0.9928)",0.6327808,0.1157221,0.0133916,0.7118,0.9333,0.646,0.3421,0.5639
MOD13Q1_061__250m_16_days_NDVI_doy2015097000000_aid0005,_250m_16_days_NDVI,aid0005,2015-04-07,1140205.0,-0.2,0.917,"(-0.2,0.917)",0.5438455,0.1307872,0.0171053,0.637,0.917,0.5497,0.1689,0.4497
MOD13Q1_061__250m_16_days_NDVI_doy2015113000000_aid0005,_250m_16_days_NDVI,aid0005,2015-04-23,1139490.0,-0.2,0.9102,"(-0.2,0.9102)",0.5086903,0.145858,0.0212746,0.6127,0.9102,0.5253,0.0687,0.3951
MOD13Q1_061__250m_16_days_NDVI_doy2015129000000_aid0005,_250m_16_days_NDVI,aid0005,2015-05-09,1139927.0,-0.2,0.942,"(-0.2,0.942)",0.5355782,0.1463668,0.0214232,0.6387,0.942,0.5638,0.1017,0.4238
MOD13Q1_061__250m_16_days_NDVI_doy2015145000000_aid0005,_250m_16_days_NDVI,aid0005,2015-05-25,1140529.0,-0.2,0.99,"(-0.2,0.99)",0.5665735,0.1353944,0.0183317,0.6613,0.942,0.5933,0.1933,0.474
MOD13Q1_061__250m_16_days_NDVI_doy2015161000000_aid0005,_250m_16_days_NDVI,aid0005,2015-06-10,1138228.0,-0.2,0.945,"(-0.2,0.945)",0.5850431,0.1360604,0.0185124,0.6749,0.9317,0.6137,0.2427,0.502
MOD13Q1_061__250m_16_days_NDVI_doy2015177000000_aid0005,_250m_16_days_NDVI,aid0005,2015-06-26,1138213.0,-0.2,0.9461,"(-0.2,0.9461)",0.5228494,0.1255882,0.0157724,0.5951,0.8163,0.5302,0.2264,0.4476
MOD13Q1_061__250m_16_days_NDVI_doy2015193000000_aid0005,_250m_16_days_NDVI,aid0005,2015-07-12,1138154.0,-0.2,0.9933,"(-0.2,0.9933)",0.5328922,0.130042,0.0169109,0.604,0.818,0.5394,0.2473,0.4613
MOD13Q1_061__250m_16_days_NDVI_doy2015209000000_aid0005,_250m_16_days_NDVI,aid0005,2015-07-28,1142662.0,-0.2,0.9988,"(-0.2,0.9988)",0.5348991,0.132112,0.0174536,0.6077,0.8151,0.5448,0.262,0.4694
MOD13Q1_061__250m_16_days_NDVI_doy2015225000000_aid0005,_250m_16_days_NDVI,aid0005,2015-08-13,1141270.0,-0.2,0.9638,"(-0.2,0.9638)",0.593405,0.1346248,0.0181238,0.6674,0.8616,0.6074,0.3437,0.5379
MOD13Q1_061__250m_16_days_NDVI_doy2015241000000_aid0005,_250m_16_days_NDVI,aid0005,2015-08-29,1140482.0,-0.2,0.9884,"(-0.2,0.9884)",0.5989809,0.1270041,0.0161301,0.6722,0.8672,0.6157,0.3472,0.5422
MOD13Q1_061__250m_16_days_NDVI_doy2015257000000_aid0005,_250m_16_days_NDVI,aid0005,2015-09-14,1139295.0,-0.2,0.9544,"(-0.2,0.9544)",0.6080826,0.1298678,0.0168656,0.6886,0.8923,0.6318,0.3491,0.5528
MOD13Q1_061__250m_16_days_NDVI_doy2015273000000_aid0005,_250m_16_days_NDVI,aid0005,2015-09-30,1140951.0,-0.2,0.9737,"(-0.2,0.9737)",0.6144786,0.1366435,0.0186714,0.7018,0.9187,0.6425,0.3403,0.5572
MOD13Q1_061__250m_16_days_NDVI_doy2015289000000_aid0005,_250m_16_days_NDVI,aid0005,2015-10-16,1139858.0,-0.2,0.9707,"(-0.2,0.9707)",0.6054917,0.1434679,0.020583,0.702,0.9452,0.639,0.2943,0.5389
MOD13Q1_061__250m_16_days_NDVI_doy2015305000000_aid0005,_250m_16_days_NDVI,aid0005,2015-11-01,1140330.0,-0.2,0.9636,"(-0.2,0.9636)",0.6183107,0.1382113,0.0191024,0.7153,0.9636,0.6514,0.2876,0.5442
MOD13Q1_061__250m_16_days_NDVI_doy2015321000000_aid0005,_250m_16_days_NDVI,aid0005,2015-11-17,1138586.0,-0.2,0.9919,"(-0.2,0.9919)",0.6271641,0.1396844,0.0195117,0.7251,0.973,0.6632,0.2881,0.5503
MOD13Q1_061__250m_16_days_NDVI_doy2015337000000_aid0005,_250m_16_days_NDVI,aid0005,2015-12-03,1139323.0,-0.2,0.9542,"(-0.2,0.9542)",0.614108,0.1352661,0.0182969,0.7138,0.9542,0.6396,0.2581,0.5315
MOD13Q1_061__250m_16_days_NDVI_doy2015353000000_aid0005,_250m_16_days_NDVI,aid0005,2015-12-19,1142661.0,-0.2,0.9986,"(-0.2,0.9986)",0.6549051,0.1489677,0.0221914,0.7524,0.9917,0.6895,0.3497,0.5913
MOD13Q1_061__250m_16_days_NDVI_doy2007353000000_aid0006,_250m_16_days_NDVI,aid0006,2007-12-19,2368874.0,-0.2,0.9812,"(-0.2,0.9812)",0.605134,0.15889,0.025246,0.7277,0.9812,0.6253,0.1725,0.5056
MOD13Q1_061__250m_16_days_NDVI_doy2008001000000_aid0006,_250m_16_days_NDVI,aid0006,2008-01-01,2374488.0,-0.2,0.9858,"(-0.2,0.9858)",0.6270296,0.1599975,0.0255992,0.7476,0.9858,0.6328,0.1974,0.5275
MOD13Q1_061__250m_16_days_NDVI_doy2008017000000_aid0006,_250m_16_days_NDVI,aid0006,2008-01-17,2400354.0,-0.2,0.9993,"(-0.2,0.9993)",0.638907,0.1733348,0.030045,0.7577,0.9993,0.658,0.237,0.5494
MOD13Q1_061__250m_16_days_NDVI_doy2008033000000_aid0006,_250m_16_days_NDVI,aid0006,2008-02-02,2383346.0,-0.2,0.9992,"(-0.2,0.9992)",0.7187724,0.1564357,0.0244721,0.8239,0.9992,0.7393,0.3887,0.6498
MOD13Q1_061__250m_16_days_NDVI_doy2008049000000_aid0006,_250m_16_days_NDVI,aid0006,2008-02-18,2396276.0,-0.2,0.9996,"(-0.2,0.9996)",0.7070662,0.1736512,0.0301547,0.827,0.9996,0.7323,0.3428,0.6333
MOD13Q1_061__250m_16_days_NDVI_doy2008065000000_aid0006,_250m_16_days_NDVI,aid0006,2008-03-05,2380781.0,-0.2,0.9832,"(-0.2,0.9832)",0.7005998,0.1564964,0.0244911,0.8015,0.9832,0.7248,0.3833,0.6342
MOD13Q1_061__250m_16_days_NDVI_doy2008081000000_aid0006,_250m_16_days_NDVI,aid0006,2008-03-21,2369546.0,-0.2,0.9981,"(-0.2,0.9981)",0.6050273,0.1580124,0.0249679,0.7171,0.9981,0.6323,0.1969,0.509
MOD13Q1_061__250m_16_days_NDVI_doy2008097000000_aid0006,_250m_16_days_NDVI,aid0006,2008-04-06,2365565.0,-0.2,0.9858,"(-0.2,0.9858)",0.531785,0.1528618,0.0233667,0.6497,0.9858,0.5536,0.0637,0.4153
MOD13Q1_061__250m_16_days_NDVI_doy2008113000000_aid0006,_250m_16_days_NDVI,aid0006,2008-04-22,2363999.0,-0.2,0.9001,"(-0.2,0.9001)",0.4262794,0.1310692,0.0171791,0.5233,0.8303,0.4165,0.0116,0.3186
MOD13Q1_061__250m_16_days_NDVI_doy2008129000000_aid0006,_250m_16_days_NDVI,aid0006,2008-05-08,2362723.0,-0.2,0.9735,"(-0.2,0.9735)",0.4165606,0.1344111,0.0180663,0.5154,0.8305,0.4056,-0.0098,0.3053
MOD13Q1_061__250m_16_days_NDVI_doy2008145000000_aid0006,_250m_16_days_NDVI,aid0006,2008-05-24,2360591.0,-0.2,0.9036,"(-0.2,0.9036)",0.4180742,0.1329169,0.0176669,0.5145,0.8236,0.4041,-0.0007,0.3084
MOD13Q1_061__250m_16_days_NDVI_doy2008161000000_aid0006,_250m_16_days_NDVI,aid0006,2008-06-09,2359134.0,-0.2,0.875,"(-0.2,0.875)",0.3589491,0.1069658,0.0114417,0.4216,0.6353,0.3362,0.0654,0.2791
MOD13Q1_061__250m_16_days_NDVI_doy2008177000000_aid0006,_250m_16_days_NDVI,aid0006,2008-06-25,2372966.0,-0.2,0.963,"(-0.2,0.963)",0.3587777,0.1049232,0.0110089,0.4236,0.6297,0.3446,0.0801,0.2862
MOD13Q1_061__250m_16_days_NDVI_doy2008193000000_aid0006,_250m_16_days_NDVI,aid0006,2008-07-11,2375345.0,-0.2,0.9942,"(-0.2,0.9942)",0.3765731,0.1221105,0.014911,0.4577,0.7103,0.3607,0.0367,0.2893
MOD13Q1_061__250m_16_days_NDVI_doy2008209000000_aid0006,_250m_16_days_NDVI,aid0006,2008-07-27,2368013.0,-0.2,0.9162,"(-0.2,0.9162)",0.3939084,0.1292372,0.0167023,0.4865,0.7709,0.3741,0.0125,0.2969
MOD13Q1_061__250m_16_days_NDVI_doy2008225000000_aid0006,_250m_16_days_NDVI,aid0006,2008-08-12,2362331.0,-0.2,0.9484,"(-0.2,0.9484)",0.3781364,0.1277216,0.0163128,0.4675,0.7474,0.3501,0.001,0.2809
MOD13Q1_061__250m_16_days_NDVI_doy2008241000000_aid0006,_250m_16_days_NDVI,aid0006,2008-08-28,2361771.0,-0.2,0.9278,"(-0.2,0.9278)",0.3621239,0.1202756,0.0144662,0.4409,0.6935,0.3334,0.0199,0.2725
MOD13Q1_061__250m_16_days_NDVI_doy2008257000000_aid0006,_250m_16_days_NDVI,aid0006,2008-09-13,2363409.0,-0.2,0.9314,"(-0.2,0.9314)",0.3592005,0.1150005,0.0132251,0.4306,0.6667,0.3335,0.0371,0.2732
MOD13Q1_061__250m_16_days_NDVI_doy2008273000000_aid0006,_250m_16_days_NDVI,aid0006,2008-09-29,2371173.0,-0.2,0.9218,"(-0.2,0.9218)",0.3886615,0.1289171,0.0166196,0.4789,0.7643,0.3694,0.0032,0.2886
MOD13Q1_061__250m_16_days_NDVI_doy2008289000000_aid0006,_250m_16_days_NDVI,aid0006,2008-10-15,2386152.0,-0.2,0.9771,"(-0.2,0.9771)",0.4642802,0.170042,0.0289143,0.5966,0.9771,0.4631,-0.0636,0.3325
MOD13Q1_061__250m_16_days_NDVI_doy2008305000000_aid0006,_250m_16_days_NDVI,aid0006,2008-10-31,2366697.0,-0.2,0.9599,"(-0.2,0.9599)",0.4636499,0.1628304,0.0265137,0.5933,0.9599,0.4518,-0.0732,0.3267
MOD13Q1_061__250m_16_days_NDVI_doy2008321000000_aid0006,_250m_16_days_NDVI,aid0006,2008-11-16,2371935.0,-0.2,0.9914,"(-0.2,0.9914)",0.4324977,0.1445475,0.020894,0.5357,0.8564,0.4192,0.0012,0.3219
MOD13Q1_061__250m_16_days_NDVI_doy2008337000000_aid0006,_250m_16_days_NDVI,aid0006,2008-12-02,2367431.0,-0.2,0.9915,"(-0.2,0.9915)",0.4894972,0.1465827,0.0214865,0.586,0.8887,0.4813,0.0815,0.3842
MOD13Q1_061__250m_16_days_NDVI_doy2008353000000_aid0006,_250m_16_days_NDVI,aid0006,2008-12-18,2381480.0,-0.2,0.9971,"(-0.2,0.9971)",0.5157252,0.161626,0.026123,0.6249,0.9539,0.4988,0.0737,0.4044
MOD13Q1_061__250m_16_days_NDVI_doy2009001000000_aid0006,_250m_16_days_NDVI,aid0006,2009-01-01,2383287.0,-0.2,0.9749,"(-0.2,0.9749)",0.5241558,0.1735225,0.0301101,0.6453,0.9749,0.501,0.0273,0.3981
MOD13Q1_061__250m_16_days_NDVI_doy2009017000000_aid0006,_250m_16_days_NDVI,aid0006,2009-01-17,2391494.0,-0.2,0.9989,"(-0.2,0.9989)",0.5273669,0.2018676,0.0407505,0.6683,0.9989,0.4906,-0.0559,0.3786
MOD13Q1_061__250m_16_days_NDVI_doy2009033000000_aid0006,_250m_16_days_NDVI,aid0006,2009-02-02,2384084.0,-0.2,0.9626,"(-0.2,0.9626)",0.6597588,0.1805023,0.0325811,0.8023,0.9626,0.6777,0.1498,0.5413
MOD13Q1_061__250m_16_days_NDVI_doy2009049000000_aid0006,_250m_16_days_NDVI,aid0006,2009-02-18,2381510.0,-0.2,0.9794,"(-0.2,0.9794)",0.7015166,0.1584877,0.0251183,0.8159,0.9794,0.7265,0.3222,0.6184
MOD13Q1_061__250m_16_days_NDVI_doy2009065000000_aid0006,_250m_16_days_NDVI,aid0006,2009-03-06,2373811.0,-0.2,0.9896,"(-0.2,0.9896)",0.7168728,0.1422689,0.0202404,0.8114,0.9896,0.7457,0.4209,0.6552
MOD13Q1_061__250m_16_days_NDVI_doy2009081000000_aid0006,_250m_16_days_NDVI,aid0006,2009-03-22,2382972.0,-0.2,0.9316,"(-0.2,0.9316)",0.6110333,0.1596309,0.025482,0.7322,0.9316,0.6384,0.1835,0.5127
MOD13Q1_061__250m_16_days_NDVI_doy2009097000000_aid0006,_250m_16_days_NDVI,aid0006,2009-04-07,2384742.0,-0.2,0.9431,"(-0.2,0.9431)",0.5541463,0.1678757,0.0281822,0.692,0.9431,0.5778,0.0215,0.4238
MOD13Q1_061__250m_16_days_NDVI_doy2009113000000_aid0006,_250m_16_days_NDVI,aid0006,2009-04-23,2372795.0,-0.2,0.9616,"(-0.2,0.9616)",0.513628,0.1632805,0.0266605,0.6586,0.9616,0.5131,-0.0549,0.3732
MOD13Q1_061__250m_16_days_NDVI_doy2009129000000_aid0006,_250m_16_days_NDVI,aid0006,2009-05-09,2374824.0,-0.2,0.9346,"(-0.2,0.9346)",0.4812779,0.155258,0.024105,0.6157,0.9346,0.4727,-0.054,0.3478
MOD13Q1_061__250m_16_days_NDVI_doy2009145000000_aid0006,_250m_16_days_NDVI,aid0006,2009-05-25,2394410.0,-0.2,0.9958,"(-0.2,0.9958)",0.4560279,0.1633333,0.0266778,0.5942,0.9958,0.4489,-0.0968,0.3178
MOD13Q1_061__250m_16_days_NDVI_doy2009161000000_aid0006,_250m_16_days_NDVI,aid0006,2009-06-10,2368635.0,-0.2,0.9123,"(-0.2,0.9123)",0.4275435,0.1363499,0.0185913,0.5323,0.8634,0.4135,-0.0197,0.3115
MOD13Q1_061__250m_16_days_NDVI_doy2009177000000_aid0006,_250m_16_days_NDVI,aid0006,2009-06-26,2368754.0,-0.2,0.9123,"(-0.2,0.9123)",0.392343,0.1264301,0.0159846,0.4803,0.7681,0.3721,0.0006,0.2884
MOD13Q1_061__250m_16_days_NDVI_doy2009193000000_aid0006,_250m_16_days_NDVI,aid0006,2009-07-12,2365259.0,-0.2,0.9015,"(-0.2,0.9015)",0.3719395,0.1183243,0.0140006,0.4502,0.7071,0.3512,0.022,0.2789
MOD13Q1_061__250m_16_days_NDVI_doy2009209000000_aid0006,_250m_16_days_NDVI,aid0006,2009-07-28,2361077.0,-0.2,0.927,"(-0.2,0.927)",0.37441,0.1237353,0.0153104,0.4589,0.7313,0.3551,0.0049,0.2773
MOD13Q1_061__250m_16_days_NDVI_doy2009225000000_aid0006,_250m_16_days_NDVI,aid0006,2009-08-13,2356483.0,-0.2,0.9435,"(-0.2,0.9435)",0.3859188,0.133975,0.0179493,0.4746,0.7609,0.3679,-0.0026,0.2837
MOD13Q1_061__250m_16_days_NDVI_doy2009241000000_aid0006,_250m_16_days_NDVI,aid0006,2009-08-29,2377642.0,-0.2,0.9567,"(-0.2,0.9567)",0.4413269,0.1722574,0.0296726,0.5676,0.9567,0.4342,-0.1031,0.2993
MOD13Q1_061__250m_16_days_NDVI_doy2009257000000_aid0006,_250m_16_days_NDVI,aid0006,2009-09-14,2361076.0,-0.2,0.9633,"(-0.2,0.9633)",0.4711125,0.1710741,0.0292663,0.5987,0.9633,0.4707,-0.0924,0.3222
MOD13Q1_061__250m_16_days_NDVI_doy2009273000000_aid0006,_250m_16_days_NDVI,aid0006,2009-09-30,2361770.0,-0.2,0.9896,"(-0.2,0.9896)",0.4644297,0.1725744,0.0297819,0.6003,0.9896,0.4655,-0.1139,0.3146
MOD13Q1_061__250m_16_days_NDVI_doy2009289000000_aid0006,_250m_16_days_NDVI,aid0006,2009-10-16,2366935.0,-0.2,0.9359,"(-0.2,0.9359)",0.4972984,0.1784142,0.0318316,0.6457,0.9359,0.508,-0.1123,0.3425
MOD13Q1_061__250m_16_days_NDVI_doy2009305000000_aid0006,_250m_16_days_NDVI,aid0006,2009-11-01,2389783.0,-0.2,0.9578,"(-0.2,0.9578)",0.482361,0.1768406,0.0312726,0.6251,0.9578,0.4772,-0.0741,0.3454
MOD13Q1_061__250m_16_days_NDVI_doy2009321000000_aid0006,_250m_16_days_NDVI,aid0006,2009-11-17,2385412.0,-0.2,0.9989,"(-0.2,0.9989)",0.5530277,0.1840415,0.0338713,0.6984,0.9989,0.56765,0.0244,0.4288
MOD13Q1_061__250m_16_days_NDVI_doy2009337000000_aid0006,_250m_16_days_NDVI,aid0006,2009-12-03,2365817.0,-0.2,0.9947,"(-0.2,0.9947)",0.6168057,0.1726146,0.0297958,0.7498,0.9947,0.6484,0.1468,0.5086
MOD13Q1_061__250m_16_days_NDVI_doy2009353000000_aid0006,_250m_16_days_NDVI,aid0006,2009-12-19,2372660.0,-0.2,0.9994,"(-0.2,0.9994)",0.6788131,0.1684336,0.0283699,0.7894,0.9994,0.7153,0.3409,0.61
MOD13Q1_061__250m_16_days_NDVI_doy2010001000000_aid0006,_250m_16_days_NDVI,aid0006,2010-01-01,2370179.0,-0.2,0.9984,"(-0.2,0.9984)",0.7042838,0.1819767,0.0331155,0.8252,0.9984,0.7381,0.348,0.6343
MOD13Q1_061__250m_16_days_NDVI_doy2010017000000_aid0006,_250m_16_days_NDVI,aid0006,2010-01-17,2356174.0,-0.2,0.9989,"(-0.2,0.9989)",0.7296536,0.1758669,0.0309292,0.8526,0.9989,0.7585,0.3676,0.6586
MOD13Q1_061__250m_16_days_NDVI_doy2010033000000_aid0006,_250m_16_days_NDVI,aid0006,2010-02-02,2361071.0,-0.2,0.9987,"(-0.2,0.9987)",0.7287485,0.1992964,0.039719,0.8608,0.9987,0.7713,0.3978,0.6756
MOD13Q1_061__250m_16_days_NDVI_doy2010049000000_aid0006,_250m_16_days_NDVI,aid0006,2010-02-18,2317783.0,-0.2,0.9987,"(-0.2,0.9987)",0.7326629,0.1796502,0.0322742,0.8489,0.9987,0.7717,0.4314,0.6819
MOD13Q1_061__250m_16_days_NDVI_doy2010065000000_aid0006,_250m_16_days_NDVI,aid0006,2010-03-06,2313763.0,-0.2,0.9964,"(-0.2,0.9964)",0.698629,0.1714016,0.0293785,0.811,0.9964,0.7319,0.3703,0.6347
MOD13Q1_061__250m_16_days_NDVI_doy2010081000000_aid0006,_250m_16_days_NDVI,aid0006,2010-03-22,2302042.0,-0.2,0.9808,"(-0.2,0.9808)",0.6078642,0.1712678,0.0293327,0.731,0.9808,0.6395,0.1598,0.5025
MOD13Q1_061__250m_16_days_NDVI_doy2010097000000_aid0006,_250m_16_days_NDVI,aid0006,2010-04-07,2299212.0,-0.2,0.9889,"(-0.2,0.9889)",0.515916,0.1680592,0.0282439,0.6473,0.9889,0.5337,0.0028,0.3895
MOD13Q1_061__250m_16_days_NDVI_doy2010113000000_aid0006,_250m_16_days_NDVI,aid0006,2010-04-23,2303633.0,-0.2,0.9035,"(-0.2,0.9035)",0.4998274,0.1595386,0.0254526,0.6247,0.9035,0.5087,0.004,0.3764
MOD13Q1_061__250m_16_days_NDVI_doy2010129000000_aid0006,_250m_16_days_NDVI,aid0006,2010-05-09,2334813.0,-0.2,0.9914,"(-0.2,0.9914)",0.4568638,0.1637068,0.0267999,0.5762,0.9106,0.4569,-0.014,0.3401
MOD13Q1_061__250m_16_days_NDVI_doy2010145000000_aid0006,_250m_16_days_NDVI,aid0006,2010-05-25,2307244.0,-0.2,0.926,"(-0.2,0.926)",0.4876344,0.1580567,0.0249819,0.6047,0.926,0.4968,0.0202,0.3709
MOD13Q1_061__250m_16_days_NDVI_doy2010161000000_aid0006,_250m_16_days_NDVI,aid0006,2010-06-10,2325359.0,-0.2,0.9639,"(-0.2,0.9639)",0.4740503,0.158022,0.024971,0.5904,0.92,0.4798,0.0299,0.3662
MOD13Q1_061__250m_16_days_NDVI_doy2010177000000_aid0006,_250m_16_days_NDVI,aid0006,2010-06-26,2328229.0,-0.2,0.9993,"(-0.2,0.9993)",0.4993787,0.1571771,0.0247046,0.6138,0.9283,0.5094,0.0581,0.3915
MOD13Q1_061__250m_16_days_NDVI_doy2010193000000_aid0006,_250m_16_days_NDVI,aid0006,2010-07-12,2332391.0,-0.2,0.9139,"(-0.2,0.9139)",0.4519146,0.1482333,0.0219731,0.5578,0.8706,0.4518,0.0363,0.3492
MOD13Q1_061__250m_16_days_NDVI_doy2010209000000_aid0006,_250m_16_days_NDVI,aid0006,2010-07-28,2338251.0,-0.2,0.8909,"(-0.2,0.8909)",0.420794,0.1357828,0.018437,0.5147,0.7967,0.4152,0.0447,0.3267
MOD13Q1_061__250m_16_days_NDVI_doy2010225000000_aid0006,_250m_16_days_NDVI,aid0006,2010-08-13,2353117.0,-0.2,0.9156,"(-0.2,0.9156)",0.4079571,0.1344205,0.0180689,0.4961,0.7692,0.4022,0.0409,0.314
MOD13Q1_061__250m_16_days_NDVI_doy2010241000000_aid0006,_250m_16_days_NDVI,aid0006,2010-08-29,2357448.0,-0.2,0.9473,"(-0.2,0.9473)",0.4636522,0.1563331,0.02444,0.5785,0.9296,0.4635,-0.0072,0.3442
MOD13Q1_061__250m_16_days_NDVI_doy2010257000000_aid0006,_250m_16_days_NDVI,aid0006,2010-09-14,2367544.0,-0.2,0.9606,"(-0.2,0.9606)",0.5079533,0.1702507,0.0289853,0.6353,0.9606,0.5168,-0.0222,0.3723
MOD13Q1_061__250m_16_days_NDVI_doy2010273000000_aid0006,_250m_16_days_NDVI,aid0006,2010-09-30,2370719.0,-0.2,0.9578,"(-0.2,0.9578)",0.540734,0.1817817,0.0330446,0.6858,0.9578,0.5576,-0.0519,0.3907
MOD13Q1_061__250m_16_days_NDVI_doy2010289000000_aid0006,_250m_16_days_NDVI,aid0006,2010-10-16,2367697.0,-0.2,0.9769,"(-0.2,0.9769)",0.5472743,0.1831928,0.0335596,0.6955,0.9769,0.5633,-0.0537,0.3958
MOD13Q1_061__250m_16_days_NDVI_doy2010305000000_aid0006,_250m_16_days_NDVI,aid0006,2010-11-01,2369322.0,-0.2,0.9614,"(-0.2,0.9614)",0.5089422,0.1761196,0.0310181,0.6464,0.9614,0.5024,-0.0591,0.3642
MOD13Q1_061__250m_16_days_NDVI_doy2010321000000_aid0006,_250m_16_days_NDVI,aid0006,2010-11-17,2379578.0,-0.2,0.9989,"(-0.2,0.9989)",0.4724126,0.1716399,0.0294603,0.5853,0.9543,0.4494,-0.0299,0.3392
MOD13Q1_061__250m_16_days_NDVI_doy2010337000000_aid0006,_250m_16_days_NDVI,aid0006,2010-12-03,2391660.0,-0.2,0.9975,"(-0.2,0.9975)",0.4902711,0.1737448,0.0301873,0.6034,0.9578,0.4818,0.0092,0.3657
MOD13Q1_061__250m_16_days_NDVI_doy2010353000000_aid0006,_250m_16_days_NDVI,aid0006,2010-12-19,2366450.0,-0.2,0.9851,"(-0.2,0.9851)",0.5944402,0.162712,0.0264752,0.7213,0.9851,0.5989,0.1311,0.4852
MOD13Q1_061__250m_16_days_NDVI_doy2011001000000_aid0006,_250m_16_days_NDVI,aid0006,2011-01-01,2368686.0,-0.2,0.9779,"(-0.2,0.9779)",0.6182122,0.1597717,0.025527,0.744,0.9779,0.6226,0.1528,0.5075
MOD13Q1_061__250m_16_days_NDVI_doy2011017000000_aid0006,_250m_16_days_NDVI,aid0006,2011-01-17,2372182.0,-0.2,0.9996,"(-0.2,0.9996)",0.694896,0.1641977,0.0269609,0.8164,0.9996,0.7215,0.2802,0.6019
MOD13Q1_061__250m_16_days_NDVI_doy2011033000000_aid0006,_250m_16_days_NDVI,aid0006,2011-02-02,2378848.0,-0.2,0.9917,"(-0.2,0.9917)",0.7550196,0.1494935,0.0223483,0.8572,0.9917,0.7777,0.4555,0.6965
MOD13Q1_061__250m_16_days_NDVI_doy2011049000000_aid0006,_250m_16_days_NDVI,aid0006,2011-02-18,2393917.0,-0.2,0.9943,"(-0.2,0.9943)",0.7426239,0.1650248,0.0272332,0.8533,0.9943,0.7739,0.4318,0.6847
MOD13Q1_061__250m_16_days_NDVI_doy2011065000000_aid0006,_250m_16_days_NDVI,aid0006,2011-03-06,2367009.0,-0.2,0.9942,"(-0.2,0.9942)",0.6959819,0.1386906,0.0192351,0.791,0.9942,0.7184,0.3743,0.6243
MOD13Q1_061__250m_16_days_NDVI_doy2011081000000_aid0006,_250m_16_days_NDVI,aid0006,2011-03-22,2364763.0,-0.2,0.9841,"(-0.2,0.9841)",0.6115622,0.1545431,0.0238836,0.7251,0.9841,0.6398,0.1946,0.5129
MOD13Q1_061__250m_16_days_NDVI_doy2011097000000_aid0006,_250m_16_days_NDVI,aid0006,2011-04-07,2366441.0,-0.2,0.9498,"(-0.2,0.9498)",0.5357389,0.1558558,0.024291,0.6634,0.9498,0.5583,0.0302,0.4101
MOD13Q1_061__250m_16_days_NDVI_doy2011113000000_aid0006,_250m_16_days_NDVI,aid0006,2011-04-23,2359163.0,-0.2,0.9869,"(-0.2,0.9869)",0.5051361,0.1631625,0.026622,0.639,0.9869,0.511,-0.0197,0.3755
MOD13Q1_061__250m_16_days_NDVI_doy2011129000000_aid0006,_250m_16_days_NDVI,aid0006,2011-05-09,2359297.0,-0.2,0.9942,"(-0.2,0.9942)",0.5025492,0.1652104,0.0272945,0.6386,0.9942,0.5084,-0.0294,0.3714
MOD13Q1_061__250m_16_days_NDVI_doy2011145000000_aid0006,_250m_16_days_NDVI,aid0006,2011-05-25,2365493.0,-0.2,0.9976,"(-0.2,0.9976)",0.5111841,0.1550848,0.0240513,0.6343,0.983,0.5228,0.0306,0.3928
MOD13Q1_061__250m_16_days_NDVI_doy2011161000000_aid0006,_250m_16_days_NDVI,aid0006,2011-06-10,2373572.0,-0.2,0.98,"(-0.2,0.98)",0.4949305,0.1596287,0.0254813,0.6221,0.98,0.5,-0.0074,0.3703
MOD13Q1_061__250m_16_days_NDVI_doy2011177000000_aid0006,_250m_16_days_NDVI,aid0006,2011-06-26,2361513.0,-0.2,0.9795,"(-0.2,0.9795)",0.45107,0.1426581,0.0203513,0.5644,0.8917,0.449,-0.0113,0.3341
MOD13Q1_061__250m_16_days_NDVI_doy2011193000000_aid0006,_250m_16_days_NDVI,aid0006,2011-07-12,2383471.0,-0.2,0.9876,"(-0.2,0.9876)",0.4270096,0.1421418,0.0202043,0.5317,0.8452,0.4262,0.0092,0.3227
MOD13Q1_061__250m_16_days_NDVI_doy2011209000000_aid0006,_250m_16_days_NDVI,aid0006,2011-07-28,2358042.0,-0.2,0.9254,"(-0.2,0.9254)",0.4694677,0.1505482,0.0226648,0.586,0.9254,0.4725,-0.004,0.35
MOD13Q1_061__250m_16_days_NDVI_doy2011225000000_aid0006,_250m_16_days_NDVI,aid0006,2011-08-13,2358726.0,-0.2,0.974,"(-0.2,0.974)",0.4983563,0.1642281,0.0269709,0.6232,0.974,0.5129,-0.0123,0.369
MOD13Q1_061__250m_16_days_NDVI_doy2011241000000_aid0006,_250m_16_days_NDVI,aid0006,2011-08-29,2362070.0,-0.2,0.9385,"(-0.2,0.9385)",0.4752528,0.162327,0.02635,0.6007,0.9385,0.4813,-0.052,0.3396
MOD13Q1_061__250m_16_days_NDVI_doy2011257000000_aid0006,_250m_16_days_NDVI,aid0006,2011-09-14,2370225.0,-0.2,0.9359,"(-0.2,0.9359)",0.4940119,0.1721517,0.0296362,0.6331,0.9359,0.5005,-0.0831,0.3466
MOD13Q1_061__250m_16_days_NDVI_doy2011273000000_aid0006,_250m_16_days_NDVI,aid0006,2011-09-30,2370523.0,-0.2,0.9976,"(-0.2,0.9976)",0.525395,0.1738963,0.0302399,0.6656,0.9976,0.543,-0.0469,0.3806
MOD13Q1_061__250m_16_days_NDVI_doy2011289000000_aid0006,_250m_16_days_NDVI,aid0006,2011-10-16,2367136.0,-0.2,0.9318,"(-0.2,0.9318)",0.5560097,0.177807,0.0316153,0.7076,0.9318,0.5837,-0.0401,0.4085
MOD13Q1_061__250m_16_days_NDVI_doy2011305000000_aid0006,_250m_16_days_NDVI,aid0006,2011-11-01,2371533.0,-0.2,0.9297,"(-0.2,0.9297)",0.5377799,0.177145,0.0313804,0.6922,0.9297,0.5486,-0.0685,0.3879
MOD13Q1_061__250m_16_days_NDVI_doy2011321000000_aid0006,_250m_16_days_NDVI,aid0006,2011-11-17,2366502.0,-0.2,0.9364,"(-0.2,0.9364)",0.5656,0.1697227,0.0288058,0.7131,0.9364,0.5765,-0.0006,0.4276
MOD13Q1_061__250m_16_days_NDVI_doy2011337000000_aid0006,_250m_16_days_NDVI,aid0006,2011-12-03,2369449.0,-0.2,0.9976,"(-0.2,0.9976)",0.5598722,0.1543243,0.023816,0.6808,0.9976,0.5696,0.1071,0.4513
MOD13Q1_061__250m_16_days_NDVI_doy2011353000000_aid0006,_250m_16_days_NDVI,aid0006,2011-12-19,2369010.0,-0.2,0.9907,"(-0.2,0.9907)",0.5783354,0.1559264,0.024313,0.6986,0.9907,0.5885,0.1211,0.4675
MOD13Q1_061__250m_16_days_NDVI_doy2012001000000_aid0006,_250m_16_days_NDVI,aid0006,2012-01-01,2382781.0,-0.2,0.9899,"(-0.2,0.9899)",0.5661962,0.1598343,0.025547,0.6863,0.9899,0.5772,0.1178,0.4589
MOD13Q1_061__250m_16_days_NDVI_doy2012017000000_aid0006,_250m_16_days_NDVI,aid0006,2012-01-17,2376216.0,-0.2,0.998,"(-0.2,0.998)",0.638024,0.1625764,0.0264311,0.76,0.998,0.6481,0.193,0.5332
MOD13Q1_061__250m_16_days_NDVI_doy2012033000000_aid0006,_250m_16_days_NDVI,aid0006,2012-02-02,2378541.0,-0.2,0.999,"(-0.2,0.999)",0.6880883,0.1553086,0.0241208,0.7991,0.999,0.714,0.3236,0.6089
MOD13Q1_061__250m_16_days_NDVI_doy2012049000000_aid0006,_250m_16_days_NDVI,aid0006,2012-02-18,2387493.0,-0.2,0.9988,"(-0.2,0.9988)",0.7049829,0.156416,0.024466,0.809,0.9988,0.7432,0.3853,0.6395
MOD13Q1_061__250m_16_days_NDVI_doy2012065000000_aid0006,_250m_16_days_NDVI,aid0006,2012-03-05,2387409.0,-0.2,0.9954,"(-0.2,0.9954)",0.7095689,0.1494334,0.0223304,0.8016,0.9954,0.7483,0.4486,0.6604
MOD13Q1_061__250m_16_days_NDVI_doy2012081000000_aid0006,_250m_16_days_NDVI,aid0006,2012-03-21,2379618.0,-0.2,0.9975,"(-0.2,0.9975)",0.6556528,0.1606748,0.0258164,0.7686,0.9975,0.7023,0.2851,0.5752
MOD13Q1_061__250m_16_days_NDVI_doy2012097000000_aid0006,_250m_16_days_NDVI,aid0006,2012-04-06,2379435.0,-0.2,0.9578,"(-0.2,0.9578)",0.5873425,0.1675545,0.0280745,0.7257,0.9578,0.6203,0.0766,0.466
MOD13Q1_061__250m_16_days_NDVI_doy2012113000000_aid0006,_250m_16_days_NDVI,aid0006,2012-04-22,2407179.0,-0.2,0.9646,"(-0.2,0.9646)",0.5219528,0.1742438,0.0303609,0.6671,0.9646,0.5365,-0.0194,0.3925
MOD13Q1_061__250m_16_days_NDVI_doy2012129000000_aid0006,_250m_16_days_NDVI,aid0006,2012-05-08,2373727.0,-0.2,0.9959,"(-0.2,0.9959)",0.5078941,0.1598966,0.0255669,0.6405,0.9959,0.5159,-0.0107,0.38
MOD13Q1_061__250m_16_days_NDVI_doy2012145000000_aid0006,_250m_16_days_NDVI,aid0006,2012-05-24,2376561.0,-0.2,0.9978,"(-0.2,0.9978)",0.528906,0.1652046,0.0272926,0.6611,0.9978,0.5507,0.0144,0.4024
MOD13Q1_061__250m_16_days_NDVI_doy2012161000000_aid0006,_250m_16_days_NDVI,aid0006,2012-06-09,2367397.0,-0.2,0.9672,"(-0.2,0.9672)",0.4240842,0.1269538,0.0161173,0.5154,0.7971,0.4193,0.0459,0.3276
MOD13Q1_061__250m_16_days_NDVI_doy2012177000000_aid0006,_250m_16_days_NDVI,aid0006,2012-06-25,2359809.0,-0.2,0.9043,"(-0.2,0.9043)",0.4287325,0.1314891,0.0172894,0.5249,0.8201,0.4184,0.0329,0.3281
MOD13Q1_061__250m_16_days_NDVI_doy2012193000000_aid0006,_250m_16_days_NDVI,aid0006,2012-07-11,2351809.0,-0.2,0.9014,"(-0.2,0.9014)",0.3912435,0.1216485,0.0147984,0.4741,0.7315,0.3801,0.0451,0.3025
MOD13Q1_061__250m_16_days_NDVI_doy2012209000000_aid0006,_250m_16_days_NDVI,aid0006,2012-07-27,2362302.0,-0.2,0.8728,"(-0.2,0.8728)",0.374098,0.1110863,0.0123402,0.4453,0.6653,0.3682,0.0786,0.2986
MOD13Q1_061__250m_16_days_NDVI_doy2012225000000_aid0006,_250m_16_days_NDVI,aid0006,2012-08-12,2367446.0,-0.2,0.9942,"(-0.2,0.9942)",0.4429024,0.1483018,0.0219934,0.5332,0.829,0.4362,0.0402,0.336
MOD13Q1_061__250m_16_days_NDVI_doy2012241000000_aid0006,_250m_16_days_NDVI,aid0006,2012-08-28,2365131.0,-0.2,0.9563,"(-0.2,0.9563)",0.5113421,0.1729312,0.0299052,0.6347,0.9563,0.5204,-0.027,0.37
MOD13Q1_061__250m_16_days_NDVI_doy2012257000000_aid0006,_250m_16_days_NDVI,aid0006,2012-09-13,2369268.0,-0.2,0.9536,"(-0.2,0.9536)",0.5352378,0.1757035,0.0308717,0.6665,0.9536,0.5528,-0.0247,0.39
MOD13Q1_061__250m_16_days_NDVI_doy2012273000000_aid0006,_250m_16_days_NDVI,aid0006,2012-09-29,2373221.0,-0.2,0.9637,"(-0.2,0.9637)",0.5295543,0.1714551,0.0293969,0.6689,0.9637,0.5477,-0.0366,0.3867
MOD13Q1_061__250m_16_days_NDVI_doy2012289000000_aid0006,_250m_16_days_NDVI,aid0006,2012-10-15,2369147.0,-0.2,0.9958,"(-0.2,0.9958)",0.5250554,0.1714532,0.0293962,0.6668,0.9958,0.5415,-0.0279,0.3889
MOD13Q1_061__250m_16_days_NDVI_doy2012305000000_aid0006,_250m_16_days_NDVI,aid0006,2012-10-31,2376257.0,-0.2,0.9909,"(-0.2,0.9909)",0.5351166,0.1721801,0.029646,0.6814,0.9909,0.5418,-0.0258,0.3985
MOD13Q1_061__250m_16_days_NDVI_doy2012321000000_aid0006,_250m_16_days_NDVI,aid0006,2012-11-16,2375003.0,-0.2,0.9994,"(-0.2,0.9994)",0.5340517,0.1751457,0.030676,0.6908,0.9994,0.5376,-0.0977,0.3754
MOD13Q1_061__250m_16_days_NDVI_doy2012337000000_aid0006,_250m_16_days_NDVI,aid0006,2012-12-02,2379353.0,-0.2,0.9844,"(-0.2,0.9844)",0.6135953,0.1583056,0.0250607,0.7415,0.9844,0.6369,0.1483,0.5042
MOD13Q1_061__250m_16_days_NDVI_doy2012353000000_aid0006,_250m_16_days_NDVI,aid0006,2012-12-18,2388774.0,-0.2,0.9993,"(-0.2,0.9993)",0.6474657,0.1662635,0.0276436,0.764,0.9993,0.684,0.2663,0.5649
MOD13Q1_061__250m_16_days_NDVI_doy2013001000000_aid0006,_250m_16_days_NDVI,aid0006,2013-01-01,2385612.0,-0.2,0.9993,"(-0.2,0.9993)",0.6693202,0.1681006,0.0282578,0.7823,0.9993,0.7036,0.2918,0.5861
MOD13Q1_061__250m_16_days_NDVI_doy2013017000000_aid0006,_250m_16_days_NDVI,aid0006,2013-01-17,2372065.0,-0.2,0.9959,"(-0.2,0.9959)",0.6558632,0.1623878,0.0263698,0.7704,0.9959,0.6702,0.2272,0.5531
MOD13Q1_061__250m_16_days_NDVI_doy2013033000000_aid0006,_250m_16_days_NDVI,aid0006,2013-02-02,2382070.0,-0.2,0.9695,"(-0.2,0.9695)",0.673491,0.1656305,0.0274335,0.7921,0.9695,0.6858,0.2504,0.5754
MOD13Q1_061__250m_16_days_NDVI_doy2013049000000_aid0006,_250m_16_days_NDVI,aid0006,2013-02-18,2380978.0,-0.2,0.9994,"(-0.2,0.9994)",0.719123,0.1571863,0.0247075,0.8323,0.9994,0.7369,0.3741,0.649
MOD13Q1_061__250m_16_days_NDVI_doy2013065000000_aid0006,_250m_16_days_NDVI,aid0006,2013-03-06,2369824.0,-0.2,0.985,"(-0.2,0.985)",0.7167306,0.1367407,0.018698,0.8054,0.985,0.7397,0.4454,0.6614
MOD13Q1_061__250m_16_days_NDVI_doy2013081000000_aid0006,_250m_16_days_NDVI,aid0006,2013-03-22,2366563.0,-0.2,0.9563,"(-0.2,0.9563)",0.6308885,0.138479,0.0191764,0.7329,0.9563,0.6563,0.2649,0.5457
MOD13Q1_061__250m_16_days_NDVI_doy2013097000000_aid0006,_250m_16_days_NDVI,aid0006,2013-04-07,2364869.0,-0.2,0.9217,"(-0.2,0.9217)",0.563945,0.1534818,0.0235567,0.6887,0.9217,0.5878,0.0887,0.4487
MOD13Q1_061__250m_16_days_NDVI_doy2013113000000_aid0006,_250m_16_days_NDVI,aid0006,2013-04-23,2367986.0,-0.2,0.9732,"(-0.2,0.9732)",0.5449973,0.1532115,0.0234738,0.6719,0.9732,0.5596,0.0552,0.4252
MOD13Q1_061__250m_16_days_NDVI_doy2013129000000_aid0006,_250m_16_days_NDVI,aid0006,2013-05-09,2370544.0,-0.2,0.9924,"(-0.2,0.9924)",0.5267287,0.1535599,0.0235807,0.6532,0.9924,0.5377,0.0402,0.408
MOD13Q1_061__250m_16_days_NDVI_doy2013145000000_aid0006,_250m_16_days_NDVI,aid0006,2013-05-25,2367371.0,-0.2,0.9786,"(-0.2,0.9786)",0.4877374,0.1524384,0.0232375,0.617,0.9786,0.4875,-0.0257,0.3599
MOD13Q1_061__250m_16_days_NDVI_doy2013161000000_aid0006,_250m_16_days_NDVI,aid0006,2013-06-10,2370033.0,-0.2,0.9925,"(-0.2,0.9925)",0.5061943,0.1537653,0.0236438,0.633,0.9925,0.5136,0.0043,0.3815
MOD13Q1_061__250m_16_days_NDVI_doy2013177000000_aid0006,_250m_16_days_NDVI,aid0006,2013-06-26,2383003.0,-0.2,0.9936,"(-0.2,0.9936)",0.4758726,0.1500099,0.022503,0.5954,0.9183,0.4785,0.0102,0.3613
MOD13Q1_061__250m_16_days_NDVI_doy2013193000000_aid0006,_250m_16_days_NDVI,aid0006,2013-07-12,2356730.0,-0.2,0.9406,"(-0.2,0.9406)",0.4853872,0.1497069,0.0224121,0.6022,0.9406,0.4931,0.0215,0.3699
MOD13Q1_061__250m_16_days_NDVI_doy2013209000000_aid0006,_250m_16_days_NDVI,aid0006,2013-07-28,2337309.0,-0.2,0.9687,"(-0.2,0.9687)",0.439259,0.1493653,0.02231,0.5481,0.8731,0.4398,0.0064,0.3314
MOD13Q1_061__250m_16_days_NDVI_doy2013225000000_aid0006,_250m_16_days_NDVI,aid0006,2013-08-13,2342651.0,-0.2,0.918,"(-0.2,0.918)",0.4190301,0.1450555,0.0210411,0.5194,0.832,0.4127,-0.0016,0.311
MOD13Q1_061__250m_16_days_NDVI_doy2013241000000_aid0006,_250m_16_days_NDVI,aid0006,2013-08-29,2359726.0,-0.2,0.994,"(-0.2,0.994)",0.4294853,0.144005,0.0207374,0.5265,0.8451,0.417,-0.0045,0.3141
MOD13Q1_061__250m_16_days_NDVI_doy2013257000000_aid0006,_250m_16_days_NDVI,aid0006,2013-09-14,2364474.0,-0.2,0.955,"(-0.2,0.955)",0.4425662,0.1487028,0.0221125,0.5496,0.8956,0.4343,-0.0271,0.3189
MOD13Q1_061__250m_16_days_NDVI_doy2013273000000_aid0006,_250m_16_days_NDVI,aid0006,2013-09-30,2368804.0,-0.2,0.991,"(-0.2,0.991)",0.463586,0.16333,0.0266767,0.5917,0.991,0.455,-0.0768,0.3243
MOD13Q1_061__250m_16_days_NDVI_doy2013289000000_aid0006,_250m_16_days_NDVI,aid0006,2013-10-16,2371237.0,-0.2,0.996,"(-0.2,0.996)",0.4677734,0.1702945,0.0290002,0.5985,0.996,0.4537,-0.0877,0.324
MOD13Q1_061__250m_16_days_NDVI_doy2013305000000_aid0006,_250m_16_days_NDVI,aid0006,2013-11-01,2380361.0,-0.2,0.9366,"(-0.2,0.9366)",0.5008577,0.1876716,0.0352206,0.6599,0.9366,0.4921,-0.1401,0.3399
MOD13Q1_061__250m_16_days_NDVI_doy2013321000000_aid0006,_250m_16_days_NDVI,aid0006,2013-11-17,2375899.0,-0.2,0.9652,"(-0.2,0.9652)",0.5385641,0.1889064,0.0356856,0.7079,0.9652,0.5417,-0.1411,0.3683
MOD13Q1_061__250m_16_days_NDVI_doy2013337000000_aid0006,_250m_16_days_NDVI,aid0006,2013-12-03,2389247.0,-0.2,0.9931,"(-0.2,0.9931)",0.5645563,0.1826573,0.0333637,0.7194,0.9931,0.5784,-0.0311,0.4192
MOD13Q1_061__250m_16_days_NDVI_doy2013353000000_aid0006,_250m_16_days_NDVI,aid0006,2013-12-19,2377461.0,-0.2,0.9984,"(-0.2,0.9984)",0.5642582,0.1639773,0.0268885,0.6902,0.9984,0.5713,0.0835,0.4475
MOD13Q1_061__250m_16_days_NDVI_doy2014001000000_aid0006,_250m_16_days_NDVI,aid0006,2014-01-01,2380683.0,-0.2,0.9992,"(-0.2,0.9992)",0.6605476,0.1559517,0.0243209,0.7702,0.9992,0.6782,0.286,0.5765
MOD13Q1_061__250m_16_days_NDVI_doy2014017000000_aid0006,_250m_16_days_NDVI,aid0006,2014-01-17,2392170.0,-0.2,0.9955,"(-0.2,0.9955)",0.6805266,0.1652726,0.027315,0.7944,0.9955,0.6999,0.2972,0.5955
MOD13Q1_061__250m_16_days_NDVI_doy2014033000000_aid0006,_250m_16_days_NDVI,aid0006,2014-02-02,2395310.0,-0.2,0.9996,"(-0.2,0.9996)",0.7599581,0.1661064,0.0275913,0.8698,0.9996,0.79,0.4718,0.7106
MOD13Q1_061__250m_16_days_NDVI_doy2014049000000_aid0006,_250m_16_days_NDVI,aid0006,2014-02-18,2385601.0,-0.2,0.9994,"(-0.2,0.9994)",0.7629673,0.1536704,0.0236146,0.8635,0.9994,0.7889,0.4868,0.7128
MOD13Q1_061__250m_16_days_NDVI_doy2014065000000_aid0006,_250m_16_days_NDVI,aid0006,2014-03-06,2400670.0,-0.2,0.9794,"(-0.2,0.9794)",0.7217836,0.1634785,0.0267252,0.8179,0.9794,0.754,0.4592,0.6744
MOD13Q1_061__250m_16_days_NDVI_doy2014081000000_aid0006,_250m_16_days_NDVI,aid0006,2014-03-22,2385357.0,-0.2,0.9984,"(-0.2,0.9984)",0.6504898,0.1637023,0.0267984,0.764,0.9984,0.693,0.278,0.5696
MOD13Q1_061__250m_16_days_NDVI_doy2014097000000_aid0006,_250m_16_days_NDVI,aid0006,2014-04-07,2370847.0,-0.2,0.925,"(-0.2,0.925)",0.5552254,0.1689808,0.0285545,0.6957,0.925,0.5771,0.0257,0.4277
MOD13Q1_061__250m_16_days_NDVI_doy2014113000000_aid0006,_250m_16_days_NDVI,aid0006,2014-04-23,2367038.0,-0.2,0.9204,"(-0.2,0.9204)",0.5319858,0.1522434,0.0231781,0.6599,0.9204,0.54,0.0494,0.4157
MOD13Q1_061__250m_16_days_NDVI_doy2014129000000_aid0006,_250m_16_days_NDVI,aid0006,2014-05-09,2375135.0,-0.2,0.9947,"(-0.2,0.9947)",0.5449924,0.1471019,0.021639,0.6593,0.9725,0.5641,0.1236,0.445
MOD13Q1_061__250m_16_days_NDVI_doy2014145000000_aid0006,_250m_16_days_NDVI,aid0006,2014-05-25,2363973.0,-0.2,0.8966,"(-0.2,0.8966)",0.5244745,0.1413244,0.0199726,0.6383,0.8966,0.5394,0.0953,0.4211
MOD13Q1_061__250m_16_days_NDVI_doy2014161000000_aid0006,_250m_16_days_NDVI,aid0006,2014-06-10,2362195.0,-0.2,0.9361,"(-0.2,0.9361)",0.517171,0.1440357,0.0207463,0.6343,0.9361,0.5307,0.0691,0.4082
MOD13Q1_061__250m_16_days_NDVI_doy2014177000000_aid0006,_250m_16_days_NDVI,aid0006,2014-06-26,2357484.0,-0.2,0.9865,"(-0.2,0.9865)",0.4917807,0.1398803,0.0195665,0.6024,0.9224,0.4988,0.0602,0.3855
MOD13Q1_061__250m_16_days_NDVI_doy2014193000000_aid0006,_250m_16_days_NDVI,aid0006,2014-07-12,2319982.0,-0.2,0.9463,"(-0.2,0.9463)",0.4923221,0.1578483,0.0249161,0.6128,0.9463,0.502,0.0478,0.3868
MOD13Q1_061__250m_16_days_NDVI_doy2014209000000_aid0006,_250m_16_days_NDVI,aid0006,2014-07-28,2327298.0,-0.2,0.9441,"(-0.2,0.9441)",0.4972864,0.1743042,0.0303819,0.6229,0.9441,0.5163,0.0404,0.3899
MOD13Q1_061__250m_16_days_NDVI_doy2014225000000_aid0006,_250m_16_days_NDVI,aid0006,2014-08-13,2336210.0,-0.2,0.9585,"(-0.2,0.9585)",0.5027403,0.1620209,0.0262508,0.62,0.9585,0.5159,0.0423,0.3889
MOD13Q1_061__250m_16_days_NDVI_doy2014241000000_aid0006,_250m_16_days_NDVI,aid0006,2014-08-29,2357038.0,-0.2,0.9441,"(-0.2,0.9441)",0.4986822,0.1584711,0.0251131,0.6121,0.9441,0.5108,0.0509,0.3876
MOD13Q1_061__250m_16_days_NDVI_doy2014257000000_aid0006,_250m_16_days_NDVI,aid0006,2014-09-14,2361839.0,-0.2,0.9438,"(-0.2,0.9438)",0.5570515,0.1750636,0.0306473,0.6987,0.9438,0.5871,0.0022,0.4201
MOD13Q1_061__250m_16_days_NDVI_doy2014273000000_aid0006,_250m_16_days_NDVI,aid0006,2014-09-30,2362446.0,-0.2,0.944,"(-0.2,0.944)",0.5815764,0.1750652,0.0306478,0.7263,0.944,0.6156,0.0248,0.4457
MOD13Q1_061__250m_16_days_NDVI_doy2014289000000_aid0006,_250m_16_days_NDVI,aid0006,2014-10-16,2371418.0,-0.2,0.9387,"(-0.2,0.9387)",0.5545726,0.1765718,0.0311776,0.7018,0.9387,0.5716,-0.0059,0.4187
MOD13Q1_061__250m_16_days_NDVI_doy2014305000000_aid0006,_250m_16_days_NDVI,aid0006,2014-11-01,2373745.0,-0.2,0.9333,"(-0.2,0.9333)",0.5246912,0.1831644,0.0335492,0.6821,0.9333,0.5296,-0.1091,0.3656
MOD13Q1_061__250m_16_days_NDVI_doy2014321000000_aid0006,_250m_16_days_NDVI,aid0006,2014-11-17,2371736.0,-0.2,0.9875,"(-0.2,0.9875)",0.5289182,0.1816124,0.0329831,0.6887,0.9875,0.5342,-0.114,0.3676
MOD13Q1_061__250m_16_days_NDVI_doy2014337000000_aid0006,_250m_16_days_NDVI,aid0006,2014-12-03,2369070.0,-0.2,0.9977,"(-0.2,0.9977)",0.5891692,0.1601033,0.0256331,0.7196,0.9977,0.6092,0.1146,0.4776
MOD13Q1_061__250m_16_days_NDVI_doy2014353000000_aid0006,_250m_16_days_NDVI,aid0006,2014-12-19,2367727.0,-0.2,0.9953,"(-0.2,0.9953)",0.6786005,0.1465771,0.0214848,0.7836,0.9953,0.7112,0.3274,0.6011
MOD13Q1_061__250m_16_days_NDVI_doy2015001000000_aid0006,_250m_16_days_NDVI,aid0006,2015-01-01,2367699.0,-0.2,0.9809,"(-0.2,0.9809)",0.7169189,0.1428094,0.0203945,0.8083,0.9809,0.7382,0.4146,0.6508
MOD13Q1_061__250m_16_days_NDVI_doy2015017000000_aid0006,_250m_16_days_NDVI,aid0006,2015-01-17,2375995.0,-0.2,0.9993,"(-0.2,0.9993)",0.7486703,0.1556854,0.024238,0.8639,0.9993,0.7619,0.4074,0.6813
MOD13Q1_061__250m_16_days_NDVI_doy2015033000000_aid0006,_250m_16_days_NDVI,aid0006,2015-02-02,2369785.0,-0.2,0.9993,"(-0.2,0.9993)",0.7641206,0.1511392,0.0228431,0.8903,0.9993,0.7713,0.3823,0.6871
MOD13Q1_061__250m_16_days_NDVI_doy2015049000000_aid0006,_250m_16_days_NDVI,aid0006,2015-02-18,2392144.0,-0.2,0.9995,"(-0.2,0.9995)",0.7253112,0.1691217,0.0286021,0.8565,0.9995,0.7384,0.3413,0.6504
MOD13Q1_061__250m_16_days_NDVI_doy2015065000000_aid0006,_250m_16_days_NDVI,aid0006,2015-03-06,2373446.0,-0.2,0.9989,"(-0.2,0.9989)",0.7270445,0.1593846,0.0254035,0.8422,0.9989,0.7457,0.3922,0.6622
MOD13Q1_061__250m_16_days_NDVI_doy2015081000000_aid0006,_250m_16_days_NDVI,aid0006,2015-03-22,2373445.0,-0.2,0.9961,"(-0.2,0.9961)",0.6260545,0.1569547,0.0246348,0.7331,0.9961,0.6586,0.2616,0.5445
MOD13Q1_061__250m_16_days_NDVI_doy2015097000000_aid0006,_250m_16_days_NDVI,aid0006,2015-04-07,2364326.0,-0.2,0.9102,"(-0.2,0.9102)",0.5130584,0.1519606,0.023092,0.6352,0.9102,0.5198,0.0352,0.3952
MOD13Q1_061__250m_16_days_NDVI_doy2015113000000_aid0006,_250m_16_days_NDVI,aid0006,2015-04-23,2369211.0,-0.2,0.907,"(-0.2,0.907)",0.4741746,0.1549113,0.0239975,0.6007,0.907,0.4731,-0.032,0.3476
MOD13Q1_061__250m_16_days_NDVI_doy2015129000000_aid0006,_250m_16_days_NDVI,aid0006,2015-05-09,2365893.0,-0.2,0.99,"(-0.2,0.99)",0.4913163,0.1501657,0.0225497,0.6123,0.9558,0.4937,0.0123,0.3723
MOD13Q1_061__250m_16_days_NDVI_doy2015145000000_aid0006,_250m_16_days_NDVI,aid0006,2015-05-25,2361570.0,-0.2,0.9831,"(-0.2,0.9831)",0.5243228,0.1464888,0.021459,0.6407,0.9639,0.5341,0.074,0.414
MOD13Q1_061__250m_16_days_NDVI_doy2015161000000_aid0006,_250m_16_days_NDVI,aid0006,2015-06-10,2359681.0,-0.2,0.9065,"(-0.2,0.9065)",0.5056019,0.1442427,0.0208059,0.6218,0.9065,0.5112,0.0488,0.3926
MOD13Q1_061__250m_16_days_NDVI_doy2015177000000_aid0006,_250m_16_days_NDVI,aid0006,2015-06-26,2366056.0,-0.2,0.9684,"(-0.2,0.9684)",0.4426488,0.1253859,0.0157216,0.5371,0.8194,0.4333,0.0666,0.3489
MOD13Q1_061__250m_16_days_NDVI_doy2015193000000_aid0006,_250m_16_days_NDVI,aid0006,2015-07-12,2354289.0,-0.2,0.9492,"(-0.2,0.9492)",0.4333053,0.128417,0.0164909,0.5309,0.8283,0.4213,0.0352,0.3326
MOD13Q1_061__250m_16_days_NDVI_doy2015209000000_aid0006,_250m_16_days_NDVI,aid0006,2015-07-28,2398404.0,-0.2,0.9986,"(-0.2,0.9986)",0.4208005,0.1415419,0.0200341,0.518,0.7974,0.4224,0.0523,0.3317
MOD13Q1_061__250m_16_days_NDVI_doy2015225000000_aid0006,_250m_16_days_NDVI,aid0006,2015-08-13,2332107.0,-0.2,0.9638,"(-0.2,0.9638)",0.4954306,0.1607491,0.0258403,0.6077,0.9454,0.5041,0.044,0.3822
MOD13Q1_061__250m_16_days_NDVI_doy2015241000000_aid0006,_250m_16_days_NDVI,aid0006,2015-08-29,2340680.0,-0.2,0.9521,"(-0.2,0.9521)",0.5016232,0.1637333,0.0268086,0.6199,0.9521,0.5153,0.0222,0.3808
MOD13Q1_061__250m_16_days_NDVI_doy2015257000000_aid0006,_250m_16_days_NDVI,aid0006,2015-09-14,2362717.0,-0.2,0.9876,"(-0.2,0.9876)",0.50017,0.1673884,0.0280189,0.6285,0.9876,0.5129,-0.0192,0.3694
MOD13Q1_061__250m_16_days_NDVI_doy2015273000000_aid0006,_250m_16_days_NDVI,aid0006,2015-09-30,2369959.0,-0.2,0.9938,"(-0.2,0.9938)",0.5148339,0.1723271,0.0296966,0.6503,0.9938,0.5344,-0.0417,0.3735
MOD13Q1_061__250m_16_days_NDVI_doy2015289000000_aid0006,_250m_16_days_NDVI,aid0006,2015-10-16,2365359.0,-0.2,0.9707,"(-0.2,0.9707)",0.5086181,0.1659037,0.027524,0.6421,0.9707,0.5238,-0.0409,0.3689
MOD13Q1_061__250m_16_days_NDVI_doy2015305000000_aid0006,_250m_16_days_NDVI,aid0006,2015-11-01,2365420.0,-0.2,0.9588,"(-0.2,0.9588)",0.5318427,0.1732949,0.0300311,0.6787,0.9588,0.5467,-0.0705,0.379
MOD13Q1_061__250m_16_days_NDVI_doy2015321000000_aid0006,_250m_16_days_NDVI,aid0006,2015-11-17,2363733.0,-0.2,0.9919,"(-0.2,0.9919)",0.5515622,0.1750059,0.0306271,0.7023,0.9919,0.57,-0.0564,0.3988
MOD13Q1_061__250m_16_days_NDVI_doy2015337000000_aid0006,_250m_16_days_NDVI,aid0006,2015-12-03,2367911.0,-0.2,0.9976,"(-0.2,0.9976)",0.5802512,0.1638268,0.0268392,0.7141,0.9976,0.6016,0.0771,0.4593
MOD13Q1_061__250m_16_days_NDVI_doy2015353000000_aid0006,_250m_16_days_NDVI,aid0006,2015-12-19,2372545.0,-0.2,0.9985,"(-0.2,0.9985)",0.6343312,0.1695417,0.0287444,0.7564,0.9985,0.6646,0.2222,0.5427
MOD13Q1_061__250m_16_days_NDVI_doy2007353000000_aid0007,_250m_16_days_NDVI,aid0007,2007-12-19,2750037.0,-0.2,0.9866,"(-0.2,0.9866)",0.6033742,0.1607338,0.0258354,0.732,0.9866,0.6126,0.1483,0.4985
MOD13Q1_061__250m_16_days_NDVI_doy2008001000000_aid0007,_250m_16_days_NDVI,aid0007,2008-01-01,2752323.0,-0.2,0.9589,"(-0.2,0.9589)",0.671916,0.1586207,0.0251605,0.8,0.9589,0.694,0.2138,0.5655
MOD13Q1_061__250m_16_days_NDVI_doy2008017000000_aid0007,_250m_16_days_NDVI,aid0007,2008-01-17,2754227.0,-0.2,0.9993,"(-0.2,0.9993)",0.6805504,0.1565017,0.0244928,0.7993,0.9993,0.7019,0.2541,0.5812
MOD13Q1_061__250m_16_days_NDVI_doy2008033000000_aid0007,_250m_16_days_NDVI,aid0007,2008-02-02,2752060.0,-0.2,0.9991,"(-0.2,0.9991)",0.7349007,0.1466473,0.0215054,0.8421,0.9991,0.7597,0.3819,0.658
MOD13Q1_061__250m_16_days_NDVI_doy2008049000000_aid0007,_250m_16_days_NDVI,aid0007,2008-02-18,2753980.0,-0.2,0.9993,"(-0.2,0.9993)",0.7190054,0.1545884,0.0238976,0.8382,0.9993,0.7423,0.3222,0.6318
MOD13Q1_061__250m_16_days_NDVI_doy2008065000000_aid0007,_250m_16_days_NDVI,aid0007,2008-03-05,2752801.0,-0.2,0.9941,"(-0.2,0.9941)",0.7187568,0.1438894,0.0207042,0.8167,0.9941,0.7465,0.4122,0.6549
MOD13Q1_061__250m_16_days_NDVI_doy2008081000000_aid0007,_250m_16_days_NDVI,aid0007,2008-03-21,2751428.0,-0.2,0.9354,"(-0.2,0.9354)",0.607146,0.1521225,0.0231412,0.7222,0.9354,0.6367,0.192,0.5101
MOD13Q1_061__250m_16_days_NDVI_doy2008097000000_aid0007,_250m_16_days_NDVI,aid0007,2008-04-06,2746982.0,-0.2,0.921,"(-0.2,0.921)",0.5144054,0.1544276,0.0238479,0.6417,0.921,0.5152,0.0145,0.3908
MOD13Q1_061__250m_16_days_NDVI_doy2008113000000_aid0007,_250m_16_days_NDVI,aid0007,2008-04-22,2747466.0,-0.2,0.8814,"(-0.2,0.8814)",0.3994492,0.1257339,0.015809,0.4803,0.7488,0.3742,0.0328,0.3013
MOD13Q1_061__250m_16_days_NDVI_doy2008129000000_aid0007,_250m_16_days_NDVI,aid0007,2008-05-08,2746613.0,-0.2,0.9524,"(-0.2,0.9524)",0.3680796,0.1104002,0.0121882,0.437,0.6672,0.3494,0.0533,0.2835
MOD13Q1_061__250m_16_days_NDVI_doy2008145000000_aid0007,_250m_16_days_NDVI,aid0007,2008-05-24,2745006.0,-0.2,0.9036,"(-0.2,0.9036)",0.3753945,0.1120522,0.0125557,0.4407,0.666,0.3535,0.0652,0.2905
MOD13Q1_061__250m_16_days_NDVI_doy2008161000000_aid0007,_250m_16_days_NDVI,aid0007,2008-06-09,2745081.0,-0.2,0.8855,"(-0.2,0.8855)",0.3345837,0.0901351,0.0081243,0.3777,0.5355,0.3158,0.1147,0.2725
MOD13Q1_061__250m_16_days_NDVI_doy2008177000000_aid0007,_250m_16_days_NDVI,aid0007,2008-06-25,2755415.0,-0.2,0.997,"(-0.2,0.997)",0.3396659,0.0998399,0.009968,0.3932,0.5727,0.3244,0.094,0.2735
MOD13Q1_061__250m_16_days_NDVI_doy2008193000000_aid0007,_250m_16_days_NDVI,aid0007,2008-07-11,2752190.0,-0.2,0.9949,"(-0.2,0.9949)",0.3610163,0.1158573,0.0134229,0.4271,0.6492,0.3389,0.0569,0.279
MOD13Q1_061__250m_16_days_NDVI_doy2008209000000_aid0007,_250m_16_days_NDVI,aid0007,2008-07-27,2751209.0,-0.2,0.9764,"(-0.2,0.9764)",0.3789686,0.1212755,0.0147077,0.4577,0.7104,0.3588,0.0365,0.2892
MOD13Q1_061__250m_16_days_NDVI_doy2008225000000_aid0007,_250m_16_days_NDVI,aid0007,2008-08-12,2746312.0,-0.2,0.9196,"(-0.2,0.9196)",0.3822497,0.1276687,0.0162993,0.4667,0.7413,0.3559,0.009,0.2836
MOD13Q1_061__250m_16_days_NDVI_doy2008241000000_aid0007,_250m_16_days_NDVI,aid0007,2008-08-28,2746014.0,-0.2,0.9304,"(-0.2,0.9304)",0.380873,0.1355389,0.0183708,0.465,0.7474,0.346,-0.0056,0.2767
MOD13Q1_061__250m_16_days_NDVI_doy2008257000000_aid0007,_250m_16_days_NDVI,aid0007,2008-09-13,2746817.0,-0.2,0.9312,"(-0.2,0.9312)",0.3718095,0.1319263,0.0174046,0.4452,0.703,0.3367,0.0155,0.2733
MOD13Q1_061__250m_16_days_NDVI_doy2008273000000_aid0007,_250m_16_days_NDVI,aid0007,2008-09-29,2748638.0,-0.2,0.9431,"(-0.2,0.9431)",0.4107816,0.153113,0.0234436,0.5108,0.8456,0.3791,-0.0472,0.2876
MOD13Q1_061__250m_16_days_NDVI_doy2008289000000_aid0007,_250m_16_days_NDVI,aid0007,2008-10-15,2748413.0,-0.2,0.9643,"(-0.2,0.9643)",0.4690999,0.1665315,0.0277328,0.5989,0.9643,0.4563,-0.0821,0.3265
MOD13Q1_061__250m_16_days_NDVI_doy2008305000000_aid0007,_250m_16_days_NDVI,aid0007,2008-10-31,2749270.0,-0.2,0.9599,"(-0.2,0.9599)",0.4487756,0.1522099,0.0231678,0.5602,0.9144,0.4347,-0.0305,0.3239
MOD13Q1_061__250m_16_days_NDVI_doy2008321000000_aid0007,_250m_16_days_NDVI,aid0007,2008-11-16,2748499.0,-0.2,0.9657,"(-0.2,0.9657)",0.4092201,0.1273943,0.0162293,0.4855,0.7393,0.3928,0.0625,0.3163
MOD13Q1_061__250m_16_days_NDVI_doy2008337000000_aid0007,_250m_16_days_NDVI,aid0007,2008-12-02,2748617.0,-0.2,0.9584,"(-0.2,0.9584)",0.520482,0.1625666,0.0264279,0.636,0.9584,0.516,0.042,0.3984
MOD13Q1_061__250m_16_days_NDVI_doy2008353000000_aid0007,_250m_16_days_NDVI,aid0007,2008-12-18,2752283.0,-0.2,0.9979,"(-0.2,0.9979)",0.5801034,0.1635348,0.0267436,0.7032,0.9979,0.579,0.0948,0.4598
MOD13Q1_061__250m_16_days_NDVI_doy2009001000000_aid0007,_250m_16_days_NDVI,aid0007,2009-01-01,2752961.0,-0.2,0.9911,"(-0.2,0.9911)",0.5724384,0.1680606,0.0282444,0.7024,0.9911,0.5584,0.0642,0.4471
MOD13Q1_061__250m_16_days_NDVI_doy2009017000000_aid0007,_250m_16_days_NDVI,aid0007,2009-01-17,2760181.0,-0.2,0.9989,"(-0.2,0.9989)",0.5970703,0.1855274,0.0344204,0.7504,0.9989,0.5805,0.0112,0.4547
MOD13Q1_061__250m_16_days_NDVI_doy2009033000000_aid0007,_250m_16_days_NDVI,aid0007,2009-02-02,2753572.0,-0.2,0.981,"(-0.2,0.981)",0.6688193,0.1718289,0.0295252,0.8073,0.981,0.6917,0.1558,0.5467
MOD13Q1_061__250m_16_days_NDVI_doy2009049000000_aid0007,_250m_16_days_NDVI,aid0007,2009-02-18,2754734.0,-0.2,0.9908,"(-0.2,0.9908)",0.6969779,0.1556229,0.0242185,0.8174,0.9908,0.7231,0.2684,0.5978
MOD13Q1_061__250m_16_days_NDVI_doy2009065000000_aid0007,_250m_16_days_NDVI,aid0007,2009-03-06,2752965.0,-0.2,0.9906,"(-0.2,0.9906)",0.6945266,0.1468105,0.0215533,0.8021,0.9906,0.7237,0.3286,0.6127
MOD13Q1_061__250m_16_days_NDVI_doy2009081000000_aid0007,_250m_16_days_NDVI,aid0007,2009-03-22,2757635.0,-0.2,0.9601,"(-0.2,0.9601)",0.5815182,0.1591715,0.0253356,0.7139,0.9601,0.587,0.0897,0.4642
MOD13Q1_061__250m_16_days_NDVI_doy2009097000000_aid0007,_250m_16_days_NDVI,aid0007,2009-04-07,2759218.0,-0.2,0.9219,"(-0.2,0.9219)",0.5180527,0.1661998,0.0276224,0.6578,0.9219,0.505,-0.0287,0.3832
MOD13Q1_061__250m_16_days_NDVI_doy2009113000000_aid0007,_250m_16_days_NDVI,aid0007,2009-04-23,2752046.0,-0.2,0.8962,"(-0.2,0.8962)",0.4823771,0.1542729,0.0238001,0.6118,0.8962,0.4658,-0.0366,0.3524
MOD13Q1_061__250m_16_days_NDVI_doy2009129000000_aid0007,_250m_16_days_NDVI,aid0007,2009-05-09,2751605.0,-0.2,0.9346,"(-0.2,0.9346)",0.4584002,0.1408821,0.0198478,0.5648,0.8974,0.4459,0.01,0.3428
MOD13Q1_061__250m_16_days_NDVI_doy2009145000000_aid0007,_250m_16_days_NDVI,aid0007,2009-05-25,2750965.0,-0.2,0.9785,"(-0.2,0.9785)",0.4571127,0.14264,0.0203462,0.5684,0.9118,0.4533,-0.0088,0.3375
MOD13Q1_061__250m_16_days_NDVI_doy2009161000000_aid0007,_250m_16_days_NDVI,aid0007,2009-06-10,2749224.0,-0.2,0.8992,"(-0.2,0.8992)",0.4147199,0.1236682,0.0152938,0.5002,0.7772,0.4048,0.0385,0.3155
MOD13Q1_061__250m_16_days_NDVI_doy2009177000000_aid0007,_250m_16_days_NDVI,aid0007,2009-06-26,2749110.0,-0.2,0.9079,"(-0.2,0.9079)",0.3780966,0.1088393,0.011846,0.4435,0.6652,0.3626,0.074,0.2957
MOD13Q1_061__250m_16_days_NDVI_doy2009193000000_aid0007,_250m_16_days_NDVI,aid0007,2009-07-12,2748082.0,-0.2,0.908,"(-0.2,0.908)",0.3676347,0.1063442,0.0113091,0.4302,0.642,0.3519,0.0772,0.289
MOD13Q1_061__250m_16_days_NDVI_doy2009209000000_aid0007,_250m_16_days_NDVI,aid0007,2009-07-28,2745815.0,-0.2,0.9268,"(-0.2,0.9268)",0.3592028,0.1086352,0.0118016,0.4209,0.633,0.3419,0.0674,0.2795
MOD13Q1_061__250m_16_days_NDVI_doy2009225000000_aid0007,_250m_16_days_NDVI,aid0007,2009-08-13,2744970.0,-0.2,0.9435,"(-0.2,0.9435)",0.3729578,0.1175596,0.0138203,0.4415,0.6749,0.3552,0.0525,0.2859
MOD13Q1_061__250m_16_days_NDVI_doy2009241000000_aid0007,_250m_16_days_NDVI,aid0007,2009-08-29,2747259.0,-0.2,0.9508,"(-0.2,0.9508)",0.432636,0.1596732,0.0254955,0.5493,0.9268,0.4137,-0.0799,0.2976
MOD13Q1_061__250m_16_days_NDVI_doy2009257000000_aid0007,_250m_16_days_NDVI,aid0007,2009-09-14,2745666.0,-0.2,0.9801,"(-0.2,0.9801)",0.4731537,0.1743083,0.0303834,0.6054,0.9801,0.4614,-0.1071,0.3204
MOD13Q1_061__250m_16_days_NDVI_doy2009273000000_aid0007,_250m_16_days_NDVI,aid0007,2009-09-30,2746142.0,-0.2,0.9871,"(-0.2,0.9871)",0.4692353,0.1784938,0.03186,0.6119,0.9871,0.4549,-0.1463,0.3086
MOD13Q1_061__250m_16_days_NDVI_doy2009289000000_aid0007,_250m_16_days_NDVI,aid0007,2009-10-16,2746945.0,-0.2,0.9404,"(-0.2,0.9404)",0.4983796,0.1856184,0.0344542,0.6551,0.9404,0.494,-0.1654,0.3269
MOD13Q1_061__250m_16_days_NDVI_doy2009305000000_aid0007,_250m_16_days_NDVI,aid0007,2009-11-01,2752631.0,-0.2,0.9727,"(-0.2,0.9727)",0.5103403,0.1728808,0.0298878,0.6579,0.9727,0.5024,-0.0841,0.3611
MOD13Q1_061__250m_16_days_NDVI_doy2009321000000_aid0007,_250m_16_days_NDVI,aid0007,2009-11-17,2754588.0,-0.2,0.9985,"(-0.2,0.9985)",0.5734983,0.1579985,0.0249635,0.6982,0.9985,0.5796,0.0927,0.456
MOD13Q1_061__250m_16_days_NDVI_doy2009337000000_aid0007,_250m_16_days_NDVI,aid0007,2009-12-03,2751313.0,-0.2,0.9981,"(-0.2,0.9981)",0.6041501,0.1622329,0.0263195,0.7296,0.9981,0.6225,0.1371,0.4926
MOD13Q1_061__250m_16_days_NDVI_doy2009353000000_aid0007,_250m_16_days_NDVI,aid0007,2009-12-19,2749457.0,-0.2,0.9994,"(-0.2,0.9994)",0.6846465,0.1584893,0.0251188,0.7973,0.9994,0.7171,0.3198,0.6063
MOD13Q1_061__250m_16_days_NDVI_doy2010001000000_aid0007,_250m_16_days_NDVI,aid0007,2010-01-01,2749342.0,-0.2,0.9964,"(-0.2,0.9964)",0.7478312,0.1632573,0.026653,0.8673,0.9964,0.7843,0.4076,0.6834
MOD13Q1_061__250m_16_days_NDVI_doy2010017000000_aid0007,_250m_16_days_NDVI,aid0007,2010-01-17,2751265.0,-0.2,0.9992,"(-0.2,0.9992)",0.7581105,0.1639838,0.0268907,0.8754,0.9992,0.7913,0.4219,0.694
MOD13Q1_061__250m_16_days_NDVI_doy2010033000000_aid0007,_250m_16_days_NDVI,aid0007,2010-02-02,2745467.0,-0.2,0.9962,"(-0.2,0.9962)",0.7615733,0.1621442,0.0262907,0.8741,0.9962,0.7968,0.4536,0.7059
MOD13Q1_061__250m_16_days_NDVI_doy2010049000000_aid0007,_250m_16_days_NDVI,aid0007,2010-02-18,2721392.0,-0.2,0.9933,"(-0.2,0.9933)",0.7519141,0.1632536,0.0266517,0.8651,0.9933,0.7886,0.4431,0.6963
MOD13Q1_061__250m_16_days_NDVI_doy2010065000000_aid0007,_250m_16_days_NDVI,aid0007,2010-03-06,2719793.0,-0.2,0.9947,"(-0.2,0.9947)",0.709593,0.1633314,0.0266771,0.8201,0.9947,0.7451,0.3851,0.6461
MOD13Q1_061__250m_16_days_NDVI_doy2010081000000_aid0007,_250m_16_days_NDVI,aid0007,2010-03-22,2706912.0,-0.2,0.9629,"(-0.2,0.9629)",0.586201,0.1651628,0.0272787,0.712,0.9629,0.6062,0.1063,0.4697
MOD13Q1_061__250m_16_days_NDVI_doy2010097000000_aid0007,_250m_16_days_NDVI,aid0007,2010-04-07,2706743.0,-0.2,0.9716,"(-0.2,0.9716)",0.4828233,0.1624997,0.0264061,0.6095,0.9716,0.4738,-0.0282,0.3544
MOD13Q1_061__250m_16_days_NDVI_doy2010113000000_aid0007,_250m_16_days_NDVI,aid0007,2010-04-23,2708831.0,-0.2,0.9664,"(-0.2,0.9664)",0.4535311,0.1561327,0.0243774,0.5678,0.9187,0.4334,-0.0287,0.3292
MOD13Q1_061__250m_16_days_NDVI_doy2010129000000_aid0007,_250m_16_days_NDVI,aid0007,2010-05-09,2719077.0,-0.2,0.9862,"(-0.2,0.9862)",0.4224626,0.1520418,0.0231167,0.5218,0.8402,0.3936,-0.0089,0.3095
MOD13Q1_061__250m_16_days_NDVI_doy2010145000000_aid0007,_250m_16_days_NDVI,aid0007,2010-05-25,2710542.0,-0.2,0.9419,"(-0.2,0.9419)",0.4513388,0.1524705,0.0232473,0.5549,0.8843,0.4406,0.0059,0.3353
MOD13Q1_061__250m_16_days_NDVI_doy2010161000000_aid0007,_250m_16_days_NDVI,aid0007,2010-06-10,2714465.0,-0.2,0.9639,"(-0.2,0.9639)",0.4494365,0.1476341,0.0217958,0.548,0.8601,0.44,0.0278,0.3399
MOD13Q1_061__250m_16_days_NDVI_doy2010177000000_aid0007,_250m_16_days_NDVI,aid0007,2010-06-26,2719842.0,-0.2,0.9669,"(-0.2,0.9669)",0.4805692,0.1518175,0.0230485,0.5882,0.9188,0.4779,0.0372,0.3678
MOD13Q1_061__250m_16_days_NDVI_doy2010193000000_aid0007,_250m_16_days_NDVI,aid0007,2010-07-12,2718694.0,-0.2,0.9436,"(-0.2,0.9436)",0.4545467,0.1474865,0.0217523,0.5584,0.8776,0.4469,0.0264,0.3456
MOD13Q1_061__250m_16_days_NDVI_doy2010209000000_aid0007,_250m_16_days_NDVI,aid0007,2010-07-28,2730172.0,-0.2,0.9144,"(-0.2,0.9144)",0.4228451,0.1367014,0.0186873,0.5174,0.8112,0.4131,0.0277,0.3215
MOD13Q1_061__250m_16_days_NDVI_doy2010225000000_aid0007,_250m_16_days_NDVI,aid0007,2010-08-13,2737566.0,-0.2,0.9525,"(-0.2,0.9525)",0.4222599,0.137795,0.0189875,0.5192,0.8243,0.4118,0.0107,0.3158
MOD13Q1_061__250m_16_days_NDVI_doy2010241000000_aid0007,_250m_16_days_NDVI,aid0007,2010-08-29,2743602.0,-0.2,0.9495,"(-0.2,0.9495)",0.461893,0.1555071,0.0241825,0.576875,0.9357,0.4536,-0.023,0.3369
MOD13Q1_061__250m_16_days_NDVI_doy2010257000000_aid0007,_250m_16_days_NDVI,aid0007,2010-09-14,2747903.0,-0.2,0.9875,"(-0.2,0.9875)",0.5178104,0.1791968,0.0321115,0.6595,0.9875,0.5249,-0.0842,0.362
MOD13Q1_061__250m_16_days_NDVI_doy2010273000000_aid0007,_250m_16_days_NDVI,aid0007,2010-09-30,2750128.0,-0.2,0.9666,"(-0.2,0.9666)",0.5468527,0.1946989,0.0379076,0.7105,0.9666,0.5615,-0.1445,0.3685
MOD13Q1_061__250m_16_days_NDVI_doy2010289000000_aid0007,_250m_16_days_NDVI,aid0007,2010-10-16,2749579.0,-0.2,0.9721,"(-0.2,0.9721)",0.5582535,0.1985628,0.0394272,0.7293,0.9721,0.5761,-0.1574,0.3746
MOD13Q1_061__250m_16_days_NDVI_doy2010305000000_aid0007,_250m_16_days_NDVI,aid0007,2010-11-01,2751045.0,-0.2,0.9802,"(-0.2,0.9802)",0.5328651,0.1896139,0.0359534,0.6972,0.9802,0.5313,-0.137,0.3635
MOD13Q1_061__250m_16_days_NDVI_doy2010321000000_aid0007,_250m_16_days_NDVI,aid0007,2010-11-17,2753531.0,-0.2,0.9888,"(-0.2,0.9888)",0.5241301,0.1656289,0.0274329,0.6477,0.9888,0.5149,0.0122,0.3935
MOD13Q1_061__250m_16_days_NDVI_doy2010337000000_aid0007,_250m_16_days_NDVI,aid0007,2010-12-03,2753836.0,-0.2,0.9774,"(-0.2,0.9774)",0.5399153,0.1601607,0.0256515,0.6574,0.9774,0.5339,0.0742,0.4241
MOD13Q1_061__250m_16_days_NDVI_doy2010353000000_aid0007,_250m_16_days_NDVI,aid0007,2010-12-19,2749258.0,-0.2,0.9884,"(-0.2,0.9884)",0.593879,0.164303,0.0269955,0.7271,0.9884,0.5995,0.0979,0.4754
MOD13Q1_061__250m_16_days_NDVI_doy2011001000000_aid0007,_250m_16_days_NDVI,aid0007,2011-01-01,2751624.0,-0.2,0.9895,"(-0.2,0.9895)",0.6404809,0.163942,0.026877,0.7729,0.9895,0.6601,0.1457,0.522
MOD13Q1_061__250m_16_days_NDVI_doy2011017000000_aid0007,_250m_16_days_NDVI,aid0007,2011-01-17,2751480.0,-0.2,0.9995,"(-0.2,0.9995)",0.7451831,0.1437838,0.0206738,0.85,0.9995,0.7736,0.4025,0.671
MOD13Q1_061__250m_16_days_NDVI_doy2011033000000_aid0007,_250m_16_days_NDVI,aid0007,2011-02-02,2749561.0,-0.2,0.9983,"(-0.2,0.9983)",0.7741969,0.1325207,0.0175617,0.8722,0.9983,0.7958,0.4862,0.7178
MOD13Q1_061__250m_16_days_NDVI_doy2011049000000_aid0007,_250m_16_days_NDVI,aid0007,2011-02-18,2749720.0,-0.2,0.9972,"(-0.2,0.9972)",0.776776,0.1336936,0.017874,0.8764,0.9972,0.7999,0.4862,0.7203
MOD13Q1_061__250m_16_days_NDVI_doy2011065000000_aid0007,_250m_16_days_NDVI,aid0007,2011-03-06,2747683.0,-0.2,0.9816,"(-0.2,0.9816)",0.7104454,0.1388818,0.0192881,0.8115,0.9816,0.7353,0.3703,0.635
MOD13Q1_061__250m_16_days_NDVI_doy2011081000000_aid0007,_250m_16_days_NDVI,aid0007,2011-03-22,2748014.0,-0.2,0.937,"(-0.2,0.937)",0.5883053,0.1461986,0.021374,0.6978,0.937,0.6035,0.1681,0.4859
MOD13Q1_061__250m_16_days_NDVI_doy2011097000000_aid0007,_250m_16_days_NDVI,aid0007,2011-04-07,2748686.0,-0.2,0.9851,"(-0.2,0.9851)",0.4997411,0.1469434,0.0215924,0.6197,0.9054,0.4915,0.0205,0.38
MOD13Q1_061__250m_16_days_NDVI_doy2011113000000_aid0007,_250m_16_days_NDVI,aid0007,2011-04-23,2743470.0,-0.2,0.9143,"(-0.2,0.9143)",0.4719502,0.1521893,0.0231616,0.5934,0.9143,0.4566,-0.0111,0.3516
MOD13Q1_061__250m_16_days_NDVI_doy2011129000000_aid0007,_250m_16_days_NDVI,aid0007,2011-05-09,2738441.0,-0.2,0.9942,"(-0.2,0.9942)",0.4418719,0.1494493,0.0223351,0.5509,0.8949,0.4268,-0.0228,0.3214
MOD13Q1_061__250m_16_days_NDVI_doy2011145000000_aid0007,_250m_16_days_NDVI,aid0007,2011-05-25,2746138.0,-0.2,0.9976,"(-0.2,0.9976)",0.4623171,0.1485464,0.022066,0.5724,0.9151,0.4563,0.0,0.3434
MOD13Q1_061__250m_16_days_NDVI_doy2011161000000_aid0007,_250m_16_days_NDVI,aid0007,2011-06-10,2755440.0,-0.2,0.9744,"(-0.2,0.9744)",0.4369563,0.1362101,0.0185532,0.5335,0.8377,0.4317,0.0265,0.3307
MOD13Q1_061__250m_16_days_NDVI_doy2011177000000_aid0007,_250m_16_days_NDVI,aid0007,2011-06-26,2745647.0,-0.2,0.9795,"(-0.2,0.9795)",0.4267312,0.1434334,0.0205732,0.534,0.8735,0.4108,-0.032,0.3076
MOD13Q1_061__250m_16_days_NDVI_doy2011193000000_aid0007,_250m_16_days_NDVI,aid0007,2011-07-12,2747089.0,-0.2,0.9267,"(-0.2,0.9267)",0.4017939,0.1250079,0.015627,0.4884,0.7657,0.3898,0.0262,0.3035
MOD13Q1_061__250m_16_days_NDVI_doy2011209000000_aid0007,_250m_16_days_NDVI,aid0007,2011-07-28,2744187.0,-0.2,0.9745,"(-0.2,0.9745)",0.418887,0.1326321,0.0175913,0.5124,0.8122,0.4074,0.0127,0.3125
MOD13Q1_061__250m_16_days_NDVI_doy2011225000000_aid0007,_250m_16_days_NDVI,aid0007,2011-08-13,2744731.0,-0.2,0.9633,"(-0.2,0.9633)",0.4603317,0.1508551,0.0227572,0.5695,0.9189,0.4598,-0.013,0.3365
MOD13Q1_061__250m_16_days_NDVI_doy2011241000000_aid0007,_250m_16_days_NDVI,aid0007,2011-08-29,2746041.0,-0.2,0.9413,"(-0.2,0.9413)",0.4434431,0.1554044,0.0241505,0.5561,0.9273,0.4349,-0.0634,0.3083
MOD13Q1_061__250m_16_days_NDVI_doy2011257000000_aid0007,_250m_16_days_NDVI,aid0007,2011-09-14,2748874.0,-0.2,0.944,"(-0.2,0.944)",0.462516,0.1650071,0.0272274,0.5835,0.944,0.4496,-0.0812,0.3176
MOD13Q1_061__250m_16_days_NDVI_doy2011273000000_aid0007,_250m_16_days_NDVI,aid0007,2011-09-30,2749476.0,-0.2,0.9955,"(-0.2,0.9955)",0.5052355,0.1806857,0.0326473,0.6488,0.9955,0.502,-0.1152,0.3432
MOD13Q1_061__250m_16_days_NDVI_doy2011289000000_aid0007,_250m_16_days_NDVI,aid0007,2011-10-16,2749154.0,-0.2,0.9498,"(-0.2,0.9498)",0.5307215,0.1884674,0.03552,0.6944,0.9498,0.5402,-0.1576,0.3536
MOD13Q1_061__250m_16_days_NDVI_doy2011305000000_aid0007,_250m_16_days_NDVI,aid0007,2011-11-01,2752380.0,-0.2,0.9349,"(-0.2,0.9349)",0.5181934,0.1709144,0.0292117,0.6587,0.9349,0.5196,-0.0668,0.3685
MOD13Q1_061__250m_16_days_NDVI_doy2011321000000_aid0007,_250m_16_days_NDVI,aid0007,2011-11-17,2749140.0,-0.2,0.9364,"(-0.2,0.9364)",0.5266647,0.1532447,0.0234839,0.6391,0.9364,0.5156,0.0576,0.4065
MOD13Q1_061__250m_16_days_NDVI_doy2011337000000_aid0007,_250m_16_days_NDVI,aid0007,2011-12-03,2749495.0,-0.2,0.987,"(-0.2,0.987)",0.5266715,0.1559715,0.0243271,0.6433,0.987,0.5135,0.0594,0.4097
MOD13Q1_061__250m_16_days_NDVI_doy2011353000000_aid0007,_250m_16_days_NDVI,aid0007,2011-12-19,2749808.0,-0.2,0.9853,"(-0.2,0.9853)",0.5570199,0.1633804,0.0266931,0.693,0.9853,0.5526,0.0385,0.4312
MOD13Q1_061__250m_16_days_NDVI_doy2012001000000_aid0007,_250m_16_days_NDVI,aid0007,2012-01-01,2752449.0,-0.2,0.9894,"(-0.2,0.9894)",0.5458962,0.1618445,0.0261937,0.6793,0.9894,0.547,0.0283,0.4189
MOD13Q1_061__250m_16_days_NDVI_doy2012017000000_aid0007,_250m_16_days_NDVI,aid0007,2012-01-17,2751956.0,-0.2,0.9503,"(-0.2,0.9503)",0.6051581,0.1777555,0.031597,0.752,0.9503,0.6183,0.0273,0.4621
MOD13Q1_061__250m_16_days_NDVI_doy2012033000000_aid0007,_250m_16_days_NDVI,aid0007,2012-02-02,2751769.0,-0.2,0.9967,"(-0.2,0.9967)",0.7057979,0.1446835,0.0209333,0.8125,0.9967,0.7296,0.35,0.6275
MOD13Q1_061__250m_16_days_NDVI_doy2012049000000_aid0007,_250m_16_days_NDVI,aid0007,2012-02-18,2756846.0,-0.2,0.9988,"(-0.2,0.9988)",0.7597161,0.1310617,0.0171772,0.8437,0.9988,0.7864,0.524,0.7158
MOD13Q1_061__250m_16_days_NDVI_doy2012065000000_aid0007,_250m_16_days_NDVI,aid0007,2012-03-05,2756275.0,-0.2,0.9981,"(-0.2,0.9981)",0.7246537,0.1413326,0.0199749,0.817,0.9981,0.7595,0.4488,0.6697
MOD13Q1_061__250m_16_days_NDVI_doy2012081000000_aid0007,_250m_16_days_NDVI,aid0007,2012-03-21,2752360.0,-0.2,0.9861,"(-0.2,0.9861)",0.6496505,0.1548807,0.023988,0.7655,0.9861,0.6878,0.2423,0.5562
MOD13Q1_061__250m_16_days_NDVI_doy2012097000000_aid0007,_250m_16_days_NDVI,aid0007,2012-04-06,2750634.0,-0.2,0.9859,"(-0.2,0.9859)",0.5662911,0.1607334,0.0258352,0.7033,0.9859,0.5826,0.0401,0.438
MOD13Q1_061__250m_16_days_NDVI_doy2012113000000_aid0007,_250m_16_days_NDVI,aid0007,2012-04-22,2755065.0,-0.2,0.9646,"(-0.2,0.9646)",0.5127411,0.1574801,0.0248,0.6434,0.9646,0.5118,0.0024,0.387
MOD13Q1_061__250m_16_days_NDVI_doy2012129000000_aid0007,_250m_16_days_NDVI,aid0007,2012-05-08,2749693.0,-0.2,0.977,"(-0.2,0.977)",0.4914293,0.1445691,0.0209002,0.6047,0.9447,0.4948,0.0367,0.3775
MOD13Q1_061__250m_16_days_NDVI_doy2012145000000_aid0007,_250m_16_days_NDVI,aid0007,2012-05-24,2745397.0,-0.2,0.9978,"(-0.2,0.9978)",0.5182858,0.1517336,0.0230231,0.6361,0.9846,0.537,0.0476,0.4007
MOD13Q1_061__250m_16_days_NDVI_doy2012161000000_aid0007,_250m_16_days_NDVI,aid0007,2012-06-09,2746725.0,-0.2,0.9672,"(-0.2,0.9672)",0.4357652,0.1274968,0.0162554,0.5271,0.8107,0.4363,0.0544,0.338
MOD13Q1_061__250m_16_days_NDVI_doy2012177000000_aid0007,_250m_16_days_NDVI,aid0007,2012-06-25,2743262.0,-0.2,0.9186,"(-0.2,0.9186)",0.4527119,0.136744,0.0186989,0.5533,0.8663,0.4539,0.0316,0.3446
MOD13Q1_061__250m_16_days_NDVI_doy2012193000000_aid0007,_250m_16_days_NDVI,aid0007,2012-07-11,2741162.0,-0.2,0.9014,"(-0.2,0.9014)",0.4105988,0.1240621,0.0153914,0.4972,0.7717,0.4056,0.0397,0.3142
MOD13Q1_061__250m_16_days_NDVI_doy2012209000000_aid0007,_250m_16_days_NDVI,aid0007,2012-07-27,2747462.0,-0.2,0.8947,"(-0.2,0.8947)",0.3765634,0.1141437,0.0130288,0.4519,0.6881,0.3695,0.0582,0.2944
MOD13Q1_061__250m_16_days_NDVI_doy2012225000000_aid0007,_250m_16_days_NDVI,aid0007,2012-08-12,2742126.0,-0.2,0.9486,"(-0.2,0.9486)",0.4512054,0.1460045,0.0213173,0.5544,0.885,0.4506,0.0034,0.334
MOD13Q1_061__250m_16_days_NDVI_doy2012241000000_aid0007,_250m_16_days_NDVI,aid0007,2012-08-28,2743601.0,-0.2,0.9568,"(-0.2,0.9568)",0.5029009,0.1701464,0.0289498,0.6323,0.9568,0.513,-0.0527,0.3583
MOD13Q1_061__250m_16_days_NDVI_doy2012257000000_aid0007,_250m_16_days_NDVI,aid0007,2012-09-13,2747090.0,-0.2,0.9962,"(-0.2,0.9962)",0.5230637,0.1787115,0.0319378,0.6662,0.9962,0.5389,-0.0833,0.3664
MOD13Q1_061__250m_16_days_NDVI_doy2012273000000_aid0007,_250m_16_days_NDVI,aid0007,2012-09-29,2749252.0,-0.2,0.9822,"(-0.2,0.9822)",0.53132,0.1803911,0.032541,0.6824,0.9822,0.5483,-0.0963,0.3709
MOD13Q1_061__250m_16_days_NDVI_doy2012289000000_aid0007,_250m_16_days_NDVI,aid0007,2012-10-15,2745860.0,-0.2,0.9958,"(-0.2,0.9958)",0.5258115,0.1849857,0.0342197,0.6841,0.9958,0.5326,-0.1079,0.3673
MOD13Q1_061__250m_16_days_NDVI_doy2012305000000_aid0007,_250m_16_days_NDVI,aid0007,2012-10-31,2750565.0,-0.2,0.9909,"(-0.2,0.9909)",0.5315924,0.1753739,0.030756,0.6788,0.9909,0.5333,-0.0472,0.3884
MOD13Q1_061__250m_16_days_NDVI_doy2012321000000_aid0007,_250m_16_days_NDVI,aid0007,2012-11-16,2750103.0,-0.2,0.99,"(-0.2,0.99)",0.536269,0.171844,0.0295303,0.6811,0.99,0.5357,-0.0426,0.3916
MOD13Q1_061__250m_16_days_NDVI_doy2012337000000_aid0007,_250m_16_days_NDVI,aid0007,2012-12-02,2754405.0,-0.2,0.9812,"(-0.2,0.9812)",0.5947193,0.1562871,0.0244256,0.715,0.9812,0.612,0.1505,0.4892
MOD13Q1_061__250m_16_days_NDVI_doy2012353000000_aid0007,_250m_16_days_NDVI,aid0007,2012-12-18,2752158.0,-0.2,0.999,"(-0.2,0.999)",0.6668922,0.1559734,0.0243277,0.7775,0.999,0.6952,0.301,0.5869
MOD13Q1_061__250m_16_days_NDVI_doy2013001000000_aid0007,_250m_16_days_NDVI,aid0007,2013-01-01,2749701.0,-0.2,0.9971,"(-0.2,0.9971)",0.6912488,0.1616638,0.0261352,0.8075,0.9971,0.7192,0.3078,0.6076
MOD13Q1_061__250m_16_days_NDVI_doy2013017000000_aid0007,_250m_16_days_NDVI,aid0007,2013-01-17,2750512.0,-0.2,0.9959,"(-0.2,0.9959)",0.7027737,0.1598422,0.0255495,0.8211,0.9959,0.7266,0.2949,0.6106
MOD13Q1_061__250m_16_days_NDVI_doy2013033000000_aid0007,_250m_16_days_NDVI,aid0007,2013-02-02,2753170.0,-0.2,0.99,"(-0.2,0.99)",0.6998201,0.1631437,0.0266159,0.8275,0.99,0.7215,0.2443,0.5942
MOD13Q1_061__250m_16_days_NDVI_doy2013049000000_aid0007,_250m_16_days_NDVI,aid0007,2013-02-18,2755161.0,-0.2,0.9976,"(-0.2,0.9976)",0.7231852,0.1573896,0.0247715,0.8464,0.9976,0.7505,0.3222,0.6367
MOD13Q1_061__250m_16_days_NDVI_doy2013065000000_aid0007,_250m_16_days_NDVI,aid0007,2013-03-06,2748806.0,-0.2,0.9996,"(-0.2,0.9996)",0.7136093,0.1384438,0.0191667,0.8121,0.9996,0.7372,0.4019,0.648
MOD13Q1_061__250m_16_days_NDVI_doy2013081000000_aid0007,_250m_16_days_NDVI,aid0007,2013-03-22,2746586.0,-0.2,0.9348,"(-0.2,0.9348)",0.6239361,0.1400267,0.0196075,0.7251,0.9348,0.6425,0.2479,0.5342
MOD13Q1_061__250m_16_days_NDVI_doy2013097000000_aid0007,_250m_16_days_NDVI,aid0007,2013-04-07,2745687.0,-0.2,0.9172,"(-0.2,0.9172)",0.5420424,0.1530604,0.0234275,0.6653,0.9172,0.5584,0.0571,0.422
MOD13Q1_061__250m_16_days_NDVI_doy2013113000000_aid0007,_250m_16_days_NDVI,aid0007,2013-04-23,2746339.0,-0.2,0.9145,"(-0.2,0.9145)",0.5252732,0.1517255,0.0230206,0.65,0.9145,0.532,0.0348,0.4039
MOD13Q1_061__250m_16_days_NDVI_doy2013129000000_aid0007,_250m_16_days_NDVI,aid0007,2013-05-09,2746550.0,-0.2,0.9866,"(-0.2,0.9866)",0.5013109,0.1516947,0.0230113,0.6242,0.9866,0.5046,0.014,0.3801
MOD13Q1_061__250m_16_days_NDVI_doy2013145000000_aid0007,_250m_16_days_NDVI,aid0007,2013-05-25,2746440.0,-0.2,0.9356,"(-0.2,0.9356)",0.4789002,0.1455077,0.0211725,0.5919,0.9356,0.4792,0.0179,0.3623
MOD13Q1_061__250m_16_days_NDVI_doy2013161000000_aid0007,_250m_16_days_NDVI,aid0007,2013-06-10,2746794.0,-0.2,0.9925,"(-0.2,0.9925)",0.4813361,0.1416091,0.0200531,0.5884,0.9132,0.485,0.0459,0.3714
MOD13Q1_061__250m_16_days_NDVI_doy2013177000000_aid0007,_250m_16_days_NDVI,aid0007,2013-06-26,2744330.0,-0.2,0.9258,"(-0.2,0.9258)",0.4586214,0.1343256,0.0180434,0.5568,0.8578,0.4561,0.0551,0.3561
MOD13Q1_061__250m_16_days_NDVI_doy2013193000000_aid0007,_250m_16_days_NDVI,aid0007,2013-07-12,2743064.0,-0.2,0.9406,"(-0.2,0.9406)",0.4661174,0.1402169,0.0196608,0.5691,0.8857,0.4679,0.0414,0.358
MOD13Q1_061__250m_16_days_NDVI_doy2013209000000_aid0007,_250m_16_days_NDVI,aid0007,2013-07-28,2735493.0,-0.2,0.9497,"(-0.2,0.9497)",0.4344276,0.1413292,0.019974,0.5339,0.8448,0.4318,0.0157,0.3266
MOD13Q1_061__250m_16_days_NDVI_doy2013225000000_aid0007,_250m_16_days_NDVI,aid0007,2013-08-13,2728731.0,-0.2,0.9385,"(-0.2,0.9385)",0.4135151,0.139367,0.0194232,0.5089,0.8137,0.4039,0.0009,0.3057
MOD13Q1_061__250m_16_days_NDVI_doy2013241000000_aid0007,_250m_16_days_NDVI,aid0007,2013-08-29,2740362.0,-0.2,0.994,"(-0.2,0.994)",0.4271595,0.1480628,0.0219226,0.5347,0.8818,0.4052,-0.0438,0.3033
MOD13Q1_061__250m_16_days_NDVI_doy2013257000000_aid0007,_250m_16_days_NDVI,aid0007,2013-09-14,2744843.0,-0.2,0.9684,"(-0.2,0.9684)",0.4548234,0.1623187,0.0263474,0.5794,0.9684,0.4363,-0.0873,0.3127
MOD13Q1_061__250m_16_days_NDVI_doy2013273000000_aid0007,_250m_16_days_NDVI,aid0007,2013-09-30,2746865.0,-0.2,0.991,"(-0.2,0.991)",0.4848282,0.1800723,0.032426,0.6325,0.991,0.4732,-0.1454,0.3213
MOD13Q1_061__250m_16_days_NDVI_doy2013289000000_aid0007,_250m_16_days_NDVI,aid0007,2013-10-16,2749273.0,-0.2,0.9976,"(-0.2,0.9976)",0.4971305,0.1872069,0.0350464,0.6582,0.9976,0.4853,-0.1765,0.3243
MOD13Q1_061__250m_16_days_NDVI_doy2013305000000_aid0007,_250m_16_days_NDVI,aid0007,2013-11-01,2749149.0,-0.2,0.9548,"(-0.2,0.9548)",0.5185404,0.1846499,0.0340956,0.6794,0.9548,0.5158,-0.1455,0.3494
MOD13Q1_061__250m_16_days_NDVI_doy2013321000000_aid0007,_250m_16_days_NDVI,aid0007,2013-11-17,2748626.0,-0.2,0.9421,"(-0.2,0.9421)",0.5318693,0.1766493,0.031205,0.6849,0.9421,0.5258,-0.0928,0.3738
MOD13Q1_061__250m_16_days_NDVI_doy2013337000000_aid0007,_250m_16_days_NDVI,aid0007,2013-12-03,2750569.0,-0.2,0.9976,"(-0.2,0.9976)",0.5592004,0.1666532,0.0277733,0.6955,0.9976,0.5625,0.0155,0.4235
MOD13Q1_061__250m_16_days_NDVI_doy2013353000000_aid0007,_250m_16_days_NDVI,aid0007,2013-12-19,2750208.0,-0.2,0.9905,"(-0.2,0.9905)",0.6007137,0.1589169,0.0252546,0.7236,0.9905,0.605,0.1364,0.4887
MOD13Q1_061__250m_16_days_NDVI_doy2014001000000_aid0007,_250m_16_days_NDVI,aid0007,2014-01-01,2751130.0,-0.2,0.998,"(-0.2,0.998)",0.6976792,0.1450373,0.0210358,0.806,0.998,0.719,0.3168,0.6103
MOD13Q1_061__250m_16_days_NDVI_doy2014017000000_aid0007,_250m_16_days_NDVI,aid0007,2014-01-17,2750527.0,-0.2,0.9978,"(-0.2,0.9978)",0.728601,0.145261,0.0211008,0.8425,0.9978,0.7516,0.353,0.6467
MOD13Q1_061__250m_16_days_NDVI_doy2014033000000_aid0007,_250m_16_days_NDVI,aid0007,2014-02-02,2754013.0,-0.2,0.9992,"(-0.2,0.9992)",0.7604066,0.1571725,0.0247032,0.8764,0.9992,0.7916,0.4359,0.7002
MOD13Q1_061__250m_16_days_NDVI_doy2014049000000_aid0007,_250m_16_days_NDVI,aid0007,2014-02-18,2748624.0,-0.2,0.9992,"(-0.2,0.9992)",0.7623149,0.1362274,0.0185579,0.8602,0.9992,0.7856,0.477,0.7069
MOD13Q1_061__250m_16_days_NDVI_doy2014065000000_aid0007,_250m_16_days_NDVI,aid0007,2014-03-06,2752837.0,-0.2,0.9721,"(-0.2,0.9721)",0.7145976,0.1369302,0.0187499,0.8046,0.9721,0.7406,0.4384,0.6581
MOD13Q1_061__250m_16_days_NDVI_doy2014081000000_aid0007,_250m_16_days_NDVI,aid0007,2014-03-22,2749559.0,-0.2,0.9992,"(-0.2,0.9992)",0.6020202,0.1516113,0.022986,0.7212,0.9992,0.6297,0.1562,0.4952
MOD13Q1_061__250m_16_days_NDVI_doy2014097000000_aid0007,_250m_16_days_NDVI,aid0007,2014-04-07,2746643.0,-0.2,0.9797,"(-0.2,0.9797)",0.5285787,0.1575254,0.0248143,0.6632,0.9797,0.5319,0.0125,0.4029
MOD13Q1_061__250m_16_days_NDVI_doy2014113000000_aid0007,_250m_16_days_NDVI,aid0007,2014-04-23,2747310.0,-0.2,0.9969,"(-0.2,0.9969)",0.4917651,0.1516766,0.0230058,0.6147,0.9747,0.4861,0.0142,0.3745
MOD13Q1_061__250m_16_days_NDVI_doy2014129000000_aid0007,_250m_16_days_NDVI,aid0007,2014-05-09,2746303.0,-0.2,0.9891,"(-0.2,0.9891)",0.5264277,0.1472168,0.0216728,0.64,0.9492,0.5424,0.0978,0.4231
MOD13Q1_061__250m_16_days_NDVI_doy2014145000000_aid0007,_250m_16_days_NDVI,aid0007,2014-05-25,2743398.0,-0.2,0.9385,"(-0.2,0.9385)",0.516447,0.1426448,0.0203475,0.626,0.9319,0.5301,0.1053,0.4177
MOD13Q1_061__250m_16_days_NDVI_doy2014161000000_aid0007,_250m_16_days_NDVI,aid0007,2014-06-10,2737015.0,-0.2,0.9375,"(-0.2,0.9375)",0.5033674,0.1417184,0.0200841,0.6114,0.9162,0.5163,0.0884,0.4022
MOD13Q1_061__250m_16_days_NDVI_doy2014177000000_aid0007,_250m_16_days_NDVI,aid0007,2014-06-26,2736019.0,-0.2,0.9576,"(-0.2,0.9576)",0.4730095,0.134666,0.0181349,0.5728,0.8678,0.4804,0.0811,0.3761
MOD13Q1_061__250m_16_days_NDVI_doy2014193000000_aid0007,_250m_16_days_NDVI,aid0007,2014-07-12,2726757.0,-0.2,0.9889,"(-0.2,0.9889)",0.4695927,0.1460258,0.0213235,0.5749,0.8821,0.4785,0.0629,0.3701
MOD13Q1_061__250m_16_days_NDVI_doy2014209000000_aid0007,_250m_16_days_NDVI,aid0007,2014-07-28,2708535.0,-0.2,0.9328,"(-0.2,0.9328)",0.4808503,0.1596386,0.0254845,0.5925,0.9171,0.495,0.0515,0.3761
MOD13Q1_061__250m_16_days_NDVI_doy2014225000000_aid0007,_250m_16_days_NDVI,aid0007,2014-08-13,2720835.0,-0.2,0.9585,"(-0.2,0.9585)",0.4891952,0.1592261,0.0253529,0.6052,0.9523,0.5015,0.019,0.3707
MOD13Q1_061__250m_16_days_NDVI_doy2014241000000_aid0007,_250m_16_days_NDVI,aid0007,2014-08-29,2735526.0,-0.2,0.9441,"(-0.2,0.9441)",0.5088734,0.1667598,0.0278088,0.6375,0.9441,0.5233,-0.0127,0.3774
MOD13Q1_061__250m_16_days_NDVI_doy2014257000000_aid0007,_250m_16_days_NDVI,aid0007,2014-09-14,2744212.0,-0.2,0.9507,"(-0.2,0.9507)",0.5413499,0.1830724,0.0335155,0.6906,0.9507,0.5646,-0.0819,0.3816
MOD13Q1_061__250m_16_days_NDVI_doy2014273000000_aid0007,_250m_16_days_NDVI,aid0007,2014-09-30,2745217.0,-0.2,0.9966,"(-0.2,0.9966)",0.5554664,0.1822641,0.0332202,0.7075,0.9966,0.5785,-0.0695,0.3967
MOD13Q1_061__250m_16_days_NDVI_doy2014289000000_aid0007,_250m_16_days_NDVI,aid0007,2014-10-16,2748357.0,-0.2,0.956,"(-0.2,0.956)",0.5392282,0.1863905,0.0347414,0.7023,0.956,0.5511,-0.1229,0.3722
MOD13Q1_061__250m_16_days_NDVI_doy2014305000000_aid0007,_250m_16_days_NDVI,aid0007,2014-11-01,2749545.0,-0.2,0.9443,"(-0.2,0.9443)",0.5248923,0.1734364,0.0300802,0.6695,0.9443,0.5311,-0.0575,0.3787
MOD13Q1_061__250m_16_days_NDVI_doy2014321000000_aid0007,_250m_16_days_NDVI,aid0007,2014-11-17,2749639.0,-0.2,0.9875,"(-0.2,0.9875)",0.5200032,0.1725667,0.0297793,0.6669,0.9875,0.5196,-0.0696,0.3723
MOD13Q1_061__250m_16_days_NDVI_doy2014337000000_aid0007,_250m_16_days_NDVI,aid0007,2014-12-03,2747265.0,-0.2,0.9896,"(-0.2,0.9896)",0.5863837,0.1556822,0.024237,0.707,0.9896,0.6029,0.14,0.4802
MOD13Q1_061__250m_16_days_NDVI_doy2014353000000_aid0007,_250m_16_days_NDVI,aid0007,2014-12-19,2748129.0,-0.2,0.9973,"(-0.2,0.9973)",0.684148,0.1462137,0.0213785,0.7879,0.9973,0.7136,0.3422,0.6096
MOD13Q1_061__250m_16_days_NDVI_doy2015001000000_aid0007,_250m_16_days_NDVI,aid0007,2015-01-01,2747702.0,-0.2,0.9809,"(-0.2,0.9809)",0.7293025,0.1441329,0.0207743,0.8335,0.9809,0.7502,0.4013,0.6606
MOD13Q1_061__250m_16_days_NDVI_doy2015017000000_aid0007,_250m_16_days_NDVI,aid0007,2015-01-17,2752709.0,-0.2,0.9989,"(-0.2,0.9989)",0.7850275,0.1406294,0.0197766,0.8898,0.9989,0.8071,0.4706,0.7221
MOD13Q1_061__250m_16_days_NDVI_doy2015033000000_aid0007,_250m_16_days_NDVI,aid0007,2015-02-02,2748272.0,-0.2,0.9988,"(-0.2,0.9988)",0.7878374,0.1434428,0.0205758,0.9042,0.9988,0.8067,0.4332,0.7158
MOD13Q1_061__250m_16_days_NDVI_doy2015049000000_aid0007,_250m_16_days_NDVI,aid0007,2015-02-18,2749217.0,-0.2,0.9975,"(-0.2,0.9975)",0.7619919,0.1492609,0.0222788,0.8854,0.9975,0.7816,0.3847,0.6851
MOD13Q1_061__250m_16_days_NDVI_doy2015065000000_aid0007,_250m_16_days_NDVI,aid0007,2015-03-06,2746157.0,-0.2,0.9989,"(-0.2,0.9989)",0.7400024,0.1476387,0.0217972,0.8558,0.9989,0.7569,0.3873,0.6684
MOD13Q1_061__250m_16_days_NDVI_doy2015081000000_aid0007,_250m_16_days_NDVI,aid0007,2015-03-22,2744352.0,-0.2,0.9743,"(-0.2,0.9743)",0.6124972,0.141384,0.0199894,0.7139,0.9743,0.6325,0.2484,0.5277
MOD13Q1_061__250m_16_days_NDVI_doy2015097000000_aid0007,_250m_16_days_NDVI,aid0007,2015-04-07,2744295.0,-0.2,0.9036,"(-0.2,0.9036)",0.4823,0.1398836,0.0195674,0.5851,0.899,0.4709,0.0594,0.3748
MOD13Q1_061__250m_16_days_NDVI_doy2015113000000_aid0007,_250m_16_days_NDVI,aid0007,2015-04-23,2747461.0,-0.2,0.9189,"(-0.2,0.9189)",0.4477403,0.1461307,0.0213542,0.5578,0.901,0.4317,-0.0144,0.3289
MOD13Q1_061__250m_16_days_NDVI_doy2015129000000_aid0007,_250m_16_days_NDVI,aid0007,2015-05-09,2746818.0,-0.2,0.9848,"(-0.2,0.9848)",0.4621968,0.1396549,0.0195035,0.5618,0.8704,0.456,0.0473,0.356
MOD13Q1_061__250m_16_days_NDVI_doy2015145000000_aid0007,_250m_16_days_NDVI,aid0007,2015-05-25,2744237.0,-0.2,0.9962,"(-0.2,0.9962)",0.5160041,0.140144,0.0196403,0.6201,0.9238,0.5232,0.1139,0.4176
MOD13Q1_061__250m_16_days_NDVI_doy2015161000000_aid0007,_250m_16_days_NDVI,aid0007,2015-06-10,2743132.0,-0.2,0.9109,"(-0.2,0.9109)",0.5059043,0.1410338,0.0198905,0.6122,0.9109,0.51205,0.0935,0.4047
MOD13Q1_061__250m_16_days_NDVI_doy2015177000000_aid0007,_250m_16_days_NDVI,aid0007,2015-06-26,2742502.0,-0.2,0.906,"(-0.2,0.906)",0.4474661,0.1275722,0.0162747,0.5385,0.8121,0.445,0.0825,0.3561
MOD13Q1_061__250m_16_days_NDVI_doy2015193000000_aid0007,_250m_16_days_NDVI,aid0007,2015-07-12,2739126.0,-0.2,0.9492,"(-0.2,0.9492)",0.4436536,0.1303935,0.0170025,0.5363,0.8151,0.4406,0.0716,0.3504
MOD13Q1_061__250m_16_days_NDVI_doy2015209000000_aid0007,_250m_16_days_NDVI,aid0007,2015-07-28,2758789.0,-0.2,0.9986,"(-0.2,0.9986)",0.42644,0.131661,0.0173346,0.5151,0.7785,0.4293,0.0761,0.3395
MOD13Q1_061__250m_16_days_NDVI_doy2015225000000_aid0007,_250m_16_days_NDVI,aid0007,2015-08-13,2715443.0,-0.2,0.9873,"(-0.2,0.9873)",0.4786057,0.161348,0.0260332,0.5881,0.9248,0.4869,0.0269,0.3636
MOD13Q1_061__250m_16_days_NDVI_doy2015241000000_aid0007,_250m_16_days_NDVI,aid0007,2015-08-29,2723431.0,-0.2,0.9585,"(-0.2,0.9585)",0.4914446,0.1651025,0.0272588,0.606,0.9585,0.5035,0.0125,0.3686
MOD13Q1_061__250m_16_days_NDVI_doy2015257000000_aid0007,_250m_16_days_NDVI,aid0007,2015-09-14,2738355.0,-0.2,0.9967,"(-0.2,0.9967)",0.4868255,0.1656435,0.0274378,0.6082,0.9876,0.4939,-0.029,0.3533
MOD13Q1_061__250m_16_days_NDVI_doy2015273000000_aid0007,_250m_16_days_NDVI,aid0007,2015-09-30,2744435.0,-0.2,0.9583,"(-0.2,0.9583)",0.4994062,0.1779171,0.0316545,0.6375,0.9583,0.5083,-0.087,0.3477
MOD13Q1_061__250m_16_days_NDVI_doy2015289000000_aid0007,_250m_16_days_NDVI,aid0007,2015-10-16,2741641.0,-0.2,0.982,"(-0.2,0.982)",0.506341,0.1749833,0.0306192,0.6484,0.982,0.5159,-0.0988,0.3495
MOD13Q1_061__250m_16_days_NDVI_doy2015305000000_aid0007,_250m_16_days_NDVI,aid0007,2015-11-01,2744167.0,-0.2,0.9995,"(-0.2,0.9995)",0.5254204,0.1694401,0.02871,0.67,0.9995,0.5335,-0.0627,0.3769
MOD13Q1_061__250m_16_days_NDVI_doy2015321000000_aid0007,_250m_16_days_NDVI,aid0007,2015-11-17,2744216.0,-0.2,0.9919,"(-0.2,0.9919)",0.5458153,0.1652794,0.0273173,0.6849,0.9919,0.5531,-0.0028,0.4098
MOD13Q1_061__250m_16_days_NDVI_doy2015337000000_aid0007,_250m_16_days_NDVI,aid0007,2015-12-03,2747782.0,-0.2,0.9975,"(-0.2,0.9975)",0.5679545,0.1561988,0.0243981,0.69,0.9975,0.584,0.108,0.4572
MOD13Q1_061__250m_16_days_NDVI_doy2015353000000_aid0007,_250m_16_days_NDVI,aid0007,2015-12-19,2752064.0,-0.2,0.9985,"(-0.2,0.9985)",0.6410957,0.1593128,0.0253806,0.7574,0.9985,0.6662,0.2357,0.5487
MOD13Q1_061__250m_16_days_NDVI_doy2007353000000_aid0008,_250m_16_days_NDVI,aid0008,2007-12-19,1727833.0,-0.2,0.9537,"(-0.2,0.9537)",0.5647969,0.1712279,0.029319,0.7002,0.9537,0.5603,0.05,0.4401
MOD13Q1_061__250m_16_days_NDVI_doy2008001000000_aid0008,_250m_16_days_NDVI,aid0008,2008-01-01,1727831.0,-0.2,0.9546,"(-0.2,0.9546)",0.6051436,0.1767055,0.0312248,0.7569,0.9546,0.6063,0.0379,0.4693
MOD13Q1_061__250m_16_days_NDVI_doy2008017000000_aid0008,_250m_16_days_NDVI,aid0008,2008-01-17,1727660.0,-0.2,0.9968,"(-0.2,0.9968)",0.646269,0.1812773,0.0328615,0.7992,0.9968,0.6638,0.0722,0.5084
MOD13Q1_061__250m_16_days_NDVI_doy2008033000000_aid0008,_250m_16_days_NDVI,aid0008,2008-02-02,1727609.0,-0.2,0.9953,"(-0.2,0.9953)",0.7459603,0.1531716,0.0234616,0.866,0.9953,0.7806,0.3455,0.6578
MOD13Q1_061__250m_16_days_NDVI_doy2008049000000_aid0008,_250m_16_days_NDVI,aid0008,2008-02-18,1727320.0,-0.1997,0.9979,"(-0.1997,0.9979)",0.7544717,0.1472699,0.0216884,0.8734,0.9979,0.7839,0.3602,0.6681
MOD13Q1_061__250m_16_days_NDVI_doy2008065000000_aid0008,_250m_16_days_NDVI,aid0008,2008-03-05,1727297.0,-0.2,0.9952,"(-0.2,0.9952)",0.6874478,0.1543432,0.0238218,0.8122,0.9952,0.704,0.249,0.5869
MOD13Q1_061__250m_16_days_NDVI_doy2008081000000_aid0008,_250m_16_days_NDVI,aid0008,2008-03-21,1727333.0,-0.2,0.9351,"(-0.2,0.9351)",0.5817344,0.1423139,0.0202532,0.6808,0.9351,0.5809,0.1878,0.4836
MOD13Q1_061__250m_16_days_NDVI_doy2008097000000_aid0008,_250m_16_days_NDVI,aid0008,2008-04-06,1726353.0,-0.2,0.9147,"(-0.2,0.9147)",0.4765934,0.1420736,0.0201849,0.5738,0.8825,0.4623,0.0593,0.368
MOD13Q1_061__250m_16_days_NDVI_doy2008113000000_aid0008,_250m_16_days_NDVI,aid0008,2008-04-22,1726592.0,-0.2,0.8772,"(-0.2,0.8772)",0.3550979,0.1031821,0.0106465,0.4046,0.5882,0.3303,0.0986,0.2822
MOD13Q1_061__250m_16_days_NDVI_doy2008129000000_aid0008,_250m_16_days_NDVI,aid0008,2008-05-08,1726869.0,-0.2,0.8803,"(-0.2,0.8803)",0.3329314,0.096532,0.0093184,0.3726,0.5296,0.3086,0.1109,0.2679
MOD13Q1_061__250m_16_days_NDVI_doy2008145000000_aid0008,_250m_16_days_NDVI,aid0008,2008-05-24,1726372.0,-0.2,0.9025,"(-0.2,0.9025)",0.3425642,0.0974919,0.0095047,0.3821,0.54,0.3169,0.1189,0.2768
MOD13Q1_061__250m_16_days_NDVI_doy2008161000000_aid0008,_250m_16_days_NDVI,aid0008,2008-06-09,1726576.0,-0.2,0.8911,"(-0.2,0.8911)",0.3166016,0.0874809,0.0076529,0.3474,0.4767,0.2915,0.1319,0.2612
MOD13Q1_061__250m_16_days_NDVI_doy2008177000000_aid0008,_250m_16_days_NDVI,aid0008,2008-06-25,1726522.0,-0.2,0.9039,"(-0.2,0.9039)",0.3280213,0.0971956,0.009447,0.3671,0.5229,0.3023,0.1075,0.2632
MOD13Q1_061__250m_16_days_NDVI_doy2008193000000_aid0008,_250m_16_days_NDVI,aid0008,2008-07-11,1726935.0,-0.2,0.9171,"(-0.2,0.9171)",0.3621212,0.1192983,0.0142321,0.417,0.6273,0.3322,0.0665,0.2768
MOD13Q1_061__250m_16_days_NDVI_doy2008209000000_aid0008,_250m_16_days_NDVI,aid0008,2008-07-27,1727237.0,-0.2,0.9054,"(-0.2,0.9054)",0.3506698,0.1134297,0.0128663,0.4072,0.6166,0.3223,0.0582,0.2676
MOD13Q1_061__250m_16_days_NDVI_doy2008225000000_aid0008,_250m_16_days_NDVI,aid0008,2008-08-12,1727236.0,-0.1997,0.9046,"(-0.1997,0.9046)",0.3414652,0.1129571,0.0127593,0.3942,0.5961,0.3103,0.0577,0.2596
MOD13Q1_061__250m_16_days_NDVI_doy2008241000000_aid0008,_250m_16_days_NDVI,aid0008,2008-08-28,1727358.0,-0.1995,0.9021,"(-0.1995,0.9021)",0.3277898,0.106173,0.0112727,0.3663,0.5316,0.2964,0.0908,0.2561
MOD13Q1_061__250m_16_days_NDVI_doy2008257000000_aid0008,_250m_16_days_NDVI,aid0008,2008-09-13,1727569.0,-0.1987,0.9175,"(-0.1987,0.9175)",0.3237159,0.1052336,0.0110741,0.3593,0.5189,0.2937,0.0933,0.2529
MOD13Q1_061__250m_16_days_NDVI_doy2008273000000_aid0008,_250m_16_days_NDVI,aid0008,2008-09-29,1727657.0,-0.1982,0.9441,"(-0.1982,0.9441)",0.3540412,0.1263509,0.0159646,0.413,0.6444,0.3219,0.0273,0.2587
MOD13Q1_061__250m_16_days_NDVI_doy2008289000000_aid0008,_250m_16_days_NDVI,aid0008,2008-10-15,1727715.0,-0.199,0.9877,"(-0.199,0.9877)",0.3919693,0.1440405,0.0207477,0.4741,0.7711,0.3586,-0.0209,0.2761
MOD13Q1_061__250m_16_days_NDVI_doy2008305000000_aid0008,_250m_16_days_NDVI,aid0008,2008-10-31,1727784.0,-0.1991,0.9097,"(-0.1991,0.9097)",0.3762509,0.1233981,0.0152271,0.4488,0.7032,0.3503,0.0248,0.2792
MOD13Q1_061__250m_16_days_NDVI_doy2008321000000_aid0008,_250m_16_days_NDVI,aid0008,2008-11-16,1727852.0,-0.2,0.9832,"(-0.2,0.9832)",0.3840211,0.119668,0.0143204,0.4543,0.6971,0.3618,0.0497,0.2924
MOD13Q1_061__250m_16_days_NDVI_doy2008337000000_aid0008,_250m_16_days_NDVI,aid0008,2008-12-02,1727664.0,-0.2,0.9851,"(-0.2,0.9851)",0.5037594,0.1687366,0.028472,0.6211,0.9851,0.4896,-0.0009,0.3723
MOD13Q1_061__250m_16_days_NDVI_doy2008353000000_aid0008,_250m_16_days_NDVI,aid0008,2008-12-18,1727592.0,-0.1988,0.9853,"(-0.1988,0.9853)",0.6242147,0.1667824,0.0278164,0.7619,0.9853,0.6285,0.1094,0.5009
MOD13Q1_061__250m_16_days_NDVI_doy2009001000000_aid0008,_250m_16_days_NDVI,aid0008,2009-01-01,1727492.0,-0.2,0.9842,"(-0.2,0.9842)",0.6627678,0.1601326,0.0256424,0.7957,0.9842,0.6747,0.1785,0.5488
MOD13Q1_061__250m_16_days_NDVI_doy2009017000000_aid0008,_250m_16_days_NDVI,aid0008,2009-01-17,1727739.0,-0.2,0.9989,"(-0.2,0.9989)",0.6586059,0.1708265,0.0291817,0.8028,0.9989,0.6765,0.1148,0.5276
MOD13Q1_061__250m_16_days_NDVI_doy2009033000000_aid0008,_250m_16_days_NDVI,aid0008,2009-02-02,1727715.0,-0.1991,0.9903,"(-0.1991,0.9903)",0.6817152,0.1730234,0.0299371,0.8339,0.9903,0.7058,0.1304,0.5525
MOD13Q1_061__250m_16_days_NDVI_doy2009049000000_aid0008,_250m_16_days_NDVI,aid0008,2009-02-18,1727178.0,-0.2,0.9836,"(-0.2,0.9836)",0.6918321,0.167586,0.0280851,0.8399,0.9836,0.7107,0.1637,0.5694
MOD13Q1_061__250m_16_days_NDVI_doy2009065000000_aid0008,_250m_16_days_NDVI,aid0008,2009-03-06,1727456.0,-0.2,0.9984,"(-0.2,0.9984)",0.6566227,0.1633376,0.0266792,0.7925,0.9984,0.6653,0.1688,0.543
MOD13Q1_061__250m_16_days_NDVI_doy2009081000000_aid0008,_250m_16_days_NDVI,aid0008,2009-03-22,1727435.0,-0.2,0.9325,"(-0.2,0.9325)",0.491026,0.1322717,0.0174958,0.5725,0.8378,0.479,0.1303,0.3956
MOD13Q1_061__250m_16_days_NDVI_doy2009097000000_aid0008,_250m_16_days_NDVI,aid0008,2009-04-07,1727665.0,-0.1995,0.8706,"(-0.1995,0.8706)",0.393064,0.1055115,0.0111327,0.4592,0.6813,0.3733,0.089,0.3111
MOD13Q1_061__250m_16_days_NDVI_doy2009113000000_aid0008,_250m_16_days_NDVI,aid0008,2009-04-23,1727443.0,-0.2,0.8642,"(-0.2,0.8642)",0.3470927,0.0906951,0.0082256,0.3972,0.5742,0.3228,0.1022,0.2792
MOD13Q1_061__250m_16_days_NDVI_doy2009129000000_aid0008,_250m_16_days_NDVI,aid0008,2009-05-09,1727712.0,-0.2,0.8758,"(-0.2,0.8758)",0.3299135,0.0841507,0.0070813,0.3747,0.5338,0.309,0.1095,0.2686
MOD13Q1_061__250m_16_days_NDVI_doy2009145000000_aid0008,_250m_16_days_NDVI,aid0008,2009-05-25,1727311.0,-0.2,0.9785,"(-0.2,0.9785)",0.3233864,0.0941322,0.0088609,0.3647,0.5252,0.2949,0.0972,0.2577
MOD13Q1_061__250m_16_days_NDVI_doy2009161000000_aid0008,_250m_16_days_NDVI,aid0008,2009-06-10,1727425.0,-0.1987,0.9181,"(-0.1987,0.9181)",0.296653,0.0830042,0.0068897,0.3217,0.436,0.2714,0.1312,0.2455
MOD13Q1_061__250m_16_days_NDVI_doy2009177000000_aid0008,_250m_16_days_NDVI,aid0008,2009-06-26,1727566.0,-0.2,0.8859,"(-0.2,0.8859)",0.2837638,0.0712296,0.0050737,0.3022,0.391,0.264,0.1542,0.243
MOD13Q1_061__250m_16_days_NDVI_doy2009193000000_aid0008,_250m_16_days_NDVI,aid0008,2009-07-12,1727576.0,-0.1994,0.8487,"(-0.1994,0.8487)",0.2742447,0.0628095,0.003945,0.2917,0.3716,0.2579,0.1585,0.2384
MOD13Q1_061__250m_16_days_NDVI_doy2009209000000_aid0008,_250m_16_days_NDVI,aid0008,2009-07-28,1727395.0,-0.1991,0.8288,"(-0.1991,0.8288)",0.2612105,0.0587652,0.0034533,0.2767,0.3478,0.2468,0.1582,0.2293
MOD13Q1_061__250m_16_days_NDVI_doy2009225000000_aid0008,_250m_16_days_NDVI,aid0008,2009-08-13,1727844.0,-0.1976,0.8455,"(-0.1976,0.8455)",0.2553038,0.0591072,0.0034937,0.2679,0.3328,0.2404,0.1597,0.2246
MOD13Q1_061__250m_16_days_NDVI_doy2009241000000_aid0008,_250m_16_days_NDVI,aid0008,2009-08-29,1727887.0,-0.2,0.9052,"(-0.2,0.9052)",0.2655853,0.0732966,0.0053724,0.2807,0.3627,0.2451,0.144,0.226
MOD13Q1_061__250m_16_days_NDVI_doy2009257000000_aid0008,_250m_16_days_NDVI,aid0008,2009-09-14,1727697.0,-0.1992,0.9531,"(-0.1992,0.9531)",0.2879366,0.0962955,0.0092728,0.3105,0.429,0.26,0.113,0.2315
MOD13Q1_061__250m_16_days_NDVI_doy2009273000000_aid0008,_250m_16_days_NDVI,aid0008,2009-09-30,1727886.0,-0.1973,0.9179,"(-0.1973,0.9179)",0.3025054,0.1054749,0.0111249,0.3357,0.4873,0.2692,0.0831,0.2346
MOD13Q1_061__250m_16_days_NDVI_doy2009289000000_aid0008,_250m_16_days_NDVI,aid0008,2009-10-16,1727993.0,-0.1994,0.9359,"(-0.1994,0.9359)",0.3257933,0.111728,0.0124831,0.3729,0.5611,0.2923,0.0592,0.2474
MOD13Q1_061__250m_16_days_NDVI_doy2009305000000_aid0008,_250m_16_days_NDVI,aid0008,2009-11-01,1727979.0,-0.1988,0.9105,"(-0.1988,0.9105)",0.3348058,0.1043237,0.0108834,0.3886,0.5846,0.3089,0.0619,0.2579
MOD13Q1_061__250m_16_days_NDVI_doy2009321000000_aid0008,_250m_16_days_NDVI,aid0008,2009-11-17,1727958.0,-0.1979,0.9985,"(-0.1979,0.9985)",0.4144706,0.1424137,0.0202817,0.5021,0.8012,0.3872,0.0036,0.3027
MOD13Q1_061__250m_16_days_NDVI_doy2009337000000_aid0008,_250m_16_days_NDVI,aid0008,2009-12-03,1727886.0,-0.2,0.9989,"(-0.2,0.9989)",0.5049131,0.1650475,0.0272407,0.6219,0.994,0.4895,-0.0018,0.3724
MOD13Q1_061__250m_16_days_NDVI_doy2009353000000_aid0008,_250m_16_days_NDVI,aid0008,2009-12-19,1726971.0,-0.2,0.9956,"(-0.2,0.9956)",0.6044938,0.1724856,0.0297513,0.7403,0.9956,0.6104,0.0851,0.4782
MOD13Q1_061__250m_16_days_NDVI_doy2010001000000_aid0008,_250m_16_days_NDVI,aid0008,2010-01-01,1727900.0,-0.2,0.9944,"(-0.2,0.9944)",0.6959622,0.1673134,0.0279938,0.8356,0.9944,0.7236,0.2114,0.5859
MOD13Q1_061__250m_16_days_NDVI_doy2010017000000_aid0008,_250m_16_days_NDVI,aid0008,2010-01-17,1727721.0,-0.2,0.9992,"(-0.2,0.9992)",0.7178061,0.1619564,0.0262299,0.8509,0.9992,0.7426,0.2587,0.614
MOD13Q1_061__250m_16_days_NDVI_doy2010033000000_aid0008,_250m_16_days_NDVI,aid0008,2010-02-02,1727852.0,-0.2,0.9988,"(-0.2,0.9988)",0.7534283,0.1452304,0.0210919,0.869,0.9988,0.7841,0.3755,0.6716
MOD13Q1_061__250m_16_days_NDVI_doy2010049000000_aid0008,_250m_16_days_NDVI,aid0008,2010-02-18,1727878.0,-0.2,0.9993,"(-0.2,0.9993)",0.7648465,0.142889,0.0204173,0.877,0.9993,0.8015,0.4048,0.6881
MOD13Q1_061__250m_16_days_NDVI_doy2010065000000_aid0008,_250m_16_days_NDVI,aid0008,2010-03-06,1727648.0,-0.1987,0.9966,"(-0.1987,0.9966)",0.7118812,0.1579362,0.0249439,0.8411,0.9966,0.7389,0.2766,0.6153
MOD13Q1_061__250m_16_days_NDVI_doy2010081000000_aid0008,_250m_16_days_NDVI,aid0008,2010-03-22,1727495.0,-0.2,0.9698,"(-0.2,0.9698)",0.5905532,0.1565821,0.024518,0.7033,0.9698,0.5954,0.1448,0.4799
MOD13Q1_061__250m_16_days_NDVI_doy2010097000000_aid0008,_250m_16_days_NDVI,aid0008,2010-04-07,1727231.0,-0.2,0.9303,"(-0.2,0.9303)",0.4480447,0.1300885,0.016923,0.5373,0.8191,0.4336,0.0676,0.3494
MOD13Q1_061__250m_16_days_NDVI_doy2010113000000_aid0008,_250m_16_days_NDVI,aid0008,2010-04-23,1726750.0,-0.2,0.8901,"(-0.2,0.8901)",0.3834042,0.1153002,0.0132941,0.4551,0.6952,0.3577,0.0549,0.295
MOD13Q1_061__250m_16_days_NDVI_doy2010129000000_aid0008,_250m_16_days_NDVI,aid0008,2010-05-09,1726133.0,-0.2,0.8757,"(-0.2,0.8757)",0.3337238,0.0941353,0.0088614,0.3757,0.5344,0.3091,0.1112,0.2699
MOD13Q1_061__250m_16_days_NDVI_doy2010145000000_aid0008,_250m_16_days_NDVI,aid0008,2010-05-25,1725902.0,-0.2,0.9373,"(-0.2,0.9373)",0.3361279,0.1023712,0.0104799,0.3801,0.5503,0.307,0.0964,0.2666
MOD13Q1_061__250m_16_days_NDVI_doy2010161000000_aid0008,_250m_16_days_NDVI,aid0008,2010-06-10,1727109.0,-0.2,0.9408,"(-0.2,0.9408)",0.3354214,0.1040375,0.0108238,0.3792,0.5497,0.306,0.095,0.2655
MOD13Q1_061__250m_16_days_NDVI_doy2010177000000_aid0008,_250m_16_days_NDVI,aid0008,2010-06-26,1726659.0,-0.2,0.9309,"(-0.2,0.9309)",0.3493185,0.1109779,0.0123161,0.3969,0.5832,0.3183,0.0864,0.2727
MOD13Q1_061__250m_16_days_NDVI_doy2010193000000_aid0008,_250m_16_days_NDVI,aid0008,2010-07-12,1726958.0,-0.2,0.9357,"(-0.2,0.9357)",0.3197252,0.1034456,0.010701,0.3613,0.5264,0.29,0.0861,0.2512
MOD13Q1_061__250m_16_days_NDVI_doy2010209000000_aid0008,_250m_16_days_NDVI,aid0008,2010-07-28,1726847.0,-0.2,0.8621,"(-0.2,0.8621)",0.2867594,0.0797752,0.0063641,0.3155,0.4299,0.2655,0.1248,0.2392
MOD13Q1_061__250m_16_days_NDVI_doy2010225000000_aid0008,_250m_16_days_NDVI,aid0008,2010-08-13,1727583.0,-0.1991,0.89,"(-0.1991,0.89)",0.2850827,0.0816005,0.0066586,0.309,0.4152,0.2627,0.132,0.2382
MOD13Q1_061__250m_16_days_NDVI_doy2010241000000_aid0008,_250m_16_days_NDVI,aid0008,2010-08-29,1727562.0,-0.1996,0.9341,"(-0.1996,0.9341)",0.3002021,0.0942448,0.0088821,0.328,0.4559,0.2704,0.1148,0.2427
MOD13Q1_061__250m_16_days_NDVI_doy2010257000000_aid0008,_250m_16_days_NDVI,aid0008,2010-09-14,1727578.0,-0.2,0.9606,"(-0.2,0.9606)",0.3456538,0.138481,0.019177,0.394,0.6062,0.2969,0.0403,0.2525
MOD13Q1_061__250m_16_days_NDVI_doy2010273000000_aid0008,_250m_16_days_NDVI,aid0008,2010-09-30,1727709.0,-0.2,0.9666,"(-0.2,0.9666)",0.3862587,0.157966,0.0249533,0.4621,0.7538,0.335,-0.024,0.2676
MOD13Q1_061__250m_16_days_NDVI_doy2010289000000_aid0008,_250m_16_days_NDVI,aid0008,2010-10-16,1727536.0,-0.2,0.9756,"(-0.2,0.9756)",0.4193902,0.1758148,0.0309108,0.5296,0.913,0.3707,-0.1094,0.274
MOD13Q1_061__250m_16_days_NDVI_doy2010305000000_aid0008,_250m_16_days_NDVI,aid0008,2010-11-01,1727906.0,-0.1984,0.9501,"(-0.1984,0.9501)",0.3976492,0.1527278,0.0233258,0.4929,0.8203,0.3554,-0.0527,0.2746
MOD13Q1_061__250m_16_days_NDVI_doy2010321000000_aid0008,_250m_16_days_NDVI,aid0008,2010-11-17,1727789.0,-0.1985,0.959,"(-0.1985,0.959)",0.4559154,0.1365605,0.0186488,0.5503,0.8506,0.4421,0.0498,0.3501
MOD13Q1_061__250m_16_days_NDVI_doy2010337000000_aid0008,_250m_16_days_NDVI,aid0008,2010-12-03,1727894.0,-0.2,0.9971,"(-0.2,0.9971)",0.5254489,0.153241,0.0234828,0.6296,0.9495,0.5182,0.0909,0.4141
MOD13Q1_061__250m_16_days_NDVI_doy2010353000000_aid0008,_250m_16_days_NDVI,aid0008,2010-12-19,1727856.0,-0.2,0.9822,"(-0.2,0.9822)",0.5772171,0.1714627,0.0293994,0.7141,0.9822,0.5678,0.0461,0.4469
MOD13Q1_061__250m_16_days_NDVI_doy2011001000000_aid0008,_250m_16_days_NDVI,aid0008,2011-01-01,1727881.0,-0.1996,0.9981,"(-0.1996,0.9981)",0.639963,0.1699612,0.0288868,0.7871,0.9981,0.6497,0.0904,0.5084
MOD13Q1_061__250m_16_days_NDVI_doy2011017000000_aid0008,_250m_16_days_NDVI,aid0008,2011-01-17,1727896.0,-0.2,0.9957,"(-0.2,0.9957)",0.6664153,0.1724988,0.0297558,0.8113,0.9957,0.6827,0.1274,0.5377
MOD13Q1_061__250m_16_days_NDVI_doy2011033000000_aid0008,_250m_16_days_NDVI,aid0008,2011-02-02,1727853.0,-0.1938,0.9989,"(-0.1938,0.9989)",0.6960574,0.1570858,0.0246759,0.8272,0.9989,0.7159,0.2212,0.5848
MOD13Q1_061__250m_16_days_NDVI_doy2011049000000_aid0008,_250m_16_days_NDVI,aid0008,2011-02-18,1727731.0,-0.2,0.9978,"(-0.2,0.9978)",0.7088704,0.1536521,0.023609,0.8385,0.9978,0.7301,0.2483,0.6024
MOD13Q1_061__250m_16_days_NDVI_doy2011065000000_aid0008,_250m_16_days_NDVI,aid0008,2011-03-06,1727609.0,-0.1997,0.9452,"(-0.1997,0.9452)",0.6444511,0.1498654,0.0224596,0.7631,0.9452,0.6479,0.2041,0.5395
MOD13Q1_061__250m_16_days_NDVI_doy2011081000000_aid0008,_250m_16_days_NDVI,aid0008,2011-03-22,1727494.0,-0.2,0.9854,"(-0.2,0.9854)",0.5316076,0.1399114,0.0195752,0.6238,0.9113,0.5222,0.1447,0.4321
MOD13Q1_061__250m_16_days_NDVI_doy2011097000000_aid0008,_250m_16_days_NDVI,aid0008,2011-04-07,1727489.0,-0.2,0.9079,"(-0.2,0.9079)",0.4363828,0.1257373,0.0158099,0.5096,0.7623,0.4168,0.0884,0.3411
MOD13Q1_061__250m_16_days_NDVI_doy2011113000000_aid0008,_250m_16_days_NDVI,aid0008,2011-04-23,1727539.0,-0.2,0.914,"(-0.2,0.914)",0.3708856,0.1040854,0.0108338,0.4259,0.6246,0.3482,0.0947,0.2934
MOD13Q1_061__250m_16_days_NDVI_doy2011129000000_aid0008,_250m_16_days_NDVI,aid0008,2011-05-09,1727432.0,-0.1991,0.9203,"(-0.1991,0.9203)",0.3394883,0.1088323,0.0118445,0.3914,0.5864,0.3099,0.0664,0.2614
MOD13Q1_061__250m_16_days_NDVI_doy2011145000000_aid0008,_250m_16_days_NDVI,aid0008,2011-05-25,1727143.0,-0.2,0.9305,"(-0.2,0.9305)",0.3534579,0.1188036,0.0141143,0.4067,0.6137,0.319,0.0617,0.2687
MOD13Q1_061__250m_16_days_NDVI_doy2011161000000_aid0008,_250m_16_days_NDVI,aid0008,2011-06-10,1727618.0,-0.2,0.9045,"(-0.2,0.9045)",0.3258508,0.1094905,0.0119882,0.3713,0.5511,0.2933,0.0716,0.2514
MOD13Q1_061__250m_16_days_NDVI_doy2011177000000_aid0008,_250m_16_days_NDVI,aid0008,2011-06-26,1727035.0,-0.2,0.8893,"(-0.2,0.8893)",0.3043484,0.0967592,0.0093623,0.3389,0.4856,0.2751,0.0944,0.2411
MOD13Q1_061__250m_16_days_NDVI_doy2011193000000_aid0008,_250m_16_days_NDVI,aid0008,2011-07-12,1727406.0,-0.1992,0.9317,"(-0.1992,0.9317)",0.3127921,0.093843,0.0088065,0.3492,0.4984,0.2857,0.1005,0.2497
MOD13Q1_061__250m_16_days_NDVI_doy2011209000000_aid0008,_250m_16_days_NDVI,aid0008,2011-07-28,1727551.0,-0.2,0.9481,"(-0.2,0.9481)",0.3096452,0.0967754,0.0093655,0.3475,0.5018,0.2797,0.0903,0.2446
MOD13Q1_061__250m_16_days_NDVI_doy2011225000000_aid0008,_250m_16_days_NDVI,aid0008,2011-08-13,1727334.0,-0.1994,0.9253,"(-0.1994,0.9253)",0.3338035,0.1183813,0.0140141,0.3831,0.582,0.2928,0.0516,0.2505
MOD13Q1_061__250m_16_days_NDVI_doy2011241000000_aid0008,_250m_16_days_NDVI,aid0008,2011-08-29,1727819.0,-0.1986,0.9125,"(-0.1986,0.9125)",0.3043256,0.1070655,0.011463,0.336,0.4863,0.2662,0.0855,0.2358
MOD13Q1_061__250m_16_days_NDVI_doy2011257000000_aid0008,_250m_16_days_NDVI,aid0008,2011-09-14,1727927.0,-0.1996,0.9034,"(-0.1996,0.9034)",0.3278653,0.1135613,0.0128962,0.3692,0.5492,0.2884,0.0692,0.2492
MOD13Q1_061__250m_16_days_NDVI_doy2011273000000_aid0008,_250m_16_days_NDVI,aid0008,2011-09-30,1727695.0,-0.2,0.9746,"(-0.2,0.9746)",0.3809154,0.1463411,0.0214157,0.4636,0.7628,0.3374,-0.035,0.2641
MOD13Q1_061__250m_16_days_NDVI_doy2011289000000_aid0008,_250m_16_days_NDVI,aid0008,2011-10-16,1727847.0,-0.1987,0.969,"(-0.1987,0.969)",0.3956614,0.1573272,0.0247518,0.4952,0.8382,0.3485,-0.0754,0.2665
MOD13Q1_061__250m_16_days_NDVI_doy2011305000000_aid0008,_250m_16_days_NDVI,aid0008,2011-11-01,1727944.0,-0.1986,0.903,"(-0.1986,0.903)",0.3925806,0.1289469,0.0166273,0.4744,0.7556,0.3658,0.0058,0.2869
MOD13Q1_061__250m_16_days_NDVI_doy2011321000000_aid0008,_250m_16_days_NDVI,aid0008,2011-11-17,1727894.0,-0.2,0.9111,"(-0.2,0.9111)",0.4423429,0.1376222,0.0189399,0.5307,0.8232,0.4215,0.0432,0.3357
MOD13Q1_061__250m_16_days_NDVI_doy2011337000000_aid0008,_250m_16_days_NDVI,aid0008,2011-12-03,1727682.0,-0.2,0.9744,"(-0.2,0.9744)",0.4651321,0.1510757,0.0228239,0.5556,0.8616,0.4404,0.0456,0.3516
MOD13Q1_061__250m_16_days_NDVI_doy2011353000000_aid0008,_250m_16_days_NDVI,aid0008,2011-12-19,1727896.0,-0.2,0.9878,"(-0.2,0.9878)",0.4698727,0.150068,0.0225204,0.5605,0.8632,0.4422,0.0561,0.3587
MOD13Q1_061__250m_16_days_NDVI_doy2012001000000_aid0008,_250m_16_days_NDVI,aid0008,2012-01-01,1727941.0,-0.1985,0.9417,"(-0.1985,0.9417)",0.4569693,0.1433519,0.0205498,0.5481,0.8496,0.4347,0.0457,0.3471
MOD13Q1_061__250m_16_days_NDVI_doy2012017000000_aid0008,_250m_16_days_NDVI,aid0008,2012-01-17,1727780.0,-0.2,0.9875,"(-0.2,0.9875)",0.5680407,0.16767,0.0281132,0.699,0.9875,0.5656,0.042,0.4362
MOD13Q1_061__250m_16_days_NDVI_doy2012033000000_aid0008,_250m_16_days_NDVI,aid0008,2012-02-02,1727818.0,-0.1986,0.9921,"(-0.1986,0.9921)",0.6526492,0.1534393,0.0235436,0.7769,0.9921,0.6624,0.1934,0.5435
MOD13Q1_061__250m_16_days_NDVI_doy2012049000000_aid0008,_250m_16_days_NDVI,aid0008,2012-02-18,1727847.0,-0.1966,0.9929,"(-0.1966,0.9929)",0.7268539,0.1351462,0.0182645,0.8351,0.9929,0.75,0.354,0.64265
MOD13Q1_061__250m_16_days_NDVI_doy2012065000000_aid0008,_250m_16_days_NDVI,aid0008,2012-03-05,1727721.0,-0.2,0.9949,"(-0.2,0.9949)",0.7027732,0.1407056,0.0197981,0.8128,0.9949,0.7256,0.3231,0.6169
MOD13Q1_061__250m_16_days_NDVI_doy2012081000000_aid0008,_250m_16_days_NDVI,aid0008,2012-03-21,1727509.0,-0.2,0.9945,"(-0.2,0.9945)",0.6151258,0.1554069,0.0241513,0.7371,0.9945,0.6267,0.1591,0.5059
MOD13Q1_061__250m_16_days_NDVI_doy2012097000000_aid0008,_250m_16_days_NDVI,aid0008,2012-04-06,1726596.0,-0.2,0.9102,"(-0.2,0.9102)",0.5098519,0.1484169,0.0220276,0.6213,0.9102,0.5008,0.0471,0.3916
MOD13Q1_061__250m_16_days_NDVI_doy2012113000000_aid0008,_250m_16_days_NDVI,aid0008,2012-04-22,1727289.0,-0.2,0.9867,"(-0.2,0.9867)",0.4585651,0.1446498,0.0209236,0.5626,0.8959,0.4399,0.0071,0.3404
MOD13Q1_061__250m_16_days_NDVI_doy2012129000000_aid0008,_250m_16_days_NDVI,aid0008,2012-05-08,1725845.0,-0.2,0.9315,"(-0.2,0.9315)",0.439477,0.1458131,0.0212615,0.5369,0.8588,0.4128,0.0004,0.3223
MOD13Q1_061__250m_16_days_NDVI_doy2012145000000_aid0008,_250m_16_days_NDVI,aid0008,2012-05-24,1725559.0,-0.2,0.9492,"(-0.2,0.9492)",0.4374017,0.1505146,0.0226547,0.5373,0.8704,0.4093,-0.0179,0.3152
MOD13Q1_061__250m_16_days_NDVI_doy2012161000000_aid0008,_250m_16_days_NDVI,aid0008,2012-06-09,1725197.0,-0.2,0.9023,"(-0.2,0.9023)",0.3744876,0.123467,0.0152441,0.4375,0.6674,0.3402,0.0543,0.2842
MOD13Q1_061__250m_16_days_NDVI_doy2012177000000_aid0008,_250m_16_days_NDVI,aid0008,2012-06-25,1726372.0,-0.2,0.9147,"(-0.2,0.9147)",0.3627361,0.1207437,0.014579,0.4152,0.618,0.3269,0.0772,0.28
MOD13Q1_061__250m_16_days_NDVI_doy2012193000000_aid0008,_250m_16_days_NDVI,aid0008,2012-07-11,1726163.0,-0.2,0.9032,"(-0.2,0.9032)",0.3346274,0.1027819,0.0105641,0.377,0.5436,0.3054,0.0993,0.2659
MOD13Q1_061__250m_16_days_NDVI_doy2012209000000_aid0008,_250m_16_days_NDVI,aid0008,2012-07-27,1727128.0,-0.2,0.9883,"(-0.2,0.9883)",0.3178647,0.089892,0.0080806,0.3544,0.4969,0.2944,0.1169,0.2594
MOD13Q1_061__250m_16_days_NDVI_doy2012225000000_aid0008,_250m_16_days_NDVI,aid0008,2012-08-12,1727159.0,-0.2,0.9924,"(-0.2,0.9924)",0.3651837,0.1322079,0.0174789,0.4293,0.6706,0.3252,0.0271,0.2684
MOD13Q1_061__250m_16_days_NDVI_doy2012241000000_aid0008,_250m_16_days_NDVI,aid0008,2012-08-28,1726329.0,-0.2,0.9568,"(-0.2,0.9568)",0.4122817,0.1663166,0.0276612,0.5117,0.8657,0.3688,-0.0783,0.2757
MOD13Q1_061__250m_16_days_NDVI_doy2012257000000_aid0008,_250m_16_days_NDVI,aid0008,2012-09-13,1727614.0,-0.2,0.9597,"(-0.2,0.9597)",0.4292786,0.1758303,0.0309163,0.5442,0.9415,0.3868,-0.118,0.2793
MOD13Q1_061__250m_16_days_NDVI_doy2012273000000_aid0008,_250m_16_days_NDVI,aid0008,2012-09-29,1727661.0,-0.1996,0.9797,"(-0.1996,0.9797)",0.4356696,0.1730437,0.0299441,0.5588,0.9592,0.3959,-0.1252,0.2851
MOD13Q1_061__250m_16_days_NDVI_doy2012289000000_aid0008,_250m_16_days_NDVI,aid0008,2012-10-15,1727174.0,-0.2,0.9854,"(-0.2,0.9854)",0.4477283,0.1769264,0.0313029,0.5834,0.9854,0.4008,-0.1253,0.2999
MOD13Q1_061__250m_16_days_NDVI_doy2012305000000_aid0008,_250m_16_days_NDVI,aid0008,2012-10-31,1727634.0,-0.2,0.9285,"(-0.2,0.9285)",0.4263927,0.1628548,0.0265217,0.5413,0.9109,0.3914,-0.0757,0.2945
MOD13Q1_061__250m_16_days_NDVI_doy2012321000000_aid0008,_250m_16_days_NDVI,aid0008,2012-11-16,1726298.0,-0.2,0.9869,"(-0.2,0.9869)",0.4671364,0.1514285,0.0229306,0.5798,0.9262,0.4483,-0.0132,0.3426
MOD13Q1_061__250m_16_days_NDVI_doy2012337000000_aid0008,_250m_16_days_NDVI,aid0008,2012-12-02,1727737.0,-0.2,0.9915,"(-0.2,0.9915)",0.5175847,0.1615804,0.0261082,0.6367,0.9915,0.5096,0.0287,0.3935
MOD13Q1_061__250m_16_days_NDVI_doy2012353000000_aid0008,_250m_16_days_NDVI,aid0008,2012-12-18,1727572.0,-0.2,0.9858,"(-0.2,0.9858)",0.5918742,0.1639513,0.02688,0.714,0.9858,0.5975,0.122,0.4772
MOD13Q1_061__250m_16_days_NDVI_doy2013001000000_aid0008,_250m_16_days_NDVI,aid0008,2013-01-01,1727811.0,-0.2,0.973,"(-0.2,0.973)",0.6197445,0.1703117,0.0290061,0.7513,0.973,0.6234,0.1276,0.5018
MOD13Q1_061__250m_16_days_NDVI_doy2013017000000_aid0008,_250m_16_days_NDVI,aid0008,2013-01-17,1727737.0,-0.1994,0.9994,"(-0.1994,0.9994)",0.6420068,0.1735473,0.0301186,0.7866,0.9994,0.6411,0.0966,0.5106
MOD13Q1_061__250m_16_days_NDVI_doy2013033000000_aid0008,_250m_16_days_NDVI,aid0008,2013-02-02,1727785.0,-0.1995,0.99,"(-0.1995,0.99)",0.6631115,0.1789932,0.0320386,0.8233,0.99,0.6695,0.0596,0.5178
MOD13Q1_061__250m_16_days_NDVI_doy2013049000000_aid0008,_250m_16_days_NDVI,aid0008,2013-02-18,1727746.0,-0.199,0.9885,"(-0.199,0.9885)",0.6745045,0.1672924,0.0279867,0.8227,0.9885,0.6883,0.1245,0.5434
MOD13Q1_061__250m_16_days_NDVI_doy2013065000000_aid0008,_250m_16_days_NDVI,aid0008,2013-03-06,1727647.0,-0.1995,0.9822,"(-0.1995,0.9822)",0.6443569,0.1546926,0.0239298,0.7726,0.9822,0.653,0.1729,0.5327
MOD13Q1_061__250m_16_days_NDVI_doy2013081000000_aid0008,_250m_16_days_NDVI,aid0008,2013-03-22,1727538.0,-0.2,0.9881,"(-0.2,0.9881)",0.5757504,0.1466332,0.0215013,0.6824,0.9881,0.5698,0.1579,0.4726
MOD13Q1_061__250m_16_days_NDVI_doy2013097000000_aid0008,_250m_16_days_NDVI,aid0008,2013-04-07,1727193.0,-0.1995,0.9241,"(-0.1995,0.9241)",0.5150961,0.1521072,0.0231366,0.6247,0.9241,0.5084,0.064,0.4004
MOD13Q1_061__250m_16_days_NDVI_doy2013113000000_aid0008,_250m_16_days_NDVI,aid0008,2013-04-23,1727444.0,-0.2,0.9245,"(-0.2,0.9245)",0.4635187,0.1457068,0.0212305,0.567,0.8992,0.4488,0.0133,0.3455
MOD13Q1_061__250m_16_days_NDVI_doy2013129000000_aid0008,_250m_16_days_NDVI,aid0008,2013-05-09,1726834.0,-0.1995,0.9216,"(-0.1995,0.9216)",0.4314652,0.1428082,0.0203942,0.5286,0.8478,0.4082,-0.0034,0.3158
MOD13Q1_061__250m_16_days_NDVI_doy2013145000000_aid0008,_250m_16_days_NDVI,aid0008,2013-05-25,1726879.0,-0.2,0.9156,"(-0.2,0.9156)",0.3751857,0.1240714,0.0153937,0.4412,0.6789,0.3449,0.045,0.2827
MOD13Q1_061__250m_16_days_NDVI_doy2013161000000_aid0008,_250m_16_days_NDVI,aid0008,2013-06-10,1726764.0,-0.2,0.9273,"(-0.2,0.9273)",0.3646068,0.1174397,0.0137921,0.4222,0.6352,0.3331,0.0672,0.2802
MOD13Q1_061__250m_16_days_NDVI_doy2013177000000_aid0008,_250m_16_days_NDVI,aid0008,2013-06-26,1726871.0,-0.2,0.9017,"(-0.2,0.9017)",0.3492889,0.1061954,0.0112775,0.3978,0.5814,0.3225,0.0918,0.2754
MOD13Q1_061__250m_16_days_NDVI_doy2013193000000_aid0008,_250m_16_days_NDVI,aid0008,2013-07-12,1726876.0,-0.2,0.9266,"(-0.2,0.9266)",0.3580871,0.1150935,0.0132465,0.413,0.6213,0.3283,0.0658,0.2741
MOD13Q1_061__250m_16_days_NDVI_doy2013209000000_aid0008,_250m_16_days_NDVI,aid0008,2013-07-28,1727138.0,-0.1997,0.9075,"(-0.1997,0.9075)",0.3316069,0.1040177,0.0108197,0.3796,0.5621,0.3032,0.0754,0.2579
MOD13Q1_061__250m_16_days_NDVI_doy2013225000000_aid0008,_250m_16_days_NDVI,aid0008,2013-08-13,1727243.0,-0.2,0.9046,"(-0.2,0.9046)",0.3241151,0.1022888,0.010463,0.3666,0.5365,0.2938,0.0834,0.2533
MOD13Q1_061__250m_16_days_NDVI_doy2013241000000_aid0008,_250m_16_days_NDVI,aid0008,2013-08-29,1727420.0,-0.2,0.954,"(-0.2,0.954)",0.3069036,0.09529,0.0090802,0.3398,0.4821,0.2783,0.1026,0.2449
MOD13Q1_061__250m_16_days_NDVI_doy2013257000000_aid0008,_250m_16_days_NDVI,aid0008,2013-09-14,1727237.0,-0.2,0.9708,"(-0.2,0.9708)",0.3256524,0.109767,0.0120488,0.367,0.5416,0.2905,0.076,0.2506
MOD13Q1_061__250m_16_days_NDVI_doy2013273000000_aid0008,_250m_16_days_NDVI,aid0008,2013-09-30,1727801.0,-0.1996,0.991,"(-0.1996,0.991)",0.3412454,0.1264703,0.0159947,0.397,0.6193,0.2995,0.0266,0.2488
MOD13Q1_061__250m_16_days_NDVI_doy2013289000000_aid0008,_250m_16_days_NDVI,aid0008,2013-10-16,1727839.0,-0.1967,0.9365,"(-0.1967,0.9365)",0.3699047,0.1393095,0.0194071,0.452,0.7434,0.3285,-0.0337,0.2577
MOD13Q1_061__250m_16_days_NDVI_doy2013305000000_aid0008,_250m_16_days_NDVI,aid0008,2013-11-01,1727870.0,-0.1951,0.9328,"(-0.1951,0.9328)",0.4003884,0.1427377,0.0203741,0.4978,0.8258,0.3693,-0.0487,0.2791
MOD13Q1_061__250m_16_days_NDVI_doy2013321000000_aid0008,_250m_16_days_NDVI,aid0008,2013-11-17,1727558.0,-0.2,0.9151,"(-0.2,0.9151)",0.4061994,0.131291,0.0172373,0.4946,0.7868,0.3807,0.0077,0.2998
MOD13Q1_061__250m_16_days_NDVI_doy2013337000000_aid0008,_250m_16_days_NDVI,aid0008,2013-12-03,1727532.0,-0.1997,0.9447,"(-0.1997,0.9447)",0.4474277,0.1538079,0.0236569,0.5473,0.8821,0.4253,-0.0107,0.3241
MOD13Q1_061__250m_16_days_NDVI_doy2013353000000_aid0008,_250m_16_days_NDVI,aid0008,2013-12-19,1727693.0,-0.1994,0.9688,"(-0.1994,0.9688)",0.5532484,0.1684755,0.028384,0.6742,0.9688,0.5418,0.0533,0.4258
MOD13Q1_061__250m_16_days_NDVI_doy2014001000000_aid0008,_250m_16_days_NDVI,aid0008,2014-01-01,1727821.0,-0.1991,0.9971,"(-0.1991,0.9971)",0.5865592,0.179927,0.0323737,0.7314,0.9971,0.5786,0.0277,0.4498
MOD13Q1_061__250m_16_days_NDVI_doy2014017000000_aid0008,_250m_16_days_NDVI,aid0008,2014-01-17,1727739.0,-0.2,0.9964,"(-0.2,0.9964)",0.6480806,0.1853546,0.0343563,0.8095,0.9964,0.6664,0.062,0.5105
MOD13Q1_061__250m_16_days_NDVI_doy2014033000000_aid0008,_250m_16_days_NDVI,aid0008,2014-02-02,1727496.0,-0.1996,0.9996,"(-0.1996,0.9996)",0.7030349,0.1790981,0.0320761,0.855,0.9996,0.7424,0.183,0.5862
MOD13Q1_061__250m_16_days_NDVI_doy2014049000000_aid0008,_250m_16_days_NDVI,aid0008,2014-02-18,1727496.0,-0.2,0.9992,"(-0.2,0.9992)",0.7441167,0.1533465,0.0235152,0.8666,0.9992,0.7831,0.3381,0.6552
MOD13Q1_061__250m_16_days_NDVI_doy2014065000000_aid0008,_250m_16_days_NDVI,aid0008,2014-03-06,1727539.0,-0.2,0.9716,"(-0.2,0.9716)",0.7164618,0.1472242,0.021675,0.8344,0.9716,0.7427,0.3174,0.6276
MOD13Q1_061__250m_16_days_NDVI_doy2014081000000_aid0008,_250m_16_days_NDVI,aid0008,2014-03-22,1727406.0,-0.2,0.9976,"(-0.2,0.9976)",0.5938335,0.1542547,0.0237945,0.7125,0.9976,0.5993,0.1408,0.4838
MOD13Q1_061__250m_16_days_NDVI_doy2014097000000_aid0008,_250m_16_days_NDVI,aid0008,2014-04-07,1726893.0,-0.2,0.9188,"(-0.2,0.9188)",0.5185719,0.1581928,0.025025,0.6377,0.9188,0.5133,0.0185,0.39
MOD13Q1_061__250m_16_days_NDVI_doy2014113000000_aid0008,_250m_16_days_NDVI,aid0008,2014-04-23,1726447.0,-0.2,0.9589,"(-0.2,0.9589)",0.4247939,0.1301807,0.016947,0.5098,0.7877,0.4076,0.0466,0.3245
MOD13Q1_061__250m_16_days_NDVI_doy2014129000000_aid0008,_250m_16_days_NDVI,aid0008,2014-05-09,1724898.0,-0.2,0.9891,"(-0.2,0.9891)",0.4421843,0.1426998,0.0203632,0.5354,0.843,0.4187,0.0227,0.3303
MOD13Q1_061__250m_16_days_NDVI_doy2014145000000_aid0008,_250m_16_days_NDVI,aid0008,2014-05-25,1725657.0,-0.2,0.9385,"(-0.2,0.9385)",0.4299064,0.1386268,0.0192174,0.5165,0.8052,0.4074,0.0353,0.324
MOD13Q1_061__250m_16_days_NDVI_doy2014161000000_aid0008,_250m_16_days_NDVI,aid0008,2014-06-10,1724671.0,-0.2,0.9197,"(-0.2,0.9197)",0.4153679,0.134245,0.0180217,0.4953,0.7662,0.3906,0.0438,0.3147
MOD13Q1_061__250m_16_days_NDVI_doy2014177000000_aid0008,_250m_16_days_NDVI,aid0008,2014-06-26,1724307.0,-0.2,0.9147,"(-0.2,0.9147)",0.4106625,0.1302885,0.0169751,0.4843,0.7378,0.3879,0.0618,0.3153
MOD13Q1_061__250m_16_days_NDVI_doy2014193000000_aid0008,_250m_16_days_NDVI,aid0008,2014-07-12,1725566.0,-0.2,0.9413,"(-0.2,0.9413)",0.41893,0.135981,0.0184908,0.4998,0.7717,0.3972,0.0466,0.3185
MOD13Q1_061__250m_16_days_NDVI_doy2014209000000_aid0008,_250m_16_days_NDVI,aid0008,2014-07-28,1726148.0,-0.2,0.9344,"(-0.2,0.9344)",0.4271524,0.1413379,0.0199764,0.5159,0.8117,0.4065,0.0229,0.3187
MOD13Q1_061__250m_16_days_NDVI_doy2014225000000_aid0008,_250m_16_days_NDVI,aid0008,2014-08-13,1726635.0,-0.2,0.9422,"(-0.2,0.9422)",0.4213906,0.145137,0.0210647,0.5129,0.8213,0.3956,-0.0011,0.3073
MOD13Q1_061__250m_16_days_NDVI_doy2014241000000_aid0008,_250m_16_days_NDVI,aid0008,2014-08-29,1727216.0,-0.2,0.9472,"(-0.2,0.9472)",0.4434721,0.1507385,0.0227221,0.5482,0.8941,0.4265,-0.0283,0.3176
MOD13Q1_061__250m_16_days_NDVI_doy2014257000000_aid0008,_250m_16_days_NDVI,aid0008,2014-09-14,1727167.0,-0.2,0.9507,"(-0.2,0.9507)",0.4560931,0.172663,0.0298125,0.5777,0.9507,0.4343,-0.1085,0.3032
MOD13Q1_061__250m_16_days_NDVI_doy2014273000000_aid0008,_250m_16_days_NDVI,aid0008,2014-09-30,1726945.0,-0.2,0.9734,"(-0.2,0.9734)",0.4694202,0.1841018,0.0338935,0.6064,0.9734,0.4502,-0.1553,0.3017
MOD13Q1_061__250m_16_days_NDVI_doy2014289000000_aid0008,_250m_16_days_NDVI,aid0008,2014-10-16,1727701.0,-0.2,0.9218,"(-0.2,0.9218)",0.4318793,0.1651032,0.0272591,0.5547,0.9218,0.4013,-0.1155,0.2866
MOD13Q1_061__250m_16_days_NDVI_doy2014305000000_aid0008,_250m_16_days_NDVI,aid0008,2014-11-01,1727336.0,-0.2,0.9141,"(-0.2,0.9141)",0.4174976,0.1493706,0.0223116,0.5308,0.8955,0.3986,-0.0771,0.2876
MOD13Q1_061__250m_16_days_NDVI_doy2014321000000_aid0008,_250m_16_days_NDVI,aid0008,2014-11-17,1725978.0,-0.2,0.9941,"(-0.2,0.9941)",0.4002699,0.1397934,0.0195422,0.4918,0.797,0.3703,-0.0167,0.2883
MOD13Q1_061__250m_16_days_NDVI_doy2014337000000_aid0008,_250m_16_days_NDVI,aid0008,2014-12-03,1727157.0,-0.2,0.9423,"(-0.2,0.9423)",0.4437419,0.1558573,0.0242915,0.5429,0.8778,0.4227,-0.0152,0.3196
MOD13Q1_061__250m_16_days_NDVI_doy2014353000000_aid0008,_250m_16_days_NDVI,aid0008,2014-12-19,1727164.0,-0.2,0.9411,"(-0.2,0.9411)",0.5577095,0.1755488,0.0308174,0.6899,0.9411,0.5472,0.0398,0.4298
MOD13Q1_061__250m_16_days_NDVI_doy2015001000000_aid0008,_250m_16_days_NDVI,aid0008,2015-01-01,1727629.0,-0.2,0.9783,"(-0.2,0.9783)",0.6261693,0.1729541,0.0299131,0.768,0.9783,0.6271,0.1048,0.5027
MOD13Q1_061__250m_16_days_NDVI_doy2015017000000_aid0008,_250m_16_days_NDVI,aid0008,2015-01-17,1727803.0,-0.2,0.9981,"(-0.2,0.9981)",0.7578546,0.1524267,0.0232339,0.884,0.9981,0.7934,0.33,0.6624
MOD13Q1_061__250m_16_days_NDVI_doy2015033000000_aid0008,_250m_16_days_NDVI,aid0008,2015-02-02,1727622.0,-0.2,0.997,"(-0.2,0.997)",0.7741819,0.1491281,0.0222392,0.9,0.997,0.8144,0.3418,0.6767
MOD13Q1_061__250m_16_days_NDVI_doy2015049000000_aid0008,_250m_16_days_NDVI,aid0008,2015-02-18,1727623.0,-0.2,0.9936,"(-0.2,0.9936)",0.774616,0.1463641,0.0214224,0.8954,0.9936,0.8215,0.3559,0.6796
MOD13Q1_061__250m_16_days_NDVI_doy2015065000000_aid0008,_250m_16_days_NDVI,aid0008,2015-03-06,1727443.0,-0.2,0.999,"(-0.2,0.999)",0.7382202,0.1563212,0.0244363,0.8673,0.999,0.7736,0.2988,0.6399
MOD13Q1_061__250m_16_days_NDVI_doy2015081000000_aid0008,_250m_16_days_NDVI,aid0008,2015-03-22,1726988.0,-0.2,0.9419,"(-0.2,0.9419)",0.612596,0.1508227,0.0227475,0.7236,0.9419,0.6197,0.1944,0.5119
MOD13Q1_061__250m_16_days_NDVI_doy2015097000000_aid0008,_250m_16_days_NDVI,aid0008,2015-04-07,1727037.0,-0.2,0.9318,"(-0.2,0.9318)",0.4861768,0.1383128,0.0191304,0.5839,0.8879,0.477,0.0772,0.3812
MOD13Q1_061__250m_16_days_NDVI_doy2015113000000_aid0008,_250m_16_days_NDVI,aid0008,2015-04-23,1727081.0,-0.2,0.9002,"(-0.2,0.9002)",0.4473531,0.1365699,0.0186513,0.5411,0.8414,0.4249,0.0406,0.3409
MOD13Q1_061__250m_16_days_NDVI_doy2015129000000_aid0008,_250m_16_days_NDVI,aid0008,2015-05-09,1726765.0,-0.2,0.9063,"(-0.2,0.9063)",0.4132854,0.1283224,0.0164666,0.4932,0.759,0.3873,0.0502,0.316
MOD13Q1_061__250m_16_days_NDVI_doy2015145000000_aid0008,_250m_16_days_NDVI,aid0008,2015-05-25,1726948.0,-0.2,0.9752,"(-0.2,0.9752)",0.4399601,0.1339695,0.0179478,0.5255,0.8084,0.4208,0.054,0.3369
MOD13Q1_061__250m_16_days_NDVI_doy2015161000000_aid0008,_250m_16_days_NDVI,aid0008,2015-06-10,1726861.0,-0.2,0.9108,"(-0.2,0.9108)",0.4078442,0.1276429,0.0162927,0.4832,0.7404,0.3819,0.0545,0.3117
MOD13Q1_061__250m_16_days_NDVI_doy2015177000000_aid0008,_250m_16_days_NDVI,aid0008,2015-06-26,1726332.0,-0.2,0.9105,"(-0.2,0.9105)",0.3807424,0.1093802,0.011964,0.4368,0.6363,0.3572,0.1043,0.3038
MOD13Q1_061__250m_16_days_NDVI_doy2015193000000_aid0008,_250m_16_days_NDVI,aid0008,2015-07-12,1725704.0,-0.2,0.8956,"(-0.2,0.8956)",0.3614544,0.1066057,0.0113648,0.4123,0.5993,0.3381,0.1006,0.2876
MOD13Q1_061__250m_16_days_NDVI_doy2015209000000_aid0008,_250m_16_days_NDVI,aid0008,2015-07-28,1727435.0,-0.2,0.9922,"(-0.2,0.9922)",0.3584633,0.106182,0.0112746,0.4112,0.6023,0.3345,0.0927,0.2838
MOD13Q1_061__250m_16_days_NDVI_doy2015225000000_aid0008,_250m_16_days_NDVI,aid0008,2015-08-13,1726419.0,-0.2,0.9683,"(-0.2,0.9683)",0.4053567,0.1445283,0.0208884,0.4851,0.7695,0.3724,0.0111,0.2955
MOD13Q1_061__250m_16_days_NDVI_doy2015241000000_aid0008,_250m_16_days_NDVI,aid0008,2015-08-29,1726127.0,-0.2,0.9546,"(-0.2,0.9546)",0.4077547,0.1548188,0.0239689,0.4932,0.801,0.367,-0.0197,0.288
MOD13Q1_061__250m_16_days_NDVI_doy2015257000000_aid0008,_250m_16_days_NDVI,aid0008,2015-09-14,1726595.0,-0.2,0.9967,"(-0.2,0.9967)",0.3901917,0.1435093,0.0205949,0.4654,0.7414,0.3514,0.0055,0.2814
MOD13Q1_061__250m_16_days_NDVI_doy2015273000000_aid0008,_250m_16_days_NDVI,aid0008,2015-09-30,1727501.0,-0.2,0.9583,"(-0.2,0.9583)",0.4033776,0.1576193,0.0248438,0.4928,0.8142,0.3651,-0.0428,0.2785
MOD13Q1_061__250m_16_days_NDVI_doy2015289000000_aid0008,_250m_16_days_NDVI,aid0008,2015-10-16,1726702.0,-0.2,0.9953,"(-0.2,0.9953)",0.4121406,0.1624903,0.0264031,0.5144,0.8684,0.3708,-0.0756,0.2784
MOD13Q1_061__250m_16_days_NDVI_doy2015305000000_aid0008,_250m_16_days_NDVI,aid0008,2015-11-01,1727180.0,-0.2,0.9995,"(-0.2,0.9995)",0.4284523,0.1605157,0.0257653,0.5449,0.9281,0.3974,-0.0942,0.2892
MOD13Q1_061__250m_16_days_NDVI_doy2015321000000_aid0008,_250m_16_days_NDVI,aid0008,2015-11-17,1727311.0,-0.2,0.9832,"(-0.2,0.9832)",0.4382367,0.1528313,0.0233574,0.5515,0.913,0.4142,-0.0514,0.3103
MOD13Q1_061__250m_16_days_NDVI_doy2015337000000_aid0008,_250m_16_days_NDVI,aid0008,2015-12-03,1727198.0,-0.2,0.9781,"(-0.2,0.9781)",0.45652,0.1589259,0.0252575,0.5706,0.9379,0.4337,-0.0421,0.3255
MOD13Q1_061__250m_16_days_NDVI_doy2015353000000_aid0008,_250m_16_days_NDVI,aid0008,2015-12-19,1727207.0,-0.2,0.9918,"(-0.2,0.9918)",0.5617881,0.170948,0.0292232,0.6836,0.9918,0.559,0.0619,0.4349
MOD13Q1_061__250m_16_days_NDVI_doy2007353000000_aid0009,_250m_16_days_NDVI,aid0009,2007-12-19,2015813.0,-0.1973,0.9823,"(-0.1973,0.9823)",0.4470004,0.1225283,0.0150132,0.5108,0.7334,0.4289,0.1398,0.3624
MOD13Q1_061__250m_16_days_NDVI_doy2008001000000_aid0009,_250m_16_days_NDVI,aid0009,2008-01-01,2015776.0,-0.2,0.9505,"(-0.2,0.9505)",0.4661477,0.1335425,0.0178336,0.5318,0.767,0.4419,0.1398,0.375
MOD13Q1_061__250m_16_days_NDVI_doy2008017000000_aid0009,_250m_16_days_NDVI,aid0009,2008-01-17,2015543.0,-0.2,0.9881,"(-0.2,0.9881)",0.5168947,0.1450213,0.0210312,0.6016,0.881,0.4918,0.1359,0.4153
MOD13Q1_061__250m_16_days_NDVI_doy2008033000000_aid0009,_250m_16_days_NDVI,aid0009,2008-02-02,2014823.0,-0.1995,0.9976,"(-0.1995,0.9976)",0.5774395,0.1426576,0.0203512,0.6611,0.9365,0.5543,0.2021,0.4775
MOD13Q1_061__250m_16_days_NDVI_doy2008049000000_aid0009,_250m_16_days_NDVI,aid0009,2008-02-18,2014118.0,-0.1995,0.9958,"(-0.1995,0.9958)",0.6216374,0.1384392,0.0191654,0.7094,0.9912,0.6086,0.2379,0.5208
MOD13Q1_061__250m_16_days_NDVI_doy2008065000000_aid0009,_250m_16_days_NDVI,aid0009,2008-03-05,2014279.0,-0.1986,0.9952,"(-0.1986,0.9952)",0.6030398,0.1298043,0.0168492,0.6862,0.9476,0.5903,0.2505,0.5119
MOD13Q1_061__250m_16_days_NDVI_doy2008081000000_aid0009,_250m_16_days_NDVI,aid0009,2008-03-21,2014048.0,-0.2,0.9902,"(-0.2,0.9902)",0.5531398,0.1166511,0.0136075,0.6278,0.8627,0.5444,0.2363,0.4712
MOD13Q1_061__250m_16_days_NDVI_doy2008097000000_aid0009,_250m_16_days_NDVI,aid0009,2008-04-06,2013855.0,-0.2,0.9147,"(-0.2,0.9147)",0.5060215,0.1109264,0.0123047,0.5799,0.8005,0.4996,0.2122,0.4328
MOD13Q1_061__250m_16_days_NDVI_doy2008113000000_aid0009,_250m_16_days_NDVI,aid0009,2008-04-22,2014240.0,-0.2,0.9349,"(-0.2,0.9349)",0.411309,0.0992815,0.0098568,0.4773,0.6858,0.4018,0.1298,0.3383
MOD13Q1_061__250m_16_days_NDVI_doy2008129000000_aid0009,_250m_16_days_NDVI,aid0009,2008-05-08,2014608.0,-0.2,0.8922,"(-0.2,0.8922)",0.3792471,0.0923822,0.0085345,0.4362,0.6183,0.3675,0.1327,0.3148
MOD13Q1_061__250m_16_days_NDVI_doy2008145000000_aid0009,_250m_16_days_NDVI,aid0009,2008-05-24,2014477.0,-0.2,0.888,"(-0.2,0.888)",0.3778211,0.0864018,0.0074653,0.4299,0.5973,0.3685,0.1509,0.3183
MOD13Q1_061__250m_16_days_NDVI_doy2008161000000_aid0009,_250m_16_days_NDVI,aid0009,2008-06-09,2014613.0,-0.2,0.9759,"(-0.2,0.9759)",0.3440471,0.0817119,0.0066768,0.3892,0.5411,0.3327,0.136,0.2879
MOD13Q1_061__250m_16_days_NDVI_doy2008177000000_aid0009,_250m_16_days_NDVI,aid0009,2008-06-25,2014638.0,-0.2,0.9039,"(-0.2,0.9039)",0.3245443,0.0800757,0.0064121,0.3666,0.5122,0.3133,0.1239,0.2695
MOD13Q1_061__250m_16_days_NDVI_doy2008193000000_aid0009,_250m_16_days_NDVI,aid0009,2008-07-11,2014753.0,-0.2,0.913,"(-0.2,0.913)",0.3134108,0.079172,0.0062682,0.3497,0.482,0.3015,0.1292,0.2615
MOD13Q1_061__250m_16_days_NDVI_doy2008209000000_aid0009,_250m_16_days_NDVI,aid0009,2008-07-27,2014890.0,-0.2,0.945,"(-0.2,0.945)",0.3078698,0.074309,0.0055218,0.3399,0.4578,0.2965,0.1434,0.2613
MOD13Q1_061__250m_16_days_NDVI_doy2008225000000_aid0009,_250m_16_days_NDVI,aid0009,2008-08-12,2015201.0,-0.1993,0.9117,"(-0.1993,0.9117)",0.3009765,0.0727505,0.0052926,0.3325,0.4481,0.2902,0.1398,0.2554
MOD13Q1_061__250m_16_days_NDVI_doy2008241000000_aid0009,_250m_16_days_NDVI,aid0009,2008-08-28,2015578.0,-0.2,0.8834,"(-0.2,0.8834)",0.2901353,0.0663173,0.004398,0.3177,0.4198,0.2803,0.1475,0.2496
MOD13Q1_061__250m_16_days_NDVI_doy2008257000000_aid0009,_250m_16_days_NDVI,aid0009,2008-09-13,2015207.0,-0.2,0.9099,"(-0.2,0.9099)",0.2921613,0.0667987,0.0044621,0.3173,0.4142,0.2813,0.1558,0.2527
MOD13Q1_061__250m_16_days_NDVI_doy2008273000000_aid0009,_250m_16_days_NDVI,aid0009,2008-09-29,2015316.0,-0.1982,0.946,"(-0.1982,0.946)",0.3244013,0.0779213,0.0060717,0.3589,0.4826,0.3149,0.1527,0.2764
MOD13Q1_061__250m_16_days_NDVI_doy2008289000000_aid0009,_250m_16_days_NDVI,aid0009,2008-10-15,2015604.0,-0.2,0.9749,"(-0.2,0.9749)",0.3453371,0.0891263,0.0079435,0.3894,0.5445,0.3325,0.1309,0.286
MOD13Q1_061__250m_16_days_NDVI_doy2008305000000_aid0009,_250m_16_days_NDVI,aid0009,2008-10-31,2015619.0,-0.2,0.9417,"(-0.2,0.9417)",0.3714564,0.0959959,0.0092152,0.4273,0.6098,0.3593,0.1231,0.3056
MOD13Q1_061__250m_16_days_NDVI_doy2008321000000_aid0009,_250m_16_days_NDVI,aid0009,2008-11-16,2015662.0,-0.2,0.8669,"(-0.2,0.8669)",0.3640565,0.0984412,0.0096907,0.4235,0.6204,0.3496,0.0953,0.2922
MOD13Q1_061__250m_16_days_NDVI_doy2008337000000_aid0009,_250m_16_days_NDVI,aid0009,2008-12-02,2015017.0,-0.2,0.9995,"(-0.2,0.9995)",0.4511776,0.1242879,0.0154475,0.535,0.7987,0.4454,0.0955,0.3592
MOD13Q1_061__250m_16_days_NDVI_doy2008353000000_aid0009,_250m_16_days_NDVI,aid0009,2008-12-18,2014630.0,-0.2,0.9775,"(-0.2,0.9775)",0.5251108,0.1339294,0.0179371,0.6196,0.9026,0.5207,0.1479,0.4309
MOD13Q1_061__250m_16_days_NDVI_doy2009001000000_aid0009,_250m_16_days_NDVI,aid0009,2009-01-01,2014216.0,-0.2,0.9842,"(-0.2,0.9842)",0.56051,0.13309,0.017713,0.6519,0.931,0.5535,0.1867,0.4658
MOD13Q1_061__250m_16_days_NDVI_doy2009017000000_aid0009,_250m_16_days_NDVI,aid0009,2009-01-17,2014863.0,-0.1996,0.9505,"(-0.1996,0.9505)",0.5274953,0.1450455,0.0210382,0.622,0.9272,0.5133,0.1133,0.4185
MOD13Q1_061__250m_16_days_NDVI_doy2009033000000_aid0009,_250m_16_days_NDVI,aid0009,2009-02-02,2015764.0,-0.2,0.9903,"(-0.2,0.9903)",0.5334097,0.1573542,0.0247603,0.6298,0.9524,0.5152,0.0896,0.4137
MOD13Q1_061__250m_16_days_NDVI_doy2009049000000_aid0009,_250m_16_days_NDVI,aid0009,2009-02-18,2015350.0,-0.2,0.9538,"(-0.2,0.9538)",0.5503464,0.1535761,0.0235856,0.6326,0.9161,0.5291,0.1601,0.4436
MOD13Q1_061__250m_16_days_NDVI_doy2009065000000_aid0009,_250m_16_days_NDVI,aid0009,2009-03-06,2015624.0,-0.2,0.9901,"(-0.2,0.9901)",0.529475,0.1445921,0.0209069,0.6038,0.8589,0.5089,0.1787,0.4337
MOD13Q1_061__250m_16_days_NDVI_doy2009081000000_aid0009,_250m_16_days_NDVI,aid0009,2009-03-22,2015579.0,-0.2,0.9506,"(-0.2,0.9506)",0.4671309,0.1175814,0.0138254,0.5332,0.7555,0.4581,0.1627,0.385
MOD13Q1_061__250m_16_days_NDVI_doy2009097000000_aid0009,_250m_16_days_NDVI,aid0009,2009-04-07,2015699.0,-0.1997,0.9992,"(-0.1997,0.9992)",0.406683,0.0989704,0.0097951,0.4682,0.669,0.3967,0.1335,0.3343
MOD13Q1_061__250m_16_days_NDVI_doy2009113000000_aid0009,_250m_16_days_NDVI,aid0009,2009-04-23,2015682.0,-0.2,0.9536,"(-0.2,0.9536)",0.3731067,0.0930825,0.0086644,0.4315,0.6241,0.3592,0.1106,0.3031
MOD13Q1_061__250m_16_days_NDVI_doy2009129000000_aid0009,_250m_16_days_NDVI,aid0009,2009-05-09,2015950.0,-0.1986,0.9229,"(-0.1986,0.9229)",0.3434656,0.080307,0.0064492,0.3915,0.5512,0.3309,0.1255,0.285
MOD13Q1_061__250m_16_days_NDVI_doy2009145000000_aid0009,_250m_16_days_NDVI,aid0009,2009-05-25,2015619.0,-0.2,0.9835,"(-0.2,0.9835)",0.3446191,0.0920484,0.0084729,0.4027,0.5939,0.3268,0.084,0.2752
MOD13Q1_061__250m_16_days_NDVI_doy2009161000000_aid0009,_250m_16_days_NDVI,aid0009,2009-06-10,2015622.0,-0.2,0.8974,"(-0.2,0.8974)",0.3208658,0.0823622,0.0067835,0.3702,0.5355,0.3063,0.0947,0.26
MOD13Q1_061__250m_16_days_NDVI_doy2009177000000_aid0009,_250m_16_days_NDVI,aid0009,2009-06-26,2015587.0,-0.2,0.8886,"(-0.2,0.8886)",0.3026678,0.0754544,0.0056934,0.3469,0.4958,0.2863,0.0987,0.2476
MOD13Q1_061__250m_16_days_NDVI_doy2009193000000_aid0009,_250m_16_days_NDVI,aid0009,2009-07-12,2015545.0,-0.2,0.9699,"(-0.2,0.9699)",0.2841002,0.0687917,0.0047323,0.3229,0.4546,0.2678,0.1034,0.2351
MOD13Q1_061__250m_16_days_NDVI_doy2009209000000_aid0009,_250m_16_days_NDVI,aid0009,2009-07-28,2015563.0,-0.2,0.8832,"(-0.2,0.8832)",0.2670594,0.0613408,0.0037627,0.2998,0.4129,0.2532,0.1113,0.2244
MOD13Q1_061__250m_16_days_NDVI_doy2009225000000_aid0009,_250m_16_days_NDVI,aid0009,2009-08-13,2015723.0,-0.1937,0.8773,"(-0.1937,0.8773)",0.2537318,0.0541284,0.0029299,0.2813,0.3767,0.2425,0.1223,0.2177
MOD13Q1_061__250m_16_days_NDVI_doy2009241000000_aid0009,_250m_16_days_NDVI,aid0009,2009-08-29,2015607.0,-0.2,0.8839,"(-0.2,0.8839)",0.2571141,0.0546119,0.0029825,0.2828,0.3749,0.2475,0.1293,0.2214
MOD13Q1_061__250m_16_days_NDVI_doy2009257000000_aid0009,_250m_16_days_NDVI,aid0009,2009-09-14,2015634.0,-0.1992,0.8966,"(-0.1992,0.8966)",0.250349,0.0589765,0.0034782,0.28,0.385,0.2396,0.105,0.21
MOD13Q1_061__250m_16_days_NDVI_doy2009273000000_aid0009,_250m_16_days_NDVI,aid0009,2009-09-30,2015709.0,-0.1991,0.8987,"(-0.1991,0.8987)",0.2444488,0.0595548,0.0035468,0.2705,0.368,0.2337,0.108,0.2055
MOD13Q1_061__250m_16_days_NDVI_doy2009289000000_aid0009,_250m_16_days_NDVI,aid0009,2009-10-16,2015883.0,-0.1984,0.8877,"(-0.1984,0.8877)",0.2519382,0.0661782,0.0043796,0.2796,0.3859,0.2386,0.1024,0.2087
MOD13Q1_061__250m_16_days_NDVI_doy2009305000000_aid0009,_250m_16_days_NDVI,aid0009,2009-11-01,2015764.0,-0.2,0.8863,"(-0.2,0.8863)",0.2642353,0.0743562,0.0055288,0.2956,0.4165,0.2489,0.0941,0.215
MOD13Q1_061__250m_16_days_NDVI_doy2009321000000_aid0009,_250m_16_days_NDVI,aid0009,2009-11-17,2015936.0,-0.1991,0.89,"(-0.1991,0.89)",0.3031851,0.0935283,0.0087475,0.3486,0.5163,0.2827,0.0691,0.2368
MOD13Q1_061__250m_16_days_NDVI_doy2009337000000_aid0009,_250m_16_days_NDVI,aid0009,2009-12-03,2015570.0,-0.1988,0.9716,"(-0.1988,0.9716)",0.3799652,0.1284869,0.0165089,0.4584,0.7224,0.358,0.0187,0.2824
MOD13Q1_061__250m_16_days_NDVI_doy2009353000000_aid0009,_250m_16_days_NDVI,aid0009,2009-12-19,2015551.0,-0.2,0.9818,"(-0.2,0.9818)",0.5063913,0.1428438,0.0204044,0.6052,0.9098,0.5,0.0975,0.4021
MOD13Q1_061__250m_16_days_NDVI_doy2010001000000_aid0009,_250m_16_days_NDVI,aid0009,2010-01-01,2015134.0,-0.2,0.9888,"(-0.2,0.9888)",0.5319489,0.134596,0.0181161,0.6213,0.8923,0.5284,0.1696,0.4406
MOD13Q1_061__250m_16_days_NDVI_doy2010017000000_aid0009,_250m_16_days_NDVI,aid0009,2010-01-17,2015287.0,-0.2,0.9601,"(-0.2,0.9601)",0.5026916,0.1233899,0.0152251,0.5738,0.8004,0.4971,0.1961,0.4227
MOD13Q1_061__250m_16_days_NDVI_doy2010033000000_aid0009,_250m_16_days_NDVI,aid0009,2010-02-02,2015058.0,-0.1996,0.9607,"(-0.1996,0.9607)",0.5350096,0.1325868,0.0175793,0.6095,0.8507,0.5265,0.2075,0.4487
MOD13Q1_061__250m_16_days_NDVI_doy2010049000000_aid0009,_250m_16_days_NDVI,aid0009,2010-02-18,2015398.0,-0.2,0.9993,"(-0.2,0.9993)",0.5891401,0.1416748,0.0200717,0.6729,0.9343,0.5771,0.2372,0.4986
MOD13Q1_061__250m_16_days_NDVI_doy2010065000000_aid0009,_250m_16_days_NDVI,aid0009,2010-03-06,2015112.0,-0.2,0.9967,"(-0.2,0.9967)",0.5777769,0.1417049,0.0200803,0.6585,0.9145,0.5629,0.2318,0.4878
MOD13Q1_061__250m_16_days_NDVI_doy2010081000000_aid0009,_250m_16_days_NDVI,aid0009,2010-03-22,2014863.0,-0.2,0.9698,"(-0.2,0.9698)",0.5370421,0.1317207,0.0173503,0.6131,0.8538,0.5278,0.2119,0.4526
MOD13Q1_061__250m_16_days_NDVI_doy2010097000000_aid0009,_250m_16_days_NDVI,aid0009,2010-04-07,2015380.0,-0.1997,0.9742,"(-0.1997,0.9742)",0.4715073,0.1097181,0.0120381,0.5361,0.7417,0.4675,0.1934,0.399
MOD13Q1_061__250m_16_days_NDVI_doy2010113000000_aid0009,_250m_16_days_NDVI,aid0009,2010-04-23,2015362.0,-0.1985,0.9295,"(-0.1985,0.9295)",0.4101433,0.1013432,0.0102704,0.4684,0.6605,0.4026,0.1483,0.3403
MOD13Q1_061__250m_16_days_NDVI_doy2010129000000_aid0009,_250m_16_days_NDVI,aid0009,2010-05-09,2015503.0,-0.2,0.905,"(-0.2,0.905)",0.3754217,0.0967329,0.0093572,0.4307,0.617,0.3628,0.1202,0.3065
MOD13Q1_061__250m_16_days_NDVI_doy2010145000000_aid0009,_250m_16_days_NDVI,aid0009,2010-05-25,2014730.0,-0.1976,0.9964,"(-0.1976,0.9964)",0.365792,0.0940416,0.0088438,0.4226,0.611,0.3524,0.1086,0.297
MOD13Q1_061__250m_16_days_NDVI_doy2010161000000_aid0009,_250m_16_days_NDVI,aid0009,2010-06-10,2014887.0,-0.2,0.9956,"(-0.2,0.9956)",0.3445073,0.0926671,0.0085872,0.3995,0.5814,0.328,0.0963,0.2782
MOD13Q1_061__250m_16_days_NDVI_doy2010177000000_aid0009,_250m_16_days_NDVI,aid0009,2010-06-26,2015463.0,-0.2,0.9118,"(-0.2,0.9118)",0.3279879,0.0845483,0.0071484,0.3761,0.537,0.3117,0.1079,0.2688
MOD13Q1_061__250m_16_days_NDVI_doy2010193000000_aid0009,_250m_16_days_NDVI,aid0009,2010-07-12,2015122.0,-0.2,0.9236,"(-0.2,0.9236)",0.3057614,0.0785562,0.0061711,0.3482,0.4937,0.291,0.1057,0.2512
MOD13Q1_061__250m_16_days_NDVI_doy2010209000000_aid0009,_250m_16_days_NDVI,aid0009,2010-07-28,2015116.0,-0.2,0.9753,"(-0.2,0.9753)",0.2832982,0.0684826,0.0046899,0.321,0.4491,0.269,0.1075,0.2356
MOD13Q1_061__250m_16_days_NDVI_doy2010225000000_aid0009,_250m_16_days_NDVI,aid0009,2010-08-13,2015605.0,-0.2,0.8145,"(-0.2,0.8145)",0.2629347,0.0594968,0.0035399,0.2931,0.3976,0.2495,0.1189,0.2234
MOD13Q1_061__250m_16_days_NDVI_doy2010241000000_aid0009,_250m_16_days_NDVI,aid0009,2010-08-29,2015542.0,-0.2,0.9103,"(-0.2,0.9103)",0.2645422,0.0593974,0.003528,0.2932,0.3934,0.2535,0.1262,0.2264
MOD13Q1_061__250m_16_days_NDVI_doy2010257000000_aid0009,_250m_16_days_NDVI,aid0009,2010-09-14,2015526.0,-0.2,0.9283,"(-0.2,0.9283)",0.2818308,0.0700081,0.0049011,0.3142,0.4318,0.271,0.1182,0.2358
MOD13Q1_061__250m_16_days_NDVI_doy2010273000000_aid0009,_250m_16_days_NDVI,aid0009,2010-09-30,2015423.0,-0.2,0.9167,"(-0.2,0.9167)",0.3089892,0.0812389,0.0065998,0.3452,0.4766,0.296,0.1263,0.2576
MOD13Q1_061__250m_16_days_NDVI_doy2010289000000_aid0009,_250m_16_days_NDVI,aid0009,2010-10-16,2015387.0,-0.2,0.9294,"(-0.2,0.9294)",0.373877,0.1054778,0.0111256,0.431,0.6207,0.3598,0.1148,0.3045
MOD13Q1_061__250m_16_days_NDVI_doy2010305000000_aid0009,_250m_16_days_NDVI,aid0009,2010-11-01,2015767.0,-0.1961,0.9476,"(-0.1961,0.9476)",0.3751238,0.1078036,0.0116216,0.4321,0.6238,0.3629,0.1126,0.3043
MOD13Q1_061__250m_16_days_NDVI_doy2010321000000_aid0009,_250m_16_days_NDVI,aid0009,2010-11-17,2015714.0,-0.1991,0.981,"(-0.1991,0.981)",0.4025043,0.1096511,0.0120234,0.4628,0.6633,0.3881,0.1286,0.3291
MOD13Q1_061__250m_16_days_NDVI_doy2010337000000_aid0009,_250m_16_days_NDVI,aid0009,2010-12-03,2015766.0,-0.1996,0.9798,"(-0.1996,0.9798)",0.4253879,0.123372,0.0152206,0.4996,0.742,0.4118,0.0956,0.338
MOD13Q1_061__250m_16_days_NDVI_doy2010353000000_aid0009,_250m_16_days_NDVI,aid0009,2010-12-19,2015821.0,-0.2,0.9882,"(-0.2,0.9882)",0.4166497,0.1403466,0.0196972,0.4943,0.7649,0.3884,0.0433,0.3139
MOD13Q1_061__250m_16_days_NDVI_doy2011001000000_aid0009,_250m_16_days_NDVI,aid0009,2011-01-01,2015279.0,-0.2,0.9831,"(-0.2,0.9831)",0.4688341,0.146497,0.0214614,0.5546,0.8483,0.4433,0.0651,0.3588
MOD13Q1_061__250m_16_days_NDVI_doy2011017000000_aid0009,_250m_16_days_NDVI,aid0009,2011-01-17,2015817.0,-0.1993,0.9904,"(-0.1993,0.9904)",0.470312,0.1504341,0.0226304,0.5509,0.8372,0.4401,0.0737,0.36
MOD13Q1_061__250m_16_days_NDVI_doy2011033000000_aid0009,_250m_16_days_NDVI,aid0009,2011-02-02,2015731.0,-0.1996,0.999,"(-0.1996,0.999)",0.5204831,0.1573446,0.0247573,0.6107,0.9155,0.4931,0.1027,0.4075
MOD13Q1_061__250m_16_days_NDVI_doy2011049000000_aid0009,_250m_16_days_NDVI,aid0009,2011-02-18,2015407.0,-0.1985,0.9939,"(-0.1985,0.9939)",0.5563485,0.1547107,0.0239354,0.6534,0.9671,0.5337,0.1298,0.4439
MOD13Q1_061__250m_16_days_NDVI_doy2011065000000_aid0009,_250m_16_days_NDVI,aid0009,2011-03-06,2015244.0,-0.1999,0.9981,"(-0.1999,0.9981)",0.5484211,0.139101,0.0193491,0.6302,0.8949,0.5296,0.189,0.4537
MOD13Q1_061__250m_16_days_NDVI_doy2011081000000_aid0009,_250m_16_days_NDVI,aid0009,2011-03-22,2015784.0,-0.2,0.9946,"(-0.2,0.9946)",0.5092168,0.1195278,0.0142869,0.5824,0.8077,0.5012,0.2069,0.4322
MOD13Q1_061__250m_16_days_NDVI_doy2011097000000_aid0009,_250m_16_days_NDVI,aid0009,2011-04-07,2015787.0,-0.2,0.9079,"(-0.2,0.9079)",0.4506303,0.1099574,0.0120906,0.5181,0.7345,0.4416,0.1574,0.3738
MOD13Q1_061__250m_16_days_NDVI_doy2011113000000_aid0009,_250m_16_days_NDVI,aid0009,2011-04-23,2015624.0,-0.1991,0.9392,"(-0.1991,0.9392)",0.4008485,0.1011575,0.0102328,0.4649,0.6711,0.3887,0.1212,0.3274
MOD13Q1_061__250m_16_days_NDVI_doy2011129000000_aid0009,_250m_16_days_NDVI,aid0009,2011-05-09,2015271.0,-0.2,0.9842,"(-0.2,0.9842)",0.365942,0.103064,0.0106222,0.4285,0.6358,0.3547,0.083,0.2903
MOD13Q1_061__250m_16_days_NDVI_doy2011145000000_aid0009,_250m_16_days_NDVI,aid0009,2011-05-25,2015001.0,-0.1992,0.9178,"(-0.1992,0.9178)",0.3694939,0.1037994,0.0107743,0.4325,0.6393,0.3567,0.0878,0.2946
MOD13Q1_061__250m_16_days_NDVI_doy2011161000000_aid0009,_250m_16_days_NDVI,aid0009,2011-06-10,2015305.0,-0.1986,0.8964,"(-0.1986,0.8964)",0.3322154,0.0942342,0.0088801,0.3896,0.5816,0.3181,0.0696,0.2616
MOD13Q1_061__250m_16_days_NDVI_doy2011177000000_aid0009,_250m_16_days_NDVI,aid0009,2011-06-26,2015330.0,-0.1994,0.9385,"(-0.1994,0.9385)",0.3172535,0.0854156,0.0072958,0.3672,0.5356,0.3041,0.0865,0.2549
MOD13Q1_061__250m_16_days_NDVI_doy2011193000000_aid0009,_250m_16_days_NDVI,aid0009,2011-07-12,2015354.0,-0.2,0.885,"(-0.2,0.885)",0.3021961,0.0760668,0.0057862,0.3429,0.484,0.2888,0.1077,0.2488
MOD13Q1_061__250m_16_days_NDVI_doy2011209000000_aid0009,_250m_16_days_NDVI,aid0009,2011-07-28,2015446.0,-0.2,0.856,"(-0.2,0.856)",0.2845629,0.0693204,0.0048053,0.3207,0.447,0.2732,0.1102,0.2365
MOD13Q1_061__250m_16_days_NDVI_doy2011225000000_aid0009,_250m_16_days_NDVI,aid0009,2011-08-13,2015611.0,-0.2,0.878,"(-0.2,0.878)",0.2874656,0.0702055,0.0049288,0.3212,0.4425,0.275,0.119,0.2403
MOD13Q1_061__250m_16_days_NDVI_doy2011241000000_aid0009,_250m_16_days_NDVI,aid0009,2011-08-29,2015811.0,-0.2,0.8648,"(-0.2,0.8648)",0.2589323,0.0576032,0.0033181,0.2855,0.3813,0.2489,0.1258,0.2216
MOD13Q1_061__250m_16_days_NDVI_doy2011257000000_aid0009,_250m_16_days_NDVI,aid0009,2011-09-14,2015745.0,-0.1984,0.9404,"(-0.1984,0.9404)",0.2760513,0.0622905,0.0038801,0.3018,0.3973,0.2646,0.1426,0.2381
MOD13Q1_061__250m_16_days_NDVI_doy2011273000000_aid0009,_250m_16_days_NDVI,aid0009,2011-09-30,2015690.0,-0.2,0.93,"(-0.2,0.93)",0.3114886,0.0859981,0.0073957,0.3461,0.4809,0.2956,0.1214,0.2562
MOD13Q1_061__250m_16_days_NDVI_doy2011289000000_aid0009,_250m_16_days_NDVI,aid0009,2011-10-16,2015451.0,-0.2,0.9239,"(-0.2,0.9239)",0.347478,0.1016265,0.0103279,0.3969,0.5758,0.3353,0.0987,0.2776
MOD13Q1_061__250m_16_days_NDVI_doy2011305000000_aid0009,_250m_16_days_NDVI,aid0009,2011-11-01,2015209.0,-0.1993,0.8991,"(-0.1993,0.8991)",0.3791217,0.1092257,0.0119303,0.4407,0.6504,0.3723,0.0912,0.3009
MOD13Q1_061__250m_16_days_NDVI_doy2011321000000_aid0009,_250m_16_days_NDVI,aid0009,2011-11-17,2015569.0,-0.2,0.9804,"(-0.2,0.9804)",0.4242705,0.1138608,0.0129643,0.496,0.715,0.4169,0.131,0.35
MOD13Q1_061__250m_16_days_NDVI_doy2011337000000_aid0009,_250m_16_days_NDVI,aid0009,2011-12-03,2015654.0,-0.1995,0.9877,"(-0.1995,0.9877)",0.4292051,0.1185821,0.0140617,0.5022,0.7305,0.4132,0.1217,0.35
MOD13Q1_061__250m_16_days_NDVI_doy2011353000000_aid0009,_250m_16_days_NDVI,aid0009,2011-12-19,2015877.0,-0.1991,0.9832,"(-0.1991,0.9832)",0.3972436,0.1133124,0.0128397,0.459,0.6684,0.377,0.11,0.3194
MOD13Q1_061__250m_16_days_NDVI_doy2012001000000_aid0009,_250m_16_days_NDVI,aid0009,2012-01-01,2015912.0,-0.1893,0.9919,"(-0.1893,0.9919)",0.3953044,0.1156209,0.0133682,0.4576,0.6716,0.3747,0.1009,0.3149
MOD13Q1_061__250m_16_days_NDVI_doy2012017000000_aid0009,_250m_16_days_NDVI,aid0009,2012-01-17,2015488.0,-0.1997,0.9875,"(-0.1997,0.9875)",0.4418194,0.1360733,0.0185159,0.514,0.7627,0.4176,0.0995,0.3482
MOD13Q1_061__250m_16_days_NDVI_doy2012033000000_aid0009,_250m_16_days_NDVI,aid0009,2012-02-02,2015176.0,-0.1998,0.9769,"(-0.1998,0.9769)",0.5165603,0.1430217,0.0204552,0.6024,0.879,0.4936,0.1414,0.418
MOD13Q1_061__250m_16_days_NDVI_doy2012049000000_aid0009,_250m_16_days_NDVI,aid0009,2012-02-18,2014969.0,-0.2,0.9949,"(-0.2,0.9949)",0.5743878,0.1425425,0.0203184,0.6651,0.9476,0.5559,0.1941,0.4767
MOD13Q1_061__250m_16_days_NDVI_doy2012065000000_aid0009,_250m_16_days_NDVI,aid0009,2012-03-05,2015486.0,-0.1993,0.9949,"(-0.1993,0.9949)",0.5671425,0.1381909,0.0190967,0.6564,0.9271,0.555,0.2052,0.4759
MOD13Q1_061__250m_16_days_NDVI_doy2012081000000_aid0009,_250m_16_days_NDVI,aid0009,2012-03-21,2015583.0,-0.2,0.916,"(-0.2,0.916)",0.4980323,0.1239739,0.0153695,0.5726,0.8096,0.4842,0.1776,0.4146
MOD13Q1_061__250m_16_days_NDVI_doy2012097000000_aid0009,_250m_16_days_NDVI,aid0009,2012-04-06,2015523.0,-0.2,0.9822,"(-0.2,0.9822)",0.460777,0.1170961,0.0137115,0.5358,0.772,0.4487,0.1421,0.3783
MOD13Q1_061__250m_16_days_NDVI_doy2012113000000_aid0009,_250m_16_days_NDVI,aid0009,2012-04-22,2015682.0,-0.1995,0.999,"(-0.1995,0.999)",0.4339264,0.1173724,0.0137763,0.513,0.7567,0.4234,0.1068,0.3505
MOD13Q1_061__250m_16_days_NDVI_doy2012129000000_aid0009,_250m_16_days_NDVI,aid0009,2012-05-08,2015472.0,-0.2,0.9237,"(-0.2,0.9237)",0.4180393,0.1140467,0.0130066,0.4888,0.7135,0.4028,0.1143,0.339
MOD13Q1_061__250m_16_days_NDVI_doy2012145000000_aid0009,_250m_16_days_NDVI,aid0009,2012-05-24,2015648.0,-0.1999,0.9439,"(-0.1999,0.9439)",0.4027856,0.1119318,0.0125287,0.4698,0.6871,0.3847,0.1076,0.3249
MOD13Q1_061__250m_16_days_NDVI_doy2012161000000_aid0009,_250m_16_days_NDVI,aid0009,2012-06-09,2015599.0,-0.2,0.8966,"(-0.2,0.8966)",0.3658192,0.0969383,0.009397,0.4249,0.6179,0.3479,0.1032,0.2962
MOD13Q1_061__250m_16_days_NDVI_doy2012177000000_aid0009,_250m_16_days_NDVI,aid0009,2012-06-25,2015633.0,-0.1984,0.9115,"(-0.1984,0.9115)",0.337691,0.0859699,0.0073908,0.3865,0.5503,0.3208,0.1135,0.2773
MOD13Q1_061__250m_16_days_NDVI_doy2012193000000_aid0009,_250m_16_days_NDVI,aid0009,2012-07-11,2015516.0,-0.2,0.9032,"(-0.2,0.9032)",0.318874,0.0783786,0.0061432,0.3598,0.5018,0.3037,0.1231,0.2651
MOD13Q1_061__250m_16_days_NDVI_doy2012209000000_aid0009,_250m_16_days_NDVI,aid0009,2012-07-27,2015808.0,-0.1991,0.9922,"(-0.1991,0.9922)",0.2950981,0.0689241,0.0047505,0.3318,0.4581,0.2826,0.1213,0.2476
MOD13Q1_061__250m_16_days_NDVI_doy2012225000000_aid0009,_250m_16_days_NDVI,aid0009,2012-08-12,2015545.0,-0.2,0.9068,"(-0.2,0.9068)",0.3052706,0.0784802,0.0061591,0.342,0.4756,0.2928,0.1193,0.2529
MOD13Q1_061__250m_16_days_NDVI_doy2012241000000_aid0009,_250m_16_days_NDVI,aid0009,2012-08-28,2015604.0,-0.2,0.9356,"(-0.2,0.9356)",0.3326085,0.0971773,0.0094434,0.3756,0.5373,0.3129,0.1061,0.2678
MOD13Q1_061__250m_16_days_NDVI_doy2012257000000_aid0009,_250m_16_days_NDVI,aid0009,2012-09-13,2015101.0,-0.2,0.9966,"(-0.2,0.9966)",0.3622532,0.1041126,0.0108394,0.4079,0.5763,0.3435,0.1272,0.2956
MOD13Q1_061__250m_16_days_NDVI_doy2012273000000_aid0009,_250m_16_days_NDVI,aid0009,2012-09-29,2015433.0,-0.2,0.9321,"(-0.2,0.9321)",0.3763984,0.1076928,0.0115977,0.432,0.6247,0.3621,0.1108,0.3035
MOD13Q1_061__250m_16_days_NDVI_doy2012289000000_aid0009,_250m_16_days_NDVI,aid0009,2012-10-15,2015275.0,-0.1993,0.9772,"(-0.1993,0.9772)",0.4221362,0.1215057,0.0147636,0.4921,0.7172,0.412,0.1169,0.342
MOD13Q1_061__250m_16_days_NDVI_doy2012305000000_aid0009,_250m_16_days_NDVI,aid0009,2012-10-31,2015450.0,-0.2,0.9483,"(-0.2,0.9483)",0.4263572,0.1319425,0.0174088,0.5056,0.7622,0.418,0.0779,0.3345
MOD13Q1_061__250m_16_days_NDVI_doy2012321000000_aid0009,_250m_16_days_NDVI,aid0009,2012-11-16,2015005.0,-0.2,0.9868,"(-0.2,0.9868)",0.4583854,0.1278334,0.0163414,0.5314,0.7667,0.4499,0.1392,0.3745
MOD13Q1_061__250m_16_days_NDVI_doy2012337000000_aid0009,_250m_16_days_NDVI,aid0009,2012-12-02,2015084.0,-0.1999,0.9974,"(-0.1999,0.9974)",0.4740807,0.1248139,0.0155785,0.5484,0.7818,0.4661,0.1594,0.3928
MOD13Q1_061__250m_16_days_NDVI_doy2012353000000_aid0009,_250m_16_days_NDVI,aid0009,2012-12-18,2015724.0,-0.199,0.9306,"(-0.199,0.9306)",0.4619531,0.1233188,0.0152075,0.5367,0.7789,0.4478,0.133,0.3752
MOD13Q1_061__250m_16_days_NDVI_doy2013001000000_aid0009,_250m_16_days_NDVI,aid0009,2013-01-01,2015772.0,-0.1994,0.9419,"(-0.1994,0.9419)",0.4669355,0.1288011,0.0165897,0.542,0.7905,0.4452,0.1278,0.3763
MOD13Q1_061__250m_16_days_NDVI_doy2013017000000_aid0009,_250m_16_days_NDVI,aid0009,2013-01-17,2015522.0,-0.1997,0.9606,"(-0.1997,0.9606)",0.502839,0.1500032,0.022501,0.5895,0.8832,0.4782,0.1,0.3937
MOD13Q1_061__250m_16_days_NDVI_doy2013033000000_aid0009,_250m_16_days_NDVI,aid0009,2013-02-02,2015314.0,-0.2,0.9715,"(-0.2,0.9715)",0.528908,0.1606901,0.0258213,0.6261,0.9481,0.502,0.0864,0.4102
MOD13Q1_061__250m_16_days_NDVI_doy2013049000000_aid0009,_250m_16_days_NDVI,aid0009,2013-02-18,2015700.0,-0.1988,0.9839,"(-0.1988,0.9839)",0.5180327,0.1630074,0.0265714,0.6179,0.954,0.4905,0.0552,0.3928
MOD13Q1_061__250m_16_days_NDVI_doy2013065000000_aid0009,_250m_16_days_NDVI,aid0009,2013-03-06,2015854.0,-0.2,0.9634,"(-0.2,0.9634)",0.4887492,0.1465526,0.0214777,0.5801,0.8877,0.4694,0.0675,0.375
MOD13Q1_061__250m_16_days_NDVI_doy2013081000000_aid0009,_250m_16_days_NDVI,aid0009,2013-03-22,2015528.0,-0.1981,0.9655,"(-0.1981,0.9655)",0.4636488,0.1272223,0.0161855,0.5447,0.812,0.4496,0.0992,0.3665
MOD13Q1_061__250m_16_days_NDVI_doy2013097000000_aid0009,_250m_16_days_NDVI,aid0009,2013-04-07,2014983.0,-0.2,0.9879,"(-0.2,0.9879)",0.4515869,0.1136081,0.0129068,0.5245,0.7547,0.4375,0.1408,0.371
MOD13Q1_061__250m_16_days_NDVI_doy2013113000000_aid0009,_250m_16_days_NDVI,aid0009,2013-04-23,2015086.0,-0.2,0.9573,"(-0.2,0.9573)",0.4410134,0.1094188,0.0119725,0.5107,0.7204,0.4342,0.1612,0.3709
MOD13Q1_061__250m_16_days_NDVI_doy2013129000000_aid0009,_250m_16_days_NDVI,aid0009,2013-05-09,2015015.0,-0.2,0.9987,"(-0.2,0.9987)",0.4296282,0.1087858,0.0118343,0.4992,0.7063,0.4245,0.154,0.3611
MOD13Q1_061__250m_16_days_NDVI_doy2013145000000_aid0009,_250m_16_days_NDVI,aid0009,2013-05-25,2015075.0,-0.2,0.9515,"(-0.2,0.9515)",0.385837,0.1022586,0.0104568,0.4527,0.6627,0.379,0.1027,0.3127
MOD13Q1_061__250m_16_days_NDVI_doy2013161000000_aid0009,_250m_16_days_NDVI,aid0009,2013-06-10,2015102.0,-0.1987,0.9893,"(-0.1987,0.9893)",0.3727293,0.0957935,0.0091764,0.4308,0.6192,0.3643,0.1168,0.3052
MOD13Q1_061__250m_16_days_NDVI_doy2013177000000_aid0009,_250m_16_days_NDVI,aid0009,2013-06-26,2015445.0,-0.2,0.9404,"(-0.2,0.9404)",0.3500445,0.0842924,0.0071052,0.4004,0.563,0.3435,0.1294,0.292
MOD13Q1_061__250m_16_days_NDVI_doy2013193000000_aid0009,_250m_16_days_NDVI,aid0009,2013-07-12,2015268.0,-0.2,0.9473,"(-0.2,0.9473)",0.3376516,0.0822349,0.0067626,0.3842,0.5387,0.3295,0.1267,0.2812
MOD13Q1_061__250m_16_days_NDVI_doy2013209000000_aid0009,_250m_16_days_NDVI,aid0009,2013-07-28,2015615.0,-0.2,0.955,"(-0.2,0.955)",0.3023544,0.0690685,0.0047705,0.3399,0.4648,0.2947,0.1317,0.2566
MOD13Q1_061__250m_16_days_NDVI_doy2013225000000_aid0009,_250m_16_days_NDVI,aid0009,2013-08-13,2015474.0,-0.2,0.8742,"(-0.2,0.8742)",0.3005371,0.0683016,0.0046651,0.335,0.4541,0.2914,0.1365,0.2556
MOD13Q1_061__250m_16_days_NDVI_doy2013241000000_aid0009,_250m_16_days_NDVI,aid0009,2013-08-29,2015626.0,-0.1992,0.8816,"(-0.1992,0.8816)",0.2783454,0.0586647,0.0034415,0.3058,0.4018,0.2698,0.1458,0.2418
MOD13Q1_061__250m_16_days_NDVI_doy2013257000000_aid0009,_250m_16_days_NDVI,aid0009,2013-09-14,2015580.0,-0.1994,0.911,"(-0.1994,0.911)",0.2801038,0.0604545,0.0036548,0.3054,0.3978,0.2718,0.1514,0.2438
MOD13Q1_061__250m_16_days_NDVI_doy2013273000000_aid0009,_250m_16_days_NDVI,aid0009,2013-09-30,2015745.0,-0.1987,0.9314,"(-0.1987,0.9314)",0.2818559,0.0617808,0.0038169,0.308,0.4037,0.2741,0.1485,0.2442
MOD13Q1_061__250m_16_days_NDVI_doy2013289000000_aid0009,_250m_16_days_NDVI,aid0009,2013-10-16,2015788.0,-0.1967,0.9117,"(-0.1967,0.9117)",0.3241519,0.0870482,0.0075774,0.3661,0.517,0.3149,0.1146,0.2655
MOD13Q1_061__250m_16_days_NDVI_doy2013305000000_aid0009,_250m_16_days_NDVI,aid0009,2013-11-01,2015539.0,-0.1997,0.9326,"(-0.1997,0.9326)",0.3818917,0.1114412,0.0124192,0.4437,0.6517,0.3703,0.097,0.305
MOD13Q1_061__250m_16_days_NDVI_doy2013321000000_aid0009,_250m_16_days_NDVI,aid0009,2013-11-17,2015880.0,-0.1992,0.9727,"(-0.1992,0.9727)",0.3894059,0.1145131,0.0131132,0.455,0.6752,0.3747,0.088,0.3082
MOD13Q1_061__250m_16_days_NDVI_doy2013337000000_aid0009,_250m_16_days_NDVI,aid0009,2013-12-03,2015756.0,-0.1996,0.9666,"(-0.1996,0.9666)",0.4035323,0.1115259,0.012438,0.4671,0.6772,0.3932,0.1169,0.327
MOD13Q1_061__250m_16_days_NDVI_doy2013353000000_aid0009,_250m_16_days_NDVI,aid0009,2013-12-19,2015874.0,-0.1968,0.9429,"(-0.1968,0.9429)",0.4332606,0.1166474,0.0136066,0.5007,0.7222,0.4183,0.1315,0.353
MOD13Q1_061__250m_16_days_NDVI_doy2014001000000_aid0009,_250m_16_days_NDVI,aid0009,2014-01-01,2015941.0,-0.2,0.9312,"(-0.2,0.9312)",0.4279491,0.135236,0.0182888,0.5067,0.7746,0.406,0.0602,0.3281
MOD13Q1_061__250m_16_days_NDVI_doy2014017000000_aid0009,_250m_16_days_NDVI,aid0009,2014-01-17,2015919.0,-0.199,0.986,"(-0.199,0.986)",0.441661,0.1517241,0.0230202,0.5229,0.8107,0.4129,0.0432,0.331
MOD13Q1_061__250m_16_days_NDVI_doy2014033000000_aid0009,_250m_16_days_NDVI,aid0009,2014-02-02,2015833.0,-0.197,0.9988,"(-0.197,0.9988)",0.4869815,0.1762969,0.0310806,0.5975,0.9649,0.46,-0.0145,0.3523
MOD13Q1_061__250m_16_days_NDVI_doy2014049000000_aid0009,_250m_16_days_NDVI,aid0009,2014-02-18,2014721.0,-0.2,0.9981,"(-0.2,0.9981)",0.5674575,0.1649255,0.0272004,0.6815,0.9981,0.5551,0.0878,0.444
MOD13Q1_061__250m_16_days_NDVI_doy2014065000000_aid0009,_250m_16_days_NDVI,aid0009,2014-03-06,2014749.0,-0.2,0.9928,"(-0.2,0.9928)",0.589938,0.1478032,0.0218458,0.6903,0.9928,0.5766,0.1737,0.4836
MOD13Q1_061__250m_16_days_NDVI_doy2014081000000_aid0009,_250m_16_days_NDVI,aid0009,2014-03-22,2015124.0,-0.1994,0.9855,"(-0.1994,0.9855)",0.5471071,0.1205269,0.0145267,0.624,0.8563,0.5375,0.2368,0.4691
MOD13Q1_061__250m_16_days_NDVI_doy2014097000000_aid0009,_250m_16_days_NDVI,aid0009,2014-04-07,2014745.0,-0.2,0.9797,"(-0.2,0.9797)",0.5309618,0.1133342,0.0128446,0.604,0.8201,0.5305,0.2438,0.4599
MOD13Q1_061__250m_16_days_NDVI_doy2014113000000_aid0009,_250m_16_days_NDVI,aid0009,2014-04-23,2014905.0,-0.1992,0.9629,"(-0.1992,0.9629)",0.4633084,0.1150539,0.0132374,0.5433,0.7803,0.4536,0.1484,0.3853
MOD13Q1_061__250m_16_days_NDVI_doy2014129000000_aid0009,_250m_16_days_NDVI,aid0009,2014-05-09,2014893.0,-0.2,0.9946,"(-0.2,0.9946)",0.4530933,0.1175194,0.0138108,0.5279,0.7542,0.4467,0.1507,0.377
MOD13Q1_061__250m_16_days_NDVI_doy2014145000000_aid0009,_250m_16_days_NDVI,aid0009,2014-05-25,2014939.0,-0.2,0.9653,"(-0.2,0.9653)",0.4304633,0.112471,0.0126497,0.5013,0.7212,0.4188,0.1348,0.3547
MOD13Q1_061__250m_16_days_NDVI_doy2014161000000_aid0009,_250m_16_days_NDVI,aid0009,2014-06-10,2015159.0,-0.2,0.942,"(-0.2,0.942)",0.4011777,0.1023167,0.0104687,0.4565,0.6416,0.3905,0.148,0.3331
MOD13Q1_061__250m_16_days_NDVI_doy2014177000000_aid0009,_250m_16_days_NDVI,aid0009,2014-06-26,2015005.0,-0.2,0.9251,"(-0.2,0.9251)",0.3941507,0.100527,0.0101057,0.4473,0.6276,0.3813,0.1468,0.3271
MOD13Q1_061__250m_16_days_NDVI_doy2014193000000_aid0009,_250m_16_days_NDVI,aid0009,2014-07-12,2015196.0,-0.2,0.9413,"(-0.2,0.9413)",0.3755279,0.0958054,0.0091787,0.4192,0.5776,0.3617,0.1552,0.3136
MOD13Q1_061__250m_16_days_NDVI_doy2014209000000_aid0009,_250m_16_days_NDVI,aid0009,2014-07-28,2015394.0,-0.2,0.9137,"(-0.2,0.9137)",0.3544517,0.0917594,0.0084198,0.3944,0.5432,0.3381,0.1464,0.2952
MOD13Q1_061__250m_16_days_NDVI_doy2014225000000_aid0009,_250m_16_days_NDVI,aid0009,2014-08-13,2015425.0,-0.2,0.9046,"(-0.2,0.9046)",0.3400689,0.0875869,0.0076715,0.376,0.5138,0.3234,0.1463,0.2841
MOD13Q1_061__250m_16_days_NDVI_doy2014241000000_aid0009,_250m_16_days_NDVI,aid0009,2014-08-29,2015628.0,-0.2,0.9472,"(-0.2,0.9472)",0.3439998,0.0947869,0.0089845,0.3858,0.5415,0.324,0.1263,0.282
MOD13Q1_061__250m_16_days_NDVI_doy2014257000000_aid0009,_250m_16_days_NDVI,aid0009,2014-09-14,2015668.0,-0.2,0.9258,"(-0.2,0.9258)",0.3457337,0.0966224,0.0093359,0.3888,0.5485,0.3252,0.1226,0.2823
MOD13Q1_061__250m_16_days_NDVI_doy2014273000000_aid0009,_250m_16_days_NDVI,aid0009,2014-09-30,2014891.0,-0.2,0.9525,"(-0.2,0.9525)",0.3803539,0.1074711,0.01155,0.438,0.6313,0.3621,0.1158,0.3091
MOD13Q1_061__250m_16_days_NDVI_doy2014289000000_aid0009,_250m_16_days_NDVI,aid0009,2014-10-16,2015888.0,-0.1978,0.9147,"(-0.1978,0.9147)",0.4041467,0.1092168,0.0119283,0.4675,0.6662,0.4006,0.1363,0.335
MOD13Q1_061__250m_16_days_NDVI_doy2014305000000_aid0009,_250m_16_days_NDVI,aid0009,2014-11-01,2015743.0,-0.198,0.9227,"(-0.198,0.9227)",0.3930904,0.1081135,0.0116885,0.4557,0.6552,0.3866,0.1232,0.3227
MOD13Q1_061__250m_16_days_NDVI_doy2014321000000_aid0009,_250m_16_days_NDVI,aid0009,2014-11-17,2015814.0,-0.1994,0.9693,"(-0.1994,0.9693)",0.3909033,0.1152177,0.0132751,0.465,0.7006,0.3723,0.0723,0.3079
MOD13Q1_061__250m_16_days_NDVI_doy2014337000000_aid0009,_250m_16_days_NDVI,aid0009,2014-12-03,2015717.0,-0.1987,0.9853,"(-0.1987,0.9853)",0.3897897,0.1131483,0.0128025,0.4661,0.7103,0.3751,0.0592,0.3033
MOD13Q1_061__250m_16_days_NDVI_doy2014353000000_aid0009,_250m_16_days_NDVI,aid0009,2014-12-19,2015071.0,-0.1986,0.9922,"(-0.1986,0.9922)",0.423631,0.1137028,0.0129283,0.4952,0.7259,0.4139,0.1107,0.3414
MOD13Q1_061__250m_16_days_NDVI_doy2015001000000_aid0009,_250m_16_days_NDVI,aid0009,2015-01-01,2015246.0,-0.2,0.9615,"(-0.2,0.9615)",0.4890093,0.131779,0.0173657,0.576,0.85,0.4782,0.1193,0.3933
MOD13Q1_061__250m_16_days_NDVI_doy2015017000000_aid0009,_250m_16_days_NDVI,aid0009,2015-01-17,2015200.0,-0.2,0.961,"(-0.2,0.961)",0.5474624,0.151905,0.0230751,0.6365,0.9263,0.5241,0.1535,0.4433
MOD13Q1_061__250m_16_days_NDVI_doy2015033000000_aid0009,_250m_16_days_NDVI,aid0009,2015-02-02,2015045.0,-0.2,0.997,"(-0.2,0.997)",0.6067618,0.1558051,0.0242752,0.7034,0.997,0.5876,0.1944,0.4998
MOD13Q1_061__250m_16_days_NDVI_doy2015049000000_aid0009,_250m_16_days_NDVI,aid0009,2015-02-18,2014836.0,-0.2,0.9984,"(-0.2,0.9984)",0.6256023,0.1533372,0.0235123,0.7222,0.9984,0.6139,0.2137,0.5188
MOD13Q1_061__250m_16_days_NDVI_doy2015065000000_aid0009,_250m_16_days_NDVI,aid0009,2015-03-06,2014525.0,-0.2,0.9962,"(-0.2,0.9962)",0.6191844,0.1417497,0.020093,0.7051,0.9813,0.6066,0.2414,0.5196
MOD13Q1_061__250m_16_days_NDVI_doy2015081000000_aid0009,_250m_16_days_NDVI,aid0009,2015-03-22,2014632.0,-0.2,0.9941,"(-0.2,0.9941)",0.5772174,0.1216427,0.0147969,0.6553,0.8974,0.5715,0.2518,0.4939
MOD13Q1_061__250m_16_days_NDVI_doy2015097000000_aid0009,_250m_16_days_NDVI,aid0009,2015-04-07,2015129.0,-0.1973,0.9952,"(-0.1973,0.9952)",0.535763,0.1080875,0.0116829,0.6096,0.8262,0.5354,0.2486,0.4652
MOD13Q1_061__250m_16_days_NDVI_doy2015113000000_aid0009,_250m_16_days_NDVI,aid0009,2015-04-23,2014696.0,-0.2,0.9203,"(-0.2,0.9203)",0.498278,0.1106138,0.0122354,0.5753,0.7988,0.4963,0.2028,0.4263
MOD13Q1_061__250m_16_days_NDVI_doy2015129000000_aid0009,_250m_16_days_NDVI,aid0009,2015-05-09,2014967.0,-0.2,0.9829,"(-0.2,0.9829)",0.4394948,0.113103,0.0127923,0.5178,0.7539,0.4305,0.1243,0.3604
MOD13Q1_061__250m_16_days_NDVI_doy2015145000000_aid0009,_250m_16_days_NDVI,aid0009,2015-05-25,2015159.0,-0.2,0.9587,"(-0.2,0.9587)",0.4228432,0.1062526,0.0112896,0.4901,0.7008,0.4106,0.1389,0.3496
MOD13Q1_061__250m_16_days_NDVI_doy2015161000000_aid0009,_250m_16_days_NDVI,aid0009,2015-06-10,2015310.0,-0.2,0.9258,"(-0.2,0.9258)",0.3881123,0.0951507,0.0090536,0.4483,0.6373,0.3766,0.1333,0.3223
MOD13Q1_061__250m_16_days_NDVI_doy2015177000000_aid0009,_250m_16_days_NDVI,aid0009,2015-06-26,2015351.0,-0.1993,0.9053,"(-0.1993,0.9053)",0.3645208,0.0823422,0.0067802,0.4153,0.5794,0.3522,0.1419,0.3059
MOD13Q1_061__250m_16_days_NDVI_doy2015193000000_aid0009,_250m_16_days_NDVI,aid0009,2015-07-12,2015423.0,-0.1991,0.987,"(-0.1991,0.987)",0.3358266,0.0764878,0.0058504,0.3805,0.5269,0.3238,0.1365,0.2829
MOD13Q1_061__250m_16_days_NDVI_doy2015209000000_aid0009,_250m_16_days_NDVI,aid0009,2015-07-28,2015712.0,-0.2,0.8911,"(-0.2,0.8911)",0.3171125,0.0703826,0.0049537,0.3577,0.4915,0.3059,0.1347,0.2685
MOD13Q1_061__250m_16_days_NDVI_doy2015225000000_aid0009,_250m_16_days_NDVI,aid0009,2015-08-13,2015381.0,-0.1985,0.937,"(-0.1985,0.937)",0.3205599,0.0775044,0.0060069,0.3595,0.4952,0.3098,0.1333,0.269
MOD13Q1_061__250m_16_days_NDVI_doy2015241000000_aid0009,_250m_16_days_NDVI,aid0009,2015-08-29,2015555.0,-0.2,0.9267,"(-0.2,0.9267)",0.3177987,0.0758262,0.0057496,0.3508,0.4709,0.3078,0.1506,0.2707
MOD13Q1_061__250m_16_days_NDVI_doy2015257000000_aid0009,_250m_16_days_NDVI,aid0009,2015-09-14,2015661.0,-0.1996,0.9245,"(-0.1996,0.9245)",0.3181134,0.0759875,0.0057741,0.3521,0.4754,0.3072,0.1466,0.2699
MOD13Q1_061__250m_16_days_NDVI_doy2015273000000_aid0009,_250m_16_days_NDVI,aid0009,2015-09-30,2015750.0,-0.2,0.9631,"(-0.2,0.9631)",0.3423643,0.0889061,0.0079043,0.3843,0.5335,0.3331,0.1356,0.2848
MOD13Q1_061__250m_16_days_NDVI_doy2015289000000_aid0009,_250m_16_days_NDVI,aid0009,2015-10-16,2015761.0,-0.1983,0.9971,"(-0.1983,0.9971)",0.3641815,0.0981948,0.0096422,0.414,0.583,0.3559,0.1323,0.3013
MOD13Q1_061__250m_16_days_NDVI_doy2015305000000_aid0009,_250m_16_days_NDVI,aid0009,2015-11-01,2015526.0,-0.2,0.9899,"(-0.2,0.9899)",0.4365968,0.1200803,0.0144193,0.5138,0.7416,0.4358,0.1341,0.3619
MOD13Q1_061__250m_16_days_NDVI_doy2015321000000_aid0009,_250m_16_days_NDVI,aid0009,2015-11-17,2015277.0,-0.1995,0.9988,"(-0.1995,0.9988)",0.4809124,0.1322346,0.017486,0.571,0.8261,0.4914,0.1458,0.4009
MOD13Q1_061__250m_16_days_NDVI_doy2015337000000_aid0009,_250m_16_days_NDVI,aid0009,2015-12-03,2015219.0,-0.2,0.9545,"(-0.2,0.9545)",0.5132408,0.141669,0.0200701,0.6107,0.887,0.5194,0.1502,0.4265
MOD13Q1_061__250m_16_days_NDVI_doy2015353000000_aid0009,_250m_16_days_NDVI,aid0009,2015-12-19,2015400.0,-0.2,0.9624,"(-0.2,0.9624)",0.495667,0.1164728,0.0135659,0.566,0.7736,0.4946,0.22,0.4276
MOD13Q1_061__250m_16_days_NDVI_doy2007353000000_aid0010,_250m_16_days_NDVI,aid0010,2007-12-19,2817891.0,-0.2,0.9823,"(-0.2,0.9823)",0.4476224,0.1466086,0.0214941,0.5357,0.8297,0.4237,0.0457,0.3397
MOD13Q1_061__250m_16_days_NDVI_doy2008001000000_aid0010,_250m_16_days_NDVI,aid0010,2008-01-01,2818177.0,-0.2,0.9546,"(-0.2,0.9546)",0.4464885,0.1602612,0.0256837,0.5441,0.8702,0.4158,0.0006,0.3267
MOD13Q1_061__250m_16_days_NDVI_doy2008017000000_aid0010,_250m_16_days_NDVI,aid0010,2008-01-17,2817920.0,-0.2,0.9861,"(-0.2,0.9861)",0.4983254,0.1677385,0.0281362,0.6175,0.9861,0.476,-0.0015,0.3699
MOD13Q1_061__250m_16_days_NDVI_doy2008033000000_aid0010,_250m_16_days_NDVI,aid0010,2008-02-02,2815997.0,-0.2,0.9842,"(-0.2,0.9842)",0.581292,0.174643,0.0305002,0.7145,0.9842,0.5788,0.0543,0.4504
MOD13Q1_061__250m_16_days_NDVI_doy2008049000000_aid0010,_250m_16_days_NDVI,aid0010,2008-02-18,2816941.0,-0.2,0.9888,"(-0.2,0.9888)",0.6128018,0.1707523,0.0291563,0.7368,0.9888,0.6226,0.1333,0.4954
MOD13Q1_061__250m_16_days_NDVI_doy2008065000000_aid0010,_250m_16_days_NDVI,aid0010,2008-03-05,2815706.0,-0.2,0.9909,"(-0.2,0.9909)",0.5685941,0.1566672,0.0245446,0.6753,0.9909,0.5753,0.1403,0.4613
MOD13Q1_061__250m_16_days_NDVI_doy2008081000000_aid0010,_250m_16_days_NDVI,aid0010,2008-03-21,2817108.0,-0.2,0.9698,"(-0.2,0.9698)",0.5087418,0.136591,0.0186571,0.6041,0.8889,0.5125,0.1294,0.4142
MOD13Q1_061__250m_16_days_NDVI_doy2008097000000_aid0010,_250m_16_days_NDVI,aid0010,2008-04-06,2814639.0,-0.2,0.9127,"(-0.2,0.9127)",0.4507362,0.128428,0.0164938,0.5393,0.8153,0.4427,0.0793,0.3553
MOD13Q1_061__250m_16_days_NDVI_doy2008113000000_aid0010,_250m_16_days_NDVI,aid0010,2008-04-22,2815319.0,-0.2,0.8825,"(-0.2,0.8825)",0.3617187,0.0989427,0.0097897,0.4187,0.6099,0.3428,0.1,0.2912
MOD13Q1_061__250m_16_days_NDVI_doy2008129000000_aid0010,_250m_16_days_NDVI,aid0010,2008-05-08,2820252.0,-0.2,0.9919,"(-0.2,0.9919)",0.335246,0.0898047,0.0080649,0.3834,0.5472,0.318,0.1104,0.2742
MOD13Q1_061__250m_16_days_NDVI_doy2008145000000_aid0010,_250m_16_days_NDVI,aid0010,2008-05-24,2814405.0,-0.2,0.8993,"(-0.2,0.8993)",0.3493038,0.0913923,0.0083526,0.3995,0.5724,0.3311,0.1113,0.2842
MOD13Q1_061__250m_16_days_NDVI_doy2008161000000_aid0010,_250m_16_days_NDVI,aid0010,2008-06-09,2816063.0,-0.2,0.8911,"(-0.2,0.8911)",0.319724,0.0859951,0.0073952,0.3639,0.5187,0.3003,0.1059,0.2607
MOD13Q1_061__250m_16_days_NDVI_doy2008177000000_aid0010,_250m_16_days_NDVI,aid0010,2008-06-25,2818985.0,-0.2,0.9938,"(-0.2,0.9938)",0.3110635,0.0931248,0.0086722,0.3598,0.5282,0.2928,0.0791,0.2475
MOD13Q1_061__250m_16_days_NDVI_doy2008193000000_aid0010,_250m_16_days_NDVI,aid0010,2008-07-11,2815126.0,-0.2,0.9147,"(-0.2,0.9147)",0.346097,0.106176,0.0112733,0.3916,0.5659,0.3223,0.1011,0.2754
MOD13Q1_061__250m_16_days_NDVI_doy2008209000000_aid0010,_250m_16_days_NDVI,aid0010,2008-07-27,2815943.0,-0.2,0.991,"(-0.2,0.991)",0.3320718,0.0986048,0.0097229,0.3754,0.5392,0.3126,0.1024,0.2662
MOD13Q1_061__250m_16_days_NDVI_doy2008225000000_aid0010,_250m_16_days_NDVI,aid0010,2008-08-12,2814822.0,-0.2,0.89,"(-0.2,0.89)",0.32667,0.0949243,0.0090106,0.3671,0.5219,0.3064,0.1091,0.2639
MOD13Q1_061__250m_16_days_NDVI_doy2008241000000_aid0010,_250m_16_days_NDVI,aid0010,2008-08-28,2816113.0,-0.2,0.8792,"(-0.2,0.8792)",0.3226044,0.0880917,0.0077602,0.3584,0.4974,0.3053,0.1267,0.2657
MOD13Q1_061__250m_16_days_NDVI_doy2008257000000_aid0010,_250m_16_days_NDVI,aid0010,2008-09-13,2817968.0,-0.2,0.8846,"(-0.2,0.8846)",0.3165292,0.0896269,0.008033,0.3507,0.487,0.2971,0.1235,0.2598
MOD13Q1_061__250m_16_days_NDVI_doy2008273000000_aid0010,_250m_16_days_NDVI,aid0010,2008-09-29,2816065.0,-0.2,0.9321,"(-0.2,0.9321)",0.3614317,0.1152565,0.0132841,0.4112,0.6021,0.3308,0.093,0.2839
MOD13Q1_061__250m_16_days_NDVI_doy2008289000000_aid0010,_250m_16_days_NDVI,aid0010,2008-10-15,2817998.0,-0.2,0.963,"(-0.2,0.963)",0.396527,0.1311157,0.0171913,0.4617,0.6966,0.3619,0.0702,0.3051
MOD13Q1_061__250m_16_days_NDVI_doy2008305000000_aid0010,_250m_16_days_NDVI,aid0010,2008-10-31,2819903.0,-0.2,0.9231,"(-0.2,0.9231)",0.3931045,0.1215622,0.0147774,0.4647,0.7062,0.3729,0.0622,0.3037
MOD13Q1_061__250m_16_days_NDVI_doy2008321000000_aid0010,_250m_16_days_NDVI,aid0010,2008-11-16,2819981.0,-0.2,0.8888,"(-0.2,0.8888)",0.3696687,0.1139791,0.0129912,0.4393,0.6718,0.3523,0.0518,0.2843
MOD13Q1_061__250m_16_days_NDVI_doy2008337000000_aid0010,_250m_16_days_NDVI,aid0010,2008-12-02,2817991.0,-0.1995,0.9869,"(-0.1995,0.9869)",0.4337105,0.1613137,0.0260221,0.5394,0.894,0.4153,-0.0516,0.303
MOD13Q1_061__250m_16_days_NDVI_doy2008353000000_aid0010,_250m_16_days_NDVI,aid0010,2008-12-18,2817945.0,-0.2,0.9474,"(-0.2,0.9474)",0.5053416,0.186248,0.0346883,0.6425,0.9474,0.4953,-0.0735,0.3561
MOD13Q1_061__250m_16_days_NDVI_doy2009001000000_aid0010,_250m_16_days_NDVI,aid0010,2009-01-01,2818035.0,-0.2,0.9696,"(-0.2,0.9696)",0.4921425,0.1828095,0.0334193,0.6265,0.9696,0.4855,-0.0847,0.342
MOD13Q1_061__250m_16_days_NDVI_doy2009017000000_aid0010,_250m_16_days_NDVI,aid0010,2009-01-17,2820626.0,-0.2,0.9397,"(-0.2,0.9397)",0.4299927,0.1660531,0.0275736,0.5304,0.8724,0.4046,-0.0395,0.3024
MOD13Q1_061__250m_16_days_NDVI_doy2009033000000_aid0010,_250m_16_days_NDVI,aid0010,2009-02-02,2818125.0,-0.2,0.9324,"(-0.2,0.9324)",0.4246851,0.1667235,0.0277967,0.5222,0.8603,0.3982,-0.0413,0.2968
MOD13Q1_061__250m_16_days_NDVI_doy2009049000000_aid0010,_250m_16_days_NDVI,aid0010,2009-02-18,2816959.0,-0.2,0.9366,"(-0.2,0.9366)",0.4587294,0.1724311,0.0297325,0.5711,0.9366,0.4414,-0.0479,0.3235
MOD13Q1_061__250m_16_days_NDVI_doy2009065000000_aid0010,_250m_16_days_NDVI,aid0010,2009-03-06,2818100.0,-0.2,0.9901,"(-0.2,0.9901)",0.4775218,0.1669354,0.0278674,0.5955,0.9531,0.4674,-0.0265,0.3467
MOD13Q1_061__250m_16_days_NDVI_doy2009081000000_aid0010,_250m_16_days_NDVI,aid0010,2009-03-22,2818759.0,-0.2,0.9177,"(-0.2,0.9177)",0.4306757,0.1340895,0.01798,0.5233,0.8125,0.4226,0.0413,0.3305
MOD13Q1_061__250m_16_days_NDVI_doy2009097000000_aid0010,_250m_16_days_NDVI,aid0010,2009-04-07,2820608.0,-0.2,0.9241,"(-0.2,0.9241)",0.3824326,0.1123684,0.0126267,0.4573,0.6937,0.3717,0.0633,0.2997
MOD13Q1_061__250m_16_days_NDVI_doy2009113000000_aid0010,_250m_16_days_NDVI,aid0010,2009-04-23,2818964.0,-0.2,0.8523,"(-0.2,0.8523)",0.3409604,0.0972088,0.0094496,0.3992,0.5907,0.3241,0.08,0.2715
MOD13Q1_061__250m_16_days_NDVI_doy2009129000000_aid0010,_250m_16_days_NDVI,aid0010,2009-05-09,2819637.0,-0.1995,0.9598,"(-0.1995,0.9598)",0.3493869,0.0909626,0.0082742,0.406,0.5905,0.3358,0.0985,0.283
MOD13Q1_061__250m_16_days_NDVI_doy2009145000000_aid0010,_250m_16_days_NDVI,aid0010,2009-05-25,2817009.0,-0.2,0.9052,"(-0.2,0.9052)",0.3505521,0.105413,0.0111119,0.4112,0.6189,0.3265,0.065,0.2727
MOD13Q1_061__250m_16_days_NDVI_doy2009161000000_aid0010,_250m_16_days_NDVI,aid0010,2009-06-10,2818048.0,-0.2,0.8955,"(-0.2,0.8955)",0.31745,0.092483,0.0085531,0.366,0.5361,0.2948,0.0825,0.2526
MOD13Q1_061__250m_16_days_NDVI_doy2009177000000_aid0010,_250m_16_days_NDVI,aid0010,2009-06-26,2817553.0,-0.2,0.8859,"(-0.2,0.8859)",0.3008403,0.0799549,0.0063928,0.3389,0.4757,0.2819,0.1109,0.2477
MOD13Q1_061__250m_16_days_NDVI_doy2009193000000_aid0010,_250m_16_days_NDVI,aid0010,2009-07-12,2817158.0,-0.2,0.8585,"(-0.2,0.8585)",0.2858147,0.0720704,0.0051941,0.3186,0.4371,0.27,0.1211,0.2396
MOD13Q1_061__250m_16_days_NDVI_doy2009209000000_aid0010,_250m_16_days_NDVI,aid0010,2009-07-28,2817313.0,-0.2,0.8477,"(-0.2,0.8477)",0.270055,0.0658908,0.0043416,0.299,0.405,0.2559,0.1223,0.2283
MOD13Q1_061__250m_16_days_NDVI_doy2009225000000_aid0010,_250m_16_days_NDVI,aid0010,2009-08-13,2818075.0,-0.2,0.8579,"(-0.2,0.8579)",0.2591333,0.0586285,0.0034373,0.2846,0.3773,0.2475,0.1301,0.2228
MOD13Q1_061__250m_16_days_NDVI_doy2009241000000_aid0010,_250m_16_days_NDVI,aid0010,2009-08-29,2817739.0,-0.2,0.9,"(-0.2,0.9)",0.2775668,0.0703264,0.0049458,0.3078,0.4207,0.2622,0.1196,0.2325
MOD13Q1_061__250m_16_days_NDVI_doy2009257000000_aid0010,_250m_16_days_NDVI,aid0010,2009-09-14,2817077.0,-0.2,0.9164,"(-0.2,0.9164)",0.2967632,0.0920493,0.0084731,0.33,0.469,0.274,0.0984,0.2373
MOD13Q1_061__250m_16_days_NDVI_doy2009273000000_aid0010,_250m_16_days_NDVI,aid0010,2009-09-30,2820260.0,-0.2,0.9081,"(-0.2,0.9081)",0.3019653,0.0977314,0.0095514,0.3371,0.4829,0.2771,0.0941,0.2399
MOD13Q1_061__250m_16_days_NDVI_doy2009289000000_aid0010,_250m_16_days_NDVI,aid0010,2009-10-16,2818928.0,-0.2,0.9094,"(-0.2,0.9094)",0.3047918,0.0944641,0.0089235,0.3426,0.492,0.2816,0.0936,0.243
MOD13Q1_061__250m_16_days_NDVI_doy2009305000000_aid0010,_250m_16_days_NDVI,aid0010,2009-11-01,2820316.0,-0.2,0.9009,"(-0.2,0.9009)",0.2956987,0.0849985,0.0072247,0.3384,0.4906,0.2791,0.0847,0.2369
MOD13Q1_061__250m_16_days_NDVI_doy2009321000000_aid0010,_250m_16_days_NDVI,aid0010,2009-11-17,2819264.0,-0.2,0.89,"(-0.2,0.89)",0.3447321,0.1102733,0.0121602,0.4021,0.607,0.3234,0.0606,0.2655
MOD13Q1_061__250m_16_days_NDVI_doy2009337000000_aid0010,_250m_16_days_NDVI,aid0010,2009-12-03,2818790.0,-0.2,0.994,"(-0.2,0.994)",0.3894537,0.1366749,0.01868,0.4612,0.7184,0.363,0.0326,0.2897
MOD13Q1_061__250m_16_days_NDVI_doy2009353000000_aid0010,_250m_16_days_NDVI,aid0010,2009-12-19,2817131.0,-0.2,0.9987,"(-0.2,0.9987)",0.4987355,0.1607236,0.0258321,0.6107,0.9606,0.4851,0.0241,0.376
MOD13Q1_061__250m_16_days_NDVI_doy2010001000000_aid0010,_250m_16_days_NDVI,aid0010,2010-01-01,2819969.0,-0.2,0.9887,"(-0.2,0.9887)",0.54525,0.1735308,0.0301129,0.675,0.9887,0.5363,0.0175,0.412
MOD13Q1_061__250m_16_days_NDVI_doy2010017000000_aid0010,_250m_16_days_NDVI,aid0010,2010-01-17,2819368.0,-0.2,0.9874,"(-0.2,0.9874)",0.5196744,0.1785642,0.0318852,0.6391,0.9874,0.4954,0.0046,0.3853
MOD13Q1_061__250m_16_days_NDVI_doy2010033000000_aid0010,_250m_16_days_NDVI,aid0010,2010-02-02,2819159.0,-0.2,0.9739,"(-0.2,0.9739)",0.5384304,0.1784099,0.0318301,0.6579,0.9739,0.5163,0.0269,0.4055
MOD13Q1_061__250m_16_days_NDVI_doy2010049000000_aid0010,_250m_16_days_NDVI,aid0010,2010-02-18,2817001.0,-0.2,0.9993,"(-0.2,0.9993)",0.597844,0.1702677,0.0289911,0.716,0.9993,0.5897,0.1303,0.4817
MOD13Q1_061__250m_16_days_NDVI_doy2010065000000_aid0010,_250m_16_days_NDVI,aid0010,2010-03-06,2817746.0,-0.2,0.9572,"(-0.2,0.9572)",0.5971289,0.1551236,0.0240633,0.6974,0.9572,0.5868,0.1939,0.496
MOD13Q1_061__250m_16_days_NDVI_doy2010081000000_aid0010,_250m_16_days_NDVI,aid0010,2010-03-22,2818712.0,-0.2,0.9613,"(-0.2,0.9613)",0.5508268,0.1362036,0.0185514,0.6361,0.8888,0.5522,0.2149,0.4676
MOD13Q1_061__250m_16_days_NDVI_doy2010097000000_aid0010,_250m_16_days_NDVI,aid0010,2010-04-07,2816970.0,-0.2,0.8947,"(-0.2,0.8947)",0.4751191,0.1134446,0.0128697,0.5512,0.7795,0.4756,0.1707,0.399
MOD13Q1_061__250m_16_days_NDVI_doy2010113000000_aid0010,_250m_16_days_NDVI,aid0010,2010-04-23,2817964.0,-0.2,0.8851,"(-0.2,0.8851)",0.4013393,0.1040227,0.0108207,0.4711,0.6884,0.3923,0.1089,0.3262
MOD13Q1_061__250m_16_days_NDVI_doy2010129000000_aid0010,_250m_16_days_NDVI,aid0010,2010-05-09,2815735.0,-0.2,0.8677,"(-0.2,0.8677)",0.3534909,0.0941313,0.0088607,0.4128,0.6069,0.3333,0.0893,0.2834
MOD13Q1_061__250m_16_days_NDVI_doy2010145000000_aid0010,_250m_16_days_NDVI,aid0010,2010-05-25,2816049.0,-0.2,0.8989,"(-0.2,0.8989)",0.356399,0.1017202,0.010347,0.4184,0.6264,0.3344,0.0717,0.2797
MOD13Q1_061__250m_16_days_NDVI_doy2010161000000_aid0010,_250m_16_days_NDVI,aid0010,2010-06-10,2816357.0,-0.2,0.9616,"(-0.2,0.9616)",0.3497305,0.0994746,0.0098952,0.406,0.599,0.3281,0.0843,0.2773
MOD13Q1_061__250m_16_days_NDVI_doy2010177000000_aid0010,_250m_16_days_NDVI,aid0010,2010-06-26,2815642.0,-0.2,0.9261,"(-0.2,0.9261)",0.3497574,0.1020781,0.0104199,0.4004,0.587,0.328,0.0894,0.276
MOD13Q1_061__250m_16_days_NDVI_doy2010193000000_aid0010,_250m_16_days_NDVI,aid0010,2010-07-12,2816159.0,-0.2,0.9213,"(-0.2,0.9213)",0.3220682,0.0934609,0.0087349,0.365,0.5256,0.3015,0.0973,0.2579
MOD13Q1_061__250m_16_days_NDVI_doy2010209000000_aid0010,_250m_16_days_NDVI,aid0010,2010-07-28,2815979.0,-0.2,0.8602,"(-0.2,0.8602)",0.2881428,0.0740424,0.0054823,0.3227,0.4472,0.2725,0.1152,0.2397
MOD13Q1_061__250m_16_days_NDVI_doy2010225000000_aid0010,_250m_16_days_NDVI,aid0010,2010-08-13,2817129.0,-0.2,0.8222,"(-0.2,0.8222)",0.2736887,0.0633763,0.0040166,0.3022,0.4069,0.2624,0.1277,0.2324
MOD13Q1_061__250m_16_days_NDVI_doy2010241000000_aid0010,_250m_16_days_NDVI,aid0010,2010-08-29,2816564.0,-0.2,0.866,"(-0.2,0.866)",0.2832877,0.0686738,0.0047161,0.3119,0.4194,0.2696,0.1327,0.2402
MOD13Q1_061__250m_16_days_NDVI_doy2010257000000_aid0010,_250m_16_days_NDVI,aid0010,2010-09-14,2816790.0,-0.2,0.937,"(-0.2,0.937)",0.3171909,0.0992418,0.0098489,0.3512,0.4976,0.2934,0.1072,0.2536
MOD13Q1_061__250m_16_days_NDVI_doy2010273000000_aid0010,_250m_16_days_NDVI,aid0010,2010-09-30,2818893.0,-0.2,0.9428,"(-0.2,0.9428)",0.3628955,0.1230997,0.0151535,0.4125,0.6127,0.3324,0.0788,0.279
MOD13Q1_061__250m_16_days_NDVI_doy2010289000000_aid0010,_250m_16_days_NDVI,aid0010,2010-10-16,2818024.0,-0.2,0.9756,"(-0.2,0.9756)",0.4051453,0.1336337,0.017858,0.4756,0.7291,0.383,0.0531,0.3066
MOD13Q1_061__250m_16_days_NDVI_doy2010305000000_aid0010,_250m_16_days_NDVI,aid0010,2010-11-01,2819433.0,-0.2,0.9501,"(-0.2,0.9501)",0.4201601,0.1303672,0.0169956,0.5024,0.7721,0.4061,0.0529,0.3226
MOD13Q1_061__250m_16_days_NDVI_doy2010321000000_aid0010,_250m_16_days_NDVI,aid0010,2010-11-17,2819003.0,-0.2,0.9977,"(-0.2,0.9977)",0.4469251,0.1197286,0.0143349,0.529,0.7844,0.4393,0.1033,0.3587
MOD13Q1_061__250m_16_days_NDVI_doy2010337000000_aid0010,_250m_16_days_NDVI,aid0010,2010-12-03,2819388.0,-0.2,0.9768,"(-0.2,0.9768)",0.4280826,0.1272593,0.0161949,0.5062,0.764,0.4144,0.0765,0.3343
MOD13Q1_061__250m_16_days_NDVI_doy2010353000000_aid0010,_250m_16_days_NDVI,aid0010,2010-12-19,2818911.0,-0.2,0.9988,"(-0.2,0.9988)",0.4247542,0.1390745,0.0193417,0.5038,0.7781,0.4041,0.0466,0.3209
MOD13Q1_061__250m_16_days_NDVI_doy2011001000000_aid0010,_250m_16_days_NDVI,aid0010,2011-01-01,2819349.0,-0.2,0.9988,"(-0.2,0.9988)",0.497607,0.1585984,0.0251534,0.5998,0.9303,0.4734,0.0488,0.3794
MOD13Q1_061__250m_16_days_NDVI_doy2011017000000_aid0010,_250m_16_days_NDVI,aid0010,2011-01-17,2819746.0,-0.2,0.9455,"(-0.2,0.9455)",0.5353246,0.1696473,0.0287802,0.6542,0.9455,0.5127,0.0322,0.4054
MOD13Q1_061__250m_16_days_NDVI_doy2011033000000_aid0010,_250m_16_days_NDVI,aid0010,2011-02-02,2819181.0,-0.2,0.9616,"(-0.2,0.9616)",0.5427471,0.1601553,0.0256497,0.65,0.9616,0.5282,0.0955,0.4282
MOD13Q1_061__250m_16_days_NDVI_doy2011049000000_aid0010,_250m_16_days_NDVI,aid0010,2011-02-18,2818740.0,-0.2,0.9929,"(-0.2,0.9929)",0.5408744,0.1598405,0.025549,0.6458,0.972,0.5228,0.0998,0.4274
MOD13Q1_061__250m_16_days_NDVI_doy2011065000000_aid0010,_250m_16_days_NDVI,aid0010,2011-03-06,2818074.0,-0.2,0.9389,"(-0.2,0.9389)",0.520682,0.1446791,0.020932,0.6137,0.9065,0.5073,0.1257,0.4185
MOD13Q1_061__250m_16_days_NDVI_doy2011081000000_aid0010,_250m_16_days_NDVI,aid0010,2011-03-22,2819180.0,-0.2,0.9854,"(-0.2,0.9854)",0.4935006,0.1266879,0.0160498,0.5723,0.8172,0.4879,0.1641,0.409
MOD13Q1_061__250m_16_days_NDVI_doy2011097000000_aid0010,_250m_16_days_NDVI,aid0010,2011-04-07,2818086.0,-0.2,0.9471,"(-0.2,0.9471)",0.4353892,0.1080808,0.0116815,0.5025,0.7174,0.4291,0.1443,0.3592
MOD13Q1_061__250m_16_days_NDVI_doy2011113000000_aid0010,_250m_16_days_NDVI,aid0010,2011-04-23,2818021.0,-0.2,0.9163,"(-0.2,0.9163)",0.3890915,0.1042656,0.0108713,0.4572,0.6766,0.3757,0.0915,0.3109
MOD13Q1_061__250m_16_days_NDVI_doy2011129000000_aid0010,_250m_16_days_NDVI,aid0010,2011-05-09,2817200.0,-0.2,0.934,"(-0.2,0.934)",0.3741736,0.1169985,0.0136886,0.453,0.709,0.3532,0.0263,0.2823
MOD13Q1_061__250m_16_days_NDVI_doy2011145000000_aid0010,_250m_16_days_NDVI,aid0010,2011-05-25,2816568.0,-0.2,0.9293,"(-0.2,0.9293)",0.3859418,0.1183544,0.0140078,0.4608,0.7117,0.3678,0.0426,0.2935
MOD13Q1_061__250m_16_days_NDVI_doy2011161000000_aid0010,_250m_16_days_NDVI,aid0010,2011-06-10,2818159.0,-0.2,0.9028,"(-0.2,0.9028)",0.3434091,0.1069641,0.0114413,0.4065,0.6232,0.3251,0.0453,0.262
MOD13Q1_061__250m_16_days_NDVI_doy2011177000000_aid0010,_250m_16_days_NDVI,aid0010,2011-06-26,2816953.0,-0.2,0.9137,"(-0.2,0.9137)",0.3316147,0.0995395,0.0099081,0.3867,0.5799,0.3133,0.0647,0.2579
MOD13Q1_061__250m_16_days_NDVI_doy2011193000000_aid0010,_250m_16_days_NDVI,aid0010,2011-07-12,2817611.0,-0.2,0.8993,"(-0.2,0.8993)",0.3386687,0.0956702,0.0091528,0.3902,0.572,0.3228,0.0872,0.269
MOD13Q1_061__250m_16_days_NDVI_doy2011209000000_aid0010,_250m_16_days_NDVI,aid0010,2011-07-28,2818895.0,-0.2,0.9481,"(-0.2,0.9481)",0.3225571,0.0874491,0.0076473,0.3671,0.5252,0.3099,0.1036,0.2617
MOD13Q1_061__250m_16_days_NDVI_doy2011225000000_aid0010,_250m_16_days_NDVI,aid0010,2011-08-13,2816916.0,-0.1996,0.912,"(-0.1996,0.912)",0.344484,0.097998,0.0096036,0.3876,0.5532,0.3286,0.1116,0.2772
MOD13Q1_061__250m_16_days_NDVI_doy2011241000000_aid0010,_250m_16_days_NDVI,aid0010,2011-08-29,2818668.0,-0.2,0.8861,"(-0.2,0.8861)",0.3131205,0.0907085,0.008228,0.3481,0.49,0.2937,0.1116,0.2535
MOD13Q1_061__250m_16_days_NDVI_doy2011257000000_aid0010,_250m_16_days_NDVI,aid0010,2011-09-14,2818767.0,-0.1999,0.9984,"(-0.1999,0.9984)",0.3368779,0.1009656,0.0101941,0.3765,0.5382,0.3147,0.107,0.2687
MOD13Q1_061__250m_16_days_NDVI_doy2011273000000_aid0010,_250m_16_days_NDVI,aid0010,2011-09-30,2819186.0,-0.2,0.953,"(-0.2,0.953)",0.3943186,0.1250867,0.0156467,0.4587,0.688,0.3687,0.0765,0.3058
MOD13Q1_061__250m_16_days_NDVI_doy2011289000000_aid0010,_250m_16_days_NDVI,aid0010,2011-10-16,2817710.0,-0.2,0.969,"(-0.2,0.969)",0.4134331,0.1278123,0.016336,0.4799,0.7109,0.3963,0.0949,0.3259
MOD13Q1_061__250m_16_days_NDVI_doy2011305000000_aid0010,_250m_16_days_NDVI,aid0010,2011-11-01,2820826.0,-0.1994,0.9806,"(-0.1994,0.9806)",0.4372753,0.1225033,0.0150071,0.5144,0.7599,0.4345,0.1052,0.3507
MOD13Q1_061__250m_16_days_NDVI_doy2011321000000_aid0010,_250m_16_days_NDVI,aid0010,2011-11-17,2819727.0,-0.2,0.9135,"(-0.2,0.9135)",0.444937,0.1209837,0.0146371,0.5249,0.7719,0.4412,0.1132,0.3602
MOD13Q1_061__250m_16_days_NDVI_doy2011337000000_aid0010,_250m_16_days_NDVI,aid0010,2011-12-03,2819070.0,-0.2,0.9685,"(-0.2,0.9685)",0.4280962,0.1268208,0.0160835,0.5025,0.7513,0.414,0.0878,0.3366
MOD13Q1_061__250m_16_days_NDVI_doy2011353000000_aid0010,_250m_16_days_NDVI,aid0010,2011-12-19,2819677.0,-0.2,0.9878,"(-0.2,0.9878)",0.3946416,0.1306243,0.0170627,0.4621,0.7043,0.3715,0.0584,0.3006
MOD13Q1_061__250m_16_days_NDVI_doy2012001000000_aid0010,_250m_16_days_NDVI,aid0010,2012-01-01,2820203.0,-0.2,0.9273,"(-0.2,0.9273)",0.3869052,0.1309838,0.0171568,0.4598,0.7154,0.3627,0.0338,0.2894
MOD13Q1_061__250m_16_days_NDVI_doy2012017000000_aid0010,_250m_16_days_NDVI,aid0010,2012-01-17,2818265.0,-0.2,0.9391,"(-0.2,0.9391)",0.4589855,0.1569005,0.0246178,0.5578,0.8846,0.4321,0.0131,0.3399
MOD13Q1_061__250m_16_days_NDVI_doy2012033000000_aid0010,_250m_16_days_NDVI,aid0010,2012-02-02,2818602.0,-0.2,0.9829,"(-0.2,0.9829)",0.5351435,0.1665778,0.0277482,0.6491,0.9829,0.515,0.0586,0.4129
MOD13Q1_061__250m_16_days_NDVI_doy2012049000000_aid0010,_250m_16_days_NDVI,aid0010,2012-02-18,2817653.0,-0.2,0.9501,"(-0.2,0.9501)",0.5958551,0.1700471,0.028916,0.7206,0.9501,0.5907,0.1076,0.4754
MOD13Q1_061__250m_16_days_NDVI_doy2012065000000_aid0010,_250m_16_days_NDVI,aid0010,2012-03-05,2817516.0,-0.2,0.9949,"(-0.2,0.9949)",0.5975555,0.1659315,0.0275333,0.7196,0.9949,0.5949,0.1191,0.4794
MOD13Q1_061__250m_16_days_NDVI_doy2012081000000_aid0010,_250m_16_days_NDVI,aid0010,2012-03-21,2817426.0,-0.2,0.949,"(-0.2,0.949)",0.5586626,0.1558724,0.0242962,0.6689,0.949,0.5551,0.1127,0.4464
MOD13Q1_061__250m_16_days_NDVI_doy2012097000000_aid0010,_250m_16_days_NDVI,aid0010,2012-04-06,2818519.0,-0.2,0.924,"(-0.2,0.924)",0.497453,0.134116,0.0179871,0.5918,0.8852,0.4914,0.1028,0.3962
MOD13Q1_061__250m_16_days_NDVI_doy2012113000000_aid0010,_250m_16_days_NDVI,aid0010,2012-04-22,2819694.0,-0.2,0.9867,"(-0.2,0.9867)",0.4590117,0.1308238,0.0171149,0.5493,0.8352,0.4485,0.0728,0.3587
MOD13Q1_061__250m_16_days_NDVI_doy2012129000000_aid0010,_250m_16_days_NDVI,aid0010,2012-05-08,2816111.0,-0.2,0.927,"(-0.2,0.927)",0.4334527,0.1313758,0.0172596,0.5152,0.7897,0.4168,0.0577,0.3322
MOD13Q1_061__250m_16_days_NDVI_doy2012145000000_aid0010,_250m_16_days_NDVI,aid0010,2012-05-24,2816638.0,-0.2,0.9522,"(-0.2,0.9522)",0.4278505,0.1349502,0.0182115,0.5067,0.7798,0.4074,0.0515,0.3246
MOD13Q1_061__250m_16_days_NDVI_doy2012161000000_aid0010,_250m_16_days_NDVI,aid0010,2012-06-09,2819399.0,-0.2,0.957,"(-0.2,0.957)",0.3764228,0.1117907,0.0124972,0.4389,0.6544,0.3578,0.0797,0.2952
MOD13Q1_061__250m_16_days_NDVI_doy2012177000000_aid0010,_250m_16_days_NDVI,aid0010,2012-06-25,2816826.0,-0.2,0.9132,"(-0.2,0.9132)",0.3690664,0.109777,0.012051,0.4234,0.6203,0.3488,0.0952,0.2921
MOD13Q1_061__250m_16_days_NDVI_doy2012193000000_aid0010,_250m_16_days_NDVI,aid0010,2012-07-11,2818087.0,-0.2,0.8893,"(-0.2,0.8893)",0.3341405,0.0903811,0.0081687,0.381,0.5458,0.318,0.1063,0.2711
MOD13Q1_061__250m_16_days_NDVI_doy2012209000000_aid0010,_250m_16_days_NDVI,aid0010,2012-07-27,2816912.0,-0.2,0.9329,"(-0.2,0.9329)",0.3125383,0.0784207,0.0061498,0.352,0.4915,0.2983,0.1195,0.259
MOD13Q1_061__250m_16_days_NDVI_doy2012225000000_aid0010,_250m_16_days_NDVI,aid0010,2012-08-12,2816312.0,-0.2,0.9265,"(-0.2,0.9265)",0.3379923,0.1005963,0.0101196,0.3846,0.5568,0.3201,0.0976,0.2698
MOD13Q1_061__250m_16_days_NDVI_doy2012241000000_aid0010,_250m_16_days_NDVI,aid0010,2012-08-28,2816025.0,-0.2,0.9405,"(-0.2,0.9405)",0.3795875,0.1284202,0.0164917,0.4373,0.6588,0.3532,0.0681,0.2896
MOD13Q1_061__250m_16_days_NDVI_doy2012257000000_aid0010,_250m_16_days_NDVI,aid0010,2012-09-13,2817700.0,-0.2,0.9357,"(-0.2,0.9357)",0.4114736,0.1351539,0.0182666,0.4761,0.7171,0.3864,0.0744,0.3154
MOD13Q1_061__250m_16_days_NDVI_doy2012273000000_aid0010,_250m_16_days_NDVI,aid0010,2012-09-29,2817325.0,-0.2,0.941,"(-0.2,0.941)",0.4363524,0.1421452,0.0202053,0.5096,0.7755,0.412,0.0664,0.3323
MOD13Q1_061__250m_16_days_NDVI_doy2012289000000_aid0010,_250m_16_days_NDVI,aid0010,2012-10-15,2815026.0,-0.2,0.9695,"(-0.2,0.9695)",0.4849822,0.1486805,0.0221059,0.583,0.893,0.4778,0.0663,0.3763
MOD13Q1_061__250m_16_days_NDVI_doy2012305000000_aid0010,_250m_16_days_NDVI,aid0010,2012-10-31,2818187.0,-0.2,0.9483,"(-0.2,0.9483)",0.4978914,0.1486349,0.0220923,0.6052,0.9269,0.4981,0.0687,0.3906
MOD13Q1_061__250m_16_days_NDVI_doy2012321000000_aid0010,_250m_16_days_NDVI,aid0010,2012-11-16,2819129.0,-0.2,0.9954,"(-0.2,0.9954)",0.5062762,0.1414312,0.0200028,0.6072,0.9058,0.5077,0.1095,0.4081
MOD13Q1_061__250m_16_days_NDVI_doy2012337000000_aid0010,_250m_16_days_NDVI,aid0010,2012-12-02,2819580.0,-0.2,0.9915,"(-0.2,0.9915)",0.511262,0.1429316,0.0204294,0.6135,0.9192,0.5098,0.104,0.4097
MOD13Q1_061__250m_16_days_NDVI_doy2012353000000_aid0010,_250m_16_days_NDVI,aid0010,2012-12-18,2817707.0,-0.2,0.989,"(-0.2,0.989)",0.5396522,0.1393172,0.0194093,0.6321,0.9093,0.5378,0.1701,0.4473
MOD13Q1_061__250m_16_days_NDVI_doy2013001000000_aid0010,_250m_16_days_NDVI,aid0010,2013-01-01,2818345.0,-0.2,0.989,"(-0.2,0.989)",0.5297521,0.1429335,0.02043,0.6185,0.8985,0.5171,0.1518,0.4318
MOD13Q1_061__250m_16_days_NDVI_doy2013017000000_aid0010,_250m_16_days_NDVI,aid0010,2013-01-17,2819207.0,-0.2,0.9988,"(-0.2,0.9988)",0.5350681,0.1453874,0.0211375,0.6205,0.8977,0.5135,0.1585,0.4357
MOD13Q1_061__250m_16_days_NDVI_doy2013033000000_aid0010,_250m_16_days_NDVI,aid0010,2013-02-02,2819406.0,-0.2,0.9759,"(-0.2,0.9759)",0.520669,0.156073,0.0243588,0.6089,0.9051,0.4917,0.1152,0.4114
MOD13Q1_061__250m_16_days_NDVI_doy2013049000000_aid0010,_250m_16_days_NDVI,aid0010,2013-02-18,2817781.0,-0.2,0.9867,"(-0.2,0.9867)",0.5130449,0.1606352,0.0258037,0.6076,0.9253,0.4818,0.0781,0.3958
MOD13Q1_061__250m_16_days_NDVI_doy2013065000000_aid0010,_250m_16_days_NDVI,aid0010,2013-03-06,2817619.0,-0.2,0.9822,"(-0.2,0.9822)",0.5180342,0.1528888,0.023375,0.6127,0.9218,0.4989,0.0975,0.4066
MOD13Q1_061__250m_16_days_NDVI_doy2013081000000_aid0010,_250m_16_days_NDVI,aid0010,2013-03-22,2818113.0,-0.2,0.9257,"(-0.2,0.9257)",0.5000298,0.1369643,0.0187592,0.5836,0.8552,0.4875,0.1309,0.4025
MOD13Q1_061__250m_16_days_NDVI_doy2013097000000_aid0010,_250m_16_days_NDVI,aid0010,2013-04-07,2816703.0,-0.2,0.9241,"(-0.2,0.9241)",0.4837107,0.1270701,0.0161468,0.5612,0.8114,0.4747,0.1442,0.3944
MOD13Q1_061__250m_16_days_NDVI_doy2013113000000_aid0010,_250m_16_days_NDVI,aid0010,2013-04-23,2817585.0,-0.2,0.9942,"(-0.2,0.9942)",0.4484787,0.1168315,0.0136496,0.5193,0.7494,0.4392,0.1358,0.3659
MOD13Q1_061__250m_16_days_NDVI_doy2013129000000_aid0010,_250m_16_days_NDVI,aid0010,2013-05-09,2816707.0,-0.2,0.9104,"(-0.2,0.9104)",0.4277085,0.116779,0.0136373,0.4966,0.7267,0.4187,0.1131,0.3432
MOD13Q1_061__250m_16_days_NDVI_doy2013145000000_aid0010,_250m_16_days_NDVI,aid0010,2013-05-25,2817267.0,-0.2,0.9845,"(-0.2,0.9845)",0.3742062,0.1028361,0.0105753,0.4329,0.6331,0.3621,0.0992,0.2994
MOD13Q1_061__250m_16_days_NDVI_doy2013161000000_aid0010,_250m_16_days_NDVI,aid0010,2013-06-10,2817229.0,-0.2,0.9074,"(-0.2,0.9074)",0.3615279,0.0979571,0.0095956,0.4145,0.5991,0.3481,0.1068,0.2914
MOD13Q1_061__250m_16_days_NDVI_doy2013177000000_aid0010,_250m_16_days_NDVI,aid0010,2013-06-26,2819334.0,-0.2,0.9404,"(-0.2,0.9404)",0.3421778,0.0881169,0.0077646,0.3877,0.5462,0.33,0.1235,0.282
MOD13Q1_061__250m_16_days_NDVI_doy2013193000000_aid0010,_250m_16_days_NDVI,aid0010,2013-07-12,2816256.0,-0.2,0.9218,"(-0.2,0.9218)",0.3405467,0.0912557,0.0083276,0.3856,0.5485,0.3255,0.1141,0.277
MOD13Q1_061__250m_16_days_NDVI_doy2013209000000_aid0010,_250m_16_days_NDVI,aid0010,2013-07-28,2817929.0,-0.2,0.9075,"(-0.2,0.9075)",0.3208696,0.0854155,0.0072958,0.36,0.5038,0.3055,0.1203,0.2641
MOD13Q1_061__250m_16_days_NDVI_doy2013225000000_aid0010,_250m_16_days_NDVI,aid0010,2013-08-13,2817271.0,-0.2,0.9046,"(-0.2,0.9046)",0.3143293,0.0829568,0.0068818,0.3512,0.4886,0.2997,0.1222,0.2596
MOD13Q1_061__250m_16_days_NDVI_doy2013241000000_aid0010,_250m_16_days_NDVI,aid0010,2013-08-29,2818794.0,-0.2,0.9617,"(-0.2,0.9617)",0.2985659,0.076919,0.0059165,0.3339,0.4633,0.2858,0.1182,0.2476
MOD13Q1_061__250m_16_days_NDVI_doy2013257000000_aid0010,_250m_16_days_NDVI,aid0010,2013-09-14,2817908.0,-0.2,0.9106,"(-0.2,0.9106)",0.3147536,0.0910963,0.0082985,0.3485,0.486,0.2944,0.1193,0.2568
MOD13Q1_061__250m_16_days_NDVI_doy2013273000000_aid0010,_250m_16_days_NDVI,aid0010,2013-09-30,2817559.0,-0.2,0.9338,"(-0.2,0.9338)",0.3560361,0.1174915,0.0138043,0.402,0.5875,0.3277,0.0928,0.2783
MOD13Q1_061__250m_16_days_NDVI_doy2013289000000_aid0010,_250m_16_days_NDVI,aid0010,2013-10-16,2817079.0,-0.2,0.9365,"(-0.2,0.9365)",0.4079434,0.1254355,0.0157341,0.4657,0.6763,0.3909,0.1147,0.3253
MOD13Q1_061__250m_16_days_NDVI_doy2013305000000_aid0010,_250m_16_days_NDVI,aid0010,2013-11-01,2819844.0,-0.2,0.9351,"(-0.2,0.9351)",0.4603418,0.1333854,0.0177917,0.5503,0.8282,0.4632,0.0871,0.365
MOD13Q1_061__250m_16_days_NDVI_doy2013321000000_aid0010,_250m_16_days_NDVI,aid0010,2013-11-17,2817911.0,-0.1995,0.9537,"(-0.1995,0.9537)",0.4369944,0.1182266,0.0139775,0.5225,0.7802,0.4353,0.093,0.3507
MOD13Q1_061__250m_16_days_NDVI_doy2013337000000_aid0010,_250m_16_days_NDVI,aid0010,2013-12-03,2818520.0,-0.2,0.9242,"(-0.2,0.9242)",0.4223444,0.130892,0.0171327,0.5074,0.7846,0.4091,0.0454,0.3226
MOD13Q1_061__250m_16_days_NDVI_doy2013353000000_aid0010,_250m_16_days_NDVI,aid0010,2013-12-19,2818679.0,-0.2,0.9947,"(-0.2,0.9947)",0.4544388,0.1508301,0.0227497,0.5448,0.8457,0.4375,0.0433,0.3442
MOD13Q1_061__250m_16_days_NDVI_doy2014001000000_aid0010,_250m_16_days_NDVI,aid0010,2014-01-01,2819101.0,-0.2,0.9938,"(-0.2,0.9938)",0.4315017,0.1561013,0.0243676,0.5163,0.8148,0.4089,0.0188,0.3173
MOD13Q1_061__250m_16_days_NDVI_doy2014017000000_aid0010,_250m_16_days_NDVI,aid0010,2014-01-17,2819453.0,-0.2,0.9718,"(-0.2,0.9718)",0.4431168,0.1635517,0.0267492,0.537,0.8652,0.4185,-0.01,0.3182
MOD13Q1_061__250m_16_days_NDVI_doy2014033000000_aid0010,_250m_16_days_NDVI,aid0010,2014-02-02,2818877.0,-0.199,0.9996,"(-0.199,0.9996)",0.4739958,0.177309,0.0314385,0.5896,0.9731,0.4515,-0.0515,0.3331
MOD13Q1_061__250m_16_days_NDVI_doy2014049000000_aid0010,_250m_16_days_NDVI,aid0010,2014-02-18,2818247.0,-0.1995,0.9975,"(-0.1995,0.9975)",0.5438879,0.1806864,0.0326476,0.6715,0.9975,0.5348,0.0039,0.4044
MOD13Q1_061__250m_16_days_NDVI_doy2014065000000_aid0010,_250m_16_days_NDVI,aid0010,2014-03-06,2818025.0,-0.2,0.9506,"(-0.2,0.9506)",0.5444952,0.1715648,0.0294345,0.6684,0.9506,0.5419,0.0348,0.4149
MOD13Q1_061__250m_16_days_NDVI_doy2014081000000_aid0010,_250m_16_days_NDVI,aid0010,2014-03-22,2817577.0,-0.2,0.9292,"(-0.2,0.9292)",0.5036638,0.1376371,0.018944,0.5942,0.8741,0.5054,0.1277,0.4076
MOD13Q1_061__250m_16_days_NDVI_doy2014097000000_aid0010,_250m_16_days_NDVI,aid0010,2014-04-07,2815175.0,-0.2,0.9137,"(-0.2,0.9137)",0.4935952,0.1352167,0.0182836,0.5879,0.8771,0.4925,0.1059,0.3951
MOD13Q1_061__250m_16_days_NDVI_doy2014113000000_aid0010,_250m_16_days_NDVI,aid0010,2014-04-23,2816143.0,-0.2,0.9981,"(-0.2,0.9981)",0.449029,0.1232805,0.0151981,0.5312,0.7895,0.443,0.1007,0.359
MOD13Q1_061__250m_16_days_NDVI_doy2014129000000_aid0010,_250m_16_days_NDVI,aid0010,2014-05-09,2814290.0,-0.2,0.9894,"(-0.2,0.9894)",0.4918912,0.1338357,0.017912,0.578,0.8501,0.493,0.1245,0.3966
MOD13Q1_061__250m_16_days_NDVI_doy2014145000000_aid0010,_250m_16_days_NDVI,aid0010,2014-05-25,2813190.0,-0.2,0.9315,"(-0.2,0.9315)",0.4691089,0.1305109,0.0170331,0.5479,0.8069,0.4675,0.1162,0.3752
MOD13Q1_061__250m_16_days_NDVI_doy2014161000000_aid0010,_250m_16_days_NDVI,aid0010,2014-06-10,2812858.0,-0.2,0.9384,"(-0.2,0.9384)",0.4638402,0.126906,0.0161051,0.5405,0.7943,0.464,0.1175,0.3713
MOD13Q1_061__250m_16_days_NDVI_doy2014177000000_aid0010,_250m_16_days_NDVI,aid0010,2014-06-26,2815491.0,-0.2,0.9149,"(-0.2,0.9149)",0.43945,0.1214804,0.0147575,0.5132,0.7565,0.4389,0.1077,0.351
MOD13Q1_061__250m_16_days_NDVI_doy2014193000000_aid0010,_250m_16_days_NDVI,aid0010,2014-07-12,2812769.0,-0.2,0.9603,"(-0.2,0.9603)",0.4510414,0.1225105,0.0150088,0.5225,0.7574,0.4472,0.131,0.3659
MOD13Q1_061__250m_16_days_NDVI_doy2014209000000_aid0010,_250m_16_days_NDVI,aid0010,2014-07-28,2815821.0,-0.2,0.983,"(-0.2,0.983)",0.4320957,0.1189647,0.0141526,0.4986,0.7183,0.4249,0.1324,0.3521
MOD13Q1_061__250m_16_days_NDVI_doy2014225000000_aid0010,_250m_16_days_NDVI,aid0010,2014-08-13,2817699.0,-0.2,0.9665,"(-0.2,0.9665)",0.4397794,0.1193724,0.0142498,0.507,0.727,0.4336,0.1403,0.3603
MOD13Q1_061__250m_16_days_NDVI_doy2014241000000_aid0010,_250m_16_days_NDVI,aid0010,2014-08-29,2814488.0,-0.2,0.9472,"(-0.2,0.9472)",0.4710792,0.1322584,0.0174923,0.553,0.8126,0.4574,0.1203,0.3799
MOD13Q1_061__250m_16_days_NDVI_doy2014257000000_aid0010,_250m_16_days_NDVI,aid0010,2014-09-14,2815265.0,-0.2,0.9811,"(-0.2,0.9811)",0.4877976,0.1490342,0.0222112,0.5874,0.8965,0.4699,0.0722,0.3813
MOD13Q1_061__250m_16_days_NDVI_doy2014273000000_aid0010,_250m_16_days_NDVI,aid0010,2014-09-30,2815787.0,-0.2,0.9824,"(-0.2,0.9824)",0.5135205,0.1547905,0.0239601,0.6171,0.9353,0.5051,0.0866,0.4049
MOD13Q1_061__250m_16_days_NDVI_doy2014289000000_aid0010,_250m_16_days_NDVI,aid0010,2014-10-16,2816301.0,-0.2,0.9695,"(-0.2,0.9695)",0.5108183,0.1504325,0.0226299,0.6148,0.9287,0.5197,0.0901,0.4049
MOD13Q1_061__250m_16_days_NDVI_doy2014305000000_aid0010,_250m_16_days_NDVI,aid0010,2014-11-01,2818759.0,-0.2,0.9157,"(-0.2,0.9157)",0.4876987,0.1448693,0.0209871,0.5923,0.9089,0.4996,0.0643,0.3811
MOD13Q1_061__250m_16_days_NDVI_doy2014321000000_aid0010,_250m_16_days_NDVI,aid0010,2014-11-17,2817063.0,-0.2,0.9019,"(-0.2,0.9019)",0.45467,0.1324447,0.0175416,0.555,0.8632,0.4557,0.041,0.3494
MOD13Q1_061__250m_16_days_NDVI_doy2014337000000_aid0010,_250m_16_days_NDVI,aid0010,2014-12-03,2818387.0,-0.2,0.9522,"(-0.2,0.9522)",0.4335458,0.1295261,0.016777,0.5121,0.7707,0.427,0.0811,0.3397
MOD13Q1_061__250m_16_days_NDVI_doy2014353000000_aid0010,_250m_16_days_NDVI,aid0010,2014-12-19,2817610.0,-0.2,0.9687,"(-0.2,0.9687)",0.454368,0.1501917,0.0225576,0.5349,0.817,0.434,0.0647,0.3468
MOD13Q1_061__250m_16_days_NDVI_doy2015001000000_aid0010,_250m_16_days_NDVI,aid0010,2015-01-01,2817357.0,-0.2,0.9687,"(-0.2,0.9687)",0.4717572,0.1550282,0.0240337,0.5574,0.8577,0.448,0.0569,0.3572
MOD13Q1_061__250m_16_days_NDVI_doy2015017000000_aid0010,_250m_16_days_NDVI,aid0010,2015-01-17,2817334.0,-0.1997,0.9896,"(-0.1997,0.9896)",0.5419496,0.1831316,0.0335372,0.6726,0.9896,0.5113,-0.0099,0.3996
MOD13Q1_061__250m_16_days_NDVI_doy2015033000000_aid0010,_250m_16_days_NDVI,aid0010,2015-02-02,2816537.0,-0.2,0.9945,"(-0.2,0.9945)",0.5667742,0.176451,0.0311349,0.6836,0.9945,0.5431,0.0679,0.4373
MOD13Q1_061__250m_16_days_NDVI_doy2015049000000_aid0010,_250m_16_days_NDVI,aid0010,2015-02-18,2816911.0,-0.2,0.9936,"(-0.2,0.9936)",0.5720254,0.1720873,0.029614,0.6819,0.9936,0.5507,0.0987,0.4486
MOD13Q1_061__250m_16_days_NDVI_doy2015065000000_aid0010,_250m_16_days_NDVI,aid0010,2015-03-06,2816659.0,-0.2,0.9983,"(-0.2,0.9983)",0.5841534,0.1530535,0.0234254,0.6749,0.9647,0.5668,0.1917,0.4816
MOD13Q1_061__250m_16_days_NDVI_doy2015081000000_aid0010,_250m_16_days_NDVI,aid0010,2015-03-22,2815760.0,-0.2,0.9298,"(-0.2,0.9298)",0.5400136,0.1283736,0.0164798,0.617,0.8556,0.536,0.2193,0.4579
MOD13Q1_061__250m_16_days_NDVI_doy2015097000000_aid0010,_250m_16_days_NDVI,aid0010,2015-04-07,2818331.0,-0.2,0.9059,"(-0.2,0.9059)",0.5034449,0.1171557,0.0137255,0.5814,0.8098,0.5105,0.2007,0.4291
MOD13Q1_061__250m_16_days_NDVI_doy2015113000000_aid0010,_250m_16_days_NDVI,aid0010,2015-04-23,2815932.0,-0.2,0.926,"(-0.2,0.926)",0.4930625,0.1222664,0.0149491,0.5741,0.8211,0.5002,0.1624,0.4094
MOD13Q1_061__250m_16_days_NDVI_doy2015129000000_aid0010,_250m_16_days_NDVI,aid0010,2015-05-09,2814329.0,-0.2,0.9253,"(-0.2,0.9253)",0.4683363,0.1254274,0.015732,0.5498,0.8126,0.472,0.1118,0.3746
MOD13Q1_061__250m_16_days_NDVI_doy2015145000000_aid0010,_250m_16_days_NDVI,aid0010,2015-05-25,2817271.0,-0.2,0.9752,"(-0.2,0.9752)",0.463523,0.1243849,0.0154716,0.5398,0.7882,0.4638,0.1258,0.3742
MOD13Q1_061__250m_16_days_NDVI_doy2015161000000_aid0010,_250m_16_days_NDVI,aid0010,2015-06-10,2814063.0,-0.2,0.9108,"(-0.2,0.9108)",0.4343355,0.1177567,0.0138666,0.5113,0.7624,0.4303,0.0928,0.3439
MOD13Q1_061__250m_16_days_NDVI_doy2015177000000_aid0010,_250m_16_days_NDVI,aid0010,2015-06-26,2813967.0,-0.2,0.9224,"(-0.2,0.9224)",0.3881723,0.0994715,0.0098946,0.4534,0.6662,0.3807,0.0987,0.3115
MOD13Q1_061__250m_16_days_NDVI_doy2015193000000_aid0010,_250m_16_days_NDVI,aid0010,2015-07-12,2813764.0,-0.2,0.8877,"(-0.2,0.8877)",0.3636442,0.0905333,0.0081963,0.4202,0.6077,0.354,0.1077,0.2952
MOD13Q1_061__250m_16_days_NDVI_doy2015209000000_aid0010,_250m_16_days_NDVI,aid0010,2015-07-28,2816632.0,-0.2,0.9685,"(-0.2,0.9685)",0.3615991,0.090153,0.0081276,0.4172,0.5999,0.3495,0.1127,0.2954
MOD13Q1_061__250m_16_days_NDVI_doy2015225000000_aid0010,_250m_16_days_NDVI,aid0010,2015-08-13,2815381.0,-0.2,0.9364,"(-0.2,0.9364)",0.3809387,0.1026937,0.010546,0.4338,0.6214,0.3672,0.1211,0.3087
MOD13Q1_061__250m_16_days_NDVI_doy2015241000000_aid0010,_250m_16_days_NDVI,aid0010,2015-08-29,2815601.0,-0.2,0.9234,"(-0.2,0.9234)",0.3771444,0.1110898,0.0123409,0.4295,0.6224,0.3555,0.108,0.3009
MOD13Q1_061__250m_16_days_NDVI_doy2015257000000_aid0010,_250m_16_days_NDVI,aid0010,2015-09-14,2816228.0,-0.2,0.9834,"(-0.2,0.9834)",0.3759599,0.1111122,0.0123459,0.4284,0.6217,0.3547,0.1062,0.2995
MOD13Q1_061__250m_16_days_NDVI_doy2015273000000_aid0010,_250m_16_days_NDVI,aid0010,2015-09-30,2816407.0,-0.2,0.9923,"(-0.2,0.9923)",0.403868,0.1203632,0.0144873,0.464,0.684,0.3893,0.0973,0.3173
MOD13Q1_061__250m_16_days_NDVI_doy2015289000000_aid0010,_250m_16_days_NDVI,aid0010,2015-10-16,2818099.0,-0.2,0.9675,"(-0.2,0.9675)",0.4401775,0.1378995,0.0190163,0.5116,0.7577,0.4223,0.1014,0.3475
MOD13Q1_061__250m_16_days_NDVI_doy2015305000000_aid0010,_250m_16_days_NDVI,aid0010,2015-11-01,2816821.0,-0.2,0.9456,"(-0.2,0.9456)",0.4674151,0.1395901,0.0194854,0.5529,0.8199,0.4649,0.1079,0.3749
MOD13Q1_061__250m_16_days_NDVI_doy2015321000000_aid0010,_250m_16_days_NDVI,aid0010,2015-11-17,2816333.0,-0.2,0.9988,"(-0.2,0.9988)",0.4982825,0.132908,0.0176645,0.5883,0.8559,0.5073,0.1423,0.4099
MOD13Q1_061__250m_16_days_NDVI_doy2015337000000_aid0010,_250m_16_days_NDVI,aid0010,2015-12-03,2816011.0,-0.2,0.9802,"(-0.2,0.9802)",0.5098945,0.1417256,0.0200861,0.6118,0.922,0.5066,0.0931,0.4043
MOD13Q1_061__250m_16_days_NDVI_doy2015353000000_aid0010,_250m_16_days_NDVI,aid0010,2015-12-19,2817896.0,-0.2,0.9354,"(-0.2,0.9354)",0.4939456,0.1400279,0.0196078,0.5907,0.8878,0.4927,0.0954,0.392575
MOD13Q1_061__250m_16_days_NDVI_doy2007353000000_aid0011,_250m_16_days_NDVI,aid0011,2007-12-19,2761744.0,-0.2,0.9392,"(-0.2,0.9392)",0.5069509,0.136066,0.018514,0.5923,0.8678,0.5003,0.1331,0.4086
MOD13Q1_061__250m_16_days_NDVI_doy2008001000000_aid0011,_250m_16_days_NDVI,aid0011,2008-01-01,2761558.0,-0.2,0.9961,"(-0.2,0.9961)",0.556602,0.1645672,0.0270824,0.6755,0.9961,0.5512,0.0755,0.4355
MOD13Q1_061__250m_16_days_NDVI_doy2008017000000_aid0011,_250m_16_days_NDVI,aid0011,2008-01-17,2759620.0,-0.2,0.9981,"(-0.2,0.9981)",0.577882,0.1669796,0.0278822,0.7065,0.9981,0.571,0.0744,0.4535
MOD13Q1_061__250m_16_days_NDVI_doy2008033000000_aid0011,_250m_16_days_NDVI,aid0011,2008-02-02,2760699.0,-0.2,0.9704,"(-0.2,0.9704)",0.6634106,0.1464509,0.0214479,0.7743,0.9704,0.6708,0.2553,0.5667
MOD13Q1_061__250m_16_days_NDVI_doy2008049000000_aid0011,_250m_16_days_NDVI,aid0011,2008-02-18,2761857.0,-0.2,0.9989,"(-0.2,0.9989)",0.6784105,0.1357992,0.0184414,0.7745,0.9989,0.6835,0.3293,0.5964
MOD13Q1_061__250m_16_days_NDVI_doy2008065000000_aid0011,_250m_16_days_NDVI,aid0011,2008-03-05,2760960.0,-0.2,0.9831,"(-0.2,0.9831)",0.7392308,0.1199974,0.0143994,0.8174,0.9831,0.7605,0.4962,0.6889
MOD13Q1_061__250m_16_days_NDVI_doy2008081000000_aid0011,_250m_16_days_NDVI,aid0011,2008-03-21,2761399.0,-0.2,0.9953,"(-0.2,0.9953)",0.6909494,0.1226512,0.0150433,0.7772,0.9953,0.7192,0.4105,0.6305
MOD13Q1_061__250m_16_days_NDVI_doy2008097000000_aid0011,_250m_16_days_NDVI,aid0011,2008-04-06,2760102.0,-0.2,0.9287,"(-0.2,0.9287)",0.6172098,0.1388213,0.0192714,0.7275,0.9287,0.6385,0.2183,0.5238
MOD13Q1_061__250m_16_days_NDVI_doy2008113000000_aid0011,_250m_16_days_NDVI,aid0011,2008-04-22,2760566.0,-0.2,0.9051,"(-0.2,0.9051)",0.4821484,0.1324166,0.0175342,0.5853,0.8986,0.4759,0.0613,0.3757
MOD13Q1_061__250m_16_days_NDVI_doy2008129000000_aid0011,_250m_16_days_NDVI,aid0011,2008-05-08,2763706.0,-0.2,0.9634,"(-0.2,0.9634)",0.4122761,0.1043701,0.0108931,0.488,0.7257,0.4105,0.0918,0.3295
MOD13Q1_061__250m_16_days_NDVI_doy2008145000000_aid0011,_250m_16_days_NDVI,aid0011,2008-05-24,2760428.0,-0.2,0.924,"(-0.2,0.924)",0.4380672,0.1191288,0.0141917,0.5242,0.7987,0.4327,0.0667,0.3412
MOD13Q1_061__250m_16_days_NDVI_doy2008161000000_aid0011,_250m_16_days_NDVI,aid0011,2008-06-09,2761070.0,-0.2,0.9652,"(-0.2,0.9652)",0.3916067,0.1032173,0.0106538,0.4599,0.6835,0.381,0.0872,0.3108
MOD13Q1_061__250m_16_days_NDVI_doy2008177000000_aid0011,_250m_16_days_NDVI,aid0011,2008-06-25,2761004.0,-0.2,0.9264,"(-0.2,0.9264)",0.4075187,0.1098016,0.0120564,0.4802,0.7121,0.4028,0.0937,0.3256
MOD13Q1_061__250m_16_days_NDVI_doy2008193000000_aid0011,_250m_16_days_NDVI,aid0011,2008-07-11,2760528.0,-0.2,0.9325,"(-0.2,0.9325)",0.4528505,0.1214693,0.0147548,0.5363,0.798,0.4493,0.1001,0.3618
MOD13Q1_061__250m_16_days_NDVI_doy2008209000000_aid0011,_250m_16_days_NDVI,aid0011,2008-07-27,2761105.0,-0.2,0.9886,"(-0.2,0.9886)",0.4615346,0.1193413,0.0142424,0.5449,0.7991,0.4645,0.1212,0.3754
MOD13Q1_061__250m_16_days_NDVI_doy2008225000000_aid0011,_250m_16_days_NDVI,aid0011,2008-08-12,2759543.0,-0.2,0.9131,"(-0.2,0.9131)",0.4703663,0.1195175,0.0142844,0.5534,0.8063,0.4747,0.1319,0.3848
MOD13Q1_061__250m_16_days_NDVI_doy2008241000000_aid0011,_250m_16_days_NDVI,aid0011,2008-08-28,2761370.0,-0.2,0.9352,"(-0.2,0.9352)",0.4846072,0.129666,0.0168133,0.5756,0.8549,0.49,0.1101,0.3894
MOD13Q1_061__250m_16_days_NDVI_doy2008257000000_aid0011,_250m_16_days_NDVI,aid0011,2008-09-13,2761665.0,-0.2,0.9446,"(-0.2,0.9446)",0.4717495,0.1301687,0.0169439,0.5612,0.8396,0.472,0.0972,0.3756
MOD13Q1_061__250m_16_days_NDVI_doy2008273000000_aid0011,_250m_16_days_NDVI,aid0011,2008-09-29,2761725.0,-0.2,0.9816,"(-0.2,0.9816)",0.5503224,0.1524826,0.023251,0.66,0.9816,0.5697,0.1145,0.4418
MOD13Q1_061__250m_16_days_NDVI_doy2008289000000_aid0011,_250m_16_days_NDVI,aid0011,2008-10-15,2761681.0,-0.2,0.9733,"(-0.2,0.9733)",0.5885683,0.1508204,0.0227468,0.6942,0.9733,0.6193,0.1872,0.4914
MOD13Q1_061__250m_16_days_NDVI_doy2008305000000_aid0011,_250m_16_days_NDVI,aid0011,2008-10-31,2762078.0,-0.2,0.9902,"(-0.2,0.9902)",0.5744467,0.1461436,0.0213579,0.682,0.9902,0.5988,0.1553,0.4713
MOD13Q1_061__250m_16_days_NDVI_doy2008321000000_aid0011,_250m_16_days_NDVI,aid0011,2008-11-16,2762363.0,-0.2,0.9129,"(-0.2,0.9129)",0.4840233,0.113981,0.0129917,0.5632,0.8026,0.4856,0.1642,0.4036
MOD13Q1_061__250m_16_days_NDVI_doy2008337000000_aid0011,_250m_16_days_NDVI,aid0011,2008-12-02,2761439.0,-0.2,0.9538,"(-0.2,0.9538)",0.4991395,0.1354148,0.0183372,0.5875,0.8654,0.4939,0.1243,0.4022
MOD13Q1_061__250m_16_days_NDVI_doy2008353000000_aid0011,_250m_16_days_NDVI,aid0011,2008-12-18,2761663.0,-0.2,0.9853,"(-0.2,0.9853)",0.5153009,0.1546913,0.0239294,0.622,0.9509,0.4985,0.0667,0.3998
MOD13Q1_061__250m_16_days_NDVI_doy2009001000000_aid0011,_250m_16_days_NDVI,aid0011,2009-01-01,2761164.0,-0.2,0.9509,"(-0.2,0.9509)",0.4871536,0.1529245,0.0233859,0.5853,0.907,0.4622,0.0492,0.3708
MOD13Q1_061__250m_16_days_NDVI_doy2009017000000_aid0011,_250m_16_days_NDVI,aid0011,2009-01-17,2761773.0,-0.2,0.9411,"(-0.2,0.9411)",0.4815222,0.1580908,0.0249927,0.5827,0.9182,0.4482,0.0235,0.359
MOD13Q1_061__250m_16_days_NDVI_doy2009033000000_aid0011,_250m_16_days_NDVI,aid0011,2009-02-02,2761732.0,-0.2,0.981,"(-0.2,0.981)",0.5197932,0.1455942,0.0211977,0.6127,0.9095,0.5,0.118,0.4148
MOD13Q1_061__250m_16_days_NDVI_doy2009049000000_aid0011,_250m_16_days_NDVI,aid0011,2009-02-18,2760353.0,-0.2,0.9908,"(-0.2,0.9908)",0.5539318,0.1358378,0.0184519,0.6447,0.9264,0.5491,0.1752,0.4569
MOD13Q1_061__250m_16_days_NDVI_doy2009065000000_aid0011,_250m_16_days_NDVI,aid0011,2009-03-06,2762269.0,-0.2,0.987,"(-0.2,0.987)",0.6176228,0.1204097,0.0144985,0.7004,0.931,0.6247,0.3129,0.5454
MOD13Q1_061__250m_16_days_NDVI_doy2009081000000_aid0011,_250m_16_days_NDVI,aid0011,2009-03-22,2762065.0,-0.2,0.9717,"(-0.2,0.9717)",0.5806701,0.1262525,0.0159397,0.6783,0.9377,0.5843,0.2153,0.4931
MOD13Q1_061__250m_16_days_NDVI_doy2009097000000_aid0011,_250m_16_days_NDVI,aid0011,2009-04-07,2762034.0,-0.2,0.9215,"(-0.2,0.9215)",0.5408626,0.1368582,0.0187302,0.6487,0.9215,0.5397,0.1257,0.4395
MOD13Q1_061__250m_16_days_NDVI_doy2009113000000_aid0011,_250m_16_days_NDVI,aid0011,2009-04-23,2762061.0,-0.1995,0.9189,"(-0.1995,0.9189)",0.4926262,0.1389603,0.01931,0.6004,0.9189,0.4869,0.0542,0.3819
MOD13Q1_061__250m_16_days_NDVI_doy2009129000000_aid0011,_250m_16_days_NDVI,aid0011,2009-05-09,2762007.0,-0.2,0.9039,"(-0.2,0.9039)",0.4556232,0.1202367,0.0144569,0.5413,0.8077,0.448,0.0973,0.3637
MOD13Q1_061__250m_16_days_NDVI_doy2009145000000_aid0011,_250m_16_days_NDVI,aid0011,2009-05-25,2761625.0,-0.2,0.9366,"(-0.2,0.9366)",0.4604221,0.1268038,0.0160792,0.5494,0.8264,0.4542,0.0877,0.3647
MOD13Q1_061__250m_16_days_NDVI_doy2009161000000_aid0011,_250m_16_days_NDVI,aid0011,2009-06-10,2760880.0,-0.2,0.9346,"(-0.2,0.9346)",0.4246404,0.1194438,0.0142668,0.5037,0.7596,0.4109,0.0772,0.3331
MOD13Q1_061__250m_16_days_NDVI_doy2009177000000_aid0011,_250m_16_days_NDVI,aid0011,2009-06-26,2760368.0,-0.2,0.9133,"(-0.2,0.9133)",0.3958895,0.1085077,0.0117739,0.4617,0.6826,0.3766,0.0935,0.3144
MOD13Q1_061__250m_16_days_NDVI_doy2009193000000_aid0011,_250m_16_days_NDVI,aid0011,2009-07-12,2761011.0,-0.1997,0.9042,"(-0.1997,0.9042)",0.392013,0.1089243,0.0118645,0.4608,0.6879,0.3722,0.0825,0.3094
MOD13Q1_061__250m_16_days_NDVI_doy2009209000000_aid0011,_250m_16_days_NDVI,aid0011,2009-07-28,2760616.0,-0.1997,0.9103,"(-0.1997,0.9103)",0.3769187,0.1059187,0.0112188,0.4417,0.6583,0.3577,0.0807,0.2973
MOD13Q1_061__250m_16_days_NDVI_doy2009225000000_aid0011,_250m_16_days_NDVI,aid0011,2009-08-13,2761774.0,-0.2,0.8983,"(-0.2,0.8983)",0.3955,0.1112295,0.012372,0.4659,0.6978,0.3782,0.0794,0.3113
MOD13Q1_061__250m_16_days_NDVI_doy2009241000000_aid0011,_250m_16_days_NDVI,aid0011,2009-08-29,2762655.0,-0.2,0.9345,"(-0.2,0.9345)",0.4678475,0.1415529,0.0200372,0.5751,0.907,0.4613,0.0222,0.3538
MOD13Q1_061__250m_16_days_NDVI_doy2009257000000_aid0011,_250m_16_days_NDVI,aid0011,2009-09-14,2762263.0,-0.2,0.994,"(-0.2,0.994)",0.5121429,0.1516667,0.0230028,0.6291,0.9847,0.5169,0.0359,0.3918
MOD13Q1_061__250m_16_days_NDVI_doy2009273000000_aid0011,_250m_16_days_NDVI,aid0011,2009-09-30,2762299.0,-0.1994,0.9627,"(-0.1994,0.9627)",0.5206115,0.1572351,0.0247229,0.6401,0.9627,0.5313,0.0252,0.3941
MOD13Q1_061__250m_16_days_NDVI_doy2009289000000_aid0011,_250m_16_days_NDVI,aid0011,2009-10-16,2762169.0,-0.1996,0.9659,"(-0.1996,0.9659)",0.5365959,0.1616536,0.0261319,0.6603,0.9659,0.5501,0.0318,0.4089
MOD13Q1_061__250m_16_days_NDVI_doy2009305000000_aid0011,_250m_16_days_NDVI,aid0011,2009-11-01,2762180.0,-0.1994,0.9727,"(-0.1994,0.9727)",0.5472217,0.1550491,0.0240402,0.6697,0.9727,0.5568,0.0583,0.4251
MOD13Q1_061__250m_16_days_NDVI_doy2009321000000_aid0011,_250m_16_days_NDVI,aid0011,2009-11-17,2762551.0,-0.2,0.9532,"(-0.2,0.9532)",0.5669364,0.1458518,0.0212728,0.6859,0.9532,0.5761,0.1142,0.4572
MOD13Q1_061__250m_16_days_NDVI_doy2009337000000_aid0011,_250m_16_days_NDVI,aid0011,2009-12-03,2761682.0,-0.2,0.992,"(-0.2,0.992)",0.5540759,0.1515986,0.0229821,0.6751,0.992,0.5684,0.0786,0.4365
MOD13Q1_061__250m_16_days_NDVI_doy2009353000000_aid0011,_250m_16_days_NDVI,aid0011,2009-12-19,2761403.0,-0.1993,0.9983,"(-0.1993,0.9983)",0.6413457,0.1563723,0.0244523,0.7562,0.9983,0.6647,0.2275,0.5447
MOD13Q1_061__250m_16_days_NDVI_doy2010001000000_aid0011,_250m_16_days_NDVI,aid0011,2010-01-01,2763490.0,-0.2,0.9944,"(-0.2,0.9944)",0.685157,0.1561527,0.0243837,0.8059,0.9944,0.7025,0.2687,0.591
MOD13Q1_061__250m_16_days_NDVI_doy2010017000000_aid0011,_250m_16_days_NDVI,aid0011,2010-01-17,2762556.0,-0.2,0.9992,"(-0.2,0.9992)",0.6874676,0.1546257,0.0239091,0.8073,0.9992,0.7012,0.2611,0.5888
MOD13Q1_061__250m_16_days_NDVI_doy2010033000000_aid0011,_250m_16_days_NDVI,aid0011,2010-02-02,2762166.0,-0.1995,0.9949,"(-0.1995,0.9949)",0.7173867,0.1363413,0.0185889,0.823,0.9949,0.7256,0.3618,0.6385
MOD13Q1_061__250m_16_days_NDVI_doy2010049000000_aid0011,_250m_16_days_NDVI,aid0011,2010-02-18,2762289.0,-0.2,0.9966,"(-0.2,0.9966)",0.733159,0.127879,0.016353,0.8327,0.9966,0.7397,0.4057,0.6619
MOD13Q1_061__250m_16_days_NDVI_doy2010065000000_aid0011,_250m_16_days_NDVI,aid0011,2010-03-06,2762161.0,-0.2,0.9943,"(-0.2,0.9943)",0.7149466,0.1240272,0.0153827,0.8003,0.9943,0.725,0.4273,0.6511
MOD13Q1_061__250m_16_days_NDVI_doy2010081000000_aid0011,_250m_16_days_NDVI,aid0011,2010-03-22,2760865.0,-0.2,0.9616,"(-0.2,0.9616)",0.6364788,0.1234819,0.0152478,0.719,0.9394,0.6563,0.346,0.5698
MOD13Q1_061__250m_16_days_NDVI_doy2010097000000_aid0011,_250m_16_days_NDVI,aid0011,2010-04-07,2761004.0,-0.2,0.9959,"(-0.2,0.9959)",0.5568303,0.1371568,0.018812,0.6622,0.9334,0.5831,0.1473,0.4562
MOD13Q1_061__250m_16_days_NDVI_doy2010113000000_aid0011,_250m_16_days_NDVI,aid0011,2010-04-23,2760700.0,-0.2,0.9073,"(-0.2,0.9073)",0.4747236,0.1370757,0.0187897,0.5858,0.9073,0.4765,0.0226,0.3605
MOD13Q1_061__250m_16_days_NDVI_doy2010129000000_aid0011,_250m_16_days_NDVI,aid0011,2010-05-09,2760074.0,-0.2,0.9448,"(-0.2,0.9448)",0.4300697,0.1241081,0.0154028,0.527,0.8295,0.4227,0.0228,0.3253
MOD13Q1_061__250m_16_days_NDVI_doy2010145000000_aid0011,_250m_16_days_NDVI,aid0011,2010-05-25,2760237.0,-0.2,0.9353,"(-0.2,0.9353)",0.4530901,0.1330633,0.0177058,0.5498,0.8559,0.4541,0.0396,0.3457
MOD13Q1_061__250m_16_days_NDVI_doy2010161000000_aid0011,_250m_16_days_NDVI,aid0011,2010-06-10,2760474.0,-0.2,0.9207,"(-0.2,0.9207)",0.4461901,0.1256152,0.0157792,0.535,0.8171,0.4458,0.0648,0.3469
MOD13Q1_061__250m_16_days_NDVI_doy2010177000000_aid0011,_250m_16_days_NDVI,aid0011,2010-06-26,2760257.0,-0.2,0.9542,"(-0.2,0.9542)",0.4835309,0.1313748,0.0172593,0.5758,0.8671,0.4874,0.0903,0.3816
MOD13Q1_061__250m_16_days_NDVI_doy2010193000000_aid0011,_250m_16_days_NDVI,aid0011,2010-07-12,2760453.0,-0.2,0.9748,"(-0.2,0.9748)",0.464553,0.1264502,0.0159897,0.554,0.8358,0.4667,0.0843,0.3661
MOD13Q1_061__250m_16_days_NDVI_doy2010209000000_aid0011,_250m_16_days_NDVI,aid0011,2010-07-28,2759807.0,-0.2,0.9123,"(-0.2,0.9123)",0.4338146,0.1200845,0.0144203,0.5195,0.789,0.4311,0.0704,0.3398
MOD13Q1_061__250m_16_days_NDVI_doy2010225000000_aid0011,_250m_16_days_NDVI,aid0011,2010-08-13,2760517.0,-0.2,0.9525,"(-0.2,0.9525)",0.4419789,0.1190491,0.0141727,0.5263,0.7916,0.439,0.0841,0.3494
MOD13Q1_061__250m_16_days_NDVI_doy2010241000000_aid0011,_250m_16_days_NDVI,aid0011,2010-08-29,2760901.0,-0.2,0.9867,"(-0.2,0.9867)",0.4812779,0.1247609,0.0155653,0.5737,0.8552,0.4846,0.1045,0.386
MOD13Q1_061__250m_16_days_NDVI_doy2010257000000_aid0011,_250m_16_days_NDVI,aid0011,2010-09-14,2762140.0,-0.2,0.9875,"(-0.2,0.9875)",0.5472495,0.150625,0.0226879,0.6584,0.953,0.5662,0.1107,0.4393
MOD13Q1_061__250m_16_days_NDVI_doy2010273000000_aid0011,_250m_16_days_NDVI,aid0011,2010-09-30,2762400.0,-0.2,0.9916,"(-0.2,0.9916)",0.5883468,0.1654405,0.0273706,0.7143,0.9916,0.6182,0.1071,0.4714
MOD13Q1_061__250m_16_days_NDVI_doy2010289000000_aid0011,_250m_16_days_NDVI,aid0011,2010-10-16,2762530.0,-0.2,0.9939,"(-0.2,0.9939)",0.602165,0.1682188,0.0282976,0.7282,0.9939,0.6355,0.1227,0.486
MOD13Q1_061__250m_16_days_NDVI_doy2010305000000_aid0011,_250m_16_days_NDVI,aid0011,2010-11-01,2762150.0,-0.2,0.9802,"(-0.2,0.9802)",0.5855672,0.1631544,0.0266194,0.7151,0.9802,0.6175,0.0721,0.4579
MOD13Q1_061__250m_16_days_NDVI_doy2010321000000_aid0011,_250m_16_days_NDVI,aid0011,2010-11-17,2762047.0,-0.1994,0.9888,"(-0.1994,0.9888)",0.5682356,0.1390041,0.0193221,0.6772,0.9888,0.5813,0.1511,0.4667
MOD13Q1_061__250m_16_days_NDVI_doy2010337000000_aid0011,_250m_16_days_NDVI,aid0011,2010-12-03,2761988.0,-0.2,0.9938,"(-0.2,0.9938)",0.5468785,0.1286357,0.0165472,0.6417,0.9129,0.5489,0.1777,0.4561
MOD13Q1_061__250m_16_days_NDVI_doy2010353000000_aid0011,_250m_16_days_NDVI,aid0011,2010-12-19,2761585.0,-0.2,0.9884,"(-0.2,0.9884)",0.4931801,0.1386817,0.0192326,0.5832,0.8721,0.4793,0.1017,0.3906
MOD13Q1_061__250m_16_days_NDVI_doy2011001000000_aid0011,_250m_16_days_NDVI,aid0011,2011-01-01,2762533.0,-0.2,0.9882,"(-0.2,0.9882)",0.5539506,0.1542504,0.0237932,0.6707,0.9882,0.5393,0.0885,0.4378
MOD13Q1_061__250m_16_days_NDVI_doy2011017000000_aid0011,_250m_16_days_NDVI,aid0011,2011-01-17,2762394.0,-0.2,0.9995,"(-0.2,0.9995)",0.6890474,0.1334227,0.0178016,0.7871,0.9995,0.6922,0.3421,0.6091
MOD13Q1_061__250m_16_days_NDVI_doy2011033000000_aid0011,_250m_16_days_NDVI,aid0011,2011-02-02,2762470.0,-0.2,0.9974,"(-0.2,0.9974)",0.7261394,0.1255462,0.0157619,0.8118,0.9974,0.7388,0.4311,0.6595
MOD13Q1_061__250m_16_days_NDVI_doy2011049000000_aid0011,_250m_16_days_NDVI,aid0011,2011-02-18,2761522.0,-0.2,0.998,"(-0.2,0.998)",0.7190696,0.1350708,0.0182441,0.8141,0.998,0.7359,0.3979,0.6476
MOD13Q1_061__250m_16_days_NDVI_doy2011065000000_aid0011,_250m_16_days_NDVI,aid0011,2011-03-06,2762045.0,-0.2,0.9959,"(-0.2,0.9959)",0.6913518,0.1332488,0.0177552,0.7854,0.9959,0.7088,0.3619,0.616
MOD13Q1_061__250m_16_days_NDVI_doy2011081000000_aid0011,_250m_16_days_NDVI,aid0011,2011-03-22,2761231.0,-0.2,0.928,"(-0.2,0.928)",0.6047124,0.1242581,0.0154401,0.6894,0.928,0.6144,0.2879,0.5288
MOD13Q1_061__250m_16_days_NDVI_doy2011097000000_aid0011,_250m_16_days_NDVI,aid0011,2011-04-07,2761035.0,-0.2,0.9065,"(-0.2,0.9065)",0.5109823,0.1155491,0.0133516,0.5959,0.8477,0.5149,0.1762,0.428
MOD13Q1_061__250m_16_days_NDVI_doy2011113000000_aid0011,_250m_16_days_NDVI,aid0011,2011-04-23,2761457.0,-0.2,0.917,"(-0.2,0.917)",0.4737827,0.1279867,0.0163806,0.5671,0.8528,0.4735,0.0909,0.3766
MOD13Q1_061__250m_16_days_NDVI_doy2011129000000_aid0011,_250m_16_days_NDVI,aid0011,2011-05-09,2760245.0,-0.2,0.9878,"(-0.2,0.9878)",0.438722,0.1285911,0.0165357,0.528,0.8182,0.4389,0.0443,0.3345
MOD13Q1_061__250m_16_days_NDVI_doy2011145000000_aid0011,_250m_16_days_NDVI,aid0011,2011-05-25,2759926.0,-0.2,0.9305,"(-0.2,0.9305)",0.4480316,0.1299778,0.0168942,0.5336,0.8141,0.4494,0.0662,0.3466
MOD13Q1_061__250m_16_days_NDVI_doy2011161000000_aid0011,_250m_16_days_NDVI,aid0011,2011-06-10,2761222.0,-0.2,0.9581,"(-0.2,0.9581)",0.4305051,0.1220475,0.0148956,0.5101,0.769,0.4305,0.0786,0.3375
MOD13Q1_061__250m_16_days_NDVI_doy2011177000000_aid0011,_250m_16_days_NDVI,aid0011,2011-06-26,2761327.0,-0.2,0.9411,"(-0.2,0.9411)",0.4336714,0.1272179,0.0161844,0.5194,0.7978,0.4303,0.0554,0.3338
MOD13Q1_061__250m_16_days_NDVI_doy2011193000000_aid0011,_250m_16_days_NDVI,aid0011,2011-07-12,2761228.0,-0.2,0.9091,"(-0.2,0.9091)",0.4224279,0.1161053,0.0134805,0.4995,0.7476,0.4183,0.086,0.3341
MOD13Q1_061__250m_16_days_NDVI_doy2011209000000_aid0011,_250m_16_days_NDVI,aid0011,2011-07-28,2762083.0,-0.2,0.9824,"(-0.2,0.9824)",0.4270694,0.1133456,0.0128472,0.5029,0.7447,0.4246,0.0999,0.3417
MOD13Q1_061__250m_16_days_NDVI_doy2011225000000_aid0011,_250m_16_days_NDVI,aid0011,2011-08-13,2761962.0,-0.2,0.9751,"(-0.2,0.9751)",0.4851246,0.1286299,0.0165456,0.5745,0.844,0.4893,0.1253,0.3948
MOD13Q1_061__250m_16_days_NDVI_doy2011241000000_aid0011,_250m_16_days_NDVI,aid0011,2011-08-29,2762484.0,-0.2,0.9409,"(-0.2,0.9409)",0.4804195,0.1317177,0.0173496,0.5705,0.8465,0.4891,0.1105,0.3865
MOD13Q1_061__250m_16_days_NDVI_doy2011257000000_aid0011,_250m_16_days_NDVI,aid0011,2011-09-14,2762641.0,-0.2,0.944,"(-0.2,0.944)",0.5002243,0.1392068,0.0193785,0.5993,0.9033,0.5113,0.0926,0.3966
MOD13Q1_061__250m_16_days_NDVI_doy2011273000000_aid0011,_250m_16_days_NDVI,aid0011,2011-09-30,2763088.0,-0.2,0.9949,"(-0.2,0.9949)",0.5608384,0.1598292,0.0255454,0.6772,0.9949,0.5809,0.0967,0.445
MOD13Q1_061__250m_16_days_NDVI_doy2011289000000_aid0011,_250m_16_days_NDVI,aid0011,2011-10-16,2762480.0,-0.2,0.9938,"(-0.2,0.9938)",0.5668135,0.1686552,0.0284446,0.6977,0.9938,0.5901,0.0427,0.4357
MOD13Q1_061__250m_16_days_NDVI_doy2011305000000_aid0011,_250m_16_days_NDVI,aid0011,2011-11-01,2763361.0,-0.1997,0.9849,"(-0.1997,0.9849)",0.5582385,0.1519198,0.0230796,0.6726,0.9849,0.5807,0.0996,0.4434
MOD13Q1_061__250m_16_days_NDVI_doy2011321000000_aid0011,_250m_16_days_NDVI,aid0011,2011-11-17,2762441.0,-0.2,0.9216,"(-0.2,0.9216)",0.5467529,0.1312352,0.0172227,0.6435,0.9216,0.5574,0.169,0.4537
MOD13Q1_061__250m_16_days_NDVI_doy2011337000000_aid0011,_250m_16_days_NDVI,aid0011,2011-12-03,2762371.0,-0.2,0.9864,"(-0.2,0.9864)",0.5043454,0.1258206,0.0158308,0.589,0.8494,0.501,0.155,0.4154
MOD13Q1_061__250m_16_days_NDVI_doy2011353000000_aid0011,_250m_16_days_NDVI,aid0011,2011-12-19,2761495.0,-0.2,0.9092,"(-0.2,0.9092)",0.4706799,0.1357325,0.0184233,0.5561,0.8348,0.451,0.0916,0.3703
MOD13Q1_061__250m_16_days_NDVI_doy2012001000000_aid0011,_250m_16_days_NDVI,aid0011,2012-01-01,2762571.0,-0.2,0.991,"(-0.2,0.991)",0.4510073,0.1392292,0.0193848,0.5435,0.8439,0.4224,0.0428,0.3432
MOD13Q1_061__250m_16_days_NDVI_doy2012017000000_aid0011,_250m_16_days_NDVI,aid0011,2012-01-17,2762654.0,-0.2,0.9849,"(-0.2,0.9849)",0.5339841,0.1546844,0.0239273,0.647,0.9849,0.5135,0.0713,0.4167
MOD13Q1_061__250m_16_days_NDVI_doy2012033000000_aid0011,_250m_16_days_NDVI,aid0011,2012-02-02,2762539.0,-0.2,0.9875,"(-0.2,0.9875)",0.633798,0.1517882,0.0230396,0.7462,0.9875,0.6447,0.2025,0.5287
MOD13Q1_061__250m_16_days_NDVI_doy2012049000000_aid0011,_250m_16_days_NDVI,aid0011,2012-02-18,2762523.0,-0.2,0.9975,"(-0.2,0.9975)",0.7264828,0.1277696,0.0163251,0.8179,0.9975,0.7432,0.4197,0.6586
MOD13Q1_061__250m_16_days_NDVI_doy2012065000000_aid0011,_250m_16_days_NDVI,aid0011,2012-03-05,2761624.0,-0.2,0.993,"(-0.2,0.993)",0.7349446,0.1205807,0.0145397,0.8153,0.993,0.7567,0.4836,0.6826
MOD13Q1_061__250m_16_days_NDVI_doy2012081000000_aid0011,_250m_16_days_NDVI,aid0011,2012-03-21,2761944.0,-0.2,0.9945,"(-0.2,0.9945)",0.7042245,0.1250836,0.0156459,0.7898,0.9945,0.7303,0.4353,0.648
MOD13Q1_061__250m_16_days_NDVI_doy2012097000000_aid0011,_250m_16_days_NDVI,aid0011,2012-04-06,2761336.0,-0.2,0.9886,"(-0.2,0.9886)",0.6350084,0.1321819,0.0174721,0.7326,0.9886,0.6644,0.2884,0.5549
MOD13Q1_061__250m_16_days_NDVI_doy2012113000000_aid0011,_250m_16_days_NDVI,aid0011,2012-04-22,2760195.0,-0.2,0.9809,"(-0.2,0.9809)",0.5691485,0.1430351,0.020459,0.678,0.9809,0.5894,0.141,0.4632
MOD13Q1_061__250m_16_days_NDVI_doy2012129000000_aid0011,_250m_16_days_NDVI,aid0011,2012-05-08,2757976.0,-0.2,0.9341,"(-0.2,0.9341)",0.5316071,0.1378498,0.0190026,0.6341,0.9341,0.5504,0.1239,0.43
MOD13Q1_061__250m_16_days_NDVI_doy2012145000000_aid0011,_250m_16_days_NDVI,aid0011,2012-05-24,2756247.0,-0.2,0.9943,"(-0.2,0.9943)",0.5541668,0.1436,0.020621,0.6582,0.9591,0.5771,0.1535,0.4563
MOD13Q1_061__250m_16_days_NDVI_doy2012161000000_aid0011,_250m_16_days_NDVI,aid0011,2012-06-09,2758126.0,-0.2,0.9603,"(-0.2,0.9603)",0.4930848,0.1331098,0.0177182,0.5879,0.8723,0.5032,0.1139,0.3983
MOD13Q1_061__250m_16_days_NDVI_doy2012177000000_aid0011,_250m_16_days_NDVI,aid0011,2012-06-25,2756560.0,-0.2,0.9147,"(-0.2,0.9147)",0.4956702,0.1306528,0.0170702,0.5877,0.8644,0.5063,0.1265,0.4032
MOD13Q1_061__250m_16_days_NDVI_doy2012193000000_aid0011,_250m_16_days_NDVI,aid0011,2012-07-11,2756922.0,-0.2,0.8883,"(-0.2,0.8883)",0.4509497,0.1164353,0.0135572,0.5322,0.7824,0.4573,0.1152,0.3654
MOD13Q1_061__250m_16_days_NDVI_doy2012209000000_aid0011,_250m_16_days_NDVI,aid0011,2012-07-27,2758448.0,-0.2,0.86,"(-0.2,0.86)",0.4101495,0.1033714,0.0106857,0.4798,0.6958,0.4148,0.1198,0.3358
MOD13Q1_061__250m_16_days_NDVI_doy2012225000000_aid0011,_250m_16_days_NDVI,aid0011,2012-08-12,2758537.0,-0.2,0.9648,"(-0.2,0.9648)",0.4837699,0.1299682,0.0168917,0.5735,0.8421,0.493,0.1258,0.3944
MOD13Q1_061__250m_16_days_NDVI_doy2012241000000_aid0011,_250m_16_days_NDVI,aid0011,2012-08-28,2755053.0,-0.2,0.9483,"(-0.2,0.9483)",0.5259146,0.1466098,0.0214944,0.6274,0.9139,0.5427,0.1499,0.4364
MOD13Q1_061__250m_16_days_NDVI_doy2012257000000_aid0011,_250m_16_days_NDVI,aid0011,2012-09-13,2760276.0,-0.2,0.9962,"(-0.2,0.9962)",0.5574165,0.1537925,0.0236521,0.6665,0.9678,0.5829,0.163,0.4651
MOD13Q1_061__250m_16_days_NDVI_doy2012273000000_aid0011,_250m_16_days_NDVI,aid0011,2012-09-29,2760275.0,-0.2,0.9897,"(-0.2,0.9897)",0.5896696,0.1502599,0.022578,0.699,0.9897,0.6216,0.198,0.4986
MOD13Q1_061__250m_16_days_NDVI_doy2012289000000_aid0011,_250m_16_days_NDVI,aid0011,2012-10-15,2757486.0,-0.2,0.9965,"(-0.2,0.9965)",0.6010804,0.1658526,0.0275071,0.7253,0.9965,0.6425,0.1506,0.4954
MOD13Q1_061__250m_16_days_NDVI_doy2012305000000_aid0011,_250m_16_days_NDVI,aid0011,2012-10-31,2759516.0,-0.2,0.991,"(-0.2,0.991)",0.6103413,0.1603833,0.0257228,0.7334,0.991,0.6472,0.1729,0.5092
MOD13Q1_061__250m_16_days_NDVI_doy2012321000000_aid0011,_250m_16_days_NDVI,aid0011,2012-11-16,2760966.0,-0.2,0.99,"(-0.2,0.99)",0.5946177,0.1524054,0.0232274,0.7129,0.99,0.6231,0.1732,0.497
MOD13Q1_061__250m_16_days_NDVI_doy2012337000000_aid0011,_250m_16_days_NDVI,aid0011,2012-12-02,2761500.0,-0.2,0.9783,"(-0.2,0.9783)",0.5949339,0.1423172,0.0202542,0.6988,0.9783,0.6238,0.2288,0.5108
MOD13Q1_061__250m_16_days_NDVI_doy2012353000000_aid0011,_250m_16_days_NDVI,aid0011,2012-12-18,2760828.0,-0.2,0.999,"(-0.2,0.999)",0.6246756,0.1371096,0.0187991,0.7115,0.9389,0.6445,0.332,0.5597
MOD13Q1_061__250m_16_days_NDVI_doy2013001000000_aid0011,_250m_16_days_NDVI,aid0011,2013-01-01,2759976.0,-0.2,0.9898,"(-0.2,0.9898)",0.63204,0.138852,0.0192799,0.7176,0.9514,0.6448,0.3279,0.5617
MOD13Q1_061__250m_16_days_NDVI_doy2013017000000_aid0011,_250m_16_days_NDVI,aid0011,2013-01-17,2762648.0,-0.2,0.9945,"(-0.2,0.9945)",0.6429178,0.1383173,0.0191317,0.7282,0.9643,0.6479,0.334,0.5705
MOD13Q1_061__250m_16_days_NDVI_doy2013033000000_aid0011,_250m_16_days_NDVI,aid0011,2013-02-02,2761963.0,-0.2,0.9605,"(-0.2,0.9605)",0.6279544,0.1413309,0.0199744,0.7175,0.9605,0.6209,0.2823,0.5434
MOD13Q1_061__250m_16_days_NDVI_doy2013049000000_aid0011,_250m_16_days_NDVI,aid0011,2013-02-18,2761997.0,-0.2,0.9976,"(-0.2,0.9976)",0.6317792,0.1432568,0.0205225,0.7333,0.9976,0.6251,0.2458,0.5383
MOD13Q1_061__250m_16_days_NDVI_doy2013065000000_aid0011,_250m_16_days_NDVI,aid0011,2013-03-06,2761649.0,-0.2,0.9799,"(-0.2,0.9799)",0.6505523,0.1313838,0.0172617,0.7396,0.9799,0.6528,0.3329,0.5769
MOD13Q1_061__250m_16_days_NDVI_doy2013081000000_aid0011,_250m_16_days_NDVI,aid0011,2013-03-22,2760989.0,-0.2,0.9327,"(-0.2,0.9327)",0.625948,0.1196993,0.0143279,0.7018,0.9136,0.6356,0.3488,0.5606
MOD13Q1_061__250m_16_days_NDVI_doy2013097000000_aid0011,_250m_16_days_NDVI,aid0011,2013-04-07,2760186.0,-0.2,0.9474,"(-0.2,0.9474)",0.5913937,0.1237059,0.0153031,0.6751,0.902,0.6069,0.2969,0.5238
MOD13Q1_061__250m_16_days_NDVI_doy2013113000000_aid0011,_250m_16_days_NDVI,aid0011,2013-04-23,2759685.0,-0.2,0.9986,"(-0.2,0.9986)",0.5861863,0.1334003,0.0177956,0.6808,0.938,0.6085,0.2423,0.5054
MOD13Q1_061__250m_16_days_NDVI_doy2013129000000_aid0011,_250m_16_days_NDVI,aid0011,2013-05-09,2758393.0,-0.2,0.9792,"(-0.2,0.9792)",0.557567,0.1369769,0.0187627,0.6566,0.9411,0.5766,0.1819,0.4667
MOD13Q1_061__250m_16_days_NDVI_doy2013145000000_aid0011,_250m_16_days_NDVI,aid0011,2013-05-25,2760019.0,-0.2,0.9356,"(-0.2,0.9356)",0.5202787,0.1321077,0.0174524,0.6134,0.8879,0.5284,0.1559,0.4304
MOD13Q1_061__250m_16_days_NDVI_doy2013161000000_aid0011,_250m_16_days_NDVI,aid0011,2013-06-10,2760484.0,-0.2,0.9835,"(-0.2,0.9835)",0.5017186,0.1262257,0.0159329,0.5898,0.8515,0.5074,0.1536,0.4153
MOD13Q1_061__250m_16_days_NDVI_doy2013177000000_aid0011,_250m_16_days_NDVI,aid0011,2013-06-26,2759053.0,-0.2,0.9103,"(-0.2,0.9103)",0.4741735,0.1196394,0.0143136,0.555,0.8011,0.477,0.1448,0.3909
MOD13Q1_061__250m_16_days_NDVI_doy2013193000000_aid0011,_250m_16_days_NDVI,aid0011,2013-07-12,2758027.0,-0.2,0.9283,"(-0.2,0.9283)",0.4786857,0.1222564,0.0149466,0.5618,0.8148,0.4817,0.1401,0.3931
MOD13Q1_061__250m_16_days_NDVI_doy2013209000000_aid0011,_250m_16_days_NDVI,aid0011,2013-07-28,2759344.0,-0.2,0.9054,"(-0.2,0.9054)",0.4588455,0.1164478,0.0135601,0.5385,0.7815,0.4608,0.1335,0.3765
MOD13Q1_061__250m_16_days_NDVI_doy2013225000000_aid0011,_250m_16_days_NDVI,aid0011,2013-08-13,2759787.0,-0.2,0.8989,"(-0.2,0.8989)",0.4414502,0.1112421,0.0123748,0.5172,0.751,0.4448,0.1275,0.3613
MOD13Q1_061__250m_16_days_NDVI_doy2013241000000_aid0011,_250m_16_days_NDVI,aid0011,2013-08-29,2761168.0,-0.2,0.9918,"(-0.2,0.9918)",0.4441203,0.1184927,0.0140405,0.5256,0.7792,0.4436,0.1029,0.3565
MOD13Q1_061__250m_16_days_NDVI_doy2013257000000_aid0011,_250m_16_days_NDVI,aid0011,2013-09-14,2761421.0,-0.2,0.9558,"(-0.2,0.9558)",0.4929494,0.1368111,0.0187173,0.5874,0.8811,0.5011,0.0979,0.3916
MOD13Q1_061__250m_16_days_NDVI_doy2013273000000_aid0011,_250m_16_days_NDVI,aid0011,2013-09-30,2760875.0,-0.2,0.9701,"(-0.2,0.9701)",0.5480074,0.15292,0.0233845,0.6569,0.9701,0.5655,0.1009,0.4345
MOD13Q1_061__250m_16_days_NDVI_doy2013289000000_aid0011,_250m_16_days_NDVI,aid0011,2013-10-16,2762226.0,-0.2,0.988,"(-0.2,0.988)",0.5817393,0.167729,0.028133,0.7145,0.988,0.6075,0.0555,0.4509
MOD13Q1_061__250m_16_days_NDVI_doy2013305000000_aid0011,_250m_16_days_NDVI,aid0011,2013-11-01,2762627.0,-0.2,0.9937,"(-0.2,0.9937)",0.5943041,0.1588598,0.0252364,0.7197,0.9937,0.6222,0.1157,0.4781
MOD13Q1_061__250m_16_days_NDVI_doy2013321000000_aid0011,_250m_16_days_NDVI,aid0011,2013-11-17,2761064.0,-0.2,0.9421,"(-0.2,0.9421)",0.5725864,0.1384249,0.0191615,0.6777,0.9421,0.5905,0.1715,0.4752
MOD13Q1_061__250m_16_days_NDVI_doy2013337000000_aid0011,_250m_16_days_NDVI,aid0011,2013-12-03,2761791.0,-0.2,0.9804,"(-0.2,0.9804)",0.5648948,0.1390135,0.0193248,0.6671,0.9397,0.5762,0.1734,0.4696
MOD13Q1_061__250m_16_days_NDVI_doy2013353000000_aid0011,_250m_16_days_NDVI,aid0011,2013-12-19,2760644.0,-0.2,0.948,"(-0.2,0.948)",0.5653659,0.1423715,0.0202696,0.6613,0.948,0.5698,0.1826,0.4698
MOD13Q1_061__250m_16_days_NDVI_doy2014001000000_aid0011,_250m_16_days_NDVI,aid0011,2014-01-01,2761707.0,-0.2,0.9937,"(-0.2,0.9937)",0.5581064,0.1611211,0.02596,0.6755,0.9937,0.5495,0.0865,0.4399
MOD13Q1_061__250m_16_days_NDVI_doy2014017000000_aid0011,_250m_16_days_NDVI,aid0011,2014-01-17,2761635.0,-0.2,0.9964,"(-0.2,0.9964)",0.5792932,0.176773,0.0312487,0.7198,0.9964,0.5765,0.013,0.437
MOD13Q1_061__250m_16_days_NDVI_doy2014033000000_aid0011,_250m_16_days_NDVI,aid0011,2014-02-02,2761899.0,-0.2,0.9993,"(-0.2,0.9993)",0.6564985,0.1547492,0.0239473,0.7681,0.9993,0.6758,0.2481,0.5601
MOD13Q1_061__250m_16_days_NDVI_doy2014049000000_aid0011,_250m_16_days_NDVI,aid0011,2014-02-18,2761648.0,-0.2,0.9977,"(-0.2,0.9977)",0.7238154,0.1243112,0.0154533,0.8087,0.9977,0.7383,0.441,0.6616
MOD13Q1_061__250m_16_days_NDVI_doy2014065000000_aid0011,_250m_16_days_NDVI,aid0011,2014-03-06,2761795.0,-0.2,0.9888,"(-0.2,0.9888)",0.6989839,0.1251097,0.0156524,0.7813,0.9888,0.721,0.4288,0.6403
MOD13Q1_061__250m_16_days_NDVI_doy2014081000000_aid0011,_250m_16_days_NDVI,aid0011,2014-03-22,2761748.0,-0.2,0.9359,"(-0.2,0.9359)",0.6261395,0.1268114,0.0160811,0.7168,0.9359,0.6466,0.3056,0.5523
MOD13Q1_061__250m_16_days_NDVI_doy2014097000000_aid0011,_250m_16_days_NDVI,aid0011,2014-04-07,2759221.0,-0.2,0.9797,"(-0.2,0.9797)",0.5913052,0.1338419,0.0179137,0.692,0.9316,0.6143,0.2218,0.5039
MOD13Q1_061__250m_16_days_NDVI_doy2014113000000_aid0011,_250m_16_days_NDVI,aid0011,2014-04-23,2759874.0,-0.2,0.9969,"(-0.2,0.9969)",0.5167989,0.1349663,0.0182159,0.6201,0.9233,0.532,0.1129,0.4172
MOD13Q1_061__250m_16_days_NDVI_doy2014129000000_aid0011,_250m_16_days_NDVI,aid0011,2014-05-09,2758798.0,-0.2,0.9891,"(-0.2,0.9891)",0.5626677,0.1411457,0.0199221,0.6659,0.9418,0.585,0.1789,0.4711
MOD13Q1_061__250m_16_days_NDVI_doy2014145000000_aid0011,_250m_16_days_NDVI,aid0011,2014-05-25,2757336.0,-0.2,0.9385,"(-0.2,0.9385)",0.5509183,0.1343042,0.0180376,0.6466,0.9139,0.5711,0.1974,0.4669
MOD13Q1_061__250m_16_days_NDVI_doy2014161000000_aid0011,_250m_16_days_NDVI,aid0011,2014-06-10,2756227.0,-0.2,0.9162,"(-0.2,0.9162)",0.5324748,0.1293613,0.0167343,0.6207,0.8694,0.5498,0.2062,0.4549
MOD13Q1_061__250m_16_days_NDVI_doy2014177000000_aid0011,_250m_16_days_NDVI,aid0011,2014-06-26,2756353.0,-0.2,0.9576,"(-0.2,0.9576)",0.5029694,0.1236642,0.0152928,0.5876,0.8291,0.5164,0.1851,0.4266
MOD13Q1_061__250m_16_days_NDVI_doy2014193000000_aid0011,_250m_16_days_NDVI,aid0011,2014-07-12,2755767.0,-0.2,0.9889,"(-0.2,0.9889)",0.5046841,0.1290973,0.0166661,0.5923,0.8394,0.5183,0.1805,0.42755
MOD13Q1_061__250m_16_days_NDVI_doy2014209000000_aid0011,_250m_16_days_NDVI,aid0011,2014-07-28,2758455.0,-0.2,0.9291,"(-0.2,0.9291)",0.5167946,0.1317043,0.017346,0.6082,0.8624,0.5341,0.1845,0.4387
MOD13Q1_061__250m_16_days_NDVI_doy2014225000000_aid0011,_250m_16_days_NDVI,aid0011,2014-08-13,2758888.0,-0.2,0.9591,"(-0.2,0.9591)",0.5346093,0.1334582,0.0178111,0.6291,0.8916,0.5528,0.1914,0.454
MOD13Q1_061__250m_16_days_NDVI_doy2014241000000_aid0011,_250m_16_days_NDVI,aid0011,2014-08-29,2759993.0,-0.2,0.9678,"(-0.2,0.9678)",0.5707465,0.1406834,0.0197918,0.6719,0.9307,0.5967,0.2149,0.4891
MOD13Q1_061__250m_16_days_NDVI_doy2014257000000_aid0011,_250m_16_days_NDVI,aid0011,2014-09-14,2761193.0,-0.2,0.9504,"(-0.2,0.9504)",0.5984789,0.1477123,0.0218189,0.7016,0.9504,0.6312,0.2444,0.5187
MOD13Q1_061__250m_16_days_NDVI_doy2014273000000_aid0011,_250m_16_days_NDVI,aid0011,2014-09-30,2761122.0,-0.2,0.9959,"(-0.2,0.9959)",0.6148646,0.1472598,0.0216854,0.7203,0.9959,0.6506,0.2466,0.5308
MOD13Q1_061__250m_16_days_NDVI_doy2014289000000_aid0011,_250m_16_days_NDVI,aid0011,2014-10-16,2762700.0,-0.2,0.9584,"(-0.2,0.9584)",0.6004117,0.1581544,0.0250128,0.7217,0.9584,0.6381,0.1515,0.4936
MOD13Q1_061__250m_16_days_NDVI_doy2014305000000_aid0011,_250m_16_days_NDVI,aid0011,2014-11-01,2762706.0,-0.2,0.9945,"(-0.2,0.9945)",0.6003105,0.1576785,0.0248625,0.7252,0.9945,0.6339,0.142,0.4919
MOD13Q1_061__250m_16_days_NDVI_doy2014321000000_aid0011,_250m_16_days_NDVI,aid0011,2014-11-17,2761661.0,-0.2,0.9639,"(-0.2,0.9639)",0.5787864,0.1447604,0.0209556,0.693,0.9639,0.5994,0.1558,0.4781
MOD13Q1_061__250m_16_days_NDVI_doy2014337000000_aid0011,_250m_16_days_NDVI,aid0011,2014-12-03,2761424.0,-0.2,0.9868,"(-0.2,0.9868)",0.589541,0.1335021,0.0178228,0.6886,0.9468,0.6079,0.2344,0.5069
MOD13Q1_061__250m_16_days_NDVI_doy2014353000000_aid0011,_250m_16_days_NDVI,aid0011,2014-12-19,2762197.0,-0.2,0.999,"(-0.2,0.999)",0.598365,0.1406065,0.0197702,0.6998,0.9882,0.6065,0.2161,0.5063
MOD13Q1_061__250m_16_days_NDVI_doy2015001000000_aid0011,_250m_16_days_NDVI,aid0011,2015-01-01,2762169.0,-0.2,0.997,"(-0.2,0.997)",0.6055376,0.1484121,0.0220262,0.7158,0.997,0.6075,0.1751,0.4995
MOD13Q1_061__250m_16_days_NDVI_doy2015017000000_aid0011,_250m_16_days_NDVI,aid0011,2015-01-17,2760904.0,-0.2,0.9986,"(-0.2,0.9986)",0.6679656,0.1503678,0.0226105,0.7865,0.9986,0.6783,0.213,0.5571
MOD13Q1_061__250m_16_days_NDVI_doy2015033000000_aid0011,_250m_16_days_NDVI,aid0011,2015-02-02,2759947.0,-0.2,0.9832,"(-0.2,0.9832)",0.696619,0.1432178,0.0205113,0.8051,0.9832,0.7023,0.2989,0.6026
MOD13Q1_061__250m_16_days_NDVI_doy2015049000000_aid0011,_250m_16_days_NDVI,aid0011,2015-02-18,2762674.0,-0.2,0.9975,"(-0.2,0.9975)",0.6872335,0.1439878,0.0207325,0.7952,0.9975,0.6894,0.2932,0.5944
MOD13Q1_061__250m_16_days_NDVI_doy2015065000000_aid0011,_250m_16_days_NDVI,aid0011,2015-03-06,2759309.0,-0.2,0.9865,"(-0.2,0.9865)",0.6575271,0.1403174,0.019689,0.7571,0.9865,0.6567,0.2791,0.5659
MOD13Q1_061__250m_16_days_NDVI_doy2015081000000_aid0011,_250m_16_days_NDVI,aid0011,2015-03-22,2759109.0,-0.2,0.9992,"(-0.2,0.9992)",0.5648934,0.1171642,0.0137274,0.6403,0.8666,0.5623,0.2631,0.4894
MOD13Q1_061__250m_16_days_NDVI_doy2015097000000_aid0011,_250m_16_days_NDVI,aid0011,2015-04-07,2760731.0,-0.2,0.9174,"(-0.2,0.9174)",0.4757081,0.0969025,0.0093901,0.5384,0.7263,0.4772,0.2252,0.4131
MOD13Q1_061__250m_16_days_NDVI_doy2015113000000_aid0011,_250m_16_days_NDVI,aid0011,2015-04-23,2762059.0,-0.2,0.9797,"(-0.2,0.9797)",0.4475406,0.1168262,0.0136484,0.5298,0.7854,0.4511,0.1038,0.3594
MOD13Q1_061__250m_16_days_NDVI_doy2015129000000_aid0011,_250m_16_days_NDVI,aid0011,2015-05-09,2760306.0,-0.2,0.9848,"(-0.2,0.9848)",0.4916248,0.1298374,0.0168578,0.5845,0.868,0.499,0.1118,0.3954
MOD13Q1_061__250m_16_days_NDVI_doy2015145000000_aid0011,_250m_16_days_NDVI,aid0011,2015-05-25,2761346.0,-0.2,0.9962,"(-0.2,0.9962)",0.5315961,0.1332151,0.0177463,0.6256,0.9019,0.5451,0.1651,0.4414
MOD13Q1_061__250m_16_days_NDVI_doy2015161000000_aid0011,_250m_16_days_NDVI,aid0011,2015-06-10,2759711.0,-0.2,0.9216,"(-0.2,0.9216)",0.5232652,0.1335893,0.0178461,0.6165,0.8917,0.5334,0.1578,0.433
MOD13Q1_061__250m_16_days_NDVI_doy2015177000000_aid0011,_250m_16_days_NDVI,aid0011,2015-06-26,2757466.0,-0.2,0.9177,"(-0.2,0.9177)",0.4805903,0.1245362,0.0155093,0.5656,0.8198,0.4843,0.1419,0.3961
MOD13Q1_061__250m_16_days_NDVI_doy2015193000000_aid0011,_250m_16_days_NDVI,aid0011,2015-07-12,2757312.0,-0.2,0.9209,"(-0.2,0.9209)",0.478214,0.1255426,0.015761,0.5637,0.8209,0.4806,0.135,0.3922
MOD13Q1_061__250m_16_days_NDVI_doy2015209000000_aid0011,_250m_16_days_NDVI,aid0011,2015-07-28,2760155.0,-0.2,0.9759,"(-0.2,0.9759)",0.4702354,0.1200253,0.0144061,0.5504,0.7898,0.4723,0.1514,0.3908
MOD13Q1_061__250m_16_days_NDVI_doy2015225000000_aid0011,_250m_16_days_NDVI,aid0011,2015-08-13,2748668.0,-0.2,0.9873,"(-0.2,0.9873)",0.5269799,0.1451133,0.0210579,0.6268,0.9056,0.5443,0.1621,0.4409
MOD13Q1_061__250m_16_days_NDVI_doy2015241000000_aid0011,_250m_16_days_NDVI,aid0011,2015-08-29,2757314.0,-0.2,0.9502,"(-0.2,0.9502)",0.5519661,0.1421468,0.0202057,0.6504,0.9229,0.572,0.1962,0.4687
MOD13Q1_061__250m_16_days_NDVI_doy2015257000000_aid0011,_250m_16_days_NDVI,aid0011,2015-09-14,2758799.0,-0.2,0.9474,"(-0.2,0.9474)",0.5400432,0.1402036,0.0196571,0.6406,0.9246,0.5618,0.1671,0.4512
MOD13Q1_061__250m_16_days_NDVI_doy2015273000000_aid0011,_250m_16_days_NDVI,aid0011,2015-09-30,2760789.0,-0.2,0.9725,"(-0.2,0.9725)",0.5554963,0.1512169,0.0228666,0.6655,0.9725,0.5841,0.1435,0.4567
MOD13Q1_061__250m_16_days_NDVI_doy2015289000000_aid0011,_250m_16_days_NDVI,aid0011,2015-10-16,2761738.0,-0.2,0.98,"(-0.2,0.98)",0.5772773,0.1551047,0.0240575,0.6918,0.98,0.6106,0.1516,0.4757
MOD13Q1_061__250m_16_days_NDVI_doy2015305000000_aid0011,_250m_16_days_NDVI,aid0011,2015-11-01,2760922.0,-0.2,0.9554,"(-0.2,0.9554)",0.596752,0.1574501,0.0247905,0.7178,0.9554,0.6369,0.1488,0.4902
MOD13Q1_061__250m_16_days_NDVI_doy2015321000000_aid0011,_250m_16_days_NDVI,aid0011,2015-11-17,2759673.0,-0.1994,0.9926,"(-0.1994,0.9926)",0.5989976,0.1398978,0.0195714,0.7095,0.9926,0.6239,0.2048,0.5076
MOD13Q1_061__250m_16_days_NDVI_doy2015337000000_aid0011,_250m_16_days_NDVI,aid0011,2015-12-03,2761015.0,-0.2,0.9872,"(-0.2,0.9872)",0.589743,0.1297404,0.0168326,0.6901,0.9603,0.604,0.2241,0.5037
MOD13Q1_061__250m_16_days_NDVI_doy2015353000000_aid0011,_250m_16_days_NDVI,aid0011,2015-12-19,2761700.0,-0.2,0.996,"(-0.2,0.996)",0.610826,0.1359574,0.0184844,0.7062,0.9716,0.6257,0.261,0.5281
MOD13Q1_061__250m_16_days_NDVI_doy2007353000000_aid0012,_250m_16_days_NDVI,aid0012,2007-12-19,1440152.0,-0.2,0.9839,"(-0.2,0.9839)",0.5362806,0.1086433,0.0118034,0.6066,0.8025,0.5453,0.2801,0.476
MOD13Q1_061__250m_16_days_NDVI_doy2008001000000_aid0012,_250m_16_days_NDVI,aid0012,2008-01-01,1440033.0,-0.2,0.9869,"(-0.2,0.9869)",0.5356355,0.1155009,0.0133405,0.6063,0.8064,0.5415,0.2728,0.4729
MOD13Q1_061__250m_16_days_NDVI_doy2008017000000_aid0012,_250m_16_days_NDVI,aid0012,2008-01-17,1441827.0,-0.2,0.9982,"(-0.2,0.9982)",0.5430843,0.1226961,0.0150543,0.6185,0.8438,0.5413,0.243,0.4683
MOD13Q1_061__250m_16_days_NDVI_doy2008033000000_aid0012,_250m_16_days_NDVI,aid0012,2008-02-02,1439965.0,-0.2,0.9514,"(-0.2,0.9514)",0.5869818,0.1211524,0.0146779,0.662,0.884,0.5904,0.292,0.514
MOD13Q1_061__250m_16_days_NDVI_doy2008049000000_aid0012,_250m_16_days_NDVI,aid0012,2008-02-18,1439380.0,-0.2,0.9978,"(-0.2,0.9978)",0.6156719,0.1243826,0.015471,0.6969,0.9222,0.6308,0.3212,0.5466
MOD13Q1_061__250m_16_days_NDVI_doy2008065000000_aid0012,_250m_16_days_NDVI,aid0012,2008-03-05,1439688.0,-0.2,0.9963,"(-0.2,0.9963)",0.730929,0.111372,0.0124037,0.7983,0.9576,0.7515,0.5266,0.6896
MOD13Q1_061__250m_16_days_NDVI_doy2008081000000_aid0012,_250m_16_days_NDVI,aid0012,2008-03-21,1439198.0,-0.2,0.9971,"(-0.2,0.9971)",0.7369714,0.1055166,0.0111337,0.7988,0.9381,0.7598,0.5663,0.7058
MOD13Q1_061__250m_16_days_NDVI_doy2008097000000_aid0012,_250m_16_days_NDVI,aid0012,2008-04-06,1439873.0,-0.2,0.9215,"(-0.2,0.9215)",0.7095559,0.1134434,0.0128694,0.7805,0.9215,0.7373,0.507,0.6711
MOD13Q1_061__250m_16_days_NDVI_doy2008113000000_aid0012,_250m_16_days_NDVI,aid0012,2008-04-22,1439687.0,-0.2,0.9371,"(-0.2,0.9371)",0.633265,0.1165291,0.013579,0.7099,0.8986,0.6574,0.3942,0.5836
MOD13Q1_061__250m_16_days_NDVI_doy2008129000000_aid0012,_250m_16_days_NDVI,aid0012,2008-05-08,1441430.0,-0.2,0.9918,"(-0.2,0.9918)",0.5079841,0.1012424,0.01025,0.5733,0.7408,0.5231,0.2941,0.4616
MOD13Q1_061__250m_16_days_NDVI_doy2008145000000_aid0012,_250m_16_days_NDVI,aid0012,2008-05-24,1439194.0,-0.2,0.9668,"(-0.2,0.9668)",0.555373,0.112957,0.0127593,0.6266,0.8043,0.5756,0.3304,0.5081
MOD13Q1_061__250m_16_days_NDVI_doy2008161000000_aid0012,_250m_16_days_NDVI,aid0012,2008-06-09,1438968.0,-0.1996,0.9235,"(-0.1996,0.9235)",0.5006694,0.1047404,0.0109706,0.564,0.7399,0.5094,0.2708,0.4467
MOD13Q1_061__250m_16_days_NDVI_doy2008177000000_aid0012,_250m_16_days_NDVI,aid0012,2008-06-25,1439993.0,-0.2,0.9261,"(-0.2,0.9261)",0.4852293,0.1041783,0.0108531,0.5462,0.7163,0.4922,0.2627,0.4328
MOD13Q1_061__250m_16_days_NDVI_doy2008193000000_aid0012,_250m_16_days_NDVI,aid0012,2008-07-11,1439062.0,-0.2,0.9838,"(-0.2,0.9838)",0.5318668,0.1142644,0.0130563,0.6023,0.7938,0.5422,0.2831,0.4746
MOD13Q1_061__250m_16_days_NDVI_doy2008209000000_aid0012,_250m_16_days_NDVI,aid0012,2008-07-27,1440201.0,-0.2,0.9646,"(-0.2,0.9646)",0.5334104,0.1119867,0.012541,0.6041,0.7923,0.547,0.2904,0.4786
MOD13Q1_061__250m_16_days_NDVI_doy2008225000000_aid0012,_250m_16_days_NDVI,aid0012,2008-08-12,1438812.0,-0.2,0.9685,"(-0.2,0.9685)",0.5506006,0.1120137,0.0125471,0.6209,0.8048,0.5654,0.3144,0.4983
MOD13Q1_061__250m_16_days_NDVI_doy2008241000000_aid0012,_250m_16_days_NDVI,aid0012,2008-08-28,1440049.0,-0.2,0.9826,"(-0.2,0.9826)",0.5693192,0.1180695,0.0139404,0.6443,0.8406,0.5868,0.3171,0.5134
MOD13Q1_061__250m_16_days_NDVI_doy2008257000000_aid0012,_250m_16_days_NDVI,aid0012,2008-09-13,1441168.0,-0.2,0.9901,"(-0.2,0.9901)",0.5730057,0.1183994,0.0140184,0.6468,0.8406,0.5889,0.3238,0.5176
MOD13Q1_061__250m_16_days_NDVI_doy2008273000000_aid0012,_250m_16_days_NDVI,aid0012,2008-09-29,1440793.0,-0.2,0.9985,"(-0.2,0.9985)",0.6441993,0.1277202,0.0163124,0.7201,0.9071,0.6677,0.4084,0.5954
MOD13Q1_061__250m_16_days_NDVI_doy2008289000000_aid0012,_250m_16_days_NDVI,aid0012,2008-10-15,1440508.0,-0.2,0.9463,"(-0.2,0.9463)",0.6243454,0.1296799,0.0168169,0.7015,0.8929,0.6487,0.3825,0.5739
MOD13Q1_061__250m_16_days_NDVI_doy2008305000000_aid0012,_250m_16_days_NDVI,aid0012,2008-10-31,1440641.0,-0.2,0.9984,"(-0.2,0.9984)",0.6045898,0.1184568,0.014032,0.6748,0.8551,0.6229,0.3743,0.5546
MOD13Q1_061__250m_16_days_NDVI_doy2008321000000_aid0012,_250m_16_days_NDVI,aid0012,2008-11-16,1442352.0,-0.1996,0.9146,"(-0.1996,0.9146)",0.5265933,0.1198393,0.0143614,0.608,0.8379,0.5402,0.2248,0.4547
MOD13Q1_061__250m_16_days_NDVI_doy2008337000000_aid0012,_250m_16_days_NDVI,aid0012,2008-12-02,1440160.0,-0.2,0.9993,"(-0.2,0.9993)",0.4829699,0.1050165,0.0110285,0.5491,0.7484,0.4844,0.2169,0.4162
MOD13Q1_061__250m_16_days_NDVI_doy2008353000000_aid0012,_250m_16_days_NDVI,aid0012,2008-12-18,1440293.0,-0.2,0.9838,"(-0.2,0.9838)",0.4605983,0.1158712,0.0134261,0.5264,0.7386,0.4502,0.1727,0.3849
MOD13Q1_061__250m_16_days_NDVI_doy2009001000000_aid0012,_250m_16_days_NDVI,aid0012,2009-01-01,1441105.0,-0.2,0.9949,"(-0.2,0.9949)",0.4187932,0.1136045,0.012906,0.477,0.6772,0.3999,0.1433,0.3435
MOD13Q1_061__250m_16_days_NDVI_doy2009017000000_aid0012,_250m_16_days_NDVI,aid0012,2009-01-17,1440324.0,-0.1998,0.9596,"(-0.1998,0.9596)",0.3963349,0.1104556,0.0122004,0.4508,0.6437,0.3728,0.1293,0.3222
MOD13Q1_061__250m_16_days_NDVI_doy2009033000000_aid0012,_250m_16_days_NDVI,aid0012,2009-02-02,1439957.0,-0.1994,0.9376,"(-0.1994,0.9376)",0.4423835,0.1124841,0.0126527,0.4988,0.6938,0.4274,0.1738,0.3688
MOD13Q1_061__250m_16_days_NDVI_doy2009049000000_aid0012,_250m_16_days_NDVI,aid0012,2009-02-18,1439679.0,-0.1996,0.9794,"(-0.1996,0.9794)",0.5303202,0.1185825,0.0140618,0.6052,0.8357,0.5273,0.221,0.4515
MOD13Q1_061__250m_16_days_NDVI_doy2009065000000_aid0012,_250m_16_days_NDVI,aid0012,2009-03-06,1440028.0,-0.1996,0.9745,"(-0.1996,0.9745)",0.643645,0.1104772,0.0122052,0.718,0.9116,0.6589,0.395,0.5888
MOD13Q1_061__250m_16_days_NDVI_doy2009081000000_aid0012,_250m_16_days_NDVI,aid0012,2009-03-22,1439814.0,-0.2,0.9717,"(-0.2,0.9717)",0.671813,0.1169579,0.0136792,0.7531,0.9593,0.6936,0.4084,0.6152
MOD13Q1_061__250m_16_days_NDVI_doy2009097000000_aid0012,_250m_16_days_NDVI,aid0012,2009-04-07,1439311.0,-0.1996,0.9648,"(-0.1996,0.9648)",0.6516741,0.1201366,0.0144328,0.7343,0.9332,0.6759,0.3913,0.5971
MOD13Q1_061__250m_16_days_NDVI_doy2009113000000_aid0012,_250m_16_days_NDVI,aid0012,2009-04-23,1439108.0,-0.2,0.9249,"(-0.2,0.9249)",0.6000305,0.1194577,0.0142701,0.6822,0.892,0.6207,0.3325,0.5423
MOD13Q1_061__250m_16_days_NDVI_doy2009129000000_aid0012,_250m_16_days_NDVI,aid0012,2009-05-09,1440142.0,-0.2,0.9825,"(-0.2,0.9825)",0.5548436,0.1116751,0.0124713,0.6278,0.8207,0.5703,0.3063,0.4992
MOD13Q1_061__250m_16_days_NDVI_doy2009145000000_aid0012,_250m_16_days_NDVI,aid0012,2009-05-25,1440208.0,-0.1995,0.9346,"(-0.1995,0.9346)",0.5583904,0.1156276,0.0133697,0.6312,0.8238,0.5741,0.3102,0.5028
MOD13Q1_061__250m_16_days_NDVI_doy2009161000000_aid0012,_250m_16_days_NDVI,aid0012,2009-06-10,1440299.0,-0.2,0.9407,"(-0.2,0.9407)",0.5236287,0.1137577,0.0129408,0.5951,0.7983,0.5319,0.2564,0.4596
MOD13Q1_061__250m_16_days_NDVI_doy2009177000000_aid0012,_250m_16_days_NDVI,aid0012,2009-06-26,1439766.0,-0.2,0.9296,"(-0.2,0.9296)",0.4925736,0.1096418,0.0120213,0.5599,0.761,0.4927,0.2247,0.4258
MOD13Q1_061__250m_16_days_NDVI_doy2009193000000_aid0012,_250m_16_days_NDVI,aid0012,2009-07-12,1440330.0,-0.2,0.9272,"(-0.2,0.9272)",0.4862081,0.1083946,0.0117494,0.5533,0.7561,0.4852,0.2153,0.4181
MOD13Q1_061__250m_16_days_NDVI_doy2009209000000_aid0012,_250m_16_days_NDVI,aid0012,2009-07-28,1440570.0,-0.2,0.9277,"(-0.2,0.9277)",0.4670452,0.1076906,0.0115973,0.5331,0.7302,0.4674,0.2046,0.4017
MOD13Q1_061__250m_16_days_NDVI_doy2009225000000_aid0012,_250m_16_days_NDVI,aid0012,2009-08-13,1440845.0,-0.2,0.9648,"(-0.2,0.9648)",0.493865,0.1079749,0.0116586,0.5629,0.7625,0.498,0.2302,0.4298
MOD13Q1_061__250m_16_days_NDVI_doy2009241000000_aid0012,_250m_16_days_NDVI,aid0012,2009-08-29,1440164.0,-0.1994,0.9957,"(-0.1994,0.9957)",0.5855236,0.1208184,0.0145971,0.6619,0.8594,0.6054,0.3327,0.5302
MOD13Q1_061__250m_16_days_NDVI_doy2009257000000_aid0012,_250m_16_days_NDVI,aid0012,2009-09-14,1440565.0,-0.2,0.9955,"(-0.2,0.9955)",0.6104676,0.1261249,0.0159075,0.6888,0.8857,0.6342,0.3606,0.5575
MOD13Q1_061__250m_16_days_NDVI_doy2009273000000_aid0012,_250m_16_days_NDVI,aid0012,2009-09-30,1439861.0,-0.2,0.9711,"(-0.2,0.9711)",0.6185346,0.127187,0.0161765,0.6955,0.8885,0.6422,0.3738,0.5668
MOD13Q1_061__250m_16_days_NDVI_doy2009289000000_aid0012,_250m_16_days_NDVI,aid0012,2009-10-16,1441521.0,-0.1998,0.9926,"(-0.1998,0.9926)",0.6379933,0.1368497,0.0187278,0.7231,0.9327,0.6693,0.3734,0.5832
MOD13Q1_061__250m_16_days_NDVI_doy2009305000000_aid0012,_250m_16_days_NDVI,aid0012,2009-11-01,1440588.0,-0.2,0.9715,"(-0.2,0.9715)",0.6600387,0.1359596,0.018485,0.75,0.9477,0.6948,0.3913,0.6065
MOD13Q1_061__250m_16_days_NDVI_doy2009321000000_aid0012,_250m_16_days_NDVI,aid0012,2009-11-17,1440768.0,-0.2,0.9994,"(-0.2,0.9994)",0.6625322,0.1289668,0.0166324,0.7501,0.961,0.7017,0.3976,0.6091
MOD13Q1_061__250m_16_days_NDVI_doy2009337000000_aid0012,_250m_16_days_NDVI,aid0012,2009-12-03,1440274.0,-0.2,0.9847,"(-0.2,0.9847)",0.6435202,0.1326046,0.017584,0.7367,0.9691,0.6782,0.3435,0.5794
MOD13Q1_061__250m_16_days_NDVI_doy2009353000000_aid0012,_250m_16_days_NDVI,aid0012,2009-12-19,1440061.0,-0.2,0.9983,"(-0.2,0.9983)",0.6444467,0.1321569,0.0174654,0.729,0.933,0.6704,0.3888,0.5929
MOD13Q1_061__250m_16_days_NDVI_doy2010001000000_aid0012,_250m_16_days_NDVI,aid0012,2010-01-01,1439517.0,-0.1998,0.9712,"(-0.1998,0.9712)",0.6520466,0.129324,0.0167247,0.7331,0.9326,0.6727,0.4006,0.6001
MOD13Q1_061__250m_16_days_NDVI_doy2010017000000_aid0012,_250m_16_days_NDVI,aid0012,2010-01-17,1439738.0,-0.2,0.9858,"(-0.2,0.9858)",0.6595492,0.1238226,0.015332,0.7412,0.9601,0.6707,0.3715,0.5933
MOD13Q1_061__250m_16_days_NDVI_doy2010033000000_aid0012,_250m_16_days_NDVI,aid0012,2010-02-02,1440613.0,-0.2,0.9977,"(-0.2,0.9977)",0.705383,0.1109556,0.0123111,0.7635,0.9204,0.7115,0.502,0.6589
MOD13Q1_061__250m_16_days_NDVI_doy2010049000000_aid0012,_250m_16_days_NDVI,aid0012,2010-02-18,1440516.0,-0.2,0.9891,"(-0.2,0.9891)",0.710447,0.1144105,0.0130898,0.7727,0.9367,0.7184,0.4992,0.6633
MOD13Q1_061__250m_16_days_NDVI_doy2010065000000_aid0012,_250m_16_days_NDVI,aid0012,2010-03-06,1439511.0,-0.2,0.9951,"(-0.2,0.9951)",0.7121455,0.1110577,0.0123338,0.7715,0.9261,0.7199,0.5138,0.6684
MOD13Q1_061__250m_16_days_NDVI_doy2010081000000_aid0012,_250m_16_days_NDVI,aid0012,2010-03-22,1440249.0,-0.2,0.9931,"(-0.2,0.9931)",0.6953168,0.1043168,0.010882,0.7531,0.8926,0.7107,0.5206,0.6601
MOD13Q1_061__250m_16_days_NDVI_doy2010097000000_aid0012,_250m_16_days_NDVI,aid0012,2010-04-07,1439740.0,-0.2,0.9898,"(-0.2,0.9898)",0.6509982,0.1071443,0.0114799,0.7166,0.872,0.6727,0.4576,0.613
MOD13Q1_061__250m_16_days_NDVI_doy2010113000000_aid0012,_250m_16_days_NDVI,aid0012,2010-04-23,1438230.0,-0.2,0.9645,"(-0.2,0.9645)",0.5886605,0.118319,0.0139994,0.6651,0.8502,0.6169,0.3566,0.5417
MOD13Q1_061__250m_16_days_NDVI_doy2010129000000_aid0012,_250m_16_days_NDVI,aid0012,2010-05-09,1440434.0,-0.2,0.9897,"(-0.2,0.9897)",0.5453707,0.1105694,0.0122256,0.6174,0.8031,0.5668,0.3079,0.4936
MOD13Q1_061__250m_16_days_NDVI_doy2010145000000_aid0012,_250m_16_days_NDVI,aid0012,2010-05-25,1440276.0,-0.2,0.9266,"(-0.2,0.9266)",0.5613227,0.1215442,0.014773,0.6374,0.8285,0.5821,0.3189,0.51
MOD13Q1_061__250m_16_days_NDVI_doy2010161000000_aid0012,_250m_16_days_NDVI,aid0012,2010-06-10,1440309.0,-0.2,0.9207,"(-0.2,0.9207)",0.5394467,0.1215238,0.014768,0.6157,0.8111,0.5587,0.29,0.4854
MOD13Q1_061__250m_16_days_NDVI_doy2010177000000_aid0012,_250m_16_days_NDVI,aid0012,2010-06-26,1439714.0,-0.2,0.9475,"(-0.2,0.9475)",0.5706321,0.1225379,0.0150155,0.6475,0.839,0.5908,0.3283,0.5198
MOD13Q1_061__250m_16_days_NDVI_doy2010193000000_aid0012,_250m_16_days_NDVI,aid0012,2010-07-12,1439489.0,-0.2,0.9748,"(-0.2,0.9748)",0.5541185,0.1216483,0.0147983,0.6317,0.828,0.574,0.3045,0.5008
MOD13Q1_061__250m_16_days_NDVI_doy2010209000000_aid0012,_250m_16_days_NDVI,aid0012,2010-07-28,1437511.0,-0.2,0.9477,"(-0.2,0.9477)",0.523177,0.1173442,0.0137697,0.5987,0.7956,0.5398,0.2705,0.4674
MOD13Q1_061__250m_16_days_NDVI_doy2010225000000_aid0012,_250m_16_days_NDVI,aid0012,2010-08-13,1438481.0,-0.2,0.9135,"(-0.2,0.9135)",0.5375019,0.1137941,0.0129491,0.6106,0.8003,0.5526,0.2944,0.4841
MOD13Q1_061__250m_16_days_NDVI_doy2010241000000_aid0012,_250m_16_days_NDVI,aid0012,2010-08-29,1440403.0,-0.2,0.9733,"(-0.2,0.9733)",0.581381,0.1160028,0.0134566,0.6559,0.845,0.5998,0.3407,0.5298
MOD13Q1_061__250m_16_days_NDVI_doy2010257000000_aid0012,_250m_16_days_NDVI,aid0012,2010-09-14,1440681.0,-0.2,0.97,"(-0.2,0.97)",0.6283122,0.1251244,0.0156561,0.7076,0.8994,0.6542,0.3879,0.5797
MOD13Q1_061__250m_16_days_NDVI_doy2010273000000_aid0012,_250m_16_days_NDVI,aid0012,2010-09-30,1440573.0,-0.2,0.9823,"(-0.2,0.9823)",0.6711612,0.1341672,0.0180009,0.7556,0.9468,0.7045,0.4329,0.6265
MOD13Q1_061__250m_16_days_NDVI_doy2010289000000_aid0012,_250m_16_days_NDVI,aid0012,2010-10-16,1441084.0,-0.2,0.9949,"(-0.2,0.9949)",0.6740352,0.1337613,0.0178921,0.7572,0.947,0.7066,0.4397,0.6302
MOD13Q1_061__250m_16_days_NDVI_doy2010305000000_aid0012,_250m_16_days_NDVI,aid0012,2010-11-01,1440706.0,-0.1997,0.9988,"(-0.1997,0.9988)",0.6831177,0.1359496,0.0184823,0.7694,0.9628,0.7209,0.4417,0.6383
MOD13Q1_061__250m_16_days_NDVI_doy2010321000000_aid0012,_250m_16_days_NDVI,aid0012,2010-11-17,1440988.0,-0.2,0.9778,"(-0.2,0.9778)",0.6558118,0.1275141,0.0162598,0.7391,0.9364,0.6865,0.4096,0.6073
MOD13Q1_061__250m_16_days_NDVI_doy2010337000000_aid0012,_250m_16_days_NDVI,aid0012,2010-12-03,1441064.0,-0.1997,0.9953,"(-0.1997,0.9953)",0.6388558,0.1184232,0.0140241,0.721,0.9251,0.6614,0.3733,0.5819
MOD13Q1_061__250m_16_days_NDVI_doy2010353000000_aid0012,_250m_16_days_NDVI,aid0012,2010-12-19,1440301.0,-0.2,0.9822,"(-0.2,0.9822)",0.5195266,0.1143031,0.0130652,0.5879,0.7964,0.5173,0.2404,0.4489
MOD13Q1_061__250m_16_days_NDVI_doy2011001000000_aid0012,_250m_16_days_NDVI,aid0012,2011-01-01,1440736.0,-0.1998,0.9935,"(-0.1998,0.9935)",0.5496598,0.1297316,0.0168303,0.6315,0.8782,0.545,0.2203,0.467
MOD13Q1_061__250m_16_days_NDVI_doy2011017000000_aid0012,_250m_16_days_NDVI,aid0012,2011-01-17,1440004.0,-0.2,0.9932,"(-0.2,0.9932)",0.6257748,0.1252884,0.0156972,0.7025,0.921,0.6304,0.3383,0.5568
MOD13Q1_061__250m_16_days_NDVI_doy2011033000000_aid0012,_250m_16_days_NDVI,aid0012,2011-02-02,1440298.0,-0.2,0.9921,"(-0.2,0.9921)",0.6880184,0.1204156,0.0144999,0.7605,0.9563,0.7019,0.434,0.6299
MOD13Q1_061__250m_16_days_NDVI_doy2011049000000_aid0012,_250m_16_days_NDVI,aid0012,2011-02-18,1440038.0,-0.2,0.9687,"(-0.2,0.9687)",0.6842427,0.126545,0.0160136,0.7642,0.9687,0.7027,0.4042,0.6202
MOD13Q1_061__250m_16_days_NDVI_doy2011065000000_aid0012,_250m_16_days_NDVI,aid0012,2011-03-06,1440867.0,-0.1997,0.997,"(-0.1997,0.997)",0.6622894,0.123135,0.0151622,0.7428,0.9625,0.6768,0.3766,0.5963
MOD13Q1_061__250m_16_days_NDVI_doy2011081000000_aid0012,_250m_16_days_NDVI,aid0012,2011-03-22,1439517.0,-0.2,0.9094,"(-0.2,0.9094)",0.606568,0.1137388,0.0129365,0.6816,0.8886,0.6188,0.3366,0.5436
MOD13Q1_061__250m_16_days_NDVI_doy2011097000000_aid0012,_250m_16_days_NDVI,aid0012,2011-04-07,1439464.0,-0.2,0.9978,"(-0.2,0.9978)",0.5547321,0.1054247,0.0111144,0.6255,0.8178,0.5692,0.305,0.4973
MOD13Q1_061__250m_16_days_NDVI_doy2011113000000_aid0012,_250m_16_days_NDVI,aid0012,2011-04-23,1439960.0,-0.2,0.9229,"(-0.2,0.9229)",0.5499873,0.1137877,0.0129476,0.6245,0.8151,0.5726,0.3068,0.4974
MOD13Q1_061__250m_16_days_NDVI_doy2011129000000_aid0012,_250m_16_days_NDVI,aid0012,2011-05-09,1439942.0,-0.2,0.9765,"(-0.2,0.9765)",0.4962313,0.1096267,0.012018,0.5674,0.7636,0.5111,0.2404,0.4366
MOD13Q1_061__250m_16_days_NDVI_doy2011145000000_aid0012,_250m_16_days_NDVI,aid0012,2011-05-25,1439426.0,-0.2,0.9519,"(-0.2,0.9519)",0.4932153,0.1122737,0.0126054,0.5621,0.7584,0.5024,0.2349,0.4312
MOD13Q1_061__250m_16_days_NDVI_doy2011161000000_aid0012,_250m_16_days_NDVI,aid0012,2011-06-10,1441478.0,-0.2,0.9873,"(-0.2,0.9873)",0.439777,0.0981002,0.0096236,0.498,0.6706,0.4423,0.2103,0.3829
MOD13Q1_061__250m_16_days_NDVI_doy2011177000000_aid0012,_250m_16_days_NDVI,aid0012,2011-06-26,1439982.0,-0.1998,0.9582,"(-0.1998,0.9582)",0.4783572,0.1118225,0.0125043,0.5447,0.7416,0.4833,0.2165,0.4134
MOD13Q1_061__250m_16_days_NDVI_doy2011193000000_aid0012,_250m_16_days_NDVI,aid0012,2011-07-12,1440189.0,-0.2,0.9571,"(-0.2,0.9571)",0.4753406,0.1091149,0.0119061,0.5413,0.7366,0.4792,0.2158,0.4111
MOD13Q1_061__250m_16_days_NDVI_doy2011209000000_aid0012,_250m_16_days_NDVI,aid0012,2011-07-28,1441085.0,-0.2,0.982,"(-0.2,0.982)",0.4701202,0.1092027,0.0119252,0.5379,0.7371,0.4753,0.2059,0.4051
MOD13Q1_061__250m_16_days_NDVI_doy2011225000000_aid0012,_250m_16_days_NDVI,aid0012,2011-08-13,1440583.0,-0.2,0.968,"(-0.2,0.968)",0.5306146,0.1226984,0.0150549,0.6116,0.8418,0.5423,0.2279,0.4581
MOD13Q1_061__250m_16_days_NDVI_doy2011241000000_aid0012,_250m_16_days_NDVI,aid0012,2011-08-29,1440514.0,-0.1997,0.9712,"(-0.1997,0.9712)",0.5309664,0.1186891,0.0140871,0.6078,0.8235,0.5435,0.2483,0.464
MOD13Q1_061__250m_16_days_NDVI_doy2011257000000_aid0012,_250m_16_days_NDVI,aid0012,2011-09-14,1440421.0,-0.2,0.974,"(-0.2,0.974)",0.5272633,0.1175416,0.013816,0.6026,0.8183,0.54,0.2431,0.4588
MOD13Q1_061__250m_16_days_NDVI_doy2011273000000_aid0012,_250m_16_days_NDVI,aid0012,2011-09-30,1440613.0,-0.2,0.9738,"(-0.2,0.9738)",0.6159707,0.1390147,0.0193251,0.7135,0.9738,0.6312,0.2785,0.5395
MOD13Q1_061__250m_16_days_NDVI_doy2011289000000_aid0012,_250m_16_days_NDVI,aid0012,2011-10-16,1440650.0,-0.1998,0.998,"(-0.1998,0.998)",0.6453147,0.1401298,0.0196363,0.7338,0.9579,0.6766,0.3598,0.5842
MOD13Q1_061__250m_16_days_NDVI_doy2011305000000_aid0012,_250m_16_days_NDVI,aid0012,2011-11-01,1440472.0,-0.2,0.9989,"(-0.2,0.9989)",0.630092,0.1324578,0.0175451,0.7129,0.9242,0.6528,0.3607,0.572
MOD13Q1_061__250m_16_days_NDVI_doy2011321000000_aid0012,_250m_16_days_NDVI,aid0012,2011-11-17,1440925.0,-0.2,0.9699,"(-0.2,0.9699)",0.5926972,0.1263821,0.0159724,0.6724,0.8873,0.6043,0.3142,0.5291
MOD13Q1_061__250m_16_days_NDVI_doy2011337000000_aid0012,_250m_16_days_NDVI,aid0012,2011-12-03,1441278.0,-0.1996,0.999,"(-0.1996,0.999)",0.5591007,0.1137311,0.0129348,0.6326,0.8345,0.5674,0.2961,0.498
MOD13Q1_061__250m_16_days_NDVI_doy2011353000000_aid0012,_250m_16_days_NDVI,aid0012,2011-12-19,1440641.0,-0.2,0.9864,"(-0.2,0.9864)",0.563597,0.1264291,0.0159843,0.6454,0.8824,0.571,0.2504,0.4874
MOD13Q1_061__250m_16_days_NDVI_doy2012001000000_aid0012,_250m_16_days_NDVI,aid0012,2012-01-01,1440712.0,-0.2,0.9848,"(-0.2,0.9848)",0.5088532,0.1250954,0.0156489,0.5825,0.8172,0.4992,0.1913,0.426
MOD13Q1_061__250m_16_days_NDVI_doy2012017000000_aid0012,_250m_16_days_NDVI,aid0012,2012-01-17,1441114.0,-0.2,0.9936,"(-0.2,0.9936)",0.5313456,0.134462,0.01808,0.6152,0.8841,0.5206,0.167,0.4359
MOD13Q1_061__250m_16_days_NDVI_doy2012033000000_aid0012,_250m_16_days_NDVI,aid0012,2012-02-02,1440276.0,-0.1991,0.9986,"(-0.1991,0.9986)",0.5635538,0.127108,0.0161565,0.6455,0.899,0.5584,0.223,0.4765
MOD13Q1_061__250m_16_days_NDVI_doy2012049000000_aid0012,_250m_16_days_NDVI,aid0012,2012-02-18,1440466.0,-0.1996,0.9975,"(-0.1996,0.9975)",0.6727699,0.1140708,0.0130122,0.746,0.9409,0.6832,0.421,0.616
MOD13Q1_061__250m_16_days_NDVI_doy2012065000000_aid0012,_250m_16_days_NDVI,aid0012,2012-03-05,1441063.0,-0.2,0.9989,"(-0.2,0.9989)",0.7267053,0.1084279,0.0117566,0.7903,0.9404,0.7473,0.5401,0.6902
MOD13Q1_061__250m_16_days_NDVI_doy2012081000000_aid0012,_250m_16_days_NDVI,aid0012,2012-03-21,1440163.0,-0.2,0.9945,"(-0.2,0.9945)",0.7251001,0.1093993,0.0119682,0.7931,0.9474,0.7517,0.5359,0.6902
MOD13Q1_061__250m_16_days_NDVI_doy2012097000000_aid0012,_250m_16_days_NDVI,aid0012,2012-04-06,1440168.0,-0.2,0.9863,"(-0.2,0.9863)",0.6895228,0.1198406,0.0143618,0.7698,0.9615,0.7234,0.4501,0.6419
MOD13Q1_061__250m_16_days_NDVI_doy2012113000000_aid0012,_250m_16_days_NDVI,aid0012,2012-04-22,1440254.0,-0.1993,0.9923,"(-0.1993,0.9923)",0.6407395,0.1343472,0.0180492,0.7407,0.9923,0.6719,0.3127,0.5695
MOD13Q1_061__250m_16_days_NDVI_doy2012129000000_aid0012,_250m_16_days_NDVI,aid0012,2012-05-08,1440490.0,-0.2,0.945,"(-0.2,0.945)",0.589406,0.1297791,0.0168426,0.6804,0.9196,0.6146,0.2799,0.5202
MOD13Q1_061__250m_16_days_NDVI_doy2012145000000_aid0012,_250m_16_days_NDVI,aid0012,2012-05-24,1439520.0,-0.2,0.99,"(-0.2,0.99)",0.63164,0.1344596,0.0180794,0.7224,0.9453,0.6635,0.3502,0.5735
MOD13Q1_061__250m_16_days_NDVI_doy2012161000000_aid0012,_250m_16_days_NDVI,aid0012,2012-06-09,1440067.0,-0.2,0.9298,"(-0.2,0.9298)",0.5833812,0.1261589,0.0159161,0.6701,0.8932,0.6072,0.2979,0.5212
MOD13Q1_061__250m_16_days_NDVI_doy2012177000000_aid0012,_250m_16_days_NDVI,aid0012,2012-06-25,1440146.0,-0.2,0.9337,"(-0.2,0.9337)",0.574717,0.1257377,0.01581,0.6603,0.8791,0.6005,0.2956,0.5144
MOD13Q1_061__250m_16_days_NDVI_doy2012193000000_aid0012,_250m_16_days_NDVI,aid0012,2012-07-11,1440306.0,-0.2,0.926,"(-0.2,0.926)",0.5172888,0.1177961,0.0138759,0.5998,0.8281,0.5378,0.2193,0.4476
MOD13Q1_061__250m_16_days_NDVI_doy2012209000000_aid0012,_250m_16_days_NDVI,aid0012,2012-07-27,1439481.0,-0.2,0.9254,"(-0.2,0.9254)",0.4704539,0.1032929,0.0106694,0.54,0.7362,0.4843,0.213,0.4092
MOD13Q1_061__250m_16_days_NDVI_doy2012225000000_aid0012,_250m_16_days_NDVI,aid0012,2012-08-12,1440844.0,-0.2,0.9877,"(-0.2,0.9877)",0.5295483,0.1239985,0.0153756,0.6161,0.8519,0.5491,0.2229,0.4588
MOD13Q1_061__250m_16_days_NDVI_doy2012241000000_aid0012,_250m_16_days_NDVI,aid0012,2012-08-28,1441147.0,-0.2,0.9385,"(-0.2,0.9385)",0.5962809,0.1409435,0.0198651,0.6928,0.9339,0.6303,0.2898,0.5316
MOD13Q1_061__250m_16_days_NDVI_doy2012257000000_aid0012,_250m_16_days_NDVI,aid0012,2012-09-13,1440112.0,-0.2,0.9923,"(-0.2,0.9923)",0.6445504,0.1454779,0.0211638,0.7426,0.9708,0.6844,0.3524,0.5865
MOD13Q1_061__250m_16_days_NDVI_doy2012273000000_aid0012,_250m_16_days_NDVI,aid0012,2012-09-29,1439011.0,-0.2,0.9982,"(-0.2,0.9982)",0.6637208,0.1456151,0.0212038,0.7594,0.9804,0.7075,0.3887,0.6111
MOD13Q1_061__250m_16_days_NDVI_doy2012289000000_aid0012,_250m_16_days_NDVI,aid0012,2012-10-15,1440712.0,-0.2,0.9965,"(-0.2,0.9965)",0.6883584,0.1569053,0.0246193,0.794,0.9965,0.7373,0.3895,0.6322
MOD13Q1_061__250m_16_days_NDVI_doy2012305000000_aid0012,_250m_16_days_NDVI,aid0012,2012-10-31,1440897.0,-0.2,0.991,"(-0.2,0.991)",0.6899774,0.1511274,0.0228395,0.7942,0.991,0.7378,0.3885,0.6319
MOD13Q1_061__250m_16_days_NDVI_doy2012321000000_aid0012,_250m_16_days_NDVI,aid0012,2012-11-16,1441224.0,-0.2,0.9839,"(-0.2,0.9839)",0.6625504,0.1424821,0.0203012,0.7605,0.9839,0.7023,0.3638,0.6018
MOD13Q1_061__250m_16_days_NDVI_doy2012337000000_aid0012,_250m_16_days_NDVI,aid0012,2012-12-02,1441320.0,-0.2,0.9988,"(-0.2,0.9988)",0.6313844,0.1334066,0.0177973,0.7215,0.941,0.6666,0.3543,0.5746
MOD13Q1_061__250m_16_days_NDVI_doy2012353000000_aid0012,_250m_16_days_NDVI,aid0012,2012-12-18,1441874.0,-0.2,0.994,"(-0.2,0.994)",0.6551691,0.124741,0.0155603,0.7288,0.9017,0.6801,0.4406,0.6135
MOD13Q1_061__250m_16_days_NDVI_doy2013001000000_aid0012,_250m_16_days_NDVI,aid0012,2013-01-01,1440306.0,-0.2,0.9964,"(-0.2,0.9964)",0.6657373,0.1188367,0.0141222,0.7324,0.8947,0.6843,0.4619,0.6242
MOD13Q1_061__250m_16_days_NDVI_doy2013017000000_aid0012,_250m_16_days_NDVI,aid0012,2013-01-17,1441010.0,-0.1998,0.9976,"(-0.1998,0.9976)",0.664478,0.1166775,0.0136136,0.7286,0.906,0.6696,0.4329,0.6103
MOD13Q1_061__250m_16_days_NDVI_doy2013033000000_aid0012,_250m_16_days_NDVI,aid0012,2013-02-02,1440790.0,-0.2,0.9993,"(-0.2,0.9993)",0.6440467,0.1222212,0.014938,0.716,0.9278,0.6452,0.363,0.5748
MOD13Q1_061__250m_16_days_NDVI_doy2013049000000_aid0012,_250m_16_days_NDVI,aid0012,2013-02-18,1440309.0,-0.2,0.9969,"(-0.2,0.9969)",0.6282995,0.1202715,0.0144652,0.6957,0.9,0.6241,0.3552,0.5595
MOD13Q1_061__250m_16_days_NDVI_doy2013065000000_aid0012,_250m_16_days_NDVI,aid0012,2013-03-06,1440786.0,-0.2,0.9966,"(-0.2,0.9966)",0.665521,0.1139988,0.0129957,0.7246,0.8848,0.6722,0.4576,0.6178
MOD13Q1_061__250m_16_days_NDVI_doy2013081000000_aid0012,_250m_16_days_NDVI,aid0012,2013-03-22,1439634.0,-0.2,0.9286,"(-0.2,0.9286)",0.6537262,0.103255,0.0106616,0.7128,0.8587,0.6689,0.4696,0.6155
MOD13Q1_061__250m_16_days_NDVI_doy2013097000000_aid0012,_250m_16_days_NDVI,aid0012,2013-04-07,1439832.0,-0.2,0.9857,"(-0.2,0.9857)",0.6432958,0.1137875,0.0129476,0.7133,0.8784,0.6677,0.4381,0.6032
MOD13Q1_061__250m_16_days_NDVI_doy2013113000000_aid0012,_250m_16_days_NDVI,aid0012,2013-04-23,1439434.0,-0.2,0.9981,"(-0.2,0.9981)",0.6539877,0.1265318,0.0160103,0.7334,0.9144,0.6849,0.4317,0.6127
MOD13Q1_061__250m_16_days_NDVI_doy2013129000000_aid0012,_250m_16_days_NDVI,aid0012,2013-05-09,1440065.0,-0.2,0.9743,"(-0.2,0.9743)",0.6415864,0.1293938,0.0167427,0.7228,0.9092,0.6721,0.4121,0.5985
MOD13Q1_061__250m_16_days_NDVI_doy2013145000000_aid0012,_250m_16_days_NDVI,aid0012,2013-05-25,1440299.0,-0.2,0.9404,"(-0.2,0.9404)",0.6113746,0.1271664,0.0161713,0.6915,0.882,0.6371,0.374,0.5645
MOD13Q1_061__250m_16_days_NDVI_doy2013161000000_aid0012,_250m_16_days_NDVI,aid0012,2013-06-10,1438720.0,-0.2,0.9758,"(-0.2,0.9758)",0.5981672,0.1226127,0.0150339,0.6753,0.8608,0.6212,0.3661,0.5516
MOD13Q1_061__250m_16_days_NDVI_doy2013177000000_aid0012,_250m_16_days_NDVI,aid0012,2013-06-26,1438743.0,-0.2,0.94,"(-0.2,0.94)",0.5507942,0.117024,0.0136946,0.6251,0.8153,0.5671,0.3081,0.4983
MOD13Q1_061__250m_16_days_NDVI_doy2013193000000_aid0012,_250m_16_days_NDVI,aid0012,2013-07-12,1439884.0,-0.2,0.9406,"(-0.2,0.9406)",0.5403175,0.1214586,0.0147522,0.619,0.8251,0.5567,0.2755,0.4816
MOD13Q1_061__250m_16_days_NDVI_doy2013209000000_aid0012,_250m_16_days_NDVI,aid0012,2013-07-28,1439864.0,-0.2,0.9661,"(-0.2,0.9661)",0.5296148,0.1156079,0.0133652,0.6042,0.8032,0.5435,0.2725,0.4715
MOD13Q1_061__250m_16_days_NDVI_doy2013225000000_aid0012,_250m_16_days_NDVI,aid0012,2013-08-13,1440428.0,-0.2,0.9737,"(-0.2,0.9737)",0.5086179,0.1064739,0.0113367,0.576,0.7582,0.5192,0.2723,0.4545
MOD13Q1_061__250m_16_days_NDVI_doy2013241000000_aid0012,_250m_16_days_NDVI,aid0012,2013-08-29,1440889.0,-0.2,0.9883,"(-0.2,0.9883)",0.4973852,0.108252,0.0117185,0.5671,0.7624,0.5007,0.2416,0.4369
MOD13Q1_061__250m_16_days_NDVI_doy2013257000000_aid0012,_250m_16_days_NDVI,aid0012,2013-09-14,1440695.0,-0.2,0.99,"(-0.2,0.99)",0.5671366,0.1261915,0.0159243,0.6445,0.8516,0.5815,0.2993,0.5064
MOD13Q1_061__250m_16_days_NDVI_doy2013273000000_aid0012,_250m_16_days_NDVI,aid0012,2013-09-30,1441169.0,-0.2,0.9905,"(-0.2,0.9905)",0.5961417,0.1376932,0.0189594,0.6828,0.9132,0.6188,0.2988,0.5292
MOD13Q1_061__250m_16_days_NDVI_doy2013289000000_aid0012,_250m_16_days_NDVI,aid0012,2013-10-16,1440373.0,-0.1996,0.9964,"(-0.1996,0.9964)",0.6919999,0.1432083,0.0205086,0.7849,0.9964,0.731,0.4189,0.6385
MOD13Q1_061__250m_16_days_NDVI_doy2013305000000_aid0012,_250m_16_days_NDVI,aid0012,2013-11-01,1441508.0,-0.2,0.9984,"(-0.2,0.9984)",0.6835269,0.1451885,0.0210797,0.7787,0.9984,0.7252,0.41,0.6312
MOD13Q1_061__250m_16_days_NDVI_doy2013321000000_aid0012,_250m_16_days_NDVI,aid0012,2013-11-17,1440894.0,-0.2,0.9887,"(-0.2,0.9887)",0.6682094,0.1278961,0.0163574,0.7514,0.9421,0.7015,0.4297,0.6227
MOD13Q1_061__250m_16_days_NDVI_doy2013337000000_aid0012,_250m_16_days_NDVI,aid0012,2013-12-03,1440795.0,-0.2,0.9755,"(-0.2,0.9755)",0.6226062,0.1205062,0.0145217,0.7011,0.8911,0.6494,0.3844,0.5744
MOD13Q1_061__250m_16_days_NDVI_doy2013353000000_aid0012,_250m_16_days_NDVI,aid0012,2013-12-19,1440803.0,-0.2,0.9962,"(-0.2,0.9962)",0.5668054,0.1147924,0.0131773,0.6418,0.8489,0.5761,0.2966,0.5037
MOD13Q1_061__250m_16_days_NDVI_doy2014001000000_aid0012,_250m_16_days_NDVI,aid0012,2014-01-01,1440597.0,-0.1998,0.9818,"(-0.1998,0.9818)",0.5310082,0.1169442,0.0136759,0.6046,0.8245,0.5285,0.2382,0.458
MOD13Q1_061__250m_16_days_NDVI_doy2014017000000_aid0012,_250m_16_days_NDVI,aid0012,2014-01-17,1440266.0,-0.1996,0.9568,"(-0.1996,0.9568)",0.5527379,0.1378002,0.0189889,0.6497,0.9396,0.5492,0.1637,0.4553
MOD13Q1_061__250m_16_days_NDVI_doy2014033000000_aid0012,_250m_16_days_NDVI,aid0012,2014-02-02,1440475.0,-0.2,0.9994,"(-0.2,0.9994)",0.6832167,0.1243814,0.0154707,0.7569,0.9381,0.7037,0.4549,0.6361
MOD13Q1_061__250m_16_days_NDVI_doy2014049000000_aid0012,_250m_16_days_NDVI,aid0012,2014-02-18,1439868.0,-0.2,0.9994,"(-0.2,0.9994)",0.7279333,0.1081081,0.0116874,0.7931,0.9478,0.7469,0.5346,0.6897
MOD13Q1_061__250m_16_days_NDVI_doy2014065000000_aid0012,_250m_16_days_NDVI,aid0012,2014-03-06,1440181.0,-0.2,0.9775,"(-0.2,0.9775)",0.7383447,0.1082922,0.0117272,0.7995,0.9402,0.7584,0.5643,0.7054
MOD13Q1_061__250m_16_days_NDVI_doy2014081000000_aid0012,_250m_16_days_NDVI,aid0012,2014-03-22,1440820.0,-0.2,0.9352,"(-0.2,0.9352)",0.7098132,0.1151711,0.0132644,0.7804,0.9352,0.7344,0.5117,0.6729
MOD13Q1_061__250m_16_days_NDVI_doy2014097000000_aid0012,_250m_16_days_NDVI,aid0012,2014-04-07,1440106.0,-0.1996,0.9797,"(-0.1996,0.9797)",0.6698616,0.1206272,0.0145509,0.7491,0.9316,0.6994,0.4404,0.6256
MOD13Q1_061__250m_16_days_NDVI_doy2014113000000_aid0012,_250m_16_days_NDVI,aid0012,2014-04-23,1441349.0,-0.2,0.998,"(-0.2,0.998)",0.6307197,0.1272349,0.0161887,0.7153,0.9177,0.6623,0.3773,0.5801
MOD13Q1_061__250m_16_days_NDVI_doy2014129000000_aid0012,_250m_16_days_NDVI,aid0012,2014-05-09,1440125.0,-0.2,0.9623,"(-0.2,0.9623)",0.6448388,0.1331472,0.0177282,0.7319,0.9344,0.6786,0.3912,0.5956
MOD13Q1_061__250m_16_days_NDVI_doy2014145000000_aid0012,_250m_16_days_NDVI,aid0012,2014-05-25,1439709.0,-0.2,0.9274,"(-0.2,0.9274)",0.6259519,0.13062,0.0170616,0.709,0.9027,0.6547,0.386,0.5798
MOD13Q1_061__250m_16_days_NDVI_doy2014161000000_aid0012,_250m_16_days_NDVI,aid0012,2014-06-10,1439527.0,-0.2,0.9694,"(-0.2,0.9694)",0.5978443,0.1228563,0.0150937,0.6735,0.8526,0.6213,0.375,0.5541
MOD13Q1_061__250m_16_days_NDVI_doy2014177000000_aid0012,_250m_16_days_NDVI,aid0012,2014-06-26,1439064.0,-0.2,0.9379,"(-0.2,0.9379)",0.5760706,0.1235817,0.0152724,0.6542,0.8444,0.5977,0.3372,0.5274
MOD13Q1_061__250m_16_days_NDVI_doy2014193000000_aid0012,_250m_16_days_NDVI,aid0012,2014-07-12,1438282.0,-0.2,0.9274,"(-0.2,0.9274)",0.5702747,0.1256583,0.01579,0.6509,0.8492,0.593,0.3204,0.5187
MOD13Q1_061__250m_16_days_NDVI_doy2014209000000_aid0012,_250m_16_days_NDVI,aid0012,2014-07-28,1437862.0,-0.2,0.9339,"(-0.2,0.9339)",0.5710527,0.1290358,0.0166502,0.6543,0.8608,0.5945,0.3101,0.5166
MOD13Q1_061__250m_16_days_NDVI_doy2014225000000_aid0012,_250m_16_days_NDVI,aid0012,2014-08-13,1438570.0,-0.2,0.9764,"(-0.2,0.9764)",0.5795063,0.1302129,0.0169554,0.6638,0.8718,0.6033,0.3171,0.5251
MOD13Q1_061__250m_16_days_NDVI_doy2014241000000_aid0012,_250m_16_days_NDVI,aid0012,2014-08-29,1440691.0,-0.2,0.9311,"(-0.2,0.9311)",0.5969297,0.1473935,0.0217248,0.693,0.9206,0.6329,0.3088,0.5393
MOD13Q1_061__250m_16_days_NDVI_doy2014257000000_aid0012,_250m_16_days_NDVI,aid0012,2014-09-14,1439095.0,-0.2,0.9422,"(-0.2,0.9422)",0.641322,0.1371584,0.0188124,0.7264,0.922,0.6723,0.4004,0.596
MOD13Q1_061__250m_16_days_NDVI_doy2014273000000_aid0012,_250m_16_days_NDVI,aid0012,2014-09-30,1439874.0,-0.2,0.9884,"(-0.2,0.9884)",0.6613309,0.1337983,0.017902,0.7451,0.9353,0.6936,0.4274,0.618
MOD13Q1_061__250m_16_days_NDVI_doy2014289000000_aid0012,_250m_16_days_NDVI,aid0012,2014-10-16,1441590.0,-0.2,0.9705,"(-0.2,0.9705)",0.6565242,0.1385354,0.0191921,0.7473,0.9627,0.6883,0.3858,0.6027
MOD13Q1_061__250m_16_days_NDVI_doy2014305000000_aid0012,_250m_16_days_NDVI,aid0012,2014-11-01,1440915.0,-0.1995,0.9789,"(-0.1995,0.9789)",0.676093,0.139185,0.0193725,0.7664,0.9708,0.7143,0.4227,0.6289
MOD13Q1_061__250m_16_days_NDVI_doy2014321000000_aid0012,_250m_16_days_NDVI,aid0012,2014-11-17,1441203.0,-0.2,0.9769,"(-0.2,0.9769)",0.6557698,0.1336591,0.0178648,0.7452,0.9519,0.6904,0.393,0.6043
MOD13Q1_061__250m_16_days_NDVI_doy2014337000000_aid0012,_250m_16_days_NDVI,aid0012,2014-12-03,1440312.0,-0.2,0.9868,"(-0.2,0.9868)",0.6469516,0.1251272,0.0156568,0.7291,0.9191,0.6794,0.4054,0.5996
MOD13Q1_061__250m_16_days_NDVI_doy2014353000000_aid0012,_250m_16_days_NDVI,aid0012,2014-12-19,1440899.0,-0.2,0.988,"(-0.2,0.988)",0.6289117,0.12062,0.0145492,0.7068,0.8965,0.6538,0.3906,0.5803
MOD13Q1_061__250m_16_days_NDVI_doy2015001000000_aid0012,_250m_16_days_NDVI,aid0012,2015-01-01,1441060.0,-0.1997,0.9787,"(-0.1997,0.9787)",0.6243968,0.1197348,0.0143364,0.7017,0.9007,0.6423,0.37,0.569
MOD13Q1_061__250m_16_days_NDVI_doy2015017000000_aid0012,_250m_16_days_NDVI,aid0012,2015-01-17,1439786.0,-0.2,0.9898,"(-0.2,0.9898)",0.653365,0.1157518,0.0133985,0.7226,0.9072,0.6667,0.4149,0.5995
MOD13Q1_061__250m_16_days_NDVI_doy2015033000000_aid0012,_250m_16_days_NDVI,aid0012,2015-02-02,1440142.0,-0.2,0.9688,"(-0.2,0.9688)",0.6947708,0.1102284,0.0121503,0.7557,0.9142,0.7058,0.4915,0.65
MOD13Q1_061__250m_16_days_NDVI_doy2015049000000_aid0012,_250m_16_days_NDVI,aid0012,2015-02-18,1439453.0,-0.2,0.9709,"(-0.2,0.9709)",0.6829182,0.1120321,0.0125512,0.7468,0.9145,0.696,0.4673,0.635
MOD13Q1_061__250m_16_days_NDVI_doy2015065000000_aid0012,_250m_16_days_NDVI,aid0012,2015-03-06,1439389.0,-0.2,0.9759,"(-0.2,0.9759)",0.6514675,0.1162256,0.0135084,0.7213,0.9103,0.6626,0.4063,0.5953
MOD13Q1_061__250m_16_days_NDVI_doy2015081000000_aid0012,_250m_16_days_NDVI,aid0012,2015-03-22,1438572.0,-0.2,0.9992,"(-0.2,0.9992)",0.5735711,0.1050729,0.0110403,0.6397,0.8248,0.5812,0.3312,0.5163
MOD13Q1_061__250m_16_days_NDVI_doy2015097000000_aid0012,_250m_16_days_NDVI,aid0012,2015-04-07,1438897.0,-0.2,0.9201,"(-0.2,0.9201)",0.5322939,0.1014087,0.0102837,0.5977,0.7787,0.5408,0.296,0.477
MOD13Q1_061__250m_16_days_NDVI_doy2015113000000_aid0012,_250m_16_days_NDVI,aid0012,2015-04-23,1439757.0,-0.2,0.9386,"(-0.2,0.9386)",0.5282321,0.1151185,0.0132523,0.6038,0.801,0.5444,0.2751,0.4723
MOD13Q1_061__250m_16_days_NDVI_doy2015129000000_aid0012,_250m_16_days_NDVI,aid0012,2015-05-09,1438869.0,-0.2,0.9977,"(-0.2,0.9977)",0.5420754,0.1167521,0.0136311,0.6201,0.8362,0.5498,0.2599,0.476
MOD13Q1_061__250m_16_days_NDVI_doy2015145000000_aid0012,_250m_16_days_NDVI,aid0012,2015-05-25,1438945.0,-0.2,0.9287,"(-0.2,0.9287)",0.5616076,0.1168776,0.0136604,0.6366,0.8392,0.5738,0.2989,0.5015
MOD13Q1_061__250m_16_days_NDVI_doy2015161000000_aid0012,_250m_16_days_NDVI,aid0012,2015-06-10,1438703.0,-0.2,0.9417,"(-0.2,0.9417)",0.557135,0.1185644,0.0140575,0.6318,0.838,0.5649,0.2881,0.4943
MOD13Q1_061__250m_16_days_NDVI_doy2015177000000_aid0012,_250m_16_days_NDVI,aid0012,2015-06-26,1438082.0,-0.2,0.9472,"(-0.2,0.9472)",0.5253631,0.1140392,0.0130049,0.5984,0.8126,0.5263,0.2414,0.4556
MOD13Q1_061__250m_16_days_NDVI_doy2015193000000_aid0012,_250m_16_days_NDVI,aid0012,2015-07-12,1438594.0,-0.2,0.9585,"(-0.2,0.9585)",0.5120659,0.1140383,0.0130047,0.5829,0.793,0.5106,0.2327,0.4428
MOD13Q1_061__250m_16_days_NDVI_doy2015209000000_aid0012,_250m_16_days_NDVI,aid0012,2015-07-28,1438756.0,-0.2,0.963,"(-0.2,0.963)",0.5085266,0.1170953,0.0137113,0.5839,0.8036,0.5101,0.2177,0.4374
MOD13Q1_061__250m_16_days_NDVI_doy2015225000000_aid0012,_250m_16_days_NDVI,aid0012,2015-08-13,1433311.0,-0.2,0.9517,"(-0.2,0.9517)",0.5404199,0.1570237,0.0246564,0.6414,0.8982,0.564,0.2134,0.4702
MOD13Q1_061__250m_16_days_NDVI_doy2015241000000_aid0012,_250m_16_days_NDVI,aid0012,2015-08-29,1439109.0,-0.2,0.9295,"(-0.2,0.9295)",0.5832586,0.1423774,0.0202713,0.6719,0.893,0.6066,0.3034,0.5245
MOD13Q1_061__250m_16_days_NDVI_doy2015257000000_aid0012,_250m_16_days_NDVI,aid0012,2015-09-14,1439036.0,-0.2,0.9823,"(-0.2,0.9823)",0.5872701,0.1286596,0.0165533,0.6671,0.87,0.6081,0.3289,0.5318
MOD13Q1_061__250m_16_days_NDVI_doy2015273000000_aid0012,_250m_16_days_NDVI,aid0012,2015-09-30,1439533.0,-0.2,0.9954,"(-0.2,0.9954)",0.6251396,0.1315299,0.0173001,0.7056,0.9048,0.6497,0.3736,0.5728
MOD13Q1_061__250m_16_days_NDVI_doy2015289000000_aid0012,_250m_16_days_NDVI,aid0012,2015-10-16,1439911.0,-0.2,0.9785,"(-0.2,0.9785)",0.648818,0.1316806,0.0173398,0.7276,0.9148,0.679,0.4156,0.6028
MOD13Q1_061__250m_16_days_NDVI_doy2015305000000_aid0012,_250m_16_days_NDVI,aid0012,2015-11-01,1439862.0,-0.2,0.999,"(-0.2,0.999)",0.6558666,0.1302233,0.0169581,0.7371,0.9246,0.6891,0.4246,0.6121
MOD13Q1_061__250m_16_days_NDVI_doy2015321000000_aid0012,_250m_16_days_NDVI,aid0012,2015-11-17,1439606.0,-0.2,0.9983,"(-0.2,0.9983)",0.6650262,0.12601,0.0158785,0.7476,0.9368,0.7011,0.4316,0.6212
MOD13Q1_061__250m_16_days_NDVI_doy2015337000000_aid0012,_250m_16_days_NDVI,aid0012,2015-12-03,1439923.0,-0.2,0.9937,"(-0.2,0.9937)",0.633812,0.1235817,0.0152724,0.718,0.9239,0.6629,0.3738,0.5803
MOD13Q1_061__250m_16_days_NDVI_doy2015353000000_aid0012,_250m_16_days_NDVI,aid0012,2015-12-19,1439861.0,-0.1997,0.9968,"(-0.1997,0.9968)",0.6052621,0.1290259,0.0166477,0.6937,0.9216,0.6287,0.3135,0.5416
MOD13Q1_061__250m_16_days_NDVI_doy2007353000000_aid0013,_250m_16_days_NDVI,aid0013,2007-12-19,1913669.0,-0.1997,0.9839,"(-0.1997,0.9839)",0.451546,0.1230954,0.0151525,0.5424,0.8235,0.4398,0.0739,0.355
MOD13Q1_061__250m_16_days_NDVI_doy2008001000000_aid0013,_250m_16_days_NDVI,aid0013,2008-01-01,1913622.0,-0.2,0.9772,"(-0.2,0.9772)",0.45022,0.1354838,0.0183559,0.547,0.8572,0.4451,0.03,0.3402
MOD13Q1_061__250m_16_days_NDVI_doy2008017000000_aid0013,_250m_16_days_NDVI,aid0013,2008-01-17,1914339.0,-0.1995,0.9965,"(-0.1995,0.9965)",0.4799947,0.1538397,0.0236667,0.5845,0.92,0.4754,0.0254,0.3608
MOD13Q1_061__250m_16_days_NDVI_doy2008033000000_aid0013,_250m_16_days_NDVI,aid0013,2008-02-02,1913204.0,-0.2,0.9514,"(-0.2,0.9514)",0.5576233,0.1417538,0.0200941,0.6502,0.9278,0.5594,0.1875,0.4651
MOD13Q1_061__250m_16_days_NDVI_doy2008049000000_aid0013,_250m_16_days_NDVI,aid0013,2008-02-18,1913005.0,-0.2,0.9975,"(-0.2,0.9975)",0.6143895,0.1322722,0.0174959,0.7038,0.9525,0.6274,0.2891,0.5379
MOD13Q1_061__250m_16_days_NDVI_doy2008065000000_aid0013,_250m_16_days_NDVI,aid0013,2008-03-05,1913170.0,-0.2,0.9963,"(-0.2,0.9963)",0.721771,0.1206122,0.0145473,0.7997,0.9831,0.7463,0.484,0.6734
MOD13Q1_061__250m_16_days_NDVI_doy2008081000000_aid0013,_250m_16_days_NDVI,aid0013,2008-03-21,1912928.0,-0.1997,0.9971,"(-0.1997,0.9971)",0.7202124,0.1195687,0.0142967,0.798,0.9769,0.7509,0.4995,0.6786
MOD13Q1_061__250m_16_days_NDVI_doy2008097000000_aid0013,_250m_16_days_NDVI,aid0013,2008-04-06,1912979.0,-0.2,0.9287,"(-0.2,0.9287)",0.6691949,0.1285976,0.0165373,0.7608,0.9287,0.7007,0.3801,0.6085
MOD13Q1_061__250m_16_days_NDVI_doy2008113000000_aid0013,_250m_16_days_NDVI,aid0013,2008-04-22,1913213.0,-0.2,0.9371,"(-0.2,0.9371)",0.5813223,0.1342705,0.0180286,0.6846,0.9371,0.6024,0.2029,0.4919
MOD13Q1_061__250m_16_days_NDVI_doy2008129000000_aid0013,_250m_16_days_NDVI,aid0013,2008-05-08,1913985.0,-0.2,0.9918,"(-0.2,0.9918)",0.4637418,0.1131048,0.0127927,0.5458,0.7909,0.4783,0.1373,0.3824
MOD13Q1_061__250m_16_days_NDVI_doy2008145000000_aid0013,_250m_16_days_NDVI,aid0013,2008-05-24,1912475.0,-0.2,0.9668,"(-0.2,0.9668)",0.5100087,0.1294237,0.0167505,0.6048,0.8807,0.5324,0.1449,0.4208
MOD13Q1_061__250m_16_days_NDVI_doy2008161000000_aid0013,_250m_16_days_NDVI,aid0013,2008-06-09,1912155.0,-0.2,0.9791,"(-0.2,0.9791)",0.4770921,0.118171,0.0139644,0.5567,0.7941,0.4894,0.161,0.3984
MOD13Q1_061__250m_16_days_NDVI_doy2008177000000_aid0013,_250m_16_days_NDVI,aid0013,2008-06-25,1912966.0,-0.2,0.9313,"(-0.2,0.9313)",0.4705018,0.1146702,0.0131493,0.5439,0.7645,0.4817,0.1762,0.3968
MOD13Q1_061__250m_16_days_NDVI_doy2008193000000_aid0013,_250m_16_days_NDVI,aid0013,2008-07-11,1912400.0,-0.1998,0.9838,"(-0.1998,0.9838)",0.5103545,0.1251733,0.0156684,0.595,0.8438,0.526,0.1803,0.4291
MOD13Q1_061__250m_16_days_NDVI_doy2008209000000_aid0013,_250m_16_days_NDVI,aid0013,2008-07-27,1912881.0,-0.1998,0.9807,"(-0.1998,0.9807)",0.5041655,0.1188889,0.0141346,0.586,0.8236,0.5185,0.19,0.4276
MOD13Q1_061__250m_16_days_NDVI_doy2008225000000_aid0013,_250m_16_days_NDVI,aid0013,2008-08-12,1911751.0,-0.2,0.9685,"(-0.2,0.9685)",0.5185184,0.1171849,0.0137323,0.598,0.8218,0.5331,0.225,0.4488
MOD13Q1_061__250m_16_days_NDVI_doy2008241000000_aid0013,_250m_16_days_NDVI,aid0013,2008-08-28,1912989.0,-0.1995,0.9826,"(-0.1995,0.9826)",0.5404639,0.1223388,0.0149668,0.6235,0.854,0.5547,0.2393,0.4698
MOD13Q1_061__250m_16_days_NDVI_doy2008257000000_aid0013,_250m_16_days_NDVI,aid0013,2008-09-13,1913916.0,-0.2,0.9901,"(-0.2,0.9901)",0.560376,0.1252467,0.0156867,0.643,0.8783,0.5701,0.2508,0.4861
MOD13Q1_061__250m_16_days_NDVI_doy2008273000000_aid0013,_250m_16_days_NDVI,aid0013,2008-09-29,1913299.0,-0.2,0.9985,"(-0.2,0.9985)",0.6400351,0.1418437,0.0201196,0.7292,0.9643,0.6617,0.337,0.5723
MOD13Q1_061__250m_16_days_NDVI_doy2008289000000_aid0013,_250m_16_days_NDVI,aid0013,2008-10-15,1913593.0,-0.2,0.9898,"(-0.2,0.9898)",0.6261318,0.1452712,0.0211037,0.7184,0.9501,0.6513,0.3054,0.5532
MOD13Q1_061__250m_16_days_NDVI_doy2008305000000_aid0013,_250m_16_days_NDVI,aid0013,2008-10-31,1913430.0,-0.2,0.9984,"(-0.2,0.9984)",0.6039957,0.1430919,0.0204753,0.7001,0.9583,0.6297,0.2579,0.5232
MOD13Q1_061__250m_16_days_NDVI_doy2008321000000_aid0013,_250m_16_days_NDVI,aid0013,2008-11-16,1914342.0,-0.1996,0.9586,"(-0.1996,0.9586)",0.5110499,0.1309611,0.0171508,0.6062,0.8867,0.5262,0.1385,0.4191
MOD13Q1_061__250m_16_days_NDVI_doy2008337000000_aid0013,_250m_16_days_NDVI,aid0013,2008-12-02,1913079.0,-0.2,0.9483,"(-0.2,0.9483)",0.4403328,0.1197748,0.014346,0.5239,0.7867,0.4378,0.0859,0.3487
MOD13Q1_061__250m_16_days_NDVI_doy2008353000000_aid0013,_250m_16_days_NDVI,aid0013,2008-12-18,1913516.0,-0.2,0.9732,"(-0.2,0.9732)",0.4243223,0.1341922,0.0180075,0.5056,0.779,0.41,0.0501,0.3233
MOD13Q1_061__250m_16_days_NDVI_doy2009001000000_aid0013,_250m_16_days_NDVI,aid0013,2009-01-01,1913635.0,-0.2,0.9878,"(-0.2,0.9878)",0.404563,0.1305286,0.0170377,0.4744,0.7183,0.3816,0.0679,0.3118
MOD13Q1_061__250m_16_days_NDVI_doy2009017000000_aid0013,_250m_16_days_NDVI,aid0013,2009-01-17,1913066.0,-0.1997,0.9596,"(-0.1997,0.9596)",0.4035929,0.1321389,0.0174607,0.4706,0.7092,0.3739,0.0729,0.3115
MOD13Q1_061__250m_16_days_NDVI_doy2009033000000_aid0013,_250m_16_days_NDVI,aid0013,2009-02-02,1913177.0,-0.1997,0.9376,"(-0.1997,0.9376)",0.4825628,0.1428829,0.0204155,0.5649,0.8343,0.4617,0.1159,0.3853
MOD13Q1_061__250m_16_days_NDVI_doy2009049000000_aid0013,_250m_16_days_NDVI,aid0013,2009-02-18,1912648.0,-0.1992,0.9908,"(-0.1992,0.9908)",0.5112809,0.1347897,0.0181683,0.5938,0.8585,0.4984,0.1526,0.4173
MOD13Q1_061__250m_16_days_NDVI_doy2009065000000_aid0013,_250m_16_days_NDVI,aid0013,2009-03-06,1913034.0,-0.1996,0.9808,"(-0.1996,0.9808)",0.6135225,0.1167244,0.0136246,0.6903,0.9049,0.6228,0.3326,0.5472
MOD13Q1_061__250m_16_days_NDVI_doy2009081000000_aid0013,_250m_16_days_NDVI,aid0013,2009-03-22,1912592.0,-0.2,0.9717,"(-0.2,0.9717)",0.6128957,0.1187086,0.0140917,0.6999,0.9377,0.6273,0.2992,0.5396
MOD13Q1_061__250m_16_days_NDVI_doy2009097000000_aid0013,_250m_16_days_NDVI,aid0013,2009-04-07,1912866.0,-0.1992,0.9648,"(-0.1992,0.9648)",0.5813764,0.1314208,0.0172714,0.6824,0.9648,0.597,0.2044,0.4912
MOD13Q1_061__250m_16_days_NDVI_doy2009113000000_aid0013,_250m_16_days_NDVI,aid0013,2009-04-23,1912888.0,-0.2,0.9065,"(-0.2,0.9065)",0.5259306,0.1381604,0.0190883,0.635,0.9065,0.5359,0.0985,0.4204
MOD13Q1_061__250m_16_days_NDVI_doy2009129000000_aid0013,_250m_16_days_NDVI,aid0013,2009-05-09,1913699.0,-0.2,0.9825,"(-0.2,0.9825)",0.4954351,0.1280126,0.0163872,0.5916,0.8815,0.5065,0.1084,0.3983
MOD13Q1_061__250m_16_days_NDVI_doy2009145000000_aid0013,_250m_16_days_NDVI,aid0013,2009-05-25,1913468.0,-0.1985,0.9366,"(-0.1985,0.9366)",0.5068006,0.1348804,0.0181927,0.6028,0.8945,0.5258,0.1166,0.4083
MOD13Q1_061__250m_16_days_NDVI_doy2009161000000_aid0013,_250m_16_days_NDVI,aid0013,2009-06-10,1913125.0,-0.2,0.9407,"(-0.2,0.9407)",0.4868263,0.1315726,0.0173113,0.5784,0.8629,0.5002,0.1042,0.3887
MOD13Q1_061__250m_16_days_NDVI_doy2009177000000_aid0013,_250m_16_days_NDVI,aid0013,2009-06-26,1913050.0,-0.2,0.9323,"(-0.2,0.9323)",0.4642857,0.1238349,0.0153351,0.5489,0.8135,0.4711,0.1079,0.3725
MOD13Q1_061__250m_16_days_NDVI_doy2009193000000_aid0013,_250m_16_days_NDVI,aid0013,2009-07-12,1913344.0,-0.2,0.9272,"(-0.2,0.9272)",0.4650069,0.1185982,0.0140655,0.5459,0.7982,0.469,0.1254,0.3777
MOD13Q1_061__250m_16_days_NDVI_doy2009209000000_aid0013,_250m_16_days_NDVI,aid0013,2009-07-28,1913524.0,-0.1996,0.9277,"(-0.1996,0.9277)",0.4444521,0.1151139,0.0132512,0.5231,0.768,0.4459,0.1149,0.3598
MOD13Q1_061__250m_16_days_NDVI_doy2009225000000_aid0013,_250m_16_days_NDVI,aid0013,2009-08-13,1913875.0,-0.2,0.9648,"(-0.2,0.9648)",0.4692075,0.1156247,0.0133691,0.5498,0.7929,0.4708,0.1446,0.3877
MOD13Q1_061__250m_16_days_NDVI_doy2009241000000_aid0013,_250m_16_days_NDVI,aid0013,2009-08-29,1912925.0,-0.1991,0.9957,"(-0.1991,0.9957)",0.5479156,0.1294248,0.0167508,0.6401,0.9033,0.5606,0.2014,0.4646
MOD13Q1_061__250m_16_days_NDVI_doy2009257000000_aid0013,_250m_16_days_NDVI,aid0013,2009-09-14,1913360.0,-0.2,0.9955,"(-0.2,0.9955)",0.5891117,0.1350713,0.0182443,0.6808,0.9379,0.6084,0.2521,0.5093
MOD13Q1_061__250m_16_days_NDVI_doy2009273000000_aid0013,_250m_16_days_NDVI,aid0013,2009-09-30,1913139.0,-0.2,0.994,"(-0.2,0.994)",0.6031448,0.1402891,0.019681,0.6933,0.946,0.6216,0.2718,0.5247
MOD13Q1_061__250m_16_days_NDVI_doy2009289000000_aid0013,_250m_16_days_NDVI,aid0013,2009-10-16,1913894.0,-0.1995,0.9926,"(-0.1995,0.9926)",0.6016399,0.1517794,0.023037,0.7043,0.9926,0.6238,0.2201,0.5106
MOD13Q1_061__250m_16_days_NDVI_doy2009305000000_aid0013,_250m_16_days_NDVI,aid0013,2009-11-01,1913303.0,-0.2,0.9501,"(-0.2,0.9501)",0.5902599,0.1531995,0.0234701,0.7057,0.9501,0.6154,0.1562,0.4859
MOD13Q1_061__250m_16_days_NDVI_doy2009321000000_aid0013,_250m_16_days_NDVI,aid0013,2009-11-17,1913580.0,-0.2,0.9994,"(-0.2,0.9994)",0.5598633,0.1547991,0.0239628,0.6948,0.9994,0.5644,0.0531,0.4381
MOD13Q1_061__250m_16_days_NDVI_doy2009337000000_aid0013,_250m_16_days_NDVI,aid0013,2009-12-03,1913697.0,-0.2,0.9847,"(-0.2,0.9847)",0.5186985,0.1519852,0.0230995,0.6529,0.9847,0.5112,0.0004,0.3919
MOD13Q1_061__250m_16_days_NDVI_doy2009353000000_aid0013,_250m_16_days_NDVI,aid0013,2009-12-19,1913349.0,-0.1997,0.9965,"(-0.1997,0.9965)",0.5377495,0.155294,0.0241162,0.6607,0.9965,0.5527,0.0445,0.4142
MOD13Q1_061__250m_16_days_NDVI_doy2010001000000_aid0013,_250m_16_days_NDVI,aid0013,2010-01-01,1912338.0,-0.1991,0.9965,"(-0.1991,0.9965)",0.5569102,0.1579262,0.0249407,0.6771,0.9965,0.5786,0.0669,0.433
MOD13Q1_061__250m_16_days_NDVI_doy2010017000000_aid0013,_250m_16_days_NDVI,aid0013,2010-01-17,1913379.0,-0.2,0.9858,"(-0.2,0.9858)",0.575533,0.1488887,0.0221678,0.6801,0.9858,0.586,0.1566,0.4707
MOD13Q1_061__250m_16_days_NDVI_doy2010033000000_aid0013,_250m_16_days_NDVI,aid0013,2010-02-02,1913705.0,-0.2,0.9977,"(-0.2,0.9977)",0.6539623,0.1361827,0.0185457,0.7416,0.9909,0.6661,0.3259,0.5753
MOD13Q1_061__250m_16_days_NDVI_doy2010049000000_aid0013,_250m_16_days_NDVI,aid0013,2010-02-18,1913355.0,-0.1998,0.9966,"(-0.1998,0.9966)",0.6975506,0.1257468,0.0158123,0.779,0.9966,0.7038,0.414,0.633
MOD13Q1_061__250m_16_days_NDVI_doy2010065000000_aid0013,_250m_16_days_NDVI,aid0013,2010-03-06,1913239.0,-0.2,0.9971,"(-0.2,0.9971)",0.7077899,0.1233147,0.0152065,0.7861,0.9879,0.7159,0.4426,0.6487
MOD13Q1_061__250m_16_days_NDVI_doy2010081000000_aid0013,_250m_16_days_NDVI,aid0013,2010-03-22,1913213.0,-0.2,0.9931,"(-0.2,0.9931)",0.6887808,0.1138778,0.0129682,0.7585,0.934,0.7051,0.466,0.6415
MOD13Q1_061__250m_16_days_NDVI_doy2010097000000_aid0013,_250m_16_days_NDVI,aid0013,2010-04-07,1913806.0,-0.1997,0.9959,"(-0.1997,0.9959)",0.6349197,0.1175257,0.0138123,0.7141,0.9155,0.6592,0.3769,0.5792
MOD13Q1_061__250m_16_days_NDVI_doy2010113000000_aid0013,_250m_16_days_NDVI,aid0013,2010-04-23,1912661.0,-0.2,0.9645,"(-0.2,0.9645)",0.54371,0.1341179,0.0179876,0.6438,0.926,0.5731,0.1501,0.4463
MOD13Q1_061__250m_16_days_NDVI_doy2010129000000_aid0013,_250m_16_days_NDVI,aid0013,2010-05-09,1913956.0,-0.2,0.9897,"(-0.2,0.9897)",0.5020672,0.1244524,0.0154884,0.5926,0.8653,0.5225,0.1381,0.4108
MOD13Q1_061__250m_16_days_NDVI_doy2010145000000_aid0013,_250m_16_days_NDVI,aid0013,2010-05-25,1913789.0,-0.1995,0.99,"(-0.1995,0.99)",0.5207671,0.1364599,0.0186213,0.6163,0.9004,0.5459,0.1428,0.4269
MOD13Q1_061__250m_16_days_NDVI_doy2010161000000_aid0013,_250m_16_days_NDVI,aid0013,2010-06-10,1913957.0,-0.1994,0.9274,"(-0.1994,0.9274)",0.4945228,0.132714,0.017613,0.5884,0.8758,0.5181,0.1094,0.3968
MOD13Q1_061__250m_16_days_NDVI_doy2010177000000_aid0013,_250m_16_days_NDVI,aid0013,2010-06-26,1912724.0,-0.2,0.9475,"(-0.2,0.9475)",0.525755,0.1347853,0.0181671,0.6203,0.9012,0.5502,0.1518,0.4329
MOD13Q1_061__250m_16_days_NDVI_doy2010193000000_aid0013,_250m_16_days_NDVI,aid0013,2010-07-12,1912809.0,-0.2,0.9859,"(-0.2,0.9859)",0.5015988,0.1288815,0.0166104,0.5922,0.8662,0.523,0.1355,0.4095
MOD13Q1_061__250m_16_days_NDVI_doy2010209000000_aid0013,_250m_16_days_NDVI,aid0013,2010-07-28,1912683.0,-0.2,0.9477,"(-0.2,0.9477)",0.4829898,0.1224582,0.014996,0.5696,0.8319,0.4989,0.1324,0.3947
MOD13Q1_061__250m_16_days_NDVI_doy2010225000000_aid0013,_250m_16_days_NDVI,aid0013,2010-08-13,1912028.0,-0.2,0.9135,"(-0.2,0.9135)",0.4863589,0.1191316,0.0141923,0.5716,0.8207,0.4954,0.1564,0.4055
MOD13Q1_061__250m_16_days_NDVI_doy2010241000000_aid0013,_250m_16_days_NDVI,aid0013,2010-08-29,1913426.0,-0.2,0.9383,"(-0.2,0.9383)",0.534136,0.1262754,0.0159455,0.6259,0.8865,0.5483,0.1914,0.4521
MOD13Q1_061__250m_16_days_NDVI_doy2010257000000_aid0013,_250m_16_days_NDVI,aid0013,2010-09-14,1913714.0,-0.2,0.97,"(-0.2,0.97)",0.5911323,0.1332251,0.0177489,0.6844,0.9322,0.6109,0.2712,0.5191
MOD13Q1_061__250m_16_days_NDVI_doy2010273000000_aid0013,_250m_16_days_NDVI,aid0013,2010-09-30,1913283.0,-0.2,0.9823,"(-0.2,0.9823)",0.6421503,0.146955,0.0215958,0.7471,0.9823,0.6715,0.2934,0.5656
MOD13Q1_061__250m_16_days_NDVI_doy2010289000000_aid0013,_250m_16_days_NDVI,aid0013,2010-10-16,1913764.0,-0.2,0.9949,"(-0.2,0.9949)",0.6440115,0.1489523,0.0221868,0.75,0.9949,0.6716,0.2818,0.5627
MOD13Q1_061__250m_16_days_NDVI_doy2010305000000_aid0013,_250m_16_days_NDVI,aid0013,2010-11-01,1913554.0,-0.1997,0.9855,"(-0.1997,0.9855)",0.6566492,0.1494439,0.0223335,0.7628,0.9855,0.6899,0.3143,0.5834
MOD13Q1_061__250m_16_days_NDVI_doy2010321000000_aid0013,_250m_16_days_NDVI,aid0013,2010-11-17,1913503.0,-0.2,0.9754,"(-0.2,0.9754)",0.6268697,0.1382421,0.0191109,0.7264,0.9754,0.6567,0.2949,0.5538
MOD13Q1_061__250m_16_days_NDVI_doy2010337000000_aid0013,_250m_16_days_NDVI,aid0013,2010-12-03,1913389.0,-0.1997,0.9435,"(-0.1997,0.9435)",0.5687442,0.1308137,0.0171122,0.6672,0.9435,0.5838,0.2068,0.483
MOD13Q1_061__250m_16_days_NDVI_doy2010353000000_aid0013,_250m_16_days_NDVI,aid0013,2010-12-19,1913426.0,-0.2,0.9642,"(-0.2,0.9642)",0.4615673,0.1246985,0.0155497,0.5393,0.7887,0.4511,0.1236,0.373
MOD13Q1_061__250m_16_days_NDVI_doy2011001000000_aid0013,_250m_16_days_NDVI,aid0013,2011-01-01,1913353.0,-0.2,0.9935,"(-0.2,0.9935)",0.5148993,0.1485732,0.022074,0.6155,0.9241,0.5039,0.0993,0.409
MOD13Q1_061__250m_16_days_NDVI_doy2011017000000_aid0013,_250m_16_days_NDVI,aid0013,2011-01-17,1913312.0,-0.1996,0.9932,"(-0.1996,0.9932)",0.6239199,0.1394096,0.019435,0.7183,0.9683,0.6279,0.2746,0.5408
MOD13Q1_061__250m_16_days_NDVI_doy2011033000000_aid0013,_250m_16_days_NDVI,aid0013,2011-02-02,1913055.0,-0.2,0.994,"(-0.2,0.994)",0.6694409,0.1364594,0.0186212,0.7627,0.994,0.6828,0.3217,0.5863
MOD13Q1_061__250m_16_days_NDVI_doy2011049000000_aid0013,_250m_16_days_NDVI,aid0013,2011-02-18,1912986.0,-0.199,0.9724,"(-0.199,0.9724)",0.6703584,0.1420863,0.0201885,0.7682,0.9724,0.689,0.313,0.5861
MOD13Q1_061__250m_16_days_NDVI_doy2011065000000_aid0013,_250m_16_days_NDVI,aid0013,2011-03-06,1913581.0,-0.1997,0.997,"(-0.1997,0.997)",0.6620714,0.1321578,0.0174657,0.7534,0.997,0.6768,0.3374,0.587
MOD13Q1_061__250m_16_days_NDVI_doy2011081000000_aid0013,_250m_16_days_NDVI,aid0013,2011-03-22,1913322.0,-0.2,0.9303,"(-0.2,0.9303)",0.6125045,0.1214612,0.0147528,0.6932,0.914,0.6228,0.3245,0.5457
MOD13Q1_061__250m_16_days_NDVI_doy2011097000000_aid0013,_250m_16_days_NDVI,aid0013,2011-04-07,1912851.0,-0.2,0.9176,"(-0.2,0.9176)",0.5291434,0.1111117,0.0123458,0.6062,0.8306,0.5372,0.2322,0.4566
MOD13Q1_061__250m_16_days_NDVI_doy2011113000000_aid0013,_250m_16_days_NDVI,aid0013,2011-04-23,1913237.0,-0.2,0.9229,"(-0.2,0.9229)",0.4952129,0.1222265,0.0149393,0.5848,0.8539,0.5071,0.1363,0.4054
MOD13Q1_061__250m_16_days_NDVI_doy2011129000000_aid0013,_250m_16_days_NDVI,aid0013,2011-05-09,1913619.0,-0.2,0.9765,"(-0.2,0.9765)",0.4686159,0.124949,0.0156123,0.5556,0.835,0.4867,0.0899,0.3693
MOD13Q1_061__250m_16_days_NDVI_doy2011145000000_aid0013,_250m_16_days_NDVI,aid0013,2011-05-25,1913066.0,-0.2,0.9596,"(-0.2,0.9596)",0.4635612,0.1277054,0.0163087,0.5514,0.8373,0.4813,0.0749,0.3608
MOD13Q1_061__250m_16_days_NDVI_doy2011161000000_aid0013,_250m_16_days_NDVI,aid0013,2011-06-10,1914260.0,-0.2,0.9873,"(-0.2,0.9873)",0.4287662,0.112513,0.0126592,0.504,0.7438,0.4359,0.1043,0.3441
MOD13Q1_061__250m_16_days_NDVI_doy2011177000000_aid0013,_250m_16_days_NDVI,aid0013,2011-06-26,1913291.0,-0.1994,0.9582,"(-0.1994,0.9582)",0.4559203,0.1201783,0.0144428,0.5363,0.7959,0.4666,0.1036,0.3632
MOD13Q1_061__250m_16_days_NDVI_doy2011193000000_aid0013,_250m_16_days_NDVI,aid0013,2011-07-12,1913572.0,-0.2,0.9571,"(-0.2,0.9571)",0.4426944,0.1170635,0.0137039,0.5211,0.7704,0.45,0.1056,0.3549
MOD13Q1_061__250m_16_days_NDVI_doy2011209000000_aid0013,_250m_16_days_NDVI,aid0013,2011-07-28,1914546.0,-0.2,0.9824,"(-0.2,0.9824)",0.4402781,0.1137238,0.0129331,0.5179,0.7606,0.4469,0.1134,0.3561
MOD13Q1_061__250m_16_days_NDVI_doy2011225000000_aid0013,_250m_16_days_NDVI,aid0013,2011-08-13,1913608.0,-0.2,0.968,"(-0.2,0.968)",0.4998745,0.1275903,0.0162793,0.5897,0.8553,0.5084,0.147,0.4126
MOD13Q1_061__250m_16_days_NDVI_doy2011241000000_aid0013,_250m_16_days_NDVI,aid0013,2011-08-29,1913820.0,-0.2,0.9712,"(-0.2,0.9712)",0.5096576,0.1241343,0.0154093,0.5923,0.8336,0.5191,0.1901,0.4314
MOD13Q1_061__250m_16_days_NDVI_doy2011257000000_aid0013,_250m_16_days_NDVI,aid0013,2011-09-14,1913806.0,-0.2,0.974,"(-0.2,0.974)",0.5234369,0.1246169,0.0155294,0.606,0.849,0.5327,0.201,0.444
MOD13Q1_061__250m_16_days_NDVI_doy2011273000000_aid0013,_250m_16_days_NDVI,aid0013,2011-09-30,1913198.0,-0.2,0.9738,"(-0.2,0.9738)",0.6260669,0.1540725,0.0237383,0.7325,0.9738,0.6517,0.2383,0.5348
MOD13Q1_061__250m_16_days_NDVI_doy2011289000000_aid0013,_250m_16_days_NDVI,aid0013,2011-10-16,1913835.0,-0.1998,0.998,"(-0.1998,0.998)",0.6206808,0.1639499,0.0268796,0.7382,0.998,0.6471,0.1805,0.5151
MOD13Q1_061__250m_16_days_NDVI_doy2011305000000_aid0013,_250m_16_days_NDVI,aid0013,2011-11-01,1913767.0,-0.1997,0.9989,"(-0.1997,0.9989)",0.6096109,0.1525187,0.0232619,0.7167,0.9989,0.6346,0.2197,0.5179
MOD13Q1_061__250m_16_days_NDVI_doy2011321000000_aid0013,_250m_16_days_NDVI,aid0013,2011-11-17,1913532.0,-0.2,0.9434,"(-0.2,0.9434)",0.5887046,0.1432826,0.0205299,0.6897,0.9434,0.6101,0.2312,0.5063
MOD13Q1_061__250m_16_days_NDVI_doy2011337000000_aid0013,_250m_16_days_NDVI,aid0013,2011-12-03,1914125.0,-0.1991,0.999,"(-0.1991,0.999)",0.5355792,0.1267749,0.0160719,0.6258,0.8846,0.5487,0.1943,0.4532
MOD13Q1_061__250m_16_days_NDVI_doy2011353000000_aid0013,_250m_16_days_NDVI,aid0013,2011-12-19,1913926.0,-0.2,0.999,"(-0.2,0.999)",0.4974185,0.1438174,0.0206834,0.6017,0.923,0.489,0.0652,0.3871
MOD13Q1_061__250m_16_days_NDVI_doy2012001000000_aid0013,_250m_16_days_NDVI,aid0013,2012-01-01,1913537.0,-0.2,0.9076,"(-0.2,0.9076)",0.464925,0.1424985,0.0203058,0.5601,0.8712,0.4468,0.0417,0.3527
MOD13Q1_061__250m_16_days_NDVI_doy2012017000000_aid0013,_250m_16_days_NDVI,aid0013,2012-01-17,1914249.0,-0.2,0.9963,"(-0.2,0.9963)",0.5526814,0.1496132,0.0223841,0.6545,0.9621,0.5388,0.1293,0.4444
MOD13Q1_061__250m_16_days_NDVI_doy2012033000000_aid0013,_250m_16_days_NDVI,aid0013,2012-02-02,1913259.0,-0.1991,0.9974,"(-0.1991,0.9974)",0.5623413,0.1476576,0.0218028,0.6614,0.9588,0.5551,0.1447,0.4547
MOD13Q1_061__250m_16_days_NDVI_doy2012049000000_aid0013,_250m_16_days_NDVI,aid0013,2012-02-18,1913590.0,-0.2,0.9991,"(-0.2,0.9991)",0.6586511,0.1304143,0.0170079,0.7451,0.9848,0.6691,0.3449,0.585
MOD13Q1_061__250m_16_days_NDVI_doy2012065000000_aid0013,_250m_16_days_NDVI,aid0013,2012-03-05,1913825.0,-0.2,0.9989,"(-0.2,0.9989)",0.7201579,0.1205153,0.0145239,0.7978,0.9871,0.7381,0.4698,0.6666
MOD13Q1_061__250m_16_days_NDVI_doy2012081000000_aid0013,_250m_16_days_NDVI,aid0013,2012-03-21,1913465.0,-0.2,0.9945,"(-0.2,0.9945)",0.7014201,0.1179501,0.0139122,0.7818,0.9688,0.726,0.4521,0.6499
MOD13Q1_061__250m_16_days_NDVI_doy2012097000000_aid0013,_250m_16_days_NDVI,aid0013,2012-04-06,1913079.0,-0.2,0.9886,"(-0.2,0.9886)",0.6442751,0.129131,0.0166748,0.7427,0.9886,0.6714,0.307,0.5684
MOD13Q1_061__250m_16_days_NDVI_doy2012113000000_aid0013,_250m_16_days_NDVI,aid0013,2012-04-22,1913998.0,-0.2,0.9555,"(-0.2,0.9555)",0.5707248,0.1523959,0.0232245,0.6923,0.9555,0.5943,0.0961,0.4538
MOD13Q1_061__250m_16_days_NDVI_doy2012129000000_aid0013,_250m_16_days_NDVI,aid0013,2012-05-08,1913028.0,-0.2,0.9697,"(-0.2,0.9697)",0.5492059,0.1477242,0.0218224,0.6638,0.9697,0.5807,0.0857,0.4325
MOD13Q1_061__250m_16_days_NDVI_doy2012145000000_aid0013,_250m_16_days_NDVI,aid0013,2012-05-24,1912248.0,-0.1996,0.99,"(-0.1996,0.99)",0.5684662,0.1554744,0.0241723,0.6885,0.99,0.6027,0.0955,0.4513
MOD13Q1_061__250m_16_days_NDVI_doy2012161000000_aid0013,_250m_16_days_NDVI,aid0013,2012-06-09,1913109.0,-0.2,0.9373,"(-0.2,0.9373)",0.5320334,0.142654,0.0203502,0.6403,0.9373,0.5574,0.1016,0.4248
MOD13Q1_061__250m_16_days_NDVI_doy2012177000000_aid0013,_250m_16_days_NDVI,aid0013,2012-06-25,1912958.0,-0.2,0.9451,"(-0.2,0.9451)",0.5161005,0.1400339,0.0196095,0.6217,0.9337,0.5411,0.0878,0.4081
MOD13Q1_061__250m_16_days_NDVI_doy2012193000000_aid0013,_250m_16_days_NDVI,aid0013,2012-07-11,1913477.0,-0.2,0.9271,"(-0.2,0.9271)",0.462696,0.1212992,0.0147135,0.5531,0.8381,0.4792,0.0781,0.3631
MOD13Q1_061__250m_16_days_NDVI_doy2012209000000_aid0013,_250m_16_days_NDVI,aid0013,2012-07-27,1912983.0,-0.2,0.8995,"(-0.2,0.8995)",0.4225186,0.1045547,0.0109317,0.4974,0.736,0.4334,0.0997,0.3383
MOD13Q1_061__250m_16_days_NDVI_doy2012225000000_aid0013,_250m_16_days_NDVI,aid0013,2012-08-12,1913829.0,-0.2,0.9877,"(-0.2,0.9877)",0.4837888,0.121008,0.0146429,0.5693,0.827,0.4959,0.1398,0.3975
MOD13Q1_061__250m_16_days_NDVI_doy2012241000000_aid0013,_250m_16_days_NDVI,aid0013,2012-08-28,1913585.0,-0.2,0.9417,"(-0.2,0.9417)",0.5436836,0.1365519,0.0186464,0.6444,0.9267,0.558,0.1724,0.4556
MOD13Q1_061__250m_16_days_NDVI_doy2012257000000_aid0013,_250m_16_days_NDVI,aid0013,2012-09-13,1913111.0,-0.2,0.9867,"(-0.2,0.9867)",0.6000762,0.1411971,0.0199366,0.7042,0.9708,0.6206,0.2417,0.5192
MOD13Q1_061__250m_16_days_NDVI_doy2012273000000_aid0013,_250m_16_days_NDVI,aid0013,2012-09-29,1912026.0,-0.2,0.9982,"(-0.2,0.9982)",0.6294518,0.1480185,0.0219095,0.737,0.9982,0.6593,0.2715,0.5508
MOD13Q1_061__250m_16_days_NDVI_doy2012289000000_aid0013,_250m_16_days_NDVI,aid0013,2012-10-15,1913035.0,-0.2,0.9965,"(-0.2,0.9965)",0.6557874,0.1601678,0.0256537,0.7761,0.9965,0.6953,0.2701,0.5737
MOD13Q1_061__250m_16_days_NDVI_doy2012305000000_aid0013,_250m_16_days_NDVI,aid0013,2012-10-31,1913392.0,-0.2,0.991,"(-0.2,0.991)",0.6443859,0.157822,0.0249078,0.7631,0.991,0.689,0.2451,0.5559
MOD13Q1_061__250m_16_days_NDVI_doy2012321000000_aid0013,_250m_16_days_NDVI,aid0013,2012-11-16,1913581.0,-0.1997,0.9853,"(-0.1997,0.9853)",0.6160603,0.149253,0.0222765,0.7309,0.9853,0.6537,0.2089,0.5221
MOD13Q1_061__250m_16_days_NDVI_doy2012337000000_aid0013,_250m_16_days_NDVI,aid0013,2012-12-02,1914018.0,-0.2,0.995,"(-0.2,0.995)",0.5766207,0.1467677,0.0215408,0.6927,0.995,0.6117,0.1385,0.471
MOD13Q1_061__250m_16_days_NDVI_doy2012353000000_aid0013,_250m_16_days_NDVI,aid0013,2012-12-18,1914700.0,-0.2,0.994,"(-0.2,0.994)",0.6010809,0.1412212,0.0199434,0.6999,0.9589,0.6269,0.2614,0.5245
MOD13Q1_061__250m_16_days_NDVI_doy2013001000000_aid0013,_250m_16_days_NDVI,aid0013,2013-01-01,1913241.0,-0.2,0.9964,"(-0.2,0.9964)",0.6175591,0.1348961,0.018197,0.7113,0.9611,0.6356,0.2878,0.5419
MOD13Q1_061__250m_16_days_NDVI_doy2013017000000_aid0013,_250m_16_days_NDVI,aid0013,2013-01-17,1913558.0,-0.1997,0.9976,"(-0.1997,0.9976)",0.6529186,0.131824,0.0173776,0.7383,0.9798,0.658,0.3353,0.5771
MOD13Q1_061__250m_16_days_NDVI_doy2013033000000_aid0013,_250m_16_days_NDVI,aid0013,2013-02-02,1913915.0,-0.2,0.9993,"(-0.2,0.9993)",0.644572,0.1344996,0.0180901,0.7334,0.9867,0.6389,0.2994,0.5598
MOD13Q1_061__250m_16_days_NDVI_doy2013049000000_aid0013,_250m_16_days_NDVI,aid0013,2013-02-18,1913561.0,-0.1993,0.9969,"(-0.1993,0.9969)",0.6264685,0.1394478,0.0194457,0.7223,0.9969,0.6171,0.2531,0.5346
MOD13Q1_061__250m_16_days_NDVI_doy2013065000000_aid0013,_250m_16_days_NDVI,aid0013,2013-03-06,1913675.0,-0.2,0.9971,"(-0.2,0.9971)",0.6572589,0.1317331,0.0173536,0.744,0.9817,0.6566,0.331,0.5788
MOD13Q1_061__250m_16_days_NDVI_doy2013081000000_aid0013,_250m_16_days_NDVI,aid0013,2013-03-22,1912712.0,-0.2,0.949,"(-0.2,0.949)",0.6353096,0.11331,0.0128392,0.7091,0.9169,0.645,0.3626,0.5705
MOD13Q1_061__250m_16_days_NDVI_doy2013097000000_aid0013,_250m_16_days_NDVI,aid0013,2013-04-07,1913198.0,-0.2,0.9857,"(-0.2,0.9857)",0.6040548,0.1223224,0.0149628,0.6909,0.9247,0.6204,0.2989,0.5341
MOD13Q1_061__250m_16_days_NDVI_doy2013113000000_aid0013,_250m_16_days_NDVI,aid0013,2013-04-23,1912655.0,-0.2,0.9981,"(-0.2,0.9981)",0.6054342,0.14188,0.0201299,0.709,0.9981,0.6393,0.225,0.5154
MOD13Q1_061__250m_16_days_NDVI_doy2013129000000_aid0013,_250m_16_days_NDVI,aid0013,2013-05-09,1913088.0,-0.2,0.9743,"(-0.2,0.9743)",0.5843524,0.1463757,0.0214258,0.6915,0.9743,0.619,0.179,0.4865
MOD13Q1_061__250m_16_days_NDVI_doy2013145000000_aid0013,_250m_16_days_NDVI,aid0013,2013-05-25,1914632.0,-0.1998,0.9404,"(-0.1998,0.9404)",0.5485016,0.1417377,0.0200896,0.6514,0.9404,0.5786,0.1447,0.4487
MOD13Q1_061__250m_16_days_NDVI_doy2013161000000_aid0013,_250m_16_days_NDVI,aid0013,2013-06-10,1913289.0,-0.2,0.9758,"(-0.2,0.9758)",0.527973,0.1394145,0.0194364,0.6308,0.9323,0.5533,0.1181,0.4257
MOD13Q1_061__250m_16_days_NDVI_doy2013177000000_aid0013,_250m_16_days_NDVI,aid0013,2013-06-26,1913064.0,-0.2,0.9402,"(-0.2,0.9402)",0.4880008,0.1250652,0.0156413,0.576,0.8479,0.5093,0.1228,0.3947
MOD13Q1_061__250m_16_days_NDVI_doy2013193000000_aid0013,_250m_16_days_NDVI,aid0013,2013-07-12,1913353.0,-0.2,0.9406,"(-0.2,0.9406)",0.483073,0.122731,0.0150629,0.5693,0.8363,0.5015,0.1243,0.3913
MOD13Q1_061__250m_16_days_NDVI_doy2013209000000_aid0013,_250m_16_days_NDVI,aid0013,2013-07-28,1913341.0,-0.2,0.9661,"(-0.2,0.9661)",0.4770464,0.1154194,0.0133216,0.5561,0.7943,0.4922,0.1591,0.3973
MOD13Q1_061__250m_16_days_NDVI_doy2013225000000_aid0013,_250m_16_days_NDVI,aid0013,2013-08-13,1913838.0,-0.2,0.9737,"(-0.2,0.9737)",0.462246,0.1059473,0.0112248,0.5317,0.7375,0.4731,0.1887,0.3945
MOD13Q1_061__250m_16_days_NDVI_doy2013241000000_aid0013,_250m_16_days_NDVI,aid0013,2013-08-29,1914043.0,-0.1988,0.9955,"(-0.1988,0.9955)",0.454918,0.1018489,0.0103732,0.5178,0.7029,0.4625,0.2093,0.3944
MOD13Q1_061__250m_16_days_NDVI_doy2013257000000_aid0013,_250m_16_days_NDVI,aid0013,2013-09-14,1913347.0,-0.2,0.9567,"(-0.2,0.9567)",0.5414151,0.1324242,0.0175362,0.6172,0.8377,0.5486,0.2497,0.4702
MOD13Q1_061__250m_16_days_NDVI_doy2013273000000_aid0013,_250m_16_days_NDVI,aid0013,2013-09-30,1913991.0,-0.2,0.9824,"(-0.2,0.9824)",0.5952933,0.1473926,0.0217246,0.6847,0.9362,0.612,0.2655,0.517
MOD13Q1_061__250m_16_days_NDVI_doy2013289000000_aid0013,_250m_16_days_NDVI,aid0013,2013-10-16,1913267.0,-0.1996,0.9964,"(-0.1996,0.9964)",0.6712377,0.1576181,0.0248435,0.7792,0.9964,0.702,0.3202,0.5956
MOD13Q1_061__250m_16_days_NDVI_doy2013305000000_aid0013,_250m_16_days_NDVI,aid0013,2013-11-01,1914307.0,-0.2,0.9937,"(-0.2,0.9937)",0.6605652,0.1597628,0.0255241,0.7724,0.9937,0.697,0.2994,0.5832
MOD13Q1_061__250m_16_days_NDVI_doy2013321000000_aid0013,_250m_16_days_NDVI,aid0013,2013-11-17,1913726.0,-0.1991,0.9801,"(-0.1991,0.9801)",0.6168188,0.1458243,0.0212647,0.7228,0.9801,0.6463,0.2478,0.5328
MOD13Q1_061__250m_16_days_NDVI_doy2013337000000_aid0013,_250m_16_days_NDVI,aid0013,2013-12-03,1913866.0,-0.1996,0.9786,"(-0.1996,0.9786)",0.546471,0.1398518,0.0195585,0.6563,0.9146,0.5687,0.1351,0.4478
MOD13Q1_061__250m_16_days_NDVI_doy2013353000000_aid0013,_250m_16_days_NDVI,aid0013,2013-12-19,1913955.0,-0.1993,0.9962,"(-0.1993,0.9962)",0.5029353,0.1455386,0.0211815,0.6141,0.9267,0.5115,0.0611,0.3929
MOD13Q1_061__250m_16_days_NDVI_doy2014001000000_aid0013,_250m_16_days_NDVI,aid0013,2014-01-01,1913789.0,-0.1996,0.99,"(-0.1996,0.99)",0.4629972,0.1315856,0.0173148,0.5474,0.8147,0.4536,0.1019,0.3692
MOD13Q1_061__250m_16_days_NDVI_doy2014017000000_aid0013,_250m_16_days_NDVI,aid0013,2014-01-17,1913727.0,-0.1996,0.9568,"(-0.1996,0.9568)",0.4803349,0.1546752,0.0239244,0.5866,0.9202,0.457,0.0304,0.3641
MOD13Q1_061__250m_16_days_NDVI_doy2014033000000_aid0013,_250m_16_days_NDVI,aid0013,2014-02-02,1912946.0,-0.2,0.9994,"(-0.2,0.9994)",0.6134469,0.1605647,0.025781,0.7311,0.9994,0.6401,0.1639,0.5042
MOD13Q1_061__250m_16_days_NDVI_doy2014049000000_aid0013,_250m_16_days_NDVI,aid0013,2014-02-18,1913194.0,-0.1995,0.9981,"(-0.1995,0.9981)",0.689127,0.1326969,0.0176085,0.7812,0.9981,0.716,0.3802,0.6208
MOD13Q1_061__250m_16_days_NDVI_doy2014065000000_aid0013,_250m_16_days_NDVI,aid0013,2014-03-06,1913480.0,-0.2,0.9811,"(-0.2,0.9811)",0.6912254,0.1370803,0.018791,0.7876,0.9811,0.7248,0.3794,0.6243
MOD13Q1_061__250m_16_days_NDVI_doy2014081000000_aid0013,_250m_16_days_NDVI,aid0013,2014-03-22,1914029.0,-0.2,0.9646,"(-0.2,0.9646)",0.6645051,0.1341562,0.0179979,0.7624,0.9646,0.6907,0.3447,0.5953
MOD13Q1_061__250m_16_days_NDVI_doy2014097000000_aid0013,_250m_16_days_NDVI,aid0013,2014-04-07,1913518.0,-0.2,0.9479,"(-0.2,0.9479)",0.6390729,0.1291145,0.0166706,0.7314,0.9479,0.6677,0.3367,0.5735
MOD13Q1_061__250m_16_days_NDVI_doy2014113000000_aid0013,_250m_16_days_NDVI,aid0013,2014-04-23,1913883.0,-0.1992,0.998,"(-0.1992,0.998)",0.5731665,0.1433261,0.0205424,0.6828,0.992,0.6018,0.1641,0.4753
MOD13Q1_061__250m_16_days_NDVI_doy2014129000000_aid0013,_250m_16_days_NDVI,aid0013,2014-05-09,1912552.0,-0.2,0.9841,"(-0.2,0.9841)",0.6080189,0.1514385,0.0229336,0.7215,0.9841,0.6508,0.1865,0.5075
MOD13Q1_061__250m_16_days_NDVI_doy2014145000000_aid0013,_250m_16_days_NDVI,aid0013,2014-05-25,1913328.0,-0.1997,0.943,"(-0.1997,0.943)",0.5821305,0.148824,0.0221486,0.6917,0.943,0.6204,0.1737,0.4845
MOD13Q1_061__250m_16_days_NDVI_doy2014161000000_aid0013,_250m_16_days_NDVI,aid0013,2014-06-10,1913368.0,-0.2,0.9694,"(-0.2,0.9694)",0.5642773,0.1393931,0.0194304,0.6637,0.933,0.5969,0.195,0.4762
MOD13Q1_061__250m_16_days_NDVI_doy2014177000000_aid0013,_250m_16_days_NDVI,aid0013,2014-06-26,1912422.0,-0.2,0.9379,"(-0.2,0.9379)",0.5370839,0.1381382,0.0190822,0.6366,0.926,0.567,0.1539,0.4435
MOD13Q1_061__250m_16_days_NDVI_doy2014193000000_aid0013,_250m_16_days_NDVI,aid0013,2014-07-12,1913112.0,-0.2,0.9906,"(-0.2,0.9906)",0.524617,0.1371442,0.0188085,0.6262,0.9274,0.551,0.1237,0.4252
MOD13Q1_061__250m_16_days_NDVI_doy2014209000000_aid0013,_250m_16_days_NDVI,aid0013,2014-07-28,1913145.0,-0.2,0.9339,"(-0.2,0.9339)",0.5360823,0.140031,0.0196087,0.6401,0.9339,0.5672,0.1326,0.4371
MOD13Q1_061__250m_16_days_NDVI_doy2014225000000_aid0013,_250m_16_days_NDVI,aid0013,2014-08-13,1912382.0,-0.2,0.9633,"(-0.2,0.9633)",0.535946,0.1426584,0.0203514,0.6433,0.9342,0.565,0.1226,0.435
MOD13Q1_061__250m_16_days_NDVI_doy2014241000000_aid0013,_250m_16_days_NDVI,aid0013,2014-08-29,1913314.0,-0.2,0.9662,"(-0.2,0.9662)",0.5726133,0.1459193,0.0212924,0.679,0.9662,0.6052,0.192,0.4842
MOD13Q1_061__250m_16_days_NDVI_doy2014257000000_aid0013,_250m_16_days_NDVI,aid0013,2014-09-14,1911928.0,-0.2,0.9516,"(-0.2,0.9516)",0.6182309,0.1404713,0.0197322,0.7136,0.9516,0.6508,0.3066,0.5508
MOD13Q1_061__250m_16_days_NDVI_doy2014273000000_aid0013,_250m_16_days_NDVI,aid0013,2014-09-30,1912541.0,-0.2,0.9925,"(-0.2,0.9925)",0.6431418,0.1417753,0.0201002,0.7378,0.9645,0.6792,0.3498,0.5826
MOD13Q1_061__250m_16_days_NDVI_doy2014289000000_aid0013,_250m_16_days_NDVI,aid0013,2014-10-16,1914281.0,-0.199,0.9705,"(-0.199,0.9705)",0.6405549,0.149421,0.0223266,0.7433,0.9705,0.6758,0.3096,0.5698
MOD13Q1_061__250m_16_days_NDVI_doy2014305000000_aid0013,_250m_16_days_NDVI,aid0013,2014-11-01,1913479.0,-0.1995,0.9883,"(-0.1995,0.9883)",0.6504003,0.1549061,0.0239959,0.76,0.9883,0.6954,0.306,0.5784
MOD13Q1_061__250m_16_days_NDVI_doy2014321000000_aid0013,_250m_16_days_NDVI,aid0013,2014-11-17,1913409.0,-0.2,0.9432,"(-0.2,0.9432)",0.6112868,0.1496751,0.0224026,0.7239,0.9432,0.6461,0.2364,0.5289
MOD13Q1_061__250m_16_days_NDVI_doy2014337000000_aid0013,_250m_16_days_NDVI,aid0013,2014-12-03,1913322.0,-0.2,0.96,"(-0.2,0.96)",0.5771574,0.1432699,0.0205263,0.6887,0.96,0.6047,0.176,0.4836
MOD13Q1_061__250m_16_days_NDVI_doy2014353000000_aid0013,_250m_16_days_NDVI,aid0013,2014-12-19,1914037.0,-0.2,0.988,"(-0.2,0.988)",0.5416051,0.1414047,0.0199953,0.6495,0.954,0.5555,0.1418,0.4464
MOD13Q1_061__250m_16_days_NDVI_doy2015001000000_aid0013,_250m_16_days_NDVI,aid0013,2015-01-01,1913872.0,-0.1997,0.968,"(-0.1997,0.968)",0.5378813,0.1383082,0.0191292,0.639,0.9342,0.542,0.146,0.4418
MOD13Q1_061__250m_16_days_NDVI_doy2015017000000_aid0013,_250m_16_days_NDVI,aid0013,2015-01-17,1913036.0,-0.2,0.9534,"(-0.2,0.9534)",0.5862476,0.1385902,0.0192072,0.6849,0.9534,0.5909,0.1997,0.4908
MOD13Q1_061__250m_16_days_NDVI_doy2015033000000_aid0013,_250m_16_days_NDVI,aid0013,2015-02-02,1913184.0,-0.2,0.9947,"(-0.2,0.9947)",0.6468089,0.1373159,0.0188557,0.7399,0.9947,0.6615,0.2967,0.5626
MOD13Q1_061__250m_16_days_NDVI_doy2015049000000_aid0013,_250m_16_days_NDVI,aid0013,2015-02-18,1913436.0,-0.1994,0.9813,"(-0.1994,0.9813)",0.6611478,0.1306358,0.0170657,0.7462,0.9813,0.6709,0.3415,0.5843
MOD13Q1_061__250m_16_days_NDVI_doy2015065000000_aid0013,_250m_16_days_NDVI,aid0013,2015-03-06,1913028.0,-0.2,0.9723,"(-0.2,0.9723)",0.6423627,0.132882,0.0176576,0.7283,0.9723,0.6464,0.3116,0.5616
MOD13Q1_061__250m_16_days_NDVI_doy2015081000000_aid0013,_250m_16_days_NDVI,aid0013,2015-03-22,1912603.0,-0.2,0.9992,"(-0.2,0.9992)",0.5622594,0.1183461,0.0140058,0.6363,0.8628,0.5617,0.2588,0.4853
MOD13Q1_061__250m_16_days_NDVI_doy2015097000000_aid0013,_250m_16_days_NDVI,aid0013,2015-04-07,1912328.0,-0.2,0.9201,"(-0.2,0.9201)",0.5170671,0.1105952,0.0122313,0.5857,0.7919,0.519,0.242,0.4482
MOD13Q1_061__250m_16_days_NDVI_doy2015113000000_aid0013,_250m_16_days_NDVI,aid0013,2015-04-23,1912764.0,-0.2,0.9386,"(-0.2,0.9386)",0.4988043,0.1304759,0.0170239,0.5938,0.8792,0.5141,0.1181,0.4035
MOD13Q1_061__250m_16_days_NDVI_doy2015129000000_aid0013,_250m_16_days_NDVI,aid0013,2015-05-09,1912607.0,-0.2,0.9977,"(-0.2,0.9977)",0.537408,0.1368501,0.018728,0.6393,0.9318,0.5605,0.1348,0.4375
MOD13Q1_061__250m_16_days_NDVI_doy2015145000000_aid0013,_250m_16_days_NDVI,aid0013,2015-05-25,1912706.0,-0.1994,0.9904,"(-0.1994,0.9904)",0.5494584,0.1405021,0.0197408,0.6519,0.948,0.5757,0.1464,0.4497
MOD13Q1_061__250m_16_days_NDVI_doy2015161000000_aid0013,_250m_16_days_NDVI,aid0013,2015-06-10,1912409.0,-0.2,0.9602,"(-0.2,0.9602)",0.5438777,0.139597,0.0194873,0.6436,0.9352,0.567,0.1551,0.4482
MOD13Q1_061__250m_16_days_NDVI_doy2015177000000_aid0013,_250m_16_days_NDVI,aid0013,2015-06-26,1912068.0,-0.2,0.9472,"(-0.2,0.9472)",0.5164857,0.1277535,0.016321,0.6061,0.8686,0.5326,0.1686,0.4311
MOD13Q1_061__250m_16_days_NDVI_doy2015193000000_aid0013,_250m_16_days_NDVI,aid0013,2015-07-12,1912741.0,-0.2,0.9585,"(-0.2,0.9585)",0.5034449,0.1255427,0.015761,0.5902,0.8462,0.5154,0.1635,0.4195
MOD13Q1_061__250m_16_days_NDVI_doy2015209000000_aid0013,_250m_16_days_NDVI,aid0013,2015-07-28,1912431.0,-0.2,0.963,"(-0.2,0.963)",0.5008493,0.1206854,0.014565,0.5826,0.8209,0.5096,0.1854,0.4237
MOD13Q1_061__250m_16_days_NDVI_doy2015225000000_aid0013,_250m_16_days_NDVI,aid0013,2015-08-13,1913214.0,-0.2,0.9517,"(-0.2,0.9517)",0.5515417,0.1358305,0.0184499,0.6455,0.9057,0.5706,0.2118,0.472
MOD13Q1_061__250m_16_days_NDVI_doy2015241000000_aid0013,_250m_16_days_NDVI,aid0013,2015-08-29,1913454.0,-0.2,0.9818,"(-0.2,0.9818)",0.5856606,0.1306648,0.0170733,0.6736,0.9107,0.6054,0.2784,0.5155
MOD13Q1_061__250m_16_days_NDVI_doy2015257000000_aid0013,_250m_16_days_NDVI,aid0013,2015-09-14,1912676.0,-0.2,0.9892,"(-0.2,0.9892)",0.583508,0.1336695,0.0178675,0.6691,0.8993,0.6042,0.2854,0.5156
MOD13Q1_061__250m_16_days_NDVI_doy2015273000000_aid0013,_250m_16_days_NDVI,aid0013,2015-09-30,1912567.0,-0.2,0.9954,"(-0.2,0.9954)",0.6111481,0.1394967,0.0194593,0.7003,0.9377,0.6339,0.3046,0.542
MOD13Q1_061__250m_16_days_NDVI_doy2015289000000_aid0013,_250m_16_days_NDVI,aid0013,2015-10-16,1912754.0,-0.2,0.9984,"(-0.2,0.9984)",0.6299112,0.1490815,0.0222253,0.7259,0.9753,0.6605,0.3074,0.5585
MOD13Q1_061__250m_16_days_NDVI_doy2015305000000_aid0013,_250m_16_days_NDVI,aid0013,2015-11-01,1912904.0,-0.2,0.999,"(-0.2,0.999)",0.6389133,0.1504945,0.0226486,0.7389,0.9899,0.6757,0.3147,0.5692
MOD13Q1_061__250m_16_days_NDVI_doy2015321000000_aid0013,_250m_16_days_NDVI,aid0013,2015-11-17,1913221.0,-0.2,0.9983,"(-0.2,0.9983)",0.6161065,0.1419537,0.0201509,0.7232,0.9926,0.6486,0.266,0.5403
MOD13Q1_061__250m_16_days_NDVI_doy2015337000000_aid0013,_250m_16_days_NDVI,aid0013,2015-12-03,1912940.0,-0.2,0.9937,"(-0.2,0.9937)",0.5532813,0.1398232,0.0195505,0.6651,0.9714,0.5683,0.1361,0.4535
MOD13Q1_061__250m_16_days_NDVI_doy2015353000000_aid0013,_250m_16_days_NDVI,aid0013,2015-12-19,1913108.0,-0.1996,0.9364,"(-0.1996,0.9364)",0.5219196,0.1404824,0.0197353,0.6305,0.9364,0.534,0.0873,0.4132
MOD13Q1_061__250m_16_days_NDVI_doy2007353000000_aid0014,_250m_16_days_NDVI,aid0014,2007-12-19,3297636.0,-0.2,0.898,"(-0.2,0.898)",0.3000592,0.1068829,0.011424,0.3615,0.5622,0.2832,0.027,0.2277
MOD13Q1_061__250m_16_days_NDVI_doy2008001000000_aid0014,_250m_16_days_NDVI,aid0014,2008-01-01,3296516.0,-0.2,0.9276,"(-0.2,0.9276)",0.2889768,0.1073181,0.0115172,0.3444,0.5347,0.2667,0.0272,0.2175
MOD13Q1_061__250m_16_days_NDVI_doy2008017000000_aid0014,_250m_16_days_NDVI,aid0014,2008-01-17,3295187.0,-0.2,0.9356,"(-0.2,0.9356)",0.321231,0.1282647,0.0164518,0.3889,0.6241,0.2933,-0.0031,0.2321
MOD13Q1_061__250m_16_days_NDVI_doy2008033000000_aid0014,_250m_16_days_NDVI,aid0014,2008-02-02,3293026.0,-0.2,0.9422,"(-0.2,0.9422)",0.3502537,0.1507887,0.0227372,0.4403,0.744,0.3174,-0.0659,0.2378
MOD13Q1_061__250m_16_days_NDVI_doy2008049000000_aid0014,_250m_16_days_NDVI,aid0014,2008-02-18,3291378.0,-0.2,0.9805,"(-0.2,0.9805)",0.3955701,0.1670151,0.027894,0.5137,0.889,0.3646,-0.1118,0.2635
MOD13Q1_061__250m_16_days_NDVI_doy2008065000000_aid0014,_250m_16_days_NDVI,aid0014,2008-03-05,3291766.0,-0.2,0.942,"(-0.2,0.942)",0.3896772,0.1676952,0.0281217,0.5041,0.8722,0.3563,-0.1094,0.2587
MOD13Q1_061__250m_16_days_NDVI_doy2008081000000_aid0014,_250m_16_days_NDVI,aid0014,2008-03-21,3294825.0,-0.2,0.9825,"(-0.2,0.9825)",0.3713439,0.1523594,0.0232134,0.4697,0.789,0.3378,-0.0625,0.2568
MOD13Q1_061__250m_16_days_NDVI_doy2008097000000_aid0014,_250m_16_days_NDVI,aid0014,2008-04-06,3293850.0,-0.2,0.9141,"(-0.2,0.9141)",0.3425142,0.1304802,0.0170251,0.422,0.6822,0.3175,-0.0117,0.2485
MOD13Q1_061__250m_16_days_NDVI_doy2008113000000_aid0014,_250m_16_days_NDVI,aid0014,2008-04-22,3293917.0,-0.2,0.9298,"(-0.2,0.9298)",0.306255,0.0991675,0.0098342,0.3618,0.5436,0.2929,0.0588,0.2406
MOD13Q1_061__250m_16_days_NDVI_doy2008129000000_aid0014,_250m_16_days_NDVI,aid0014,2008-05-08,3298423.0,-0.2,0.9954,"(-0.2,0.9954)",0.3141154,0.0966942,0.0093498,0.373,0.551,0.3113,0.0763,0.2543
MOD13Q1_061__250m_16_days_NDVI_doy2008145000000_aid0014,_250m_16_days_NDVI,aid0014,2008-05-24,3291462.0,-0.2,0.9237,"(-0.2,0.9237)",0.3290542,0.0933384,0.0087121,0.3803,0.5444,0.3199,0.1068,0.2709
MOD13Q1_061__250m_16_days_NDVI_doy2008161000000_aid0014,_250m_16_days_NDVI,aid0014,2008-06-09,3292005.0,-0.2,0.9867,"(-0.2,0.9867)",0.3172189,0.0873933,0.0076376,0.3663,0.5247,0.3092,0.1023,0.2607
MOD13Q1_061__250m_16_days_NDVI_doy2008177000000_aid0014,_250m_16_days_NDVI,aid0014,2008-06-25,3294514.0,-0.2,0.9938,"(-0.2,0.9938)",0.3086737,0.0838071,0.0070236,0.356,0.5051,0.303,0.1075,0.2566
MOD13Q1_061__250m_16_days_NDVI_doy2008193000000_aid0014,_250m_16_days_NDVI,aid0014,2008-07-11,3291654.0,-0.2,0.9383,"(-0.2,0.9383)",0.3319308,0.0914449,0.0083622,0.3799,0.5377,0.3225,0.1169,0.2747
MOD13Q1_061__250m_16_days_NDVI_doy2008209000000_aid0014,_250m_16_days_NDVI,aid0014,2008-07-27,3291810.0,-0.2,0.927,"(-0.2,0.927)",0.3404872,0.0925509,0.0085657,0.3941,0.5663,0.3339,0.1071,0.2793
MOD13Q1_061__250m_16_days_NDVI_doy2008225000000_aid0014,_250m_16_days_NDVI,aid0014,2008-08-12,3292451.0,-0.2,0.8757,"(-0.2,0.8757)",0.3063418,0.0893326,0.0079803,0.3546,0.5127,0.2952,0.0911,0.2492
MOD13Q1_061__250m_16_days_NDVI_doy2008241000000_aid0014,_250m_16_days_NDVI,aid0014,2008-08-28,3293433.0,-0.2,0.8799,"(-0.2,0.8799)",0.3015233,0.0902835,0.0081511,0.3464,0.4986,0.2893,0.0927,0.2449
MOD13Q1_061__250m_16_days_NDVI_doy2008257000000_aid0014,_250m_16_days_NDVI,aid0014,2008-09-13,3296659.0,-0.2,0.9703,"(-0.2,0.9703)",0.2930277,0.095864,0.0091899,0.3354,0.4903,0.2776,0.0772,0.2321
MOD13Q1_061__250m_16_days_NDVI_doy2008273000000_aid0014,_250m_16_days_NDVI,aid0014,2008-09-29,3293802.0,-0.2,0.9419,"(-0.2,0.9419)",0.3186437,0.1287982,0.016589,0.3732,0.5869,0.2889,0.017,0.2307
MOD13Q1_061__250m_16_days_NDVI_doy2008289000000_aid0014,_250m_16_days_NDVI,aid0014,2008-10-15,3296416.0,-0.2,0.9695,"(-0.2,0.9695)",0.3155,0.1365943,0.018658,0.3768,0.6124,0.2806,-0.0159,0.2197
MOD13Q1_061__250m_16_days_NDVI_doy2008305000000_aid0014,_250m_16_days_NDVI,aid0014,2008-10-31,3299085.0,-0.2,0.9829,"(-0.2,0.9829)",0.2869468,0.1175586,0.01382,0.342,0.5463,0.2625,0.0015,0.2058
MOD13Q1_061__250m_16_days_NDVI_doy2008321000000_aid0014,_250m_16_days_NDVI,aid0014,2008-11-16,3300679.0,-0.2,0.8888,"(-0.2,0.8888)",0.2608671,0.0905428,0.008198,0.3061,0.4637,0.2453,0.0434,0.201
MOD13Q1_061__250m_16_days_NDVI_doy2008337000000_aid0014,_250m_16_days_NDVI,aid0014,2008-12-02,3296913.0,-0.2,0.9869,"(-0.2,0.9869)",0.2578726,0.0920328,0.00847,0.3004,0.4519,0.24,0.0479,0.1994
MOD13Q1_061__250m_16_days_NDVI_doy2008353000000_aid0014,_250m_16_days_NDVI,aid0014,2008-12-18,3295804.0,-0.2,0.9093,"(-0.2,0.9093)",0.275739,0.1099804,0.0120957,0.3264,0.511,0.2548,0.0187,0.2033
MOD13Q1_061__250m_16_days_NDVI_doy2009001000000_aid0014,_250m_16_days_NDVI,aid0014,2009-01-01,3297022.0,-0.2,0.9052,"(-0.2,0.9052)",0.2731252,0.1068332,0.0114133,0.322,0.5008,0.2533,0.024,0.2028
MOD13Q1_061__250m_16_days_NDVI_doy2009017000000_aid0014,_250m_16_days_NDVI,aid0014,2009-01-17,3298503.0,-0.2,0.9153,"(-0.2,0.9153)",0.2660131,0.1026879,0.0105448,0.3116,0.4797,0.2461,0.0314,0.1995
MOD13Q1_061__250m_16_days_NDVI_doy2009033000000_aid0014,_250m_16_days_NDVI,aid0014,2009-02-02,3297154.0,-0.2,0.9149,"(-0.2,0.9149)",0.2687561,0.0957264,0.0091635,0.3121,0.47,0.2511,0.0489,0.2068
MOD13Q1_061__250m_16_days_NDVI_doy2009049000000_aid0014,_250m_16_days_NDVI,aid0014,2009-02-18,3295227.0,-0.2,0.9132,"(-0.2,0.9132)",0.2748314,0.1020473,0.0104136,0.3261,0.5064,0.2541,0.0256,0.2059
MOD13Q1_061__250m_16_days_NDVI_doy2009065000000_aid0014,_250m_16_days_NDVI,aid0014,2009-03-06,3296122.0,-0.2,0.9947,"(-0.2,0.9947)",0.3134617,0.1254169,0.0157294,0.3822,0.6196,0.2869,-0.0135,0.2239
MOD13Q1_061__250m_16_days_NDVI_doy2009081000000_aid0014,_250m_16_days_NDVI,aid0014,2009-03-22,3297099.0,-0.2,0.8987,"(-0.2,0.8987)",0.3096254,0.126403,0.0159777,0.3855,0.6403,0.2833,-0.0392,0.2156
MOD13Q1_061__250m_16_days_NDVI_doy2009097000000_aid0014,_250m_16_days_NDVI,aid0014,2009-04-07,3298270.0,-0.2,0.8936,"(-0.2,0.8936)",0.2934652,0.1098279,0.0120622,0.3582,0.5733,0.2736,-0.0002,0.2148
MOD13Q1_061__250m_16_days_NDVI_doy2009113000000_aid0014,_250m_16_days_NDVI,aid0014,2009-04-23,3298018.0,-0.2,0.8897,"(-0.2,0.8897)",0.2738707,0.0962507,0.0092642,0.328,0.5083,0.2582,0.0275,0.2078
MOD13Q1_061__250m_16_days_NDVI_doy2009129000000_aid0014,_250m_16_days_NDVI,aid0014,2009-05-09,3297245.0,-0.1996,0.9852,"(-0.1996,0.9852)",0.312498,0.0987469,0.009751,0.374,0.5678,0.3025,0.051,0.2448
MOD13Q1_061__250m_16_days_NDVI_doy2009145000000_aid0014,_250m_16_days_NDVI,aid0014,2009-05-25,3294665.0,-0.2,0.9343,"(-0.2,0.9343)",0.3004707,0.1015738,0.0103172,0.3556,0.5389,0.2866,0.0501,0.2334
MOD13Q1_061__250m_16_days_NDVI_doy2009161000000_aid0014,_250m_16_days_NDVI,aid0014,2009-06-10,3297118.0,-0.2,0.9258,"(-0.2,0.9258)",0.2850436,0.0907547,0.0082364,0.3321,0.4888,0.2739,0.0709,0.2276
MOD13Q1_061__250m_16_days_NDVI_doy2009177000000_aid0014,_250m_16_days_NDVI,aid0014,2009-06-26,3295950.0,-0.2,0.9001,"(-0.2,0.9001)",0.278194,0.0832805,0.0069356,0.3256,0.4769,0.271,0.0734,0.2247
MOD13Q1_061__250m_16_days_NDVI_doy2009193000000_aid0014,_250m_16_days_NDVI,aid0014,2009-07-12,3289613.0,-0.2,0.8666,"(-0.2,0.8666)",0.2698588,0.0767646,0.0058928,0.3119,0.4461,0.2638,0.0882,0.2224
MOD13Q1_061__250m_16_days_NDVI_doy2009209000000_aid0014,_250m_16_days_NDVI,aid0014,2009-07-28,3295863.0,-0.2,0.9569,"(-0.2,0.9569)",0.2539851,0.0745138,0.0055523,0.2938,0.4225,0.2472,0.0793,0.208
MOD13Q1_061__250m_16_days_NDVI_doy2009225000000_aid0014,_250m_16_days_NDVI,aid0014,2009-08-13,3295066.0,-0.2,0.8577,"(-0.2,0.8577)",0.248353,0.0701722,0.0049241,0.2855,0.407,0.241,0.083,0.2045
MOD13Q1_061__250m_16_days_NDVI_doy2009241000000_aid0014,_250m_16_days_NDVI,aid0014,2009-08-29,3296587.0,-0.2,0.898,"(-0.2,0.898)",0.263386,0.0860941,0.0074122,0.3058,0.4525,0.2487,0.0613,0.208
MOD13Q1_061__250m_16_days_NDVI_doy2009257000000_aid0014,_250m_16_days_NDVI,aid0014,2009-09-14,3294406.0,-0.2,0.9165,"(-0.2,0.9165)",0.2911441,0.1138902,0.012971,0.3468,0.5448,0.2621,0.0168,0.2148
MOD13Q1_061__250m_16_days_NDVI_doy2009273000000_aid0014,_250m_16_days_NDVI,aid0014,2009-09-30,3298681.0,-0.2,0.9934,"(-0.2,0.9934)",0.2844609,0.1194203,0.0142612,0.3345,0.5275,0.2526,0.0128,0.2058
MOD13Q1_061__250m_16_days_NDVI_doy2009289000000_aid0014,_250m_16_days_NDVI,aid0014,2009-10-16,3296812.0,-0.2,0.9347,"(-0.2,0.9347)",0.2727834,0.1158406,0.013419,0.3129,0.4831,0.2423,0.0292,0.1994
MOD13Q1_061__250m_16_days_NDVI_doy2009305000000_aid0014,_250m_16_days_NDVI,aid0014,2009-11-01,3299349.0,-0.2,0.9371,"(-0.2,0.9371)",0.2528889,0.0985421,0.0097105,0.2927,0.4467,0.2309,0.036,0.19
MOD13Q1_061__250m_16_days_NDVI_doy2009321000000_aid0014,_250m_16_days_NDVI,aid0014,2009-11-17,3296947.0,-0.2,0.8859,"(-0.2,0.8859)",0.2723834,0.0891378,0.0079456,0.3162,0.4674,0.257,0.0642,0.2154
MOD13Q1_061__250m_16_days_NDVI_doy2009337000000_aid0014,_250m_16_days_NDVI,aid0014,2009-12-03,3296727.0,-0.2,0.9923,"(-0.2,0.9923)",0.2654254,0.0919415,0.0084532,0.3165,0.4887,0.2487,0.0295,0.2017
MOD13Q1_061__250m_16_days_NDVI_doy2009353000000_aid0014,_250m_16_days_NDVI,aid0014,2009-12-19,3295703.0,-0.2,0.9157,"(-0.2,0.9157)",0.3092583,0.1252359,0.015684,0.3906,0.6601,0.2874,-0.0585,0.2109
MOD13Q1_061__250m_16_days_NDVI_doy2010001000000_aid0014,_250m_16_days_NDVI,aid0014,2010-01-01,3299204.0,-0.2,0.9121,"(-0.2,0.9121)",0.3172912,0.1308761,0.0171286,0.4033,0.6868,0.2956,-0.0692,0.2143
MOD13Q1_061__250m_16_days_NDVI_doy2010017000000_aid0014,_250m_16_days_NDVI,aid0014,2010-01-17,3297879.0,-0.2,0.9241,"(-0.2,0.9241)",0.3072262,0.1255786,0.01577,0.3872,0.6531,0.2864,-0.056,0.2099
MOD13Q1_061__250m_16_days_NDVI_doy2010033000000_aid0014,_250m_16_days_NDVI,aid0014,2010-02-02,3296238.0,-0.2,0.9226,"(-0.2,0.9226)",0.3399075,0.1426659,0.0203535,0.4319,0.7373,0.3158,-0.0771,0.2283
MOD13Q1_061__250m_16_days_NDVI_doy2010049000000_aid0014,_250m_16_days_NDVI,aid0014,2010-02-18,3292555.0,-0.2,0.9498,"(-0.2,0.9498)",0.3856864,0.1587177,0.0251913,0.5004,0.8578,0.3586,-0.0953,0.2621
MOD13Q1_061__250m_16_days_NDVI_doy2010065000000_aid0014,_250m_16_days_NDVI,aid0014,2010-03-06,3287834.0,-0.2,0.9493,"(-0.2,0.9493)",0.4452634,0.1507584,0.0227281,0.5483,0.8657,0.4373,0.0193,0.3367
MOD13Q1_061__250m_16_days_NDVI_doy2010081000000_aid0014,_250m_16_days_NDVI,aid0014,2010-03-22,3290300.0,-0.2,0.9177,"(-0.2,0.9177)",0.4454863,0.1409793,0.0198752,0.5382,0.8185,0.4381,0.071,0.3513
MOD13Q1_061__250m_16_days_NDVI_doy2010097000000_aid0014,_250m_16_days_NDVI,aid0014,2010-04-07,3289997.0,-0.2,0.9141,"(-0.2,0.9141)",0.443405,0.1291179,0.0166714,0.5239,0.7673,0.4396,0.1182,0.3616
MOD13Q1_061__250m_16_days_NDVI_doy2010113000000_aid0014,_250m_16_days_NDVI,aid0014,2010-04-23,3291300.0,-0.2,0.9047,"(-0.2,0.9047)",0.4080796,0.1153115,0.0132967,0.4769,0.6878,0.4034,0.1254,0.3363
MOD13Q1_061__250m_16_days_NDVI_doy2010129000000_aid0014,_250m_16_days_NDVI,aid0014,2010-05-09,3291026.0,-0.2,0.893,"(-0.2,0.893)",0.3964424,0.1127895,0.0127215,0.4677,0.6897,0.391,0.0977,0.3197
MOD13Q1_061__250m_16_days_NDVI_doy2010145000000_aid0014,_250m_16_days_NDVI,aid0014,2010-05-25,3287705.0,-0.2,0.9184,"(-0.2,0.9184)",0.4188043,0.1192688,0.0142251,0.4911,0.7182,0.4155,0.1126,0.3397
MOD13Q1_061__250m_16_days_NDVI_doy2010161000000_aid0014,_250m_16_days_NDVI,aid0014,2010-06-10,3290168.0,-0.2,0.9914,"(-0.2,0.9914)",0.4152623,0.1185569,0.0140557,0.4917,0.7273,0.4181,0.099,0.3346
MOD13Q1_061__250m_16_days_NDVI_doy2010177000000_aid0014,_250m_16_days_NDVI,aid0014,2010-06-26,3287626.0,-0.2,0.9672,"(-0.2,0.9672)",0.4051289,0.1180335,0.0139319,0.4772,0.7055,0.3982,0.0967,0.325
MOD13Q1_061__250m_16_days_NDVI_doy2010193000000_aid0014,_250m_16_days_NDVI,aid0014,2010-07-12,3289919.0,-0.2,0.9472,"(-0.2,0.9472)",0.3994027,0.1209253,0.0146229,0.4739,0.7118,0.3906,0.0774,0.3153
MOD13Q1_061__250m_16_days_NDVI_doy2010209000000_aid0014,_250m_16_days_NDVI,aid0014,2010-07-28,3289173.0,-0.2,0.9173,"(-0.2,0.9173)",0.3529323,0.1071737,0.0114862,0.4151,0.6174,0.3421,0.0779,0.2802
MOD13Q1_061__250m_16_days_NDVI_doy2010225000000_aid0014,_250m_16_days_NDVI,aid0014,2010-08-13,3291772.0,-0.2,0.8593,"(-0.2,0.8593)",0.3213924,0.0953548,0.0090925,0.3733,0.5452,0.3087,0.0868,0.2587
MOD13Q1_061__250m_16_days_NDVI_doy2010241000000_aid0014,_250m_16_days_NDVI,aid0014,2010-08-29,3291750.0,-0.2,0.8559,"(-0.2,0.8559)",0.3307165,0.0928872,0.008628,0.3876,0.5679,0.3224,0.0871,0.2674
MOD13Q1_061__250m_16_days_NDVI_doy2010257000000_aid0014,_250m_16_days_NDVI,aid0014,2010-09-14,3291905.0,-0.2,0.9095,"(-0.2,0.9095)",0.3385313,0.1081547,0.0116974,0.3898,0.5714,0.3217,0.0871,0.2687
MOD13Q1_061__250m_16_days_NDVI_doy2010273000000_aid0014,_250m_16_days_NDVI,aid0014,2010-09-30,3295593.0,-0.2,0.9412,"(-0.2,0.9412)",0.3500259,0.1267182,0.0160575,0.3947,0.5786,0.3215,0.0882,0.2721
MOD13Q1_061__250m_16_days_NDVI_doy2010289000000_aid0014,_250m_16_days_NDVI,aid0014,2010-10-16,3295603.0,-0.2,0.974,"(-0.2,0.974)",0.3610634,0.1342246,0.0180162,0.4088,0.6035,0.3261,0.0843,0.279
MOD13Q1_061__250m_16_days_NDVI_doy2010305000000_aid0014,_250m_16_days_NDVI,aid0014,2010-11-01,3294940.0,-0.2,0.9564,"(-0.2,0.9564)",0.3845571,0.1367976,0.0187136,0.4454,0.666,0.3555,0.0777,0.2983
MOD13Q1_061__250m_16_days_NDVI_doy2010321000000_aid0014,_250m_16_days_NDVI,aid0014,2010-11-17,3295638.0,-0.2,0.9977,"(-0.2,0.9977)",0.3782064,0.1211985,0.0146891,0.4458,0.6669,0.364,0.0773,0.2984
MOD13Q1_061__250m_16_days_NDVI_doy2010337000000_aid0014,_250m_16_days_NDVI,aid0014,2010-12-03,3298491.0,-0.2,0.9057,"(-0.2,0.9057)",0.3290317,0.1021571,0.0104361,0.3841,0.5672,0.3172,0.0789,0.262
MOD13Q1_061__250m_16_days_NDVI_doy2010353000000_aid0014,_250m_16_days_NDVI,aid0014,2010-12-19,3296993.0,-0.2,0.8833,"(-0.2,0.8833)",0.3051085,0.0953527,0.0090921,0.3526,0.5161,0.2896,0.0801,0.2436
MOD13Q1_061__250m_16_days_NDVI_doy2011001000000_aid0014,_250m_16_days_NDVI,aid0014,2011-01-01,3294259.0,-0.2,0.9932,"(-0.2,0.9932)",0.3594101,0.1263088,0.0159539,0.4263,0.6541,0.343,0.0466,0.2744
MOD13Q1_061__250m_16_days_NDVI_doy2011017000000_aid0014,_250m_16_days_NDVI,aid0014,2011-01-17,3295498.0,-0.2,0.9518,"(-0.2,0.9518)",0.4204302,0.1475323,0.0217658,0.5103,0.7972,0.4051,0.0321,0.319
MOD13Q1_061__250m_16_days_NDVI_doy2011033000000_aid0014,_250m_16_days_NDVI,aid0014,2011-02-02,3295740.0,-0.2,0.9934,"(-0.2,0.9934)",0.415591,0.1431494,0.0204917,0.5011,0.7754,0.4035,0.0439,0.3182
MOD13Q1_061__250m_16_days_NDVI_doy2011049000000_aid0014,_250m_16_days_NDVI,aid0014,2011-02-18,3294407.0,-0.2,0.9715,"(-0.2,0.9715)",0.4133782,0.1312121,0.0172166,0.4947,0.7531,0.406,0.064,0.3224
MOD13Q1_061__250m_16_days_NDVI_doy2011065000000_aid0014,_250m_16_days_NDVI,aid0014,2011-03-06,3293180.0,-0.2,0.9816,"(-0.2,0.9816)",0.4248561,0.1241798,0.0154206,0.5061,0.7509,0.4226,0.0981,0.3429
MOD13Q1_061__250m_16_days_NDVI_doy2011081000000_aid0014,_250m_16_days_NDVI,aid0014,2011-03-22,3294763.0,-0.2,0.8984,"(-0.2,0.8984)",0.4133554,0.1251523,0.0156631,0.5027,0.7713,0.4167,0.055,0.3236
MOD13Q1_061__250m_16_days_NDVI_doy2011097000000_aid0014,_250m_16_days_NDVI,aid0014,2011-04-07,3293536.0,-0.2,0.9875,"(-0.2,0.9875)",0.4040284,0.1177633,0.0138682,0.488,0.7407,0.408,0.0668,0.3195
MOD13Q1_061__250m_16_days_NDVI_doy2011113000000_aid0014,_250m_16_days_NDVI,aid0014,2011-04-23,3293143.0,-0.2,0.939,"(-0.2,0.939)",0.3850049,0.1126007,0.0126789,0.4626,0.699,0.3867,0.0686,0.305
MOD13Q1_061__250m_16_days_NDVI_doy2011129000000_aid0014,_250m_16_days_NDVI,aid0014,2011-05-09,3292514.0,-0.2,0.956,"(-0.2,0.956)",0.383776,0.1147483,0.0131672,0.4583,0.6918,0.3803,0.0691,0.3026
MOD13Q1_061__250m_16_days_NDVI_doy2011145000000_aid0014,_250m_16_days_NDVI,aid0014,2011-05-25,3293780.0,-0.2,0.9293,"(-0.2,0.9293)",0.3867438,0.1125024,0.0126568,0.4563,0.6769,0.3832,0.0886,0.3092
MOD13Q1_061__250m_16_days_NDVI_doy2011161000000_aid0014,_250m_16_days_NDVI,aid0014,2011-06-10,3295833.0,-0.2,0.9439,"(-0.2,0.9439)",0.3393898,0.1023854,0.0104828,0.4006,0.5971,0.3333,0.0731,0.2696
MOD13Q1_061__250m_16_days_NDVI_doy2011177000000_aid0014,_250m_16_days_NDVI,aid0014,2011-06-26,3294373.0,-0.2,0.9053,"(-0.2,0.9053)",0.3437036,0.099635,0.0099271,0.4023,0.5901,0.3368,0.0893,0.2771
MOD13Q1_061__250m_16_days_NDVI_doy2011193000000_aid0014,_250m_16_days_NDVI,aid0014,2011-07-12,3295262.0,-0.2,0.9285,"(-0.2,0.9285)",0.3237258,0.0929443,0.0086386,0.3757,0.5426,0.3165,0.0975,0.2644
MOD13Q1_061__250m_16_days_NDVI_doy2011209000000_aid0014,_250m_16_days_NDVI,aid0014,2011-07-28,3297267.0,-0.2,0.8884,"(-0.2,0.8884)",0.3157913,0.088102,0.007762,0.3634,0.5164,0.3106,0.1084,0.2614
MOD13Q1_061__250m_16_days_NDVI_doy2011225000000_aid0014,_250m_16_days_NDVI,aid0014,2011-08-13,3292854.0,-0.2,0.9751,"(-0.2,0.9751)",0.3170539,0.0908819,0.0082595,0.3643,0.5209,0.3106,0.1033,0.2599
MOD13Q1_061__250m_16_days_NDVI_doy2011241000000_aid0014,_250m_16_days_NDVI,aid0014,2011-08-29,3296018.0,-0.2,0.8865,"(-0.2,0.8865)",0.2889211,0.0951035,0.0090447,0.3292,0.4781,0.2755,0.081,0.2299
MOD13Q1_061__250m_16_days_NDVI_doy2011257000000_aid0014,_250m_16_days_NDVI,aid0014,2011-09-14,3296332.0,-0.2,0.9984,"(-0.2,0.9984)",0.2900007,0.1059386,0.011223,0.3318,0.4951,0.273,0.0596,0.2229
MOD13Q1_061__250m_16_days_NDVI_doy2011273000000_aid0014,_250m_16_days_NDVI,aid0014,2011-09-30,3296392.0,-0.2,0.9598,"(-0.2,0.9598)",0.3307352,0.1238834,0.0153471,0.378,0.5686,0.3062,0.0603,0.2509
MOD13Q1_061__250m_16_days_NDVI_doy2011289000000_aid0014,_250m_16_days_NDVI,aid0014,2011-10-16,3292575.0,-0.2,0.9466,"(-0.2,0.9466)",0.3461769,0.1203249,0.0144781,0.398,0.5888,0.3268,0.08,0.2708
MOD13Q1_061__250m_16_days_NDVI_doy2011305000000_aid0014,_250m_16_days_NDVI,aid0014,2011-11-01,3299112.0,-0.2,0.9568,"(-0.2,0.9568)",0.3912153,0.1272308,0.0161877,0.4669,0.7112,0.3788,0.0597,0.304
MOD13Q1_061__250m_16_days_NDVI_doy2011321000000_aid0014,_250m_16_days_NDVI,aid0014,2011-11-17,3296031.0,-0.2,0.9614,"(-0.2,0.9614)",0.3759207,0.1244197,0.0154803,0.4587,0.7177,0.3645,0.027,0.286
MOD13Q1_061__250m_16_days_NDVI_doy2011337000000_aid0014,_250m_16_days_NDVI,aid0014,2011-12-03,3296319.0,-0.2,0.9795,"(-0.2,0.9795)",0.3511075,0.1084843,0.0117688,0.4187,0.6345,0.3423,0.059,0.2748
MOD13Q1_061__250m_16_days_NDVI_doy2011353000000_aid0014,_250m_16_days_NDVI,aid0014,2011-12-19,3298671.0,-0.2,0.887,"(-0.2,0.887)",0.3032261,0.0967548,0.0093615,0.3543,0.5254,0.2893,0.0691,0.2402
MOD13Q1_061__250m_16_days_NDVI_doy2012001000000_aid0014,_250m_16_days_NDVI,aid0014,2012-01-01,3298967.0,-0.2,0.9178,"(-0.2,0.9178)",0.2921485,0.0934589,0.0087346,0.3387,0.4998,0.2751,0.0702,0.2313
MOD13Q1_061__250m_16_days_NDVI_doy2012017000000_aid0014,_250m_16_days_NDVI,aid0014,2012-01-17,3295082.0,-0.2,0.9249,"(-0.2,0.9249)",0.3237543,0.116752,0.013631,0.3844,0.5959,0.3006,0.0319,0.2434
MOD13Q1_061__250m_16_days_NDVI_doy2012033000000_aid0014,_250m_16_days_NDVI,aid0014,2012-02-02,3296243.0,-0.2,0.9279,"(-0.2,0.9279)",0.3292503,0.1207077,0.0145703,0.3956,0.6234,0.3074,0.0159,0.2437
MOD13Q1_061__250m_16_days_NDVI_doy2012049000000_aid0014,_250m_16_days_NDVI,aid0014,2012-02-18,3293899.0,-0.2,0.9434,"(-0.2,0.9434)",0.3783445,0.1359789,0.0184903,0.4566,0.7203,0.3542,0.0171,0.2808
MOD13Q1_061__250m_16_days_NDVI_doy2012065000000_aid0014,_250m_16_days_NDVI,aid0014,2012-03-05,3288591.0,-0.2,0.9593,"(-0.2,0.9593)",0.4233459,0.1381111,0.0190747,0.509,0.7871,0.4147,0.0455,0.3236
MOD13Q1_061__250m_16_days_NDVI_doy2012081000000_aid0014,_250m_16_days_NDVI,aid0014,2012-03-21,3288308.0,-0.2,0.9542,"(-0.2,0.9542)",0.4222118,0.1338046,0.0179037,0.5034,0.7645,0.4136,0.0682,0.3293
MOD13Q1_061__250m_16_days_NDVI_doy2012097000000_aid0014,_250m_16_days_NDVI,aid0014,2012-04-06,3292064.0,-0.2,0.9237,"(-0.2,0.9237)",0.4163593,0.1229145,0.015108,0.4872,0.7126,0.4078,0.1115,0.3369
MOD13Q1_061__250m_16_days_NDVI_doy2012113000000_aid0014,_250m_16_days_NDVI,aid0014,2012-04-22,3294174.0,-0.2,0.9809,"(-0.2,0.9809)",0.3952863,0.1115099,0.0124345,0.461,0.668,0.3885,0.116,0.323
MOD13Q1_061__250m_16_days_NDVI_doy2012129000000_aid0014,_250m_16_days_NDVI,aid0014,2012-05-08,3290523.0,-0.2,0.9172,"(-0.2,0.9172)",0.4001139,0.1127406,0.0127104,0.4602,0.6576,0.3899,0.1312,0.3286
MOD13Q1_061__250m_16_days_NDVI_doy2012145000000_aid0014,_250m_16_days_NDVI,aid0014,2012-05-24,3292228.0,-0.2,0.9506,"(-0.2,0.9506)",0.4113795,0.118997,0.0141603,0.481,0.7037,0.4032,0.1098,0.3325
MOD13Q1_061__250m_16_days_NDVI_doy2012161000000_aid0014,_250m_16_days_NDVI,aid0014,2012-06-09,3295826.0,-0.2,0.9574,"(-0.2,0.9574)",0.3738537,0.1063729,0.0113152,0.4352,0.6306,0.3663,0.1095,0.3049
MOD13Q1_061__250m_16_days_NDVI_doy2012177000000_aid0014,_250m_16_days_NDVI,aid0014,2012-06-25,3294232.0,-0.2,0.9091,"(-0.2,0.9091)",0.3665206,0.1035336,0.0107192,0.4267,0.6184,0.3589,0.1072,0.2989
MOD13Q1_061__250m_16_days_NDVI_doy2012193000000_aid0014,_250m_16_days_NDVI,aid0014,2012-07-11,3294658.0,-0.2,0.913,"(-0.2,0.913)",0.339977,0.092112,0.0084846,0.3956,0.57,0.3329,0.1049,0.2793
MOD13Q1_061__250m_16_days_NDVI_doy2012209000000_aid0014,_250m_16_days_NDVI,aid0014,2012-07-27,3293996.0,-0.2,0.9329,"(-0.2,0.9329)",0.317446,0.0826219,0.0068264,0.3661,0.5195,0.3106,0.1104,0.2638
MOD13Q1_061__250m_16_days_NDVI_doy2012225000000_aid0014,_250m_16_days_NDVI,aid0014,2012-08-12,3290351.0,-0.2,0.9006,"(-0.2,0.9006)",0.3316507,0.0876818,0.0076881,0.3785,0.5291,0.3244,0.1275,0.2781
MOD13Q1_061__250m_16_days_NDVI_doy2012241000000_aid0014,_250m_16_days_NDVI,aid0014,2012-08-28,3292319.0,-0.2,0.9556,"(-0.2,0.9556)",0.3450856,0.1067897,0.011404,0.3976,0.5804,0.3299,0.0929,0.2757
MOD13Q1_061__250m_16_days_NDVI_doy2012257000000_aid0014,_250m_16_days_NDVI,aid0014,2012-09-13,3292749.0,-0.2,0.9656,"(-0.2,0.9656)",0.3685885,0.1200638,0.0144153,0.4241,0.623,0.345,0.0926,0.2915
MOD13Q1_061__250m_16_days_NDVI_doy2012273000000_aid0014,_250m_16_days_NDVI,aid0014,2012-09-29,3294673.0,-0.2,0.9281,"(-0.2,0.9281)",0.3706468,0.1420497,0.0201781,0.4372,0.6799,0.3307,0.0327,0.2754
MOD13Q1_061__250m_16_days_NDVI_doy2012289000000_aid0014,_250m_16_days_NDVI,aid0014,2012-10-15,3291294.0,-0.2,0.9448,"(-0.2,0.9448)",0.3970487,0.1460215,0.0213223,0.4784,0.7518,0.3647,0.0227,0.2961
MOD13Q1_061__250m_16_days_NDVI_doy2012305000000_aid0014,_250m_16_days_NDVI,aid0014,2012-10-31,3294966.0,-0.2,0.9194,"(-0.2,0.9194)",0.3919405,0.149057,0.022218,0.4899,0.8038,0.3694,-0.0333,0.2806
MOD13Q1_061__250m_16_days_NDVI_doy2012321000000_aid0014,_250m_16_days_NDVI,aid0014,2012-11-16,3295606.0,-0.2,0.9344,"(-0.2,0.9344)",0.3851556,0.1385081,0.0191845,0.4854,0.7963,0.3724,-0.0328,0.2781
MOD13Q1_061__250m_16_days_NDVI_doy2012337000000_aid0014,_250m_16_days_NDVI,aid0014,2012-12-02,3297170.0,-0.2,0.9488,"(-0.2,0.9488)",0.3613623,0.1328463,0.0176481,0.4563,0.7531,0.3465,-0.0384,0.2584
MOD13Q1_061__250m_16_days_NDVI_doy2012353000000_aid0014,_250m_16_days_NDVI,aid0014,2012-12-18,3298629.0,-0.2,0.9832,"(-0.2,0.9832)",0.3748589,0.1452351,0.0210932,0.4814,0.8292,0.371,-0.0983,0.2495
MOD13Q1_061__250m_16_days_NDVI_doy2013001000000_aid0014,_250m_16_days_NDVI,aid0014,2013-01-01,3297107.0,-0.2,0.9444,"(-0.2,0.9444)",0.3668345,0.1473289,0.0217058,0.4684,0.8062,0.3578,-0.0946,0.2432
MOD13Q1_061__250m_16_days_NDVI_doy2013017000000_aid0014,_250m_16_days_NDVI,aid0014,2013-01-17,3295620.0,-0.2,0.9607,"(-0.2,0.9607)",0.3740066,0.1460233,0.0213228,0.4688,0.7799,0.3557,-0.0497,0.2614
MOD13Q1_061__250m_16_days_NDVI_doy2013033000000_aid0014,_250m_16_days_NDVI,aid0014,2013-02-02,3296190.0,-0.2,0.9403,"(-0.2,0.9403)",0.3480982,0.1323825,0.0175251,0.4247,0.6815,0.3281,-0.0033,0.2535
MOD13Q1_061__250m_16_days_NDVI_doy2013049000000_aid0014,_250m_16_days_NDVI,aid0014,2013-02-18,3294858.0,-0.2,0.9707,"(-0.2,0.9707)",0.3577725,0.1176697,0.0138462,0.4218,0.6361,0.3437,0.0646,0.2789
MOD13Q1_061__250m_16_days_NDVI_doy2013065000000_aid0014,_250m_16_days_NDVI,aid0014,2013-03-06,3293427.0,-0.2,0.9217,"(-0.2,0.9217)",0.3679241,0.1164832,0.0135683,0.4324,0.646,0.3553,0.0764,0.29
MOD13Q1_061__250m_16_days_NDVI_doy2013081000000_aid0014,_250m_16_days_NDVI,aid0014,2013-03-22,3293057.0,-0.2,0.9126,"(-0.2,0.9126)",0.408869,0.1111948,0.0123643,0.4792,0.6961,0.4102,0.1177,0.3346
MOD13Q1_061__250m_16_days_NDVI_doy2013097000000_aid0014,_250m_16_days_NDVI,aid0014,2013-04-07,3292217.0,-0.2,0.9971,"(-0.2,0.9971)",0.4117592,0.114839,0.013188,0.4829,0.7016,0.4121,0.1184,0.3371
MOD13Q1_061__250m_16_days_NDVI_doy2013113000000_aid0014,_250m_16_days_NDVI,aid0014,2013-04-23,3292312.0,-0.2,0.9833,"(-0.2,0.9833)",0.4289121,0.1176312,0.0138371,0.4975,0.7138,0.4215,0.137,0.3533
MOD13Q1_061__250m_16_days_NDVI_doy2013129000000_aid0014,_250m_16_days_NDVI,aid0014,2013-05-09,3291843.0,-0.2,0.9308,"(-0.2,0.9308)",0.4257016,0.1213027,0.0147144,0.4993,0.7322,0.42,0.1111,0.344
MOD13Q1_061__250m_16_days_NDVI_doy2013145000000_aid0014,_250m_16_days_NDVI,aid0014,2013-05-25,3294434.0,-0.2,0.9845,"(-0.2,0.9845)",0.3915522,0.1026616,0.0105394,0.4525,0.641,0.3883,0.1383,0.3268
MOD13Q1_061__250m_16_days_NDVI_doy2013161000000_aid0014,_250m_16_days_NDVI,aid0014,2013-06-10,3294082.0,-0.2,0.8886,"(-0.2,0.8886)",0.3704618,0.0938694,0.0088115,0.4255,0.5959,0.3686,0.1415,0.3119
MOD13Q1_061__250m_16_days_NDVI_doy2013177000000_aid0014,_250m_16_days_NDVI,aid0014,2013-06-26,3297717.0,-0.2,0.909,"(-0.2,0.909)",0.3585779,0.0886855,0.0078651,0.4119,0.5755,0.3569,0.1392,0.3028
MOD13Q1_061__250m_16_days_NDVI_doy2013193000000_aid0014,_250m_16_days_NDVI,aid0014,2013-07-12,3294113.0,-0.2,0.9004,"(-0.2,0.9004)",0.3581855,0.0891249,0.0079432,0.4141,0.5876,0.3597,0.1249,0.2984
MOD13Q1_061__250m_16_days_NDVI_doy2013209000000_aid0014,_250m_16_days_NDVI,aid0014,2013-07-28,3295866.0,-0.2,0.8923,"(-0.2,0.8923)",0.3338569,0.0879109,0.0077283,0.3847,0.5473,0.3289,0.1137,0.2763
MOD13Q1_061__250m_16_days_NDVI_doy2013225000000_aid0014,_250m_16_days_NDVI,aid0014,2013-08-13,3294503.0,-0.2,0.9873,"(-0.2,0.9873)",0.3228858,0.0890924,0.0079374,0.3741,0.5379,0.3146,0.1011,0.2649
MOD13Q1_061__250m_16_days_NDVI_doy2013241000000_aid0014,_250m_16_days_NDVI,aid0014,2013-08-29,3295565.0,-0.2,0.9985,"(-0.2,0.9985)",0.3186269,0.0932882,0.0087027,0.3645,0.5185,0.3085,0.1078,0.2618
MOD13Q1_061__250m_16_days_NDVI_doy2013257000000_aid0014,_250m_16_days_NDVI,aid0014,2013-09-14,3294993.0,-0.2,0.9558,"(-0.2,0.9558)",0.3285463,0.1099957,0.012099,0.3812,0.5667,0.3084,0.072,0.2575
MOD13Q1_061__250m_16_days_NDVI_doy2013273000000_aid0014,_250m_16_days_NDVI,aid0014,2013-09-30,3292809.0,-0.2,0.9385,"(-0.2,0.9385)",0.3714667,0.1376658,0.0189519,0.434,0.6581,0.3387,0.0605,0.2846
MOD13Q1_061__250m_16_days_NDVI_doy2013289000000_aid0014,_250m_16_days_NDVI,aid0014,2013-10-16,3291236.0,-0.2,0.9687,"(-0.2,0.9687)",0.4108906,0.1436106,0.020624,0.4783,0.7142,0.3809,0.0851,0.321
MOD13Q1_061__250m_16_days_NDVI_doy2013305000000_aid0014,_250m_16_days_NDVI,aid0014,2013-11-01,3295416.0,-0.2,0.978,"(-0.2,0.978)",0.439346,0.1432322,0.0205154,0.528,0.8098,0.435,0.0583,0.3401
MOD13Q1_061__250m_16_days_NDVI_doy2013321000000_aid0014,_250m_16_days_NDVI,aid0014,2013-11-17,3294411.0,-0.2,0.986,"(-0.2,0.986)",0.3826363,0.1213163,0.0147176,0.4662,0.7258,0.3778,0.0335,0.2931
MOD13Q1_061__250m_16_days_NDVI_doy2013337000000_aid0014,_250m_16_days_NDVI,aid0014,2013-12-03,3296813.0,-0.2,0.9629,"(-0.2,0.9629)",0.3226611,0.1042959,0.0108776,0.392,0.6072,0.3081,0.0333,0.2485
MOD13Q1_061__250m_16_days_NDVI_doy2013353000000_aid0014,_250m_16_days_NDVI,aid0014,2013-12-19,3295839.0,-0.2,0.9947,"(-0.2,0.9947)",0.3085279,0.1045543,0.0109316,0.3718,0.5761,0.2883,0.0313,0.2356
MOD13Q1_061__250m_16_days_NDVI_doy2014001000000_aid0014,_250m_16_days_NDVI,aid0014,2014-01-01,3297402.0,-0.2,0.889,"(-0.2,0.889)",0.2869939,0.0992351,0.0098476,0.344,0.534,0.2666,0.0273,0.2173
MOD13Q1_061__250m_16_days_NDVI_doy2014017000000_aid0014,_250m_16_days_NDVI,aid0014,2014-01-17,3297266.0,-0.2,0.9183,"(-0.2,0.9183)",0.2926922,0.1046496,0.0109515,0.3483,0.5404,0.2716,0.0281,0.2202
MOD13Q1_061__250m_16_days_NDVI_doy2014033000000_aid0014,_250m_16_days_NDVI,aid0014,2014-02-02,3297110.0,-0.2,0.9207,"(-0.2,0.9207)",0.3017136,0.1125626,0.0126703,0.3613,0.5701,0.2792,0.0133,0.2221
MOD13Q1_061__250m_16_days_NDVI_doy2014049000000_aid0014,_250m_16_days_NDVI,aid0014,2014-02-18,3296203.0,-0.2,0.9628,"(-0.2,0.9628)",0.3393421,0.1352375,0.0182892,0.4199,0.695,0.3146,-0.0386,0.2365
MOD13Q1_061__250m_16_days_NDVI_doy2014065000000_aid0014,_250m_16_days_NDVI,aid0014,2014-03-06,3297457.0,-0.1997,0.9687,"(-0.1997,0.9687)",0.3387607,0.1304709,0.0170227,0.4257,0.7111,0.3195,-0.05,0.2354
MOD13Q1_061__250m_16_days_NDVI_doy2014081000000_aid0014,_250m_16_days_NDVI,aid0014,2014-03-22,3295826.0,-0.2,0.9073,"(-0.2,0.9073)",0.3623744,0.1233877,0.0152245,0.4449,0.7051,0.3447,0.0112,0.2714
MOD13Q1_061__250m_16_days_NDVI_doy2014097000000_aid0014,_250m_16_days_NDVI,aid0014,2014-04-07,3287600.0,-0.2,0.9768,"(-0.2,0.9768)",0.4038142,0.1355893,0.0183845,0.49,0.7675,0.3917,0.0275,0.305
MOD13Q1_061__250m_16_days_NDVI_doy2014113000000_aid0014,_250m_16_days_NDVI,aid0014,2014-04-23,3289774.0,-0.2,0.9974,"(-0.2,0.9974)",0.435434,0.118769,0.0141061,0.5066,0.7169,0.4334,0.1561,0.3664
MOD13Q1_061__250m_16_days_NDVI_doy2014129000000_aid0014,_250m_16_days_NDVI,aid0014,2014-05-09,3285255.0,-0.2,0.9894,"(-0.2,0.9894)",0.5035178,0.1297309,0.0168301,0.5785,0.8006,0.5,0.2083,0.4304
MOD13Q1_061__250m_16_days_NDVI_doy2014145000000_aid0014,_250m_16_days_NDVI,aid0014,2014-05-25,3284049.0,-0.2,0.9382,"(-0.2,0.9382)",0.4995476,0.1300992,0.0169258,0.5768,0.8045,0.4948,0.1973,0.425
MOD13Q1_061__250m_16_days_NDVI_doy2014161000000_aid0014,_250m_16_days_NDVI,aid0014,2014-06-10,3284033.0,-0.2,0.9327,"(-0.2,0.9327)",0.5066463,0.1264454,0.0159885,0.5812,0.7955,0.5052,0.224,0.4383
MOD13Q1_061__250m_16_days_NDVI_doy2014177000000_aid0014,_250m_16_days_NDVI,aid0014,2014-06-26,3287528.0,-0.2,0.9379,"(-0.2,0.9379)",0.4795687,0.1210547,0.0146542,0.5497,0.7468,0.4823,0.2212,0.4183
MOD13Q1_061__250m_16_days_NDVI_doy2014193000000_aid0014,_250m_16_days_NDVI,aid0014,2014-07-12,3282159.0,-0.2,0.9832,"(-0.2,0.9832)",0.4929277,0.1250708,0.0156427,0.5694,0.7887,0.4917,0.2039,0.4232
MOD13Q1_061__250m_16_days_NDVI_doy2014209000000_aid0014,_250m_16_days_NDVI,aid0014,2014-07-28,3287084.0,-0.2,0.9161,"(-0.2,0.9161)",0.4768255,0.1264441,0.0159881,0.5546,0.7809,0.472,0.1774,0.4037
MOD13Q1_061__250m_16_days_NDVI_doy2014225000000_aid0014,_250m_16_days_NDVI,aid0014,2014-08-13,3286928.0,-0.2,0.9236,"(-0.2,0.9236)",0.4839519,0.1234834,0.0152481,0.5584,0.7726,0.473,0.2014,0.4156
MOD13Q1_061__250m_16_days_NDVI_doy2014241000000_aid0014,_250m_16_days_NDVI,aid0014,2014-08-29,3283157.0,-0.2,0.9297,"(-0.2,0.9297)",0.5113772,0.1352714,0.0182983,0.6035,0.8655,0.498,0.1668,0.4288
MOD13Q1_061__250m_16_days_NDVI_doy2014257000000_aid0014,_250m_16_days_NDVI,aid0014,2014-09-14,3286683.0,-0.2,0.9814,"(-0.2,0.9814)",0.5323678,0.1483038,0.021994,0.6429,0.9308,0.5203,0.1179,0.4329
MOD13Q1_061__250m_16_days_NDVI_doy2014273000000_aid0014,_250m_16_days_NDVI,aid0014,2014-09-30,3282410.0,-0.2,0.974,"(-0.2,0.974)",0.5665603,0.1451465,0.0210675,0.6788,0.974,0.5504,0.1553,0.4694
MOD13Q1_061__250m_16_days_NDVI_doy2014289000000_aid0014,_250m_16_days_NDVI,aid0014,2014-10-16,3285909.0,-0.2,0.9931,"(-0.2,0.9931)",0.5577133,0.1559128,0.0243088,0.6777,0.9931,0.5512,0.1037,0.4481
MOD13Q1_061__250m_16_days_NDVI_doy2014305000000_aid0014,_250m_16_days_NDVI,aid0014,2014-11-01,3290133.0,-0.2,0.9779,"(-0.2,0.9779)",0.5102303,0.1554491,0.0241644,0.6313,0.9779,0.5135,0.0261,0.3892
MOD13Q1_061__250m_16_days_NDVI_doy2014321000000_aid0014,_250m_16_days_NDVI,aid0014,2014-11-17,3289334.0,-0.2,0.9961,"(-0.2,0.9961)",0.4536824,0.1386022,0.0192106,0.5565,0.8701,0.4434,0.0338,0.3474
MOD13Q1_061__250m_16_days_NDVI_doy2014337000000_aid0014,_250m_16_days_NDVI,aid0014,2014-12-03,3291045.0,-0.2,0.9708,"(-0.2,0.9708)",0.390285,0.1101627,0.0121358,0.4604,0.677,0.3812,0.0994,0.316
MOD13Q1_061__250m_16_days_NDVI_doy2014353000000_aid0014,_250m_16_days_NDVI,aid0014,2014-12-19,3288102.0,-0.2,0.9149,"(-0.2,0.9149)",0.3467818,0.0992553,0.0098516,0.4038,0.5871,0.3335,0.0983,0.2816
MOD13Q1_061__250m_16_days_NDVI_doy2015001000000_aid0014,_250m_16_days_NDVI,aid0014,2015-01-01,3292032.0,-0.2,0.9482,"(-0.2,0.9482)",0.345168,0.1037213,0.0107581,0.402,0.5877,0.3312,0.0925,0.2782
MOD13Q1_061__250m_16_days_NDVI_doy2015017000000_aid0014,_250m_16_days_NDVI,aid0014,2015-01-17,3291704.0,-0.2,0.9822,"(-0.2,0.9822)",0.3735805,0.1189868,0.0141579,0.4406,0.6644,0.3585,0.0676,0.2914
MOD13Q1_061__250m_16_days_NDVI_doy2015033000000_aid0014,_250m_16_days_NDVI,aid0014,2015-02-02,3286762.0,-0.2,0.9954,"(-0.2,0.9954)",0.4188358,0.1342434,0.0180213,0.5032,0.773,0.4093,0.0535,0.3233
MOD13Q1_061__250m_16_days_NDVI_doy2015049000000_aid0014,_250m_16_days_NDVI,aid0014,2015-02-18,3288486.0,-0.2,0.9327,"(-0.2,0.9327)",0.45608,0.1334798,0.0178169,0.5435,0.8081,0.4554,0.1025,0.3671
MOD13Q1_061__250m_16_days_NDVI_doy2015065000000_aid0014,_250m_16_days_NDVI,aid0014,2015-03-06,3289066.0,-0.2,0.9679,"(-0.2,0.9679)",0.4722788,0.1274514,0.0162438,0.556,0.8006,0.479,0.1483,0.3929
MOD13Q1_061__250m_16_days_NDVI_doy2015081000000_aid0014,_250m_16_days_NDVI,aid0014,2015-03-22,3290400.0,-0.2,0.9804,"(-0.2,0.9804)",0.4697767,0.123199,0.015178,0.5539,0.7952,0.4768,0.1517,0.393
MOD13Q1_061__250m_16_days_NDVI_doy2015097000000_aid0014,_250m_16_days_NDVI,aid0014,2015-04-07,3291040.0,-0.2,0.9672,"(-0.2,0.9672)",0.4826011,0.1163828,0.013545,0.5597,0.7773,0.4941,0.197,0.4146
MOD13Q1_061__250m_16_days_NDVI_doy2015113000000_aid0014,_250m_16_days_NDVI,aid0014,2015-04-23,3286468.0,-0.2,0.9327,"(-0.2,0.9327)",0.4890448,0.1179703,0.013917,0.5644,0.7757,0.5013,0.2122,0.4235
MOD13Q1_061__250m_16_days_NDVI_doy2015129000000_aid0014,_250m_16_days_NDVI,aid0014,2015-05-09,3284375.0,-0.2,0.9792,"(-0.2,0.9792)",0.5009846,0.1168295,0.0136491,0.5742,0.7842,0.5118,0.2242,0.4342
MOD13Q1_061__250m_16_days_NDVI_doy2015145000000_aid0014,_250m_16_days_NDVI,aid0014,2015-05-25,3289907.0,-0.2,0.9578,"(-0.2,0.9578)",0.4913023,0.1190462,0.014172,0.565,0.7766,0.5021,0.2123,0.4239
MOD13Q1_061__250m_16_days_NDVI_doy2015161000000_aid0014,_250m_16_days_NDVI,aid0014,2015-06-10,3285011.0,-0.2,0.9069,"(-0.2,0.9069)",0.4819314,0.1106957,0.0122535,0.5503,0.7435,0.4927,0.2283,0.4215
MOD13Q1_061__250m_16_days_NDVI_doy2015177000000_aid0014,_250m_16_days_NDVI,aid0014,2015-06-26,3286579.0,-0.2,0.8467,"(-0.2,0.8467)",0.4391186,0.0995891,0.009918,0.5039,0.6852,0.4473,0.2017,0.383
MOD13Q1_061__250m_16_days_NDVI_doy2015193000000_aid0014,_250m_16_days_NDVI,aid0014,2015-07-12,3287064.0,-0.2,0.9921,"(-0.2,0.9921)",0.403403,0.0917735,0.0084224,0.4615,0.6263,0.4084,0.1868,0.3516
MOD13Q1_061__250m_16_days_NDVI_doy2015209000000_aid0014,_250m_16_days_NDVI,aid0014,2015-07-28,3290013.0,-0.2,0.8992,"(-0.2,0.8992)",0.4067203,0.0921499,0.0084916,0.4647,0.6328,0.4087,0.1845,0.3526
MOD13Q1_061__250m_16_days_NDVI_doy2015225000000_aid0014,_250m_16_days_NDVI,aid0014,2015-08-13,3288159.0,-0.2,0.9224,"(-0.2,0.9224)",0.4097575,0.099179,0.0098365,0.4676,0.6432,0.4094,0.1749,0.3505
MOD13Q1_061__250m_16_days_NDVI_doy2015241000000_aid0014,_250m_16_days_NDVI,aid0014,2015-08-29,3288007.0,-0.2,0.9541,"(-0.2,0.9541)",0.4094842,0.1099801,0.0120956,0.4744,0.6769,0.4056,0.1369,0.3394
MOD13Q1_061__250m_16_days_NDVI_doy2015257000000_aid0014,_250m_16_days_NDVI,aid0014,2015-09-14,3288632.0,-0.2,0.9526,"(-0.2,0.9526)",0.4047456,0.114174,0.0130357,0.467,0.6734,0.3989,0.123,0.3294
MOD13Q1_061__250m_16_days_NDVI_doy2015273000000_aid0014,_250m_16_days_NDVI,aid0014,2015-09-30,3288076.0,-0.2,0.9915,"(-0.2,0.9915)",0.4117768,0.1206413,0.0145543,0.4756,0.6913,0.4024,0.1161,0.3318
MOD13Q1_061__250m_16_days_NDVI_doy2015289000000_aid0014,_250m_16_days_NDVI,aid0014,2015-10-16,3290270.0,-0.2,0.9704,"(-0.2,0.9704)",0.4228176,0.1298561,0.0168626,0.4889,0.7131,0.4096,0.1152,0.3394
MOD13Q1_061__250m_16_days_NDVI_doy2015305000000_aid0014,_250m_16_days_NDVI,aid0014,2015-11-01,3289274.0,-0.2,0.9491,"(-0.2,0.9491)",0.4318458,0.1380761,0.019065,0.5113,0.7768,0.4244,0.0688,0.3343
MOD13Q1_061__250m_16_days_NDVI_doy2015321000000_aid0014,_250m_16_days_NDVI,aid0014,2015-11-17,3289829.0,-0.2,0.9929,"(-0.2,0.9929)",0.4387611,0.1349108,0.0182009,0.5313,0.8203,0.4415,0.0496,0.3386
MOD13Q1_061__250m_16_days_NDVI_doy2015337000000_aid0014,_250m_16_days_NDVI,aid0014,2015-12-03,3291082.0,-0.2,0.9746,"(-0.2,0.9746)",0.4081181,0.1287758,0.0165832,0.4956,0.7719,0.4029,0.0351,0.3114
MOD13Q1_061__250m_16_days_NDVI_doy2015353000000_aid0014,_250m_16_days_NDVI,aid0014,2015-12-19,3293914.0,-0.2,0.9148,"(-0.2,0.9148)",0.3941039,0.1313527,0.0172535,0.4831,0.7631,0.3859,0.0164,0.2964
MOD13Q1_061__250m_16_days_NDVI_doy2007353000000_aid0015,_250m_16_days_NDVI,aid0015,2007-12-19,3417256.0,-0.2,0.9994,"(-0.2,0.9994)",0.6396547,0.1250125,0.0156281,0.7195,0.9505,0.6411,0.3345,0.5655
MOD13Q1_061__250m_16_days_NDVI_doy2008001000000_aid0015,_250m_16_days_NDVI,aid0015,2008-01-01,3417821.0,-0.2,0.9963,"(-0.2,0.9963)",0.6621207,0.1292806,0.0167135,0.7501,0.9963,0.6684,0.3384,0.5854
MOD13Q1_061__250m_16_days_NDVI_doy2008017000000_aid0015,_250m_16_days_NDVI,aid0015,2008-01-17,3427232.0,-0.2,0.9987,"(-0.2,0.9987)",0.6664302,0.1333222,0.0177748,0.7632,0.9987,0.6663,0.3207,0.5862
MOD13Q1_061__250m_16_days_NDVI_doy2008033000000_aid0015,_250m_16_days_NDVI,aid0015,2008-02-02,3417963.0,-0.2,0.9984,"(-0.2,0.9984)",0.6695043,0.1340027,0.0179567,0.7691,0.9984,0.6649,0.3039,0.583
MOD13Q1_061__250m_16_days_NDVI_doy2008049000000_aid0015,_250m_16_days_NDVI,aid0015,2008-02-18,3439194.0,-0.2,0.9993,"(-0.2,0.9993)",0.6346358,0.1552098,0.0240901,0.7467,0.9993,0.6322,0.2282,0.5393
MOD13Q1_061__250m_16_days_NDVI_doy2008065000000_aid0015,_250m_16_days_NDVI,aid0015,2008-03-05,3422582.0,-0.2,0.9993,"(-0.2,0.9993)",0.6772658,0.1327869,0.0176324,0.7693,0.9993,0.6783,0.3441,0.5992
MOD13Q1_061__250m_16_days_NDVI_doy2008081000000_aid0015,_250m_16_days_NDVI,aid0015,2008-03-21,3417382.0,-0.2,0.9975,"(-0.2,0.9975)",0.643924,0.1240961,0.0153998,0.7253,0.9578,0.6473,0.3343,0.5689
MOD13Q1_061__250m_16_days_NDVI_doy2008097000000_aid0015,_250m_16_days_NDVI,aid0015,2008-04-06,3412933.0,-0.2,0.9991,"(-0.2,0.9991)",0.6077466,0.1270004,0.0161291,0.6857,0.9069,0.6144,0.317,0.5382
MOD13Q1_061__250m_16_days_NDVI_doy2008113000000_aid0015,_250m_16_days_NDVI,aid0015,2008-04-22,3409471.0,-0.2,0.9969,"(-0.2,0.9969)",0.6051047,0.1343127,0.0180399,0.6903,0.924,0.6146,0.3006,0.5344
MOD13Q1_061__250m_16_days_NDVI_doy2008129000000_aid0015,_250m_16_days_NDVI,aid0015,2008-05-08,3409402.0,-0.2,0.9817,"(-0.2,0.9817)",0.594567,0.128389,0.0164837,0.6688,0.8764,0.6003,0.3228,0.5304
MOD13Q1_061__250m_16_days_NDVI_doy2008145000000_aid0015,_250m_16_days_NDVI,aid0015,2008-05-24,3409122.0,-0.2,0.9955,"(-0.2,0.9955)",0.6123637,0.1247252,0.0155564,0.6852,0.8853,0.6235,0.3517,0.5518
MOD13Q1_061__250m_16_days_NDVI_doy2008161000000_aid0015,_250m_16_days_NDVI,aid0015,2008-06-09,3408759.0,-0.2,0.9982,"(-0.2,0.9982)",0.5918689,0.1286629,0.0165541,0.6696,0.8907,0.5969,0.3011,0.5222
MOD13Q1_061__250m_16_days_NDVI_doy2008177000000_aid0015,_250m_16_days_NDVI,aid0015,2008-06-25,3412786.0,-0.2,0.9989,"(-0.2,0.9989)",0.5701745,0.1350203,0.0182305,0.654,0.886,0.5731,0.2673,0.4993
MOD13Q1_061__250m_16_days_NDVI_doy2008193000000_aid0015,_250m_16_days_NDVI,aid0015,2008-07-11,3411696.0,-0.2,0.9991,"(-0.2,0.9991)",0.6028292,0.1229498,0.0151167,0.6812,0.9018,0.6056,0.3135,0.5341
MOD13Q1_061__250m_16_days_NDVI_doy2008209000000_aid0015,_250m_16_days_NDVI,aid0015,2008-07-27,3439024.0,-0.2,0.9976,"(-0.2,0.9976)",0.6149132,0.1372262,0.018831,0.699,0.9261,0.623,0.3205,0.5476
MOD13Q1_061__250m_16_days_NDVI_doy2008225000000_aid0015,_250m_16_days_NDVI,aid0015,2008-08-12,3412605.0,-0.2,0.9936,"(-0.2,0.9936)",0.6250155,0.1274329,0.0162391,0.7081,0.9425,0.6274,0.3171,0.5517
MOD13Q1_061__250m_16_days_NDVI_doy2008241000000_aid0015,_250m_16_days_NDVI,aid0015,2008-08-28,3413950.0,-0.2,0.9992,"(-0.2,0.9992)",0.6173474,0.1221359,0.0149172,0.692,0.9074,0.6192,0.333,0.5484
MOD13Q1_061__250m_16_days_NDVI_doy2008257000000_aid0015,_250m_16_days_NDVI,aid0015,2008-09-13,3410447.0,-0.2,0.9963,"(-0.2,0.9963)",0.6022775,0.1248784,0.0155946,0.6784,0.9023,0.604,0.3052,0.5291
MOD13Q1_061__250m_16_days_NDVI_doy2008273000000_aid0015,_250m_16_days_NDVI,aid0015,2008-09-29,3412057.0,-0.2,0.9871,"(-0.2,0.9871)",0.5954134,0.1200192,0.0144046,0.6639,0.8601,0.6007,0.3369,0.5331
MOD13Q1_061__250m_16_days_NDVI_doy2008289000000_aid0015,_250m_16_days_NDVI,aid0015,2008-10-15,3426213.0,-0.2,0.9933,"(-0.2,0.9933)",0.6222654,0.1383626,0.0191442,0.7075,0.9349,0.6411,0.3283,0.5558
MOD13Q1_061__250m_16_days_NDVI_doy2008305000000_aid0015,_250m_16_days_NDVI,aid0015,2008-10-31,3400754.0,-0.2,0.9993,"(-0.2,0.9993)",0.6251105,0.1552856,0.0241136,0.7267,0.9876,0.6571,0.29,0.552
MOD13Q1_061__250m_16_days_NDVI_doy2008321000000_aid0015,_250m_16_days_NDVI,aid0015,2008-11-16,3413010.0,-0.2,0.9906,"(-0.2,0.9906)",0.6009792,0.1486861,0.0221076,0.6962,0.9424,0.6222,0.2817,0.5304
MOD13Q1_061__250m_16_days_NDVI_doy2008337000000_aid0015,_250m_16_days_NDVI,aid0015,2008-12-02,3418086.0,-0.2,0.9992,"(-0.2,0.9992)",0.575014,0.1430997,0.0204775,0.6689,0.9404,0.5814,0.2159,0.4877
MOD13Q1_061__250m_16_days_NDVI_doy2008353000000_aid0015,_250m_16_days_NDVI,aid0015,2008-12-18,3417387.0,-0.2,0.9707,"(-0.2,0.9707)",0.5621424,0.1442404,0.0208053,0.6539,0.9354,0.5552,0.1842,0.466
MOD13Q1_061__250m_16_days_NDVI_doy2009001000000_aid0015,_250m_16_days_NDVI,aid0015,2009-01-01,3418250.0,-0.2,0.9993,"(-0.2,0.9993)",0.563227,0.1515348,0.0229628,0.6722,0.9993,0.5542,0.1207,0.4516
MOD13Q1_061__250m_16_days_NDVI_doy2009017000000_aid0015,_250m_16_days_NDVI,aid0015,2009-01-17,3417462.0,-0.2,0.9992,"(-0.2,0.9992)",0.6038199,0.1677418,0.0281373,0.7399,0.9992,0.6048,0.0904,0.4801
MOD13Q1_061__250m_16_days_NDVI_doy2009033000000_aid0015,_250m_16_days_NDVI,aid0015,2009-02-02,3418354.0,-0.2,0.9967,"(-0.2,0.9967)",0.6510483,0.1551228,0.0240631,0.7725,0.9967,0.6539,0.201,0.5439
MOD13Q1_061__250m_16_days_NDVI_doy2009049000000_aid0015,_250m_16_days_NDVI,aid0015,2009-02-18,3427325.0,-0.2,0.9993,"(-0.2,0.9993)",0.6901846,0.1447453,0.0209512,0.796,0.9993,0.7006,0.3123,0.6025
MOD13Q1_061__250m_16_days_NDVI_doy2009065000000_aid0015,_250m_16_days_NDVI,aid0015,2009-03-06,3415583.0,-0.2,0.9974,"(-0.2,0.9974)",0.7241848,0.1231767,0.0151725,0.8139,0.9974,0.7308,0.4084,0.6517
MOD13Q1_061__250m_16_days_NDVI_doy2009081000000_aid0015,_250m_16_days_NDVI,aid0015,2009-03-22,3418257.0,-0.2,0.9907,"(-0.2,0.9907)",0.6460929,0.1227884,0.015077,0.7277,0.9562,0.6505,0.3455,0.5748
MOD13Q1_061__250m_16_days_NDVI_doy2009097000000_aid0015,_250m_16_days_NDVI,aid0015,2009-04-07,3414156.0,-0.2,0.959,"(-0.2,0.959)",0.573616,0.1386625,0.0192273,0.6666,0.9361,0.5744,0.2099,0.4839
MOD13Q1_061__250m_16_days_NDVI_doy2009113000000_aid0015,_250m_16_days_NDVI,aid0015,2009-04-23,3414294.0,-0.2,0.9484,"(-0.2,0.9484)",0.5442396,0.1386374,0.0192203,0.6329,0.897,0.5427,0.1927,0.4568
MOD13Q1_061__250m_16_days_NDVI_doy2009129000000_aid0015,_250m_16_days_NDVI,aid0015,2009-05-09,3414914.0,-0.2,0.9924,"(-0.2,0.9924)",0.5313028,0.1422324,0.02023,0.6236,0.9102,0.5283,0.1459,0.4325
MOD13Q1_061__250m_16_days_NDVI_doy2009145000000_aid0015,_250m_16_days_NDVI,aid0015,2009-05-25,3419404.0,-0.2,0.9702,"(-0.2,0.9702)",0.5283194,0.1370229,0.0187753,0.612,0.8673,0.5285,0.1865,0.4418
MOD13Q1_061__250m_16_days_NDVI_doy2009161000000_aid0015,_250m_16_days_NDVI,aid0015,2009-06-10,3410289.0,-0.2,0.9988,"(-0.2,0.9988)",0.5469777,0.1303606,0.0169939,0.6235,0.8602,0.5443,0.229,0.4657
MOD13Q1_061__250m_16_days_NDVI_doy2009177000000_aid0015,_250m_16_days_NDVI,aid0015,2009-06-26,3412435.0,-0.2,0.9942,"(-0.2,0.9942)",0.5643815,0.1284651,0.0165033,0.6473,0.893,0.5628,0.2378,0.4835
MOD13Q1_061__250m_16_days_NDVI_doy2009193000000_aid0015,_250m_16_days_NDVI,aid0015,2009-07-12,3411472.0,-0.2,0.9987,"(-0.2,0.9987)",0.5819037,0.1308102,0.0171113,0.6698,0.9241,0.574,0.2453,0.5
MOD13Q1_061__250m_16_days_NDVI_doy2009209000000_aid0015,_250m_16_days_NDVI,aid0015,2009-07-28,3408450.0,-0.2,0.9737,"(-0.2,0.9737)",0.5688398,0.1338049,0.0179038,0.6623,0.9279,0.5568,0.2053,0.4795
MOD13Q1_061__250m_16_days_NDVI_doy2009225000000_aid0015,_250m_16_days_NDVI,aid0015,2009-08-13,3409353.0,-0.2,0.9974,"(-0.2,0.9974)",0.5690494,0.1411555,0.0199249,0.6669,0.951,0.5589,0.1839,0.4737
MOD13Q1_061__250m_16_days_NDVI_doy2009241000000_aid0015,_250m_16_days_NDVI,aid0015,2009-08-29,3413038.0,-0.2,0.9976,"(-0.2,0.9976)",0.6124932,0.131933,0.0174063,0.7001,0.9497,0.6164,0.2811,0.5325
MOD13Q1_061__250m_16_days_NDVI_doy2009257000000_aid0015,_250m_16_days_NDVI,aid0015,2009-09-14,3407815.0,-0.2,0.9967,"(-0.2,0.9967)",0.6347624,0.126976,0.0161229,0.7188,0.9477,0.644,0.3366,0.5659
MOD13Q1_061__250m_16_days_NDVI_doy2009273000000_aid0015,_250m_16_days_NDVI,aid0015,2009-09-30,3411096.0,-0.2,0.9893,"(-0.2,0.9893)",0.6251023,0.1236408,0.0152871,0.7034,0.9186,0.6335,0.3444,0.5598
MOD13Q1_061__250m_16_days_NDVI_doy2009289000000_aid0015,_250m_16_days_NDVI,aid0015,2009-10-16,3409416.0,-0.2,0.9965,"(-0.2,0.9965)",0.6138671,0.1267931,0.0160765,0.691,0.9062,0.6227,0.3323,0.5475
MOD13Q1_061__250m_16_days_NDVI_doy2009305000000_aid0015,_250m_16_days_NDVI,aid0015,2009-11-01,3413060.0,-0.2,0.9993,"(-0.2,0.9993)",0.6171005,0.1461625,0.0213635,0.7147,0.9754,0.6379,0.28,0.5408
MOD13Q1_061__250m_16_days_NDVI_doy2009321000000_aid0015,_250m_16_days_NDVI,aid0015,2009-11-17,3404250.0,-0.2,0.9978,"(-0.2,0.9978)",0.6327348,0.1643017,0.026995,0.738,0.9884,0.676,0.3178,0.5699
MOD13Q1_061__250m_16_days_NDVI_doy2009337000000_aid0015,_250m_16_days_NDVI,aid0015,2009-12-03,3405517.0,-0.2,0.9985,"(-0.2,0.9985)",0.6498452,0.155805,0.0242752,0.7513,0.9985,0.6832,0.3293,0.5825
MOD13Q1_061__250m_16_days_NDVI_doy2009353000000_aid0015,_250m_16_days_NDVI,aid0015,2009-12-19,3409346.0,-0.2,0.9995,"(-0.2,0.9995)",0.6683434,0.1332485,0.0177552,0.7536,0.9583,0.6972,0.4121,0.617
MOD13Q1_061__250m_16_days_NDVI_doy2010001000000_aid0015,_250m_16_days_NDVI,aid0015,2010-01-01,3429961.0,-0.2,0.9992,"(-0.2,0.9992)",0.7159332,0.1406093,0.019771,0.7968,0.9786,0.7439,0.4938,0.6756
MOD13Q1_061__250m_16_days_NDVI_doy2010017000000_aid0015,_250m_16_days_NDVI,aid0015,2010-01-17,3405806.0,-0.2,0.9991,"(-0.2,0.9991)",0.7350115,0.1195982,0.0143037,0.8056,0.9766,0.7508,0.5206,0.6916
MOD13Q1_061__250m_16_days_NDVI_doy2010033000000_aid0015,_250m_16_days_NDVI,aid0015,2010-02-02,3413235.0,-0.2,0.999,"(-0.2,0.999)",0.7331924,0.1146297,0.01314,0.7999,0.9651,0.7445,0.5242,0.6896
MOD13Q1_061__250m_16_days_NDVI_doy2010049000000_aid0015,_250m_16_days_NDVI,aid0015,2010-02-18,3409252.0,-0.2,0.9989,"(-0.2,0.9989)",0.7468021,0.1091019,0.0119032,0.8106,0.9723,0.7534,0.5409,0.7027
MOD13Q1_061__250m_16_days_NDVI_doy2010065000000_aid0015,_250m_16_days_NDVI,aid0015,2010-03-06,3410174.0,-0.2,0.9996,"(-0.2,0.9996)",0.7176962,0.1162342,0.0135104,0.7884,0.9714,0.7284,0.4829,0.6662
MOD13Q1_061__250m_16_days_NDVI_doy2010081000000_aid0015,_250m_16_days_NDVI,aid0015,2010-03-22,3406884.0,-0.2,0.998,"(-0.2,0.998)",0.684897,0.1304699,0.0170224,0.7641,0.9573,0.7082,0.4409,0.6348
MOD13Q1_061__250m_16_days_NDVI_doy2010097000000_aid0015,_250m_16_days_NDVI,aid0015,2010-04-07,3409971.0,-0.2,0.9947,"(-0.2,0.9947)",0.6207994,0.1459263,0.0212945,0.7138,0.952,0.6478,0.3108,0.5526
MOD13Q1_061__250m_16_days_NDVI_doy2010113000000_aid0015,_250m_16_days_NDVI,aid0015,2010-04-23,3402400.0,-0.2,0.9985,"(-0.2,0.9985)",0.6282216,0.1427628,0.0203812,0.7161,0.9423,0.651,0.3391,0.5653
MOD13Q1_061__250m_16_days_NDVI_doy2010129000000_aid0015,_250m_16_days_NDVI,aid0015,2010-05-09,3403338.0,-0.2,0.998,"(-0.2,0.998)",0.6226725,0.1299746,0.0168934,0.6973,0.8969,0.6313,0.3646,0.5642
MOD13Q1_061__250m_16_days_NDVI_doy2010145000000_aid0015,_250m_16_days_NDVI,aid0015,2010-05-25,3402950.0,-0.2,0.997,"(-0.2,0.997)",0.6316689,0.1234153,0.0152313,0.7022,0.8918,0.6347,0.3862,0.5758
MOD13Q1_061__250m_16_days_NDVI_doy2010161000000_aid0015,_250m_16_days_NDVI,aid0015,2010-06-10,3426323.0,-0.2,0.9941,"(-0.2,0.9941)",0.5983544,0.1259738,0.0158694,0.6763,0.8863,0.6057,0.3263,0.5363
MOD13Q1_061__250m_16_days_NDVI_doy2010177000000_aid0015,_250m_16_days_NDVI,aid0015,2010-06-26,3407407.0,-0.2,0.9972,"(-0.2,0.9972)",0.6228547,0.1231306,0.0151611,0.7047,0.9306,0.6191,0.3272,0.5537
MOD13Q1_061__250m_16_days_NDVI_doy2010193000000_aid0015,_250m_16_days_NDVI,aid0015,2010-07-12,3407744.0,-0.2,0.9895,"(-0.2,0.9895)",0.6215853,0.1268122,0.0160813,0.7101,0.9497,0.612,0.3096,0.5499
MOD13Q1_061__250m_16_days_NDVI_doy2010209000000_aid0015,_250m_16_days_NDVI,aid0015,2010-07-28,3403161.0,-0.2,0.9899,"(-0.2,0.9899)",0.5904695,0.1278935,0.0163567,0.6726,0.9055,0.5785,0.2844,0.5173
MOD13Q1_061__250m_16_days_NDVI_doy2010225000000_aid0015,_250m_16_days_NDVI,aid0015,2010-08-13,3428413.0,-0.2,0.9947,"(-0.2,0.9947)",0.5593223,0.1375582,0.0189223,0.6495,0.9086,0.5435,0.2175,0.4767
MOD13Q1_061__250m_16_days_NDVI_doy2010241000000_aid0015,_250m_16_days_NDVI,aid0015,2010-08-29,3419689.0,-0.2,0.9965,"(-0.2,0.9965)",0.5922022,0.1289558,0.0166296,0.6673,0.8758,0.5891,0.3198,0.5283
MOD13Q1_061__250m_16_days_NDVI_doy2010257000000_aid0015,_250m_16_days_NDVI,aid0015,2010-09-14,3414873.0,-0.2,0.999,"(-0.2,0.999)",0.6254022,0.1225273,0.0150129,0.6993,0.903,0.6276,0.3598,0.5635
MOD13Q1_061__250m_16_days_NDVI_doy2010273000000_aid0015,_250m_16_days_NDVI,aid0015,2010-09-30,3416037.0,-0.2,0.9944,"(-0.2,0.9944)",0.6210859,0.1247325,0.0155582,0.6912,0.8787,0.6287,0.3787,0.5662
MOD13Q1_061__250m_16_days_NDVI_doy2010289000000_aid0015,_250m_16_days_NDVI,aid0015,2010-10-16,3412610.0,-0.2,0.9224,"(-0.2,0.9224)",0.6214681,0.1321628,0.017467,0.6995,0.9081,0.6298,0.3518,0.5604
MOD13Q1_061__250m_16_days_NDVI_doy2010305000000_aid0015,_250m_16_days_NDVI,aid0015,2010-11-01,3412999.0,-0.2,0.999,"(-0.2,0.999)",0.5766463,0.1484064,0.0220245,0.6633,0.9061,0.5841,0.2586,0.5014
MOD13Q1_061__250m_16_days_NDVI_doy2010321000000_aid0015,_250m_16_days_NDVI,aid0015,2010-11-17,3413926.0,-0.2,0.9976,"(-0.2,0.9976)",0.5578152,0.1464835,0.0214574,0.6481,0.9181,0.561,0.1981,0.4681
MOD13Q1_061__250m_16_days_NDVI_doy2010337000000_aid0015,_250m_16_days_NDVI,aid0015,2010-12-03,3411623.0,-0.2,0.9985,"(-0.2,0.9985)",0.597898,0.1468334,0.0215601,0.692,0.9709,0.5946,0.2263,0.5057
MOD13Q1_061__250m_16_days_NDVI_doy2010353000000_aid0015,_250m_16_days_NDVI,aid0015,2010-12-19,3409774.0,-0.2,0.9995,"(-0.2,0.9995)",0.6663398,0.1265236,0.0160082,0.7487,0.9685,0.6789,0.3822,0.6021
MOD13Q1_061__250m_16_days_NDVI_doy2011001000000_aid0015,_250m_16_days_NDVI,aid0015,2011-01-01,3414366.0,-0.2,0.998,"(-0.2,0.998)",0.7186158,0.1227638,0.0150709,0.8004,0.998,0.7324,0.4389,0.6558
MOD13Q1_061__250m_16_days_NDVI_doy2011017000000_aid0015,_250m_16_days_NDVI,aid0015,2011-01-17,3413878.0,-0.2,0.9989,"(-0.2,0.9989)",0.7017709,0.1337046,0.0178769,0.799,0.9989,0.7079,0.3705,0.6276
MOD13Q1_061__250m_16_days_NDVI_doy2011033000000_aid0015,_250m_16_days_NDVI,aid0015,2011-02-02,3417056.0,-0.2,0.999,"(-0.2,0.999)",0.7565885,0.1208505,0.0146048,0.8314,0.999,0.7684,0.5139,0.7044
MOD13Q1_061__250m_16_days_NDVI_doy2011049000000_aid0015,_250m_16_days_NDVI,aid0015,2011-02-18,3408798.0,-0.2,0.9993,"(-0.2,0.9993)",0.7493103,0.1158626,0.0134241,0.8266,0.9993,0.7516,0.4891,0.6916
MOD13Q1_061__250m_16_days_NDVI_doy2011065000000_aid0015,_250m_16_days_NDVI,aid0015,2011-03-06,3407193.0,-0.2,0.9992,"(-0.2,0.9992)",0.7112095,0.116564,0.0135872,0.7839,0.9767,0.7177,0.4614,0.6549
MOD13Q1_061__250m_16_days_NDVI_doy2011081000000_aid0015,_250m_16_days_NDVI,aid0015,2011-03-22,3407257.0,-0.2,0.9994,"(-0.2,0.9994)",0.6725962,0.1257843,0.0158217,0.7475,0.9366,0.6908,0.4323,0.6214
MOD13Q1_061__250m_16_days_NDVI_doy2011097000000_aid0015,_250m_16_days_NDVI,aid0015,2011-04-07,3414289.0,-0.2,0.999,"(-0.2,0.999)",0.6307607,0.1460154,0.0213205,0.7201,0.9505,0.6571,0.3359,0.5664
MOD13Q1_061__250m_16_days_NDVI_doy2011113000000_aid0015,_250m_16_days_NDVI,aid0015,2011-04-23,3405118.0,-0.2,0.9935,"(-0.2,0.9935)",0.6467032,0.1369371,0.0187518,0.7294,0.9404,0.6689,0.3777,0.5887
MOD13Q1_061__250m_16_days_NDVI_doy2011129000000_aid0015,_250m_16_days_NDVI,aid0015,2011-05-09,3406490.0,-0.2,0.998,"(-0.2,0.998)",0.6461278,0.1270027,0.0161297,0.7206,0.9159,0.6584,0.3951,0.5904
MOD13Q1_061__250m_16_days_NDVI_doy2011145000000_aid0015,_250m_16_days_NDVI,aid0015,2011-05-25,3409850.0,-0.2,0.9954,"(-0.2,0.9954)",0.6433172,0.121825,0.0148413,0.7144,0.9005,0.6517,0.4042,0.5903
MOD13Q1_061__250m_16_days_NDVI_doy2011161000000_aid0015,_250m_16_days_NDVI,aid0015,2011-06-10,3446774.0,-0.2,0.9992,"(-0.2,0.9992)",0.5951564,0.1341628,0.0179996,0.6706,0.8647,0.6077,0.3471,0.5412
MOD13Q1_061__250m_16_days_NDVI_doy2011177000000_aid0015,_250m_16_days_NDVI,aid0015,2011-06-26,3407683.0,-0.2,0.992,"(-0.2,0.992)",0.6079545,0.1200232,0.0144056,0.6768,0.8623,0.6127,0.3676,0.5531
MOD13Q1_061__250m_16_days_NDVI_doy2011193000000_aid0015,_250m_16_days_NDVI,aid0015,2011-07-12,3421203.0,-0.2,0.9983,"(-0.2,0.9983)",0.585622,0.1371449,0.0188087,0.67,0.8981,0.5804,0.2898,0.5179
MOD13Q1_061__250m_16_days_NDVI_doy2011209000000_aid0015,_250m_16_days_NDVI,aid0015,2011-07-28,3402242.0,-0.2,0.9992,"(-0.2,0.9992)",0.5975377,0.1295814,0.0167913,0.6852,0.934,0.5851,0.2697,0.519
MOD13Q1_061__250m_16_days_NDVI_doy2011225000000_aid0015,_250m_16_days_NDVI,aid0015,2011-08-13,3417034.0,-0.2,0.9962,"(-0.2,0.9962)",0.6065205,0.130957,0.0171497,0.6893,0.9212,0.6028,0.3028,0.5347
MOD13Q1_061__250m_16_days_NDVI_doy2011241000000_aid0015,_250m_16_days_NDVI,aid0015,2011-08-29,3404351.0,-0.2,0.9423,"(-0.2,0.9423)",0.6028712,0.1337646,0.017893,0.6945,0.9423,0.592,0.2518,0.5174
MOD13Q1_061__250m_16_days_NDVI_doy2011257000000_aid0015,_250m_16_days_NDVI,aid0015,2011-09-14,3404726.0,-0.2,0.9263,"(-0.2,0.9263)",0.595746,0.1292448,0.0167042,0.6817,0.9263,0.588,0.2652,0.5151
MOD13Q1_061__250m_16_days_NDVI_doy2011273000000_aid0015,_250m_16_days_NDVI,aid0015,2011-09-30,3409480.0,-0.2,0.9985,"(-0.2,0.9985)",0.6273237,0.1220629,0.0148993,0.7018,0.9083,0.6322,0.3576,0.5641
MOD13Q1_061__250m_16_days_NDVI_doy2011289000000_aid0015,_250m_16_days_NDVI,aid0015,2011-10-16,3407623.0,-0.2,0.9969,"(-0.2,0.9969)",0.6256914,0.1320566,0.0174389,0.7074,0.9309,0.638,0.3337,0.5579
MOD13Q1_061__250m_16_days_NDVI_doy2011305000000_aid0015,_250m_16_days_NDVI,aid0015,2011-11-01,3411787.0,-0.2,0.9967,"(-0.2,0.9967)",0.5949232,0.1537663,0.0236441,0.6922,0.9533,0.617,0.255,0.5173
MOD13Q1_061__250m_16_days_NDVI_doy2011321000000_aid0015,_250m_16_days_NDVI,aid0015,2011-11-17,3408940.0,-0.2,0.997,"(-0.2,0.997)",0.6102845,0.151813,0.0230472,0.7078,0.9649,0.6283,0.2701,0.5327
MOD13Q1_061__250m_16_days_NDVI_doy2011337000000_aid0015,_250m_16_days_NDVI,aid0015,2011-12-03,3421614.0,-0.2,0.9991,"(-0.2,0.9991)",0.6073235,0.1516214,0.022989,0.704,0.9683,0.6235,0.2618,0.5271
MOD13Q1_061__250m_16_days_NDVI_doy2011353000000_aid0015,_250m_16_days_NDVI,aid0015,2011-12-19,3422645.0,-0.2,0.9994,"(-0.2,0.9994)",0.5969267,0.1366477,0.0186726,0.677,0.9087,0.5987,0.2908,0.5225
MOD13Q1_061__250m_16_days_NDVI_doy2012001000000_aid0015,_250m_16_days_NDVI,aid0015,2012-01-01,3423882.0,-0.2,0.9983,"(-0.2,0.9983)",0.6072898,0.1314843,0.0172881,0.6835,0.9035,0.6101,0.3168,0.5368
MOD13Q1_061__250m_16_days_NDVI_doy2012017000000_aid0015,_250m_16_days_NDVI,aid0015,2012-01-17,3424823.0,-0.2,0.9993,"(-0.2,0.9993)",0.6096846,0.1365852,0.0186555,0.6972,0.9549,0.6066,0.2677,0.5254
MOD13Q1_061__250m_16_days_NDVI_doy2012033000000_aid0015,_250m_16_days_NDVI,aid0015,2012-02-02,3428649.0,-0.2,0.9937,"(-0.2,0.9937)",0.6085153,0.1426948,0.0203618,0.7046,0.9782,0.6087,0.2449,0.5207
MOD13Q1_061__250m_16_days_NDVI_doy2012049000000_aid0015,_250m_16_days_NDVI,aid0015,2012-02-18,3422688.0,-0.2,0.9988,"(-0.2,0.9988)",0.6501267,0.1309873,0.0171577,0.7407,0.9881,0.6505,0.3262,0.5749
MOD13Q1_061__250m_16_days_NDVI_doy2012065000000_aid0015,_250m_16_days_NDVI,aid0015,2012-03-05,3416973.0,-0.2,0.9992,"(-0.2,0.9992)",0.6524587,0.1275392,0.0162662,0.7352,0.9633,0.6556,0.3542,0.5828
MOD13Q1_061__250m_16_days_NDVI_doy2012081000000_aid0015,_250m_16_days_NDVI,aid0015,2012-03-21,3414062.0,-0.2,0.9986,"(-0.2,0.9986)",0.6065258,0.1405076,0.0197424,0.6973,0.9609,0.6093,0.2533,0.5197
MOD13Q1_061__250m_16_days_NDVI_doy2012097000000_aid0015,_250m_16_days_NDVI,aid0015,2012-04-06,3414083.0,-0.2,0.9787,"(-0.2,0.9787)",0.6203529,0.1419185,0.0201409,0.7048,0.9315,0.632,0.3268,0.5536
MOD13Q1_061__250m_16_days_NDVI_doy2012113000000_aid0015,_250m_16_days_NDVI,aid0015,2012-04-22,3414336.0,-0.2,0.9958,"(-0.2,0.9958)",0.6330674,0.1386076,0.0192121,0.7139,0.9219,0.6487,0.3672,0.5752
MOD13Q1_061__250m_16_days_NDVI_doy2012129000000_aid0015,_250m_16_days_NDVI,aid0015,2012-05-08,3409677.0,-0.2,0.9962,"(-0.2,0.9962)",0.6270675,0.132064,0.0174409,0.7015,0.8975,0.6378,0.3748,0.5708
MOD13Q1_061__250m_16_days_NDVI_doy2012145000000_aid0015,_250m_16_days_NDVI,aid0015,2012-05-24,3413186.0,-0.2,0.9913,"(-0.2,0.9913)",0.6338975,0.1299578,0.016889,0.7086,0.9031,0.6436,0.3844,0.5789
MOD13Q1_061__250m_16_days_NDVI_doy2012161000000_aid0015,_250m_16_days_NDVI,aid0015,2012-06-09,3408062.0,-0.2,0.995,"(-0.2,0.995)",0.5745429,0.1319711,0.0174164,0.6551,0.8897,0.5688,0.2641,0.4987
MOD13Q1_061__250m_16_days_NDVI_doy2012177000000_aid0015,_250m_16_days_NDVI,aid0015,2012-06-25,3404357.0,-0.2,0.999,"(-0.2,0.999)",0.5957314,0.1310353,0.0171702,0.6802,0.9178,0.5924,0.284,0.5217
MOD13Q1_061__250m_16_days_NDVI_doy2012193000000_aid0015,_250m_16_days_NDVI,aid0015,2012-07-11,3405903.0,-0.2,0.9873,"(-0.2,0.9873)",0.5788716,0.1350259,0.018232,0.6725,0.9377,0.5719,0.2305,0.4957
MOD13Q1_061__250m_16_days_NDVI_doy2012209000000_aid0015,_250m_16_days_NDVI,aid0015,2012-07-27,3407660.0,-0.2,0.9861,"(-0.2,0.9861)",0.5745648,0.1456136,0.0212033,0.6817,0.9861,0.5601,0.1715,0.4776
MOD13Q1_061__250m_16_days_NDVI_doy2012225000000_aid0015,_250m_16_days_NDVI,aid0015,2012-08-12,3412647.0,-0.2,0.9919,"(-0.2,0.9919)",0.6112903,0.1380504,0.0190579,0.7068,0.9731,0.6101,0.2593,0.5278
MOD13Q1_061__250m_16_days_NDVI_doy2012241000000_aid0015,_250m_16_days_NDVI,aid0015,2012-08-28,3439819.0,-0.2,0.9684,"(-0.2,0.9684)",0.6043249,0.1436279,0.020629,0.6976,0.9488,0.612,0.2764,0.5291
MOD13Q1_061__250m_16_days_NDVI_doy2012257000000_aid0015,_250m_16_days_NDVI,aid0015,2012-09-13,3421089.0,-0.2,0.9968,"(-0.2,0.9968)",0.6274065,0.1260222,0.0158816,0.7104,0.9363,0.6377,0.3327,0.5593
MOD13Q1_061__250m_16_days_NDVI_doy2012273000000_aid0015,_250m_16_days_NDVI,aid0015,2012-09-29,3416659.0,-0.2,0.99,"(-0.2,0.99)",0.6054093,0.1341769,0.0180035,0.6883,0.9099,0.6227,0.3188,0.5405
MOD13Q1_061__250m_16_days_NDVI_doy2012289000000_aid0015,_250m_16_days_NDVI,aid0015,2012-10-15,3415316.0,-0.2,0.9993,"(-0.2,0.9993)",0.6093132,0.1509904,0.0227981,0.7092,0.9721,0.6285,0.2672,0.5324
MOD13Q1_061__250m_16_days_NDVI_doy2012305000000_aid0015,_250m_16_days_NDVI,aid0015,2012-10-31,3409875.0,-0.2,0.9872,"(-0.2,0.9872)",0.6162487,0.1562363,0.0244098,0.7198,0.9872,0.6502,0.2723,0.5408
MOD13Q1_061__250m_16_days_NDVI_doy2012321000000_aid0015,_250m_16_days_NDVI,aid0015,2012-11-16,3413091.0,-0.2,0.9962,"(-0.2,0.9962)",0.6055867,0.1556553,0.0242286,0.7088,0.9772,0.6318,0.2543,0.527
MOD13Q1_061__250m_16_days_NDVI_doy2012337000000_aid0015,_250m_16_days_NDVI,aid0015,2012-12-02,3419307.0,-0.2,0.9994,"(-0.2,0.9994)",0.6621613,0.1387376,0.0192481,0.7521,0.9795,0.683,0.3729,0.6004
MOD13Q1_061__250m_16_days_NDVI_doy2012353000000_aid0015,_250m_16_days_NDVI,aid0015,2012-12-18,3420431.0,-0.2,0.9992,"(-0.2,0.9992)",0.7026861,0.1320349,0.0174332,0.7828,0.9754,0.7247,0.4618,0.6544
MOD13Q1_061__250m_16_days_NDVI_doy2013001000000_aid0015,_250m_16_days_NDVI,aid0015,2013-01-01,3415084.0,-0.2,0.9992,"(-0.2,0.9992)",0.7258907,0.1233788,0.0152223,0.8008,0.9867,0.7394,0.4903,0.6766
MOD13Q1_061__250m_16_days_NDVI_doy2013017000000_aid0015,_250m_16_days_NDVI,aid0015,2013-01-17,3415001.0,-0.2,0.9972,"(-0.2,0.9972)",0.7117538,0.1167237,0.0136244,0.7853,0.9801,0.7188,0.4606,0.6554
MOD13Q1_061__250m_16_days_NDVI_doy2013033000000_aid0015,_250m_16_days_NDVI,aid0015,2013-02-02,3412244.0,-0.2,0.9987,"(-0.2,0.9987)",0.6920896,0.1322983,0.0175028,0.7855,0.9987,0.6933,0.3545,0.6131
MOD13Q1_061__250m_16_days_NDVI_doy2013049000000_aid0015,_250m_16_days_NDVI,aid0015,2013-02-18,3409336.0,-0.2,0.9983,"(-0.2,0.9983)",0.7391506,0.1140035,0.0129968,0.8136,0.9983,0.7417,0.4841,0.6818
MOD13Q1_061__250m_16_days_NDVI_doy2013065000000_aid0015,_250m_16_days_NDVI,aid0015,2013-03-06,3410409.0,-0.2,0.9996,"(-0.2,0.9996)",0.7175381,0.1328353,0.0176452,0.7955,0.9803,0.7319,0.4875,0.6723
MOD13Q1_061__250m_16_days_NDVI_doy2013081000000_aid0015,_250m_16_days_NDVI,aid0015,2013-03-22,3402422.0,-0.2,0.9987,"(-0.2,0.9987)",0.6840162,0.121132,0.014673,0.7551,0.9366,0.7006,0.4526,0.6341
MOD13Q1_061__250m_16_days_NDVI_doy2013097000000_aid0015,_250m_16_days_NDVI,aid0015,2013-04-07,3400694.0,-0.2,0.9658,"(-0.2,0.9658)",0.6565126,0.1458666,0.0212771,0.7473,0.9658,0.6884,0.3711,0.5968
MOD13Q1_061__250m_16_days_NDVI_doy2013113000000_aid0015,_250m_16_days_NDVI,aid0015,2013-04-23,3404695.0,-0.2,0.9977,"(-0.2,0.9977)",0.6525177,0.1411723,0.0199296,0.7407,0.9575,0.6823,0.3782,0.5957
MOD13Q1_061__250m_16_days_NDVI_doy2013129000000_aid0015,_250m_16_days_NDVI,aid0015,2013-05-09,3406743.0,-0.2,0.9983,"(-0.2,0.9983)",0.6479258,0.1339852,0.017952,0.7264,0.9185,0.6695,0.4062,0.5983
MOD13Q1_061__250m_16_days_NDVI_doy2013145000000_aid0015,_250m_16_days_NDVI,aid0015,2013-05-25,3404502.0,-0.2,0.999,"(-0.2,0.999)",0.6550299,0.1247767,0.0155692,0.7288,0.9143,0.6688,0.4196,0.6051
MOD13Q1_061__250m_16_days_NDVI_doy2013161000000_aid0015,_250m_16_days_NDVI,aid0015,2013-06-10,3428977.0,-0.2,0.9994,"(-0.2,0.9994)",0.6250398,0.1557022,0.0242432,0.714,0.9168,0.6509,0.376,0.5788
MOD13Q1_061__250m_16_days_NDVI_doy2013177000000_aid0015,_250m_16_days_NDVI,aid0015,2013-06-26,3390339.0,-0.2,0.9942,"(-0.2,0.9942)",0.6543894,0.1265997,0.0160275,0.738,0.9521,0.6505,0.3603,0.5869
MOD13Q1_061__250m_16_days_NDVI_doy2013193000000_aid0015,_250m_16_days_NDVI,aid0015,2013-07-12,3397984.0,-0.2,0.9927,"(-0.2,0.9927)",0.6547701,0.1250764,0.0156441,0.7399,0.9726,0.6506,0.3502,0.584
MOD13Q1_061__250m_16_days_NDVI_doy2013209000000_aid0015,_250m_16_days_NDVI,aid0015,2013-07-28,3403386.0,-0.2,0.9924,"(-0.2,0.9924)",0.6205135,0.1259401,0.0158609,0.7,0.9269,0.6101,0.3218,0.5487
MOD13Q1_061__250m_16_days_NDVI_doy2013225000000_aid0015,_250m_16_days_NDVI,aid0015,2013-08-13,3400629.0,-0.2,0.9993,"(-0.2,0.9993)",0.5931159,0.1333122,0.0177722,0.6755,0.9192,0.5774,0.2693,0.513
MOD13Q1_061__250m_16_days_NDVI_doy2013241000000_aid0015,_250m_16_days_NDVI,aid0015,2013-08-29,3403254.0,-0.2,0.9731,"(-0.2,0.9731)",0.5851088,0.1382503,0.0191131,0.6732,0.9368,0.573,0.2332,0.4972
MOD13Q1_061__250m_16_days_NDVI_doy2013257000000_aid0015,_250m_16_days_NDVI,aid0015,2013-09-14,3403531.0,-0.2,0.9977,"(-0.2,0.9977)",0.6062732,0.1371406,0.0188075,0.6983,0.9612,0.6008,0.2503,0.5191
MOD13Q1_061__250m_16_days_NDVI_doy2013273000000_aid0015,_250m_16_days_NDVI,aid0015,2013-09-30,3406068.0,-0.2,0.9727,"(-0.2,0.9727)",0.5818634,0.1325325,0.0175649,0.6674,0.9158,0.5765,0.2534,0.5018
MOD13Q1_061__250m_16_days_NDVI_doy2013289000000_aid0015,_250m_16_days_NDVI,aid0015,2013-10-16,3414708.0,-0.2,0.9995,"(-0.2,0.9995)",0.617078,0.1393238,0.0194111,0.7,0.9314,0.6201,0.3143,0.5457
MOD13Q1_061__250m_16_days_NDVI_doy2013305000000_aid0015,_250m_16_days_NDVI,aid0015,2013-11-01,3409558.0,-0.2,0.9994,"(-0.2,0.9994)",0.6155047,0.1577338,0.02488,0.7168,0.989,0.6398,0.2608,0.5344
MOD13Q1_061__250m_16_days_NDVI_doy2013321000000_aid0015,_250m_16_days_NDVI,aid0015,2013-11-17,3409059.0,-0.2,0.9991,"(-0.2,0.9991)",0.6224734,0.1587391,0.0251981,0.7282,0.9931,0.6504,0.278,0.5481
MOD13Q1_061__250m_16_days_NDVI_doy2013337000000_aid0015,_250m_16_days_NDVI,aid0015,2013-12-03,3419344.0,-0.2,0.9993,"(-0.2,0.9993)",0.6598984,0.1471048,0.0216398,0.7528,0.9904,0.6808,0.3563,0.5942
MOD13Q1_061__250m_16_days_NDVI_doy2013353000000_aid0015,_250m_16_days_NDVI,aid0015,2013-12-19,3417772.0,-0.2,0.9993,"(-0.2,0.9993)",0.6436825,0.1350285,0.0182327,0.7286,0.9683,0.6505,0.3289,0.5687
MOD13Q1_061__250m_16_days_NDVI_doy2014001000000_aid0015,_250m_16_days_NDVI,aid0015,2014-01-01,3424804.0,-0.2,0.9993,"(-0.2,0.9993)",0.6795878,0.137053,0.0187835,0.7666,0.9993,0.6914,0.3744,0.6097
MOD13Q1_061__250m_16_days_NDVI_doy2014017000000_aid0015,_250m_16_days_NDVI,aid0015,2014-01-17,3415242.0,-0.2,0.9986,"(-0.2,0.9986)",0.727873,0.1255981,0.0157749,0.8176,0.9986,0.7296,0.4229,0.6597
MOD13Q1_061__250m_16_days_NDVI_doy2014033000000_aid0015,_250m_16_days_NDVI,aid0015,2014-02-02,3423952.0,-0.2,0.9994,"(-0.2,0.9994)",0.7041293,0.1406298,0.0197768,0.8049,0.9994,0.7118,0.3544,0.6247
MOD13Q1_061__250m_16_days_NDVI_doy2014049000000_aid0015,_250m_16_days_NDVI,aid0015,2014-02-18,3416393.0,-0.2,0.9995,"(-0.2,0.9995)",0.7194862,0.1212797,0.0147088,0.7967,0.9995,0.7302,0.458,0.6612
MOD13Q1_061__250m_16_days_NDVI_doy2014065000000_aid0015,_250m_16_days_NDVI,aid0015,2014-03-06,3413358.0,-0.2,0.9994,"(-0.2,0.9994)",0.7055987,0.1245885,0.0155223,0.7869,0.9994,0.714,0.4324,0.6451
MOD13Q1_061__250m_16_days_NDVI_doy2014081000000_aid0015,_250m_16_days_NDVI,aid0015,2014-03-22,3407825.0,-0.2,0.9993,"(-0.2,0.9993)",0.6861976,0.1249269,0.0156067,0.7606,0.9452,0.7033,0.4526,0.6374
MOD13Q1_061__250m_16_days_NDVI_doy2014097000000_aid0015,_250m_16_days_NDVI,aid0015,2014-04-07,3406971.0,-0.2,0.9953,"(-0.2,0.9953)",0.6678649,0.1498779,0.0224634,0.7625,0.9899,0.7071,0.3785,0.6089
MOD13Q1_061__250m_16_days_NDVI_doy2014113000000_aid0015,_250m_16_days_NDVI,aid0015,2014-04-23,3404970.0,-0.2,0.996,"(-0.2,0.996)",0.654903,0.1391201,0.0193544,0.7396,0.9523,0.6833,0.3851,0.5978
MOD13Q1_061__250m_16_days_NDVI_doy2014129000000_aid0015,_250m_16_days_NDVI,aid0015,2014-05-09,3403916.0,-0.2,0.9983,"(-0.2,0.9983)",0.6585537,0.1307805,0.0171035,0.7351,0.9296,0.6764,0.4109,0.6054
MOD13Q1_061__250m_16_days_NDVI_doy2014145000000_aid0015,_250m_16_days_NDVI,aid0015,2014-05-25,3400976.0,-0.2,0.9992,"(-0.2,0.9992)",0.6484628,0.1317051,0.0173462,0.7251,0.9193,0.6657,0.4014,0.5956
MOD13Q1_061__250m_16_days_NDVI_doy2014161000000_aid0015,_250m_16_days_NDVI,aid0015,2014-06-10,3403918.0,-0.2,0.999,"(-0.2,0.999)",0.6244886,0.1416855,0.0200748,0.7044,0.9033,0.6423,0.3729,0.5718
MOD13Q1_061__250m_16_days_NDVI_doy2014177000000_aid0015,_250m_16_days_NDVI,aid0015,2014-06-26,3388547.0,-0.2,0.9925,"(-0.2,0.9925)",0.6275979,0.1402074,0.0196581,0.708,0.9106,0.64,0.3703,0.5729
MOD13Q1_061__250m_16_days_NDVI_doy2014193000000_aid0015,_250m_16_days_NDVI,aid0015,2014-07-12,3396519.0,-0.2,0.9868,"(-0.2,0.9868)",0.6429428,0.1208268,0.0145991,0.7146,0.9073,0.6453,0.3934,0.5861
MOD13Q1_061__250m_16_days_NDVI_doy2014209000000_aid0015,_250m_16_days_NDVI,aid0015,2014-07-28,3398462.0,-0.2,0.984,"(-0.2,0.984)",0.6419194,0.1224999,0.0150062,0.7208,0.9372,0.6398,0.3601,0.5765
MOD13Q1_061__250m_16_days_NDVI_doy2014225000000_aid0015,_250m_16_days_NDVI,aid0015,2014-08-13,3398259.0,-0.2,0.9861,"(-0.2,0.9861)",0.6348525,0.1246345,0.0155338,0.7162,0.9406,0.6281,0.3355,0.5639
MOD13Q1_061__250m_16_days_NDVI_doy2014241000000_aid0015,_250m_16_days_NDVI,aid0015,2014-08-29,3405528.0,-0.2,0.9921,"(-0.2,0.9921)",0.6259433,0.1270514,0.016142,0.7015,0.9101,0.6241,0.3538,0.5624
MOD13Q1_061__250m_16_days_NDVI_doy2014257000000_aid0015,_250m_16_days_NDVI,aid0015,2014-09-14,3404294.0,-0.2,0.9947,"(-0.2,0.9947)",0.6404147,0.12982,0.0168532,0.7214,0.9408,0.6456,0.3544,0.5746
MOD13Q1_061__250m_16_days_NDVI_doy2014273000000_aid0015,_250m_16_days_NDVI,aid0015,2014-09-30,3400577.0,-0.2,0.9978,"(-0.2,0.9978)",0.6301883,0.1417812,0.0201019,0.7148,0.9305,0.6457,0.3518,0.5696
MOD13Q1_061__250m_16_days_NDVI_doy2014289000000_aid0015,_250m_16_days_NDVI,aid0015,2014-10-16,3405212.0,-0.2,0.9946,"(-0.2,0.9946)",0.6374062,0.1402407,0.0196675,0.7277,0.9686,0.651,0.3185,0.564
MOD13Q1_061__250m_16_days_NDVI_doy2014305000000_aid0015,_250m_16_days_NDVI,aid0015,2014-11-01,3405998.0,-0.2,0.9958,"(-0.2,0.9958)",0.6402998,0.161329,0.026027,0.7466,0.9958,0.6769,0.3021,0.5688
MOD13Q1_061__250m_16_days_NDVI_doy2014321000000_aid0015,_250m_16_days_NDVI,aid0015,2014-11-17,3408100.0,-0.2,0.99,"(-0.2,0.99)",0.6015529,0.152652,0.0233026,0.6971,0.9515,0.6197,0.2721,0.5271
MOD13Q1_061__250m_16_days_NDVI_doy2014337000000_aid0015,_250m_16_days_NDVI,aid0015,2014-12-03,3412141.0,-0.2,0.9992,"(-0.2,0.9992)",0.6278889,0.1447619,0.020956,0.7188,0.9598,0.642,0.3153,0.5574
MOD13Q1_061__250m_16_days_NDVI_doy2014353000000_aid0015,_250m_16_days_NDVI,aid0015,2014-12-19,3434242.0,-0.2,0.9996,"(-0.2,0.9996)",0.6693539,0.1462646,0.0213933,0.7592,0.9874,0.6861,0.3785,0.6069
MOD13Q1_061__250m_16_days_NDVI_doy2015001000000_aid0015,_250m_16_days_NDVI,aid0015,2015-01-01,3403781.0,-0.2,0.9989,"(-0.2,0.9989)",0.6898948,0.1530619,0.0234279,0.7896,0.9989,0.7081,0.3879,0.6289
MOD13Q1_061__250m_16_days_NDVI_doy2015017000000_aid0015,_250m_16_days_NDVI,aid0015,2015-01-17,3406577.0,-0.2,0.9989,"(-0.2,0.9989)",0.7365988,0.1275755,0.0162755,0.8265,0.9989,0.7425,0.4428,0.673
MOD13Q1_061__250m_16_days_NDVI_doy2015033000000_aid0015,_250m_16_days_NDVI,aid0015,2015-02-02,3405329.0,-0.2,0.9988,"(-0.2,0.9988)",0.7408774,0.1240077,0.0153779,0.8316,0.9988,0.7413,0.4319,0.6717
MOD13Q1_061__250m_16_days_NDVI_doy2015049000000_aid0015,_250m_16_days_NDVI,aid0015,2015-02-18,3412881.0,-0.2,0.9996,"(-0.2,0.9996)",0.7320843,0.1231396,0.0151634,0.8136,0.9996,0.7392,0.4654,0.6743
MOD13Q1_061__250m_16_days_NDVI_doy2015065000000_aid0015,_250m_16_days_NDVI,aid0015,2015-03-06,3404840.0,-0.2,0.9993,"(-0.2,0.9993)",0.7164701,0.1145253,0.013116,0.7895,0.9742,0.7236,0.479,0.6653
MOD13Q1_061__250m_16_days_NDVI_doy2015081000000_aid0015,_250m_16_days_NDVI,aid0015,2015-03-22,3409007.0,-0.2,0.9789,"(-0.2,0.9789)",0.6546857,0.1393688,0.0194237,0.742,0.9494,0.6805,0.37,0.5932
MOD13Q1_061__250m_16_days_NDVI_doy2015097000000_aid0015,_250m_16_days_NDVI,aid0015,2015-04-07,3407969.0,-0.2,0.9869,"(-0.2,0.9869)",0.6262774,0.1498944,0.0224683,0.7209,0.965,0.6517,0.3139,0.5581
MOD13Q1_061__250m_16_days_NDVI_doy2015113000000_aid0015,_250m_16_days_NDVI,aid0015,2015-04-23,3404328.0,-0.2,0.9955,"(-0.2,0.9955)",0.6334966,0.1412305,0.0199461,0.7211,0.9621,0.6486,0.3186,0.5601
MOD13Q1_061__250m_16_days_NDVI_doy2015129000000_aid0015,_250m_16_days_NDVI,aid0015,2015-05-09,3423324.0,-0.2,0.9976,"(-0.2,0.9976)",0.6325117,0.1438553,0.0206944,0.7191,0.9414,0.6418,0.3484,0.5708
MOD13Q1_061__250m_16_days_NDVI_doy2015145000000_aid0015,_250m_16_days_NDVI,aid0015,2015-05-25,3404979.0,-0.2,0.9995,"(-0.2,0.9995)",0.6554787,0.1317869,0.0173678,0.7379,0.9516,0.6628,0.3817,0.5954
MOD13Q1_061__250m_16_days_NDVI_doy2015161000000_aid0015,_250m_16_days_NDVI,aid0015,2015-06-10,3402804.0,-0.2,0.9854,"(-0.2,0.9854)",0.6738643,0.1225851,0.0150271,0.7499,0.9447,0.6775,0.4247,0.6198
MOD13Q1_061__250m_16_days_NDVI_doy2015177000000_aid0015,_250m_16_days_NDVI,aid0015,2015-06-26,3404469.0,-0.2,0.999,"(-0.2,0.999)",0.6529425,0.1285861,0.0165344,0.7366,0.9549,0.6521,0.3724,0.5909
MOD13Q1_061__250m_16_days_NDVI_doy2015193000000_aid0015,_250m_16_days_NDVI,aid0015,2015-07-12,3401090.0,-0.2,0.9985,"(-0.2,0.9985)",0.6331164,0.1465999,0.0214915,0.7332,0.9863,0.6298,0.3112,0.5644
MOD13Q1_061__250m_16_days_NDVI_doy2015209000000_aid0015,_250m_16_days_NDVI,aid0015,2015-07-28,3403163.0,-0.2,0.9983,"(-0.2,0.9983)",0.6345651,0.1300186,0.0169048,0.7243,0.9737,0.6241,0.3083,0.5579
MOD13Q1_061__250m_16_days_NDVI_doy2015225000000_aid0015,_250m_16_days_NDVI,aid0015,2015-08-13,3402995.0,-0.2,0.9963,"(-0.2,0.9963)",0.6571617,0.1184407,0.0140282,0.7306,0.9317,0.6563,0.3954,0.5965
MOD13Q1_061__250m_16_days_NDVI_doy2015241000000_aid0015,_250m_16_days_NDVI,aid0015,2015-08-29,3404699.0,-0.2,0.9871,"(-0.2,0.9871)",0.6445212,0.1237925,0.0153246,0.7255,0.9391,0.6421,0.35,0.5753
MOD13Q1_061__250m_16_days_NDVI_doy2015257000000_aid0015,_250m_16_days_NDVI,aid0015,2015-09-14,3411153.0,-0.2,0.9989,"(-0.2,0.9989)",0.6220997,0.125066,0.0156415,0.6943,0.8921,0.6267,0.3646,0.5624
MOD13Q1_061__250m_16_days_NDVI_doy2015273000000_aid0015,_250m_16_days_NDVI,aid0015,2015-09-30,3403654.0,-0.2,0.9919,"(-0.2,0.9919)",0.6077395,0.1325411,0.0175671,0.6839,0.8982,0.6071,0.3267,0.541
MOD13Q1_061__250m_16_days_NDVI_doy2015289000000_aid0015,_250m_16_days_NDVI,aid0015,2015-10-16,3402280.0,-0.2,0.9769,"(-0.2,0.9769)",0.5963627,0.1545274,0.0238787,0.6895,0.9317,0.6154,0.281,0.5261
MOD13Q1_061__250m_16_days_NDVI_doy2015305000000_aid0015,_250m_16_days_NDVI,aid0015,2015-11-01,3408249.0,-0.2,0.9993,"(-0.2,0.9993)",0.6115131,0.1556868,0.0242384,0.7113,0.9705,0.6317,0.2786,0.5382
MOD13Q1_061__250m_16_days_NDVI_doy2015321000000_aid0015,_250m_16_days_NDVI,aid0015,2015-11-17,3406349.0,-0.2,0.9993,"(-0.2,0.9993)",0.6158813,0.1582576,0.0250455,0.7192,0.9922,0.6348,0.263,0.5367
MOD13Q1_061__250m_16_days_NDVI_doy2015337000000_aid0015,_250m_16_days_NDVI,aid0015,2015-12-03,3398167.0,-0.2,0.9949,"(-0.2,0.9949)",0.646066,0.1433817,0.0205583,0.7362,0.9726,0.6565,0.3407,0.578
MOD13Q1_061__250m_16_days_NDVI_doy2015353000000_aid0015,_250m_16_days_NDVI,aid0015,2015-12-19,3407432.0,-0.2,0.9996,"(-0.2,0.9996)",0.6588632,0.1548597,0.0239815,0.7514,0.9702,0.684,0.3867,0.6055
