File Name,Dataset,aid,Date,Count,Minimum,Maximum,Range,Mean,Standard Deviation,Variance,Upper Quartile,Upper 1.5 IQR,Median,Lower 1.5 IQR,Lower Quartile
MOD13Q1_061__250m_16_days_NDVI_doy2015353000000_aid0001,_250m_16_days_NDVI,aid0001,2015-12-19,7484104.0,-0.2,0.9995,"(-0.2,0.9995)",0.415499,0.30949,0.0957841,0.7101,0.9995,0.3771,-0.2,0.108
MOD13Q1_061__250m_16_days_NDVI_doy2016001000000_aid0001,_250m_16_days_NDVI,aid0001,2016-01-01,7482375.0,-0.2,0.9996,"(-0.2,0.9996)",0.4320666,0.3190174,0.1017721,0.7473,0.9996,0.4122,-0.2,0.1093
MOD13Q1_061__250m_16_days_NDVI_doy2016017000000_aid0001,_250m_16_days_NDVI,aid0001,2016-01-17,7481488.0,-0.2,0.9995,"(-0.2,0.9995)",0.4435798,0.3200584,0.1024374,0.7493,0.9995,0.4573,-0.2,0.1133
MOD13Q1_061__250m_16_days_NDVI_doy2016033000000_aid0001,_250m_16_days_NDVI,aid0001,2016-02-02,7480178.0,-0.2,0.9995,"(-0.2,0.9995)",0.4527398,0.3192751,0.1019366,0.7548,0.9995,0.4869,-0.2,0.1184
MOD13Q1_061__250m_16_days_NDVI_doy2016049000000_aid0001,_250m_16_days_NDVI,aid0001,2016-02-18,7477950.0,-0.2,0.9997,"(-0.2,0.9997)",0.4034591,0.3023851,0.0914367,0.7138,0.9997,0.3178,-0.2,0.1114
MOD13Q1_061__250m_16_days_NDVI_doy2016065000000_aid0001,_250m_16_days_NDVI,aid0001,2016-03-05,7480309.0,-0.2,0.9995,"(-0.2,0.9995)",0.4660866,0.3205874,0.1027763,0.7646,0.9995,0.5346,-0.2,0.1228
MOD13Q1_061__250m_16_days_NDVI_doy2016081000000_aid0001,_250m_16_days_NDVI,aid0001,2016-03-21,7479515.0,-0.2,0.9995,"(-0.2,0.9995)",0.4473169,0.3118939,0.0972778,0.7472,0.9995,0.4884,-0.2,0.1192
MOD13Q1_061__250m_16_days_NDVI_doy2016097000000_aid0001,_250m_16_days_NDVI,aid0001,2016-04-06,7481315.0,-0.2,0.9993,"(-0.2,0.9993)",0.4121175,0.2960845,0.0876661,0.7052,0.9993,0.3688,-0.2,0.1169
MOD13Q1_061__250m_16_days_NDVI_doy2016113000000_aid0001,_250m_16_days_NDVI,aid0001,2016-04-22,7478899.0,-0.2,0.9995,"(-0.2,0.9995)",0.4206222,0.3011816,0.0907103,0.7083,0.9995,0.4168,-0.2,0.1141
MOD13Q1_061__250m_16_days_NDVI_doy2016129000000_aid0001,_250m_16_days_NDVI,aid0001,2016-05-08,7480976.0,-0.2,0.9992,"(-0.2,0.9992)",0.3759083,0.2737524,0.0749404,0.6369,0.9992,0.3264,-0.2,0.1111
MOD13Q1_061__250m_16_days_NDVI_doy2016145000000_aid0001,_250m_16_days_NDVI,aid0001,2016-05-24,7478735.0,-0.2,0.9993,"(-0.2,0.9993)",0.3724517,0.2689828,0.0723517,0.6268,0.9993,0.3346,-0.2,0.1104
MOD13Q1_061__250m_16_days_NDVI_doy2016161000000_aid0001,_250m_16_days_NDVI,aid0001,2016-06-09,7478626.0,-0.2,0.9994,"(-0.2,0.9994)",0.3614257,0.2621542,0.0687248,0.5961,0.9994,0.3234,-0.2,0.11
MOD13Q1_061__250m_16_days_NDVI_doy2016177000000_aid0001,_250m_16_days_NDVI,aid0001,2016-06-25,7478567.0,-0.2,0.999,"(-0.2,0.999)",0.3467133,0.2527194,0.0638671,0.5667,0.999,0.3028,-0.2,0.108
MOD13Q1_061__250m_16_days_NDVI_doy2016193000000_aid0001,_250m_16_days_NDVI,aid0001,2016-07-11,7477755.0,-0.2,0.9966,"(-0.2,0.9966)",0.3321382,0.2415084,0.0583263,0.5451,0.9966,0.2875,-0.2,0.1068
MOD13Q1_061__250m_16_days_NDVI_doy2016209000000_aid0001,_250m_16_days_NDVI,aid0001,2016-07-27,7477826.0,-0.2,0.9988,"(-0.2,0.9988)",0.3205045,0.2320534,0.0538488,0.5127,0.9988,0.2788,-0.2,0.1061
MOD13Q1_061__250m_16_days_NDVI_doy2016225000000_aid0001,_250m_16_days_NDVI,aid0001,2016-08-12,7477240.0,-0.2,0.961,"(-0.2,0.961)",0.3133275,0.2256506,0.0509182,0.4934,0.961,0.2714,-0.2,0.1067
MOD13Q1_061__250m_16_days_NDVI_doy2016241000000_aid0001,_250m_16_days_NDVI,aid0001,2016-08-28,7478626.0,-0.2,0.996,"(-0.2,0.996)",0.3040941,0.2160654,0.0466843,0.4771,0.996,0.2668,-0.2,0.1051
MOD13Q1_061__250m_16_days_NDVI_doy2016257000000_aid0001,_250m_16_days_NDVI,aid0001,2016-09-13,7478429.0,-0.2,0.9737,"(-0.2,0.9737)",0.2941593,0.2092766,0.0437967,0.4488,0.9493,0.2567,-0.2,0.1058
MOD13Q1_061__250m_16_days_NDVI_doy2016273000000_aid0001,_250m_16_days_NDVI,aid0001,2016-09-29,7479087.0,-0.2,0.9694,"(-0.2,0.9694)",0.3136546,0.231239,0.0534715,0.4899,0.9694,0.2664,-0.2,0.1042
MOD13Q1_061__250m_16_days_NDVI_doy2016289000000_aid0001,_250m_16_days_NDVI,aid0001,2016-10-15,7483818.0,-0.2,0.9994,"(-0.2,0.9994)",0.3361446,0.258053,0.0665914,0.5401,0.9994,0.2663,-0.2,0.1024
MOD13Q1_061__250m_16_days_NDVI_doy2016305000000_aid0001,_250m_16_days_NDVI,aid0001,2016-10-31,7481041.0,-0.1997,0.9993,"(-0.1997,0.9993)",0.3411373,0.2618279,0.0685539,0.556,0.9993,0.2689,-0.1997,0.1022
MOD13Q1_061__250m_16_days_NDVI_doy2016321000000_aid0001,_250m_16_days_NDVI,aid0001,2016-11-16,7481578.0,-0.2,0.9996,"(-0.2,0.9996)",0.3523481,0.2647916,0.0701146,0.5825,0.9996,0.2886,-0.2,0.1033
MOD13Q1_061__250m_16_days_NDVI_doy2016337000000_aid0001,_250m_16_days_NDVI,aid0001,2016-12-02,7480842.0,-0.2,0.9994,"(-0.2,0.9994)",0.4070356,0.3043256,0.0926141,0.685,0.9994,0.3645,-0.2,0.1057
MOD13Q1_061__250m_16_days_NDVI_doy2016353000000_aid0001,_250m_16_days_NDVI,aid0001,2016-12-18,7481340.0,-0.2,0.9996,"(-0.2,0.9996)",0.4143861,0.3073298,0.0944516,0.7015,0.9996,0.3721,-0.2,0.1077
MOD13Q1_061__250m_16_days_NDVI_doy2017001000000_aid0001,_250m_16_days_NDVI,aid0001,2017-01-01,7481106.0,-0.2,0.9991,"(-0.2,0.9991)",0.4154556,0.3016029,0.0909643,0.6931,0.9991,0.3998,-0.2,0.1109
MOD13Q1_061__250m_16_days_NDVI_doy2017017000000_aid0001,_250m_16_days_NDVI,aid0001,2017-01-17,7479856.0,-0.2,0.9994,"(-0.2,0.9994)",0.4281731,0.3055716,0.093374,0.712,0.9994,0.4234,-0.2,0.117
MOD13Q1_061__250m_16_days_NDVI_doy2017033000000_aid0001,_250m_16_days_NDVI,aid0001,2017-02-02,7479551.0,-0.2,0.9996,"(-0.2,0.9996)",0.4378238,0.3083644,0.0950886,0.7286,0.9996,0.441,-0.2,0.1202
MOD13Q1_061__250m_16_days_NDVI_doy2017049000000_aid0001,_250m_16_days_NDVI,aid0001,2017-02-18,7477397.0,-0.2,0.9996,"(-0.2,0.9996)",0.4633888,0.317979,0.1011106,0.7679,0.9996,0.5025,-0.2,0.1313
MOD13Q1_061__250m_16_days_NDVI_doy2017065000000_aid0001,_250m_16_days_NDVI,aid0001,2017-03-06,7474121.0,-0.2,0.9996,"(-0.2,0.9996)",0.4685442,0.3197999,0.1022719,0.773,0.9996,0.53,-0.2,0.1321
MOD13Q1_061__250m_16_days_NDVI_doy2017081000000_aid0001,_250m_16_days_NDVI,aid0001,2017-03-22,7477712.0,-0.2,0.9996,"(-0.2,0.9996)",0.4035858,0.2921593,0.0853571,0.7054,0.9996,0.3182,-0.2,0.1283
MOD13Q1_061__250m_16_days_NDVI_doy2017097000000_aid0001,_250m_16_days_NDVI,aid0001,2017-04-07,7477761.0,-0.2,0.9992,"(-0.2,0.9992)",0.4544597,0.3144547,0.0988818,0.763,0.9992,0.4789,-0.2,0.1293
MOD13Q1_061__250m_16_days_NDVI_doy2017113000000_aid0001,_250m_16_days_NDVI,aid0001,2017-04-23,7475260.0,-0.2,0.9993,"(-0.2,0.9993)",0.4490198,0.313518,0.0982935,0.7547,0.9993,0.4777,-0.2,0.1257
MOD13Q1_061__250m_16_days_NDVI_doy2017129000000_aid0001,_250m_16_days_NDVI,aid0001,2017-05-09,7480703.0,-0.2,0.9994,"(-0.2,0.9994)",0.387435,0.2864985,0.0820814,0.6795,0.9994,0.2912,-0.2,0.1182
MOD13Q1_061__250m_16_days_NDVI_doy2017145000000_aid0001,_250m_16_days_NDVI,aid0001,2017-05-25,7474674.0,-0.2,0.9991,"(-0.2,0.9991)",0.405513,0.299915,0.089949,0.6993,0.9991,0.384,-0.2,0.1141
MOD13Q1_061__250m_16_days_NDVI_doy2017161000000_aid0001,_250m_16_days_NDVI,aid0001,2017-06-10,7471416.0,-0.2,0.9992,"(-0.2,0.9992)",0.3788884,0.2949861,0.0870168,0.6611,0.9992,0.3472,-0.2,0.1061
MOD13Q1_061__250m_16_days_NDVI_doy2017177000000_aid0001,_250m_16_days_NDVI,aid0001,2017-06-26,7479532.0,-0.2,0.9993,"(-0.2,0.9993)",0.3319021,0.252825,0.0639205,0.5649,0.9993,0.2791,-0.2,0.1074
MOD13Q1_061__250m_16_days_NDVI_doy2017193000000_aid0001,_250m_16_days_NDVI,aid0001,2017-07-12,7474747.0,-0.2,0.9987,"(-0.2,0.9987)",0.3415736,0.2558094,0.0654385,0.569,0.9987,0.2985,-0.2,0.1088
MOD13Q1_061__250m_16_days_NDVI_doy2017209000000_aid0001,_250m_16_days_NDVI,aid0001,2017-07-28,7475618.0,-0.2,0.998,"(-0.2,0.998)",0.3111482,0.2291781,0.0525226,0.4949,0.998,0.2768,-0.2,0.1065
MOD13Q1_061__250m_16_days_NDVI_doy2017225000000_aid0001,_250m_16_days_NDVI,aid0001,2017-08-13,7475872.0,-0.2,0.9919,"(-0.2,0.9919)",0.3017555,0.2202329,0.0485025,0.4738,0.9919,0.2725,-0.2,0.1037
MOD13Q1_061__250m_16_days_NDVI_doy2017241000000_aid0001,_250m_16_days_NDVI,aid0001,2017-08-29,7477090.0,-0.2,0.9926,"(-0.2,0.9926)",0.2995332,0.2160343,0.0466708,0.4709,0.9926,0.2699,-0.2,0.103
MOD13Q1_061__250m_16_days_NDVI_doy2017257000000_aid0001,_250m_16_days_NDVI,aid0001,2017-09-14,7477691.0,-0.2,0.9978,"(-0.2,0.9978)",0.3002758,0.2178519,0.0474594,0.468,0.9978,0.2654,-0.2,0.1027
MOD13Q1_061__250m_16_days_NDVI_doy2017273000000_aid0001,_250m_16_days_NDVI,aid0001,2017-09-30,7478972.0,-0.2,0.9991,"(-0.2,0.9991)",0.3104213,0.2302935,0.0530351,0.4977,0.9991,0.2596,-0.2,0.1015
MOD13Q1_061__250m_16_days_NDVI_doy2017289000000_aid0001,_250m_16_days_NDVI,aid0001,2017-10-16,7480211.0,-0.2,0.9947,"(-0.2,0.9947)",0.321937,0.245139,0.0600931,0.522,0.9947,0.2589,-0.2,0.1004
MOD13Q1_061__250m_16_days_NDVI_doy2017305000000_aid0001,_250m_16_days_NDVI,aid0001,2017-11-01,7481659.0,-0.2,0.9989,"(-0.2,0.9989)",0.3341135,0.2570946,0.0660976,0.5503,0.9989,0.2605,-0.2,0.0999
MOD13Q1_061__250m_16_days_NDVI_doy2017321000000_aid0001,_250m_16_days_NDVI,aid0001,2017-11-17,7482553.0,-0.2,0.9995,"(-0.2,0.9995)",0.3355296,0.2593893,0.0672828,0.549,0.9995,0.2555,-0.2,0.1012
MOD13Q1_061__250m_16_days_NDVI_doy2017337000000_aid0001,_250m_16_days_NDVI,aid0001,2017-12-03,7482697.0,-0.2,0.9994,"(-0.2,0.9994)",0.3705854,0.2853936,0.0814495,0.6195,0.9994,0.2862,-0.2,0.104
MOD13Q1_061__250m_16_days_NDVI_doy2017353000000_aid0001,_250m_16_days_NDVI,aid0001,2017-12-19,7482296.0,-0.2,0.9995,"(-0.2,0.9995)",0.3993235,0.3027431,0.0916534,0.6817,0.9995,0.3133,-0.2,0.1083
MOD13Q1_061__250m_16_days_NDVI_doy2018001000000_aid0001,_250m_16_days_NDVI,aid0001,2018-01-01,7482545.0,-0.1997,0.9992,"(-0.1997,0.9992)",0.4183276,0.3073674,0.0944747,0.7063,0.9992,0.3599,-0.1997,0.113
MOD13Q1_061__250m_16_days_NDVI_doy2018017000000_aid0001,_250m_16_days_NDVI,aid0001,2018-01-17,7482880.0,-0.2,0.9996,"(-0.2,0.9996)",0.4247028,0.3071563,0.094345,0.7262,0.9996,0.3846,-0.2,0.1149
MOD13Q1_061__250m_16_days_NDVI_doy2018033000000_aid0001,_250m_16_days_NDVI,aid0001,2018-02-02,7471646.0,-0.2,0.9995,"(-0.2,0.9995)",0.4596674,0.3132386,0.0981184,0.7607,0.9995,0.4916,-0.2,0.132
MOD13Q1_061__250m_16_days_NDVI_doy2018049000000_aid0001,_250m_16_days_NDVI,aid0001,2018-02-18,7469500.0,-0.2,0.9994,"(-0.2,0.9994)",0.4681629,0.3153201,0.0994268,0.7707,0.9994,0.5098,-0.2,0.1352
MOD13Q1_061__250m_16_days_NDVI_doy2018065000000_aid0001,_250m_16_days_NDVI,aid0001,2018-03-06,7471832.0,-0.2,0.9996,"(-0.2,0.9996)",0.4642277,0.314472,0.0988926,0.7631,0.9996,0.5035,-0.2,0.1342
MOD13Q1_061__250m_16_days_NDVI_doy2018081000000_aid0001,_250m_16_days_NDVI,aid0001,2018-03-22,7472061.0,-0.2,0.9993,"(-0.2,0.9993)",0.4565824,0.3096275,0.0958692,0.7493,0.9993,0.5008,-0.2,0.1326
MOD13Q1_061__250m_16_days_NDVI_doy2018097000000_aid0001,_250m_16_days_NDVI,aid0001,2018-04-07,7473864.0,-0.2,0.9994,"(-0.2,0.9994)",0.4359916,0.3002336,0.0901402,0.7161,0.9994,0.4547,-0.2,0.1275
MOD13Q1_061__250m_16_days_NDVI_doy2018113000000_aid0001,_250m_16_days_NDVI,aid0001,2018-04-23,7477437.0,-0.2,0.9993,"(-0.2,0.9993)",0.4191839,0.2918155,0.0851563,0.6957,0.9993,0.4033,-0.2,0.1262
MOD13Q1_061__250m_16_days_NDVI_doy2018129000000_aid0001,_250m_16_days_NDVI,aid0001,2018-05-09,7473400.0,-0.2,0.9993,"(-0.2,0.9993)",0.4175691,0.2964863,0.0879041,0.6969,0.9993,0.3927,-0.2,0.1211
MOD13Q1_061__250m_16_days_NDVI_doy2018145000000_aid0001,_250m_16_days_NDVI,aid0001,2018-05-25,7473358.0,-0.2,0.9991,"(-0.2,0.9991)",0.3935287,0.2813492,0.0791574,0.6552,0.9991,0.3532,-0.2,0.1177
MOD13Q1_061__250m_16_days_NDVI_doy2018161000000_aid0001,_250m_16_days_NDVI,aid0001,2018-06-10,7475162.0,-0.2,0.9935,"(-0.2,0.9935)",0.3577474,0.2620485,0.0686694,0.6004,0.9935,0.3063,-0.2,0.1141
MOD13Q1_061__250m_16_days_NDVI_doy2018177000000_aid0001,_250m_16_days_NDVI,aid0001,2018-06-26,7474729.0,-0.2,0.9989,"(-0.2,0.9989)",0.3361626,0.2460676,0.0605493,0.5539,0.9989,0.2871,-0.2,0.111
MOD13Q1_061__250m_16_days_NDVI_doy2018193000000_aid0001,_250m_16_days_NDVI,aid0001,2018-07-12,7474710.0,-0.2,0.9917,"(-0.2,0.9917)",0.3297265,0.242163,0.0586429,0.5346,0.9917,0.279,-0.2,0.1098
MOD13Q1_061__250m_16_days_NDVI_doy2018209000000_aid0001,_250m_16_days_NDVI,aid0001,2018-07-28,7474633.0,-0.2,0.9863,"(-0.2,0.9863)",0.3022516,0.2263198,0.0512207,0.4858,0.9863,0.2579,-0.2,0.1052
MOD13Q1_061__250m_16_days_NDVI_doy2018225000000_aid0001,_250m_16_days_NDVI,aid0001,2018-08-13,7474122.0,-0.2,0.9794,"(-0.2,0.9794)",0.2940625,0.2169101,0.04705,0.4659,0.9794,0.253,-0.2,0.105
MOD13Q1_061__250m_16_days_NDVI_doy2018241000000_aid0001,_250m_16_days_NDVI,aid0001,2018-08-29,7474535.0,-0.2,0.9736,"(-0.2,0.9736)",0.2798777,0.2003401,0.0401361,0.4305,0.9186,0.2461,-0.2,0.1049
MOD13Q1_061__250m_16_days_NDVI_doy2018257000000_aid0001,_250m_16_days_NDVI,aid0001,2018-09-14,7475332.0,-0.2,0.9942,"(-0.2,0.9942)",0.2929287,0.2120271,0.0449555,0.455,0.9666,0.2527,-0.2,0.1036
MOD13Q1_061__250m_16_days_NDVI_doy2018273000000_aid0001,_250m_16_days_NDVI,aid0001,2018-09-30,7477364.0,-0.2,0.9972,"(-0.2,0.9972)",0.3067332,0.2271255,0.051586,0.4861,0.9972,0.2496,-0.2,0.1025
MOD13Q1_061__250m_16_days_NDVI_doy2018289000000_aid0001,_250m_16_days_NDVI,aid0001,2018-10-16,7478044.0,-0.2,0.9995,"(-0.2,0.9995)",0.3379312,0.255232,0.0651434,0.5685,0.9995,0.2646,-0.2,0.1025
MOD13Q1_061__250m_16_days_NDVI_doy2018305000000_aid0001,_250m_16_days_NDVI,aid0001,2018-11-01,7478471.0,-0.2,0.9996,"(-0.2,0.9996)",0.3983188,0.3031395,0.0918935,0.6988,0.9996,0.3213,-0.2,0.1035
MOD13Q1_061__250m_16_days_NDVI_doy2018321000000_aid0001,_250m_16_days_NDVI,aid0001,2018-11-17,7480125.0,-0.2,0.9996,"(-0.2,0.9996)",0.3980171,0.3035482,0.0921415,0.698,0.9996,0.3094,-0.2,0.1047
MOD13Q1_061__250m_16_days_NDVI_doy2018337000000_aid0001,_250m_16_days_NDVI,aid0001,2018-12-03,7478723.0,-0.2,0.9993,"(-0.2,0.9993)",0.4070839,0.3050734,0.0930698,0.6906,0.9993,0.3503,-0.2,0.1053
MOD13Q1_061__250m_16_days_NDVI_doy2018353000000_aid0001,_250m_16_days_NDVI,aid0001,2018-12-19,7480617.0,-0.2,0.9995,"(-0.2,0.9995)",0.4153443,0.3051353,0.0931076,0.6977,0.9995,0.3727,-0.2,0.1092
MOD13Q1_061__250m_16_days_NDVI_doy2019001000000_aid0001,_250m_16_days_NDVI,aid0001,2019-01-01,7480416.0,-0.2,0.9995,"(-0.2,0.9995)",0.3837222,0.2895144,0.0838186,0.6753,0.9995,0.2925,-0.2,0.1099
MOD13Q1_061__250m_16_days_NDVI_doy2019017000000_aid0001,_250m_16_days_NDVI,aid0001,2019-01-17,7478787.0,-0.2,0.9996,"(-0.2,0.9996)",0.443529,0.313546,0.0983111,0.7341,0.9996,0.4651,-0.2,0.1162
MOD13Q1_061__250m_16_days_NDVI_doy2019033000000_aid0001,_250m_16_days_NDVI,aid0001,2019-02-02,7467959.0,-0.2,0.9993,"(-0.2,0.9993)",0.4687809,0.3220492,0.1037157,0.7716,0.9993,0.537,-0.2,0.1265
MOD13Q1_061__250m_16_days_NDVI_doy2019049000000_aid0001,_250m_16_days_NDVI,aid0001,2019-02-18,7469918.0,-0.2,0.9994,"(-0.2,0.9994)",0.4730485,0.3223391,0.1039025,0.7769,0.9994,0.5473,-0.2,0.1301
MOD13Q1_061__250m_16_days_NDVI_doy2019065000000_aid0001,_250m_16_days_NDVI,aid0001,2019-03-06,7472124.0,-0.2,0.9996,"(-0.2,0.9996)",0.4404255,0.3126365,0.0977416,0.7562,0.9996,0.3843,-0.2,0.1269
MOD13Q1_061__250m_16_days_NDVI_doy2019081000000_aid0001,_250m_16_days_NDVI,aid0001,2019-03-22,7475155.0,-0.2,0.9995,"(-0.2,0.9995)",0.4560325,0.3100888,0.0961551,0.7484,0.9995,0.5191,-0.2,0.1302
MOD13Q1_061__250m_16_days_NDVI_doy2019097000000_aid0001,_250m_16_days_NDVI,aid0001,2019-04-07,7474628.0,-0.2,0.995,"(-0.2,0.995)",0.4560827,0.3134084,0.0982248,0.7518,0.995,0.5213,-0.2,0.1256
MOD13Q1_061__250m_16_days_NDVI_doy2019113000000_aid0001,_250m_16_days_NDVI,aid0001,2019-04-23,7474473.0,-0.2,0.9994,"(-0.2,0.9994)",0.4376788,0.3057975,0.0935121,0.7324,0.9994,0.4449,-0.2,0.1219
MOD13Q1_061__250m_16_days_NDVI_doy2019129000000_aid0001,_250m_16_days_NDVI,aid0001,2019-05-09,7474193.0,-0.2,0.9992,"(-0.2,0.9992)",0.4287904,0.3011192,0.0906728,0.7151,0.9992,0.4363,-0.2,0.1195
MOD13Q1_061__250m_16_days_NDVI_doy2019145000000_aid0001,_250m_16_days_NDVI,aid0001,2019-05-25,7477364.0,-0.2,0.9987,"(-0.2,0.9987)",0.405155,0.290938,0.0846449,0.6853,0.9987,0.378,-0.2,0.1149
MOD13Q1_061__250m_16_days_NDVI_doy2019161000000_aid0001,_250m_16_days_NDVI,aid0001,2019-06-10,7476215.0,-0.2,0.9986,"(-0.2,0.9986)",0.3825299,0.2751364,0.0757001,0.6402,0.9986,0.3471,-0.2,0.1139
MOD13Q1_061__250m_16_days_NDVI_doy2019177000000_aid0001,_250m_16_days_NDVI,aid0001,2019-06-26,7473354.0,-0.2,0.9981,"(-0.2,0.9981)",0.3664903,0.2646536,0.0700415,0.612,0.9981,0.3333,-0.2,0.1111
MOD13Q1_061__250m_16_days_NDVI_doy2019193000000_aid0001,_250m_16_days_NDVI,aid0001,2019-07-12,7474354.0,-0.2,0.999,"(-0.2,0.999)",0.3460783,0.2484994,0.0617519,0.57,0.999,0.3094,-0.2,0.1102
MOD13Q1_061__250m_16_days_NDVI_doy2019209000000_aid0001,_250m_16_days_NDVI,aid0001,2019-07-28,7474453.0,-0.2,0.9984,"(-0.2,0.9984)",0.3318502,0.2396041,0.0574101,0.5392,0.9984,0.2894,-0.2,0.1079
MOD13Q1_061__250m_16_days_NDVI_doy2019225000000_aid0001,_250m_16_days_NDVI,aid0001,2019-08-13,7474554.0,-0.2,0.9978,"(-0.2,0.9978)",0.3066776,0.2174736,0.0472948,0.4884,0.9978,0.2728,-0.2,0.1064
MOD13Q1_061__250m_16_days_NDVI_doy2019241000000_aid0001,_250m_16_days_NDVI,aid0001,2019-08-29,7476083.0,-0.2,0.9855,"(-0.2,0.9855)",0.3007195,0.213173,0.0454427,0.473,0.9855,0.2709,-0.2,0.1045
MOD13Q1_061__250m_16_days_NDVI_doy2019257000000_aid0001,_250m_16_days_NDVI,aid0001,2019-09-14,7476696.0,-0.2,0.9849,"(-0.2,0.9849)",0.2905208,0.2063098,0.0425637,0.4513,0.9647,0.2616,-0.2,0.1027
MOD13Q1_061__250m_16_days_NDVI_doy2019273000000_aid0001,_250m_16_days_NDVI,aid0001,2019-09-30,7477502.0,-0.2,0.9957,"(-0.2,0.9957)",0.3020953,0.220176,0.0484775,0.4719,0.9957,0.2613,-0.2,0.1039
MOD13Q1_061__250m_16_days_NDVI_doy2019289000000_aid0001,_250m_16_days_NDVI,aid0001,2019-10-16,7478383.0,-0.2,0.9992,"(-0.2,0.9992)",0.3268328,0.245036,0.0600426,0.5211,0.9992,0.2693,-0.2,0.1037
MOD13Q1_061__250m_16_days_NDVI_doy2019305000000_aid0001,_250m_16_days_NDVI,aid0001,2019-11-01,7479055.0,-0.2,0.9994,"(-0.2,0.9994)",0.3639613,0.2756646,0.075991,0.6103,0.9994,0.2847,-0.2,0.107
MOD13Q1_061__250m_16_days_NDVI_doy2019321000000_aid0001,_250m_16_days_NDVI,aid0001,2019-11-17,7479446.0,-0.2,0.9984,"(-0.2,0.9984)",0.3726065,0.2766517,0.0765362,0.62,0.9984,0.3047,-0.2,0.1089
MOD13Q1_061__250m_16_days_NDVI_doy2019337000000_aid0001,_250m_16_days_NDVI,aid0001,2019-12-03,7480146.0,-0.2,0.9995,"(-0.2,0.9995)",0.399129,0.2979297,0.0887621,0.6794,0.9995,0.3312,-0.2,0.1088
MOD13Q1_061__250m_16_days_NDVI_doy2019353000000_aid0001,_250m_16_days_NDVI,aid0001,2019-12-19,7482516.0,-0.2,0.9992,"(-0.2,0.9992)",0.3946349,0.2949183,0.0869768,0.6638,0.9992,0.3242,-0.2,0.1103
MOD13Q1_061__250m_16_days_NDVI_doy2020001000000_aid0001,_250m_16_days_NDVI,aid0001,2020-01-01,7481703.0,-0.2,0.9996,"(-0.2,0.9996)",0.4132321,0.2980666,0.0888437,0.6861,0.9996,0.3706,-0.2,0.1171
MOD13Q1_061__250m_16_days_NDVI_doy2020017000000_aid0001,_250m_16_days_NDVI,aid0001,2020-01-17,7476857.0,-0.2,0.9995,"(-0.2,0.9995)",0.4474558,0.3098438,0.0960032,0.7399,0.9995,0.453,-0.2,0.1272
MOD13Q1_061__250m_16_days_NDVI_doy2020033000000_aid0001,_250m_16_days_NDVI,aid0001,2020-02-02,7477067.0,-0.2,0.9996,"(-0.2,0.9996)",0.456769,0.3115126,0.0970401,0.7572,0.9996,0.4753,-0.2,0.1299
MOD13Q1_061__250m_16_days_NDVI_doy2020049000000_aid0001,_250m_16_days_NDVI,aid0001,2020-02-18,7474346.0,-0.2,0.9993,"(-0.2,0.9993)",0.4724248,0.3130519,0.0980015,0.7652,0.9993,0.5353,-0.2,0.1399
MOD13Q1_061__250m_16_days_NDVI_doy2020065000000_aid0001,_250m_16_days_NDVI,aid0001,2020-03-05,7474665.0,-0.2,0.9976,"(-0.2,0.9976)",0.4614425,0.3078954,0.0947995,0.7469,0.9976,0.5011,-0.2,0.1407
MOD13Q1_061__250m_16_days_NDVI_doy2020081000000_aid0001,_250m_16_days_NDVI,aid0001,2020-03-21,7474800.0,-0.2,0.9995,"(-0.2,0.9995)",0.46604,0.3116384,0.0971185,0.7526,0.9995,0.5238,-0.2,0.1384
MOD13Q1_061__250m_16_days_NDVI_doy2020097000000_aid0001,_250m_16_days_NDVI,aid0001,2020-04-06,7474212.0,-0.2,0.9989,"(-0.2,0.9989)",0.4538307,0.3063772,0.093867,0.738,0.9989,0.5102,-0.2,0.1331
MOD13Q1_061__250m_16_days_NDVI_doy2020113000000_aid0001,_250m_16_days_NDVI,aid0001,2020-04-22,7475590.0,-0.2,0.9993,"(-0.2,0.9993)",0.4300747,0.2959577,0.0875909,0.7068,0.9993,0.4412,-0.2,0.1283
MOD13Q1_061__250m_16_days_NDVI_doy2020129000000_aid0001,_250m_16_days_NDVI,aid0001,2020-05-08,7475309.0,-0.2,0.9984,"(-0.2,0.9984)",0.4187405,0.2924617,0.0855338,0.6884,0.9984,0.4106,-0.2,0.125
MOD13Q1_061__250m_16_days_NDVI_doy2020145000000_aid0001,_250m_16_days_NDVI,aid0001,2020-05-24,7477082.0,-0.2,0.9991,"(-0.2,0.9991)",0.384735,0.2730521,0.0745574,0.6394,0.9991,0.3447,-0.2,0.121
MOD13Q1_061__250m_16_days_NDVI_doy2020161000000_aid0001,_250m_16_days_NDVI,aid0001,2020-06-09,7477280.0,-0.2,0.9971,"(-0.2,0.9971)",0.3551198,0.2524503,0.0637311,0.585,0.9971,0.3106,-0.2,0.1172
MOD13Q1_061__250m_16_days_NDVI_doy2020177000000_aid0001,_250m_16_days_NDVI,aid0001,2020-06-25,7477769.0,-0.2,0.9987,"(-0.2,0.9987)",0.3401387,0.2417422,0.0584393,0.5527,0.9987,0.2965,-0.2,0.1147
MOD13Q1_061__250m_16_days_NDVI_doy2020193000000_aid0001,_250m_16_days_NDVI,aid0001,2020-07-11,7478156.0,-0.2,0.9928,"(-0.2,0.9928)",0.3242876,0.2311789,0.0534437,0.5208,0.9928,0.279,-0.2,0.1128
MOD13Q1_061__250m_16_days_NDVI_doy2020209000000_aid0001,_250m_16_days_NDVI,aid0001,2020-07-27,7477842.0,-0.2,0.978,"(-0.2,0.978)",0.3002465,0.2129597,0.0453518,0.4746,0.978,0.2556,-0.2,0.1104
MOD13Q1_061__250m_16_days_NDVI_doy2020225000000_aid0001,_250m_16_days_NDVI,aid0001,2020-08-12,7479094.0,-0.2,0.9953,"(-0.2,0.9953)",0.2832976,0.1980377,0.0392189,0.439,0.9317,0.247,-0.2,0.1078
MOD13Q1_061__250m_16_days_NDVI_doy2020241000000_aid0001,_250m_16_days_NDVI,aid0001,2020-08-28,7478003.0,-0.2,0.9903,"(-0.2,0.9903)",0.2771186,0.1968876,0.0387647,0.4346,0.9282,0.2479,-0.2,0.1054
MOD13Q1_061__250m_16_days_NDVI_doy2020257000000_aid0001,_250m_16_days_NDVI,aid0001,2020-09-13,7478221.0,-0.2,0.9809,"(-0.2,0.9809)",0.2713786,0.1902999,0.0362141,0.4139,0.874,0.2417,-0.2,0.1069
MOD13Q1_061__250m_16_days_NDVI_doy2020273000000_aid0001,_250m_16_days_NDVI,aid0001,2020-09-29,7480129.0,-0.2,0.9936,"(-0.2,0.9936)",0.2674749,0.186223,0.034679,0.4047,0.8539,0.2372,-0.2,0.1052
MOD13Q1_061__250m_16_days_NDVI_doy2020289000000_aid0001,_250m_16_days_NDVI,aid0001,2020-10-15,7482043.0,-0.2,0.9945,"(-0.2,0.9945)",0.2901321,0.206328,0.0425712,0.4499,0.9647,0.2487,-0.2,0.1063
MOD13Q1_061__250m_16_days_NDVI_doy2020305000000_aid0001,_250m_16_days_NDVI,aid0001,2020-10-31,7483193.0,-0.2,0.9981,"(-0.2,0.9981)",0.3000729,0.218553,0.0477654,0.4652,0.9981,0.2441,-0.2,0.1061
MOD13Q1_061__250m_16_days_NDVI_doy2020321000000_aid0001,_250m_16_days_NDVI,aid0001,2020-11-16,7482953.0,-0.2,0.9988,"(-0.2,0.9988)",0.3261219,0.2426019,0.0588557,0.5197,0.9988,0.2597,-0.2,0.1059
MOD13Q1_061__250m_16_days_NDVI_doy2020337000000_aid0001,_250m_16_days_NDVI,aid0001,2020-12-02,7483786.0,-0.2,0.9996,"(-0.2,0.9996)",0.3640115,0.2740028,0.0750776,0.594,0.9996,0.2929,-0.2,0.1078
MOD13Q1_061__250m_16_days_NDVI_doy2020353000000_aid0001,_250m_16_days_NDVI,aid0001,2020-12-18,7483014.0,-0.2,0.9992,"(-0.2,0.9992)",0.3729871,0.2779369,0.0772489,0.6111,0.9992,0.3049,-0.2,0.1101
MOD13Q1_061__250m_16_days_NDVI_doy2021001000000_aid0001,_250m_16_days_NDVI,aid0001,2021-01-01,7483087.0,-0.2,0.9996,"(-0.2,0.9996)",0.4069076,0.2979974,0.0888024,0.6863,0.9996,0.3509,-0.2,0.1146
MOD13Q1_061__250m_16_days_NDVI_doy2021017000000_aid0001,_250m_16_days_NDVI,aid0001,2021-01-17,7482465.0,-0.2,0.9984,"(-0.2,0.9984)",0.4339538,0.3104861,0.0964016,0.7201,0.9984,0.4147,-0.2,0.1175
MOD13Q1_061__250m_16_days_NDVI_doy2021033000000_aid0001,_250m_16_days_NDVI,aid0001,2021-02-02,7481241.0,-0.2,0.9995,"(-0.2,0.9995)",0.4456491,0.3150633,0.0992649,0.7389,0.9995,0.4433,-0.2,0.121
MOD13Q1_061__250m_16_days_NDVI_doy2021049000000_aid0001,_250m_16_days_NDVI,aid0001,2021-02-18,7478785.0,-0.2,0.9996,"(-0.2,0.9996)",0.4510671,0.3125183,0.0976677,0.7412,0.9996,0.4688,-0.2,0.1257
MOD13Q1_061__250m_16_days_NDVI_doy2021065000000_aid0001,_250m_16_days_NDVI,aid0001,2021-03-06,7478705.0,-0.2,0.9996,"(-0.2,0.9996)",0.464774,0.316377,0.1000944,0.7536,0.9996,0.524,-0.2,0.1293
MOD13Q1_061__250m_16_days_NDVI_doy2021081000000_aid0001,_250m_16_days_NDVI,aid0001,2021-03-22,7476613.0,-0.2,0.9994,"(-0.2,0.9994)",0.4459627,0.3055866,0.0933831,0.7333,0.9994,0.4578,-0.2,0.1289
MOD13Q1_061__250m_16_days_NDVI_doy2021097000000_aid0001,_250m_16_days_NDVI,aid0001,2021-04-07,7476752.0,-0.2,0.9995,"(-0.2,0.9995)",0.4405693,0.3047127,0.0928498,0.7253,0.9995,0.4615,-0.2,0.126
MOD13Q1_061__250m_16_days_NDVI_doy2021113000000_aid0001,_250m_16_days_NDVI,aid0001,2021-04-23,7477095.0,-0.2,0.9993,"(-0.2,0.9993)",0.4258674,0.2962202,0.0877464,0.6954,0.9993,0.438,-0.2,0.1228
MOD13Q1_061__250m_16_days_NDVI_doy2021129000000_aid0001,_250m_16_days_NDVI,aid0001,2021-05-09,7477401.0,-0.2,0.9991,"(-0.2,0.9991)",0.4072612,0.2895222,0.0838231,0.6781,0.9991,0.3826,-0.2,0.1193
MOD13Q1_061__250m_16_days_NDVI_doy2021145000000_aid0001,_250m_16_days_NDVI,aid0001,2021-05-25,7477635.0,-0.2,0.9988,"(-0.2,0.9988)",0.3779875,0.2731235,0.0745964,0.6188,0.9988,0.3361,-0.2,0.1169
MOD13Q1_061__250m_16_days_NDVI_doy2021161000000_aid0001,_250m_16_days_NDVI,aid0001,2021-06-10,7477490.0,-0.2,0.9991,"(-0.2,0.9991)",0.3691754,0.2717722,0.0738601,0.6156,0.9991,0.3256,-0.2,0.1139
MOD13Q1_061__250m_16_days_NDVI_doy2021177000000_aid0001,_250m_16_days_NDVI,aid0001,2021-06-26,7476937.0,-0.2,0.9955,"(-0.2,0.9955)",0.335762,0.2481452,0.061576,0.5483,0.9955,0.2804,-0.2,0.1107
MOD13Q1_061__250m_16_days_NDVI_doy2021193000000_aid0001,_250m_16_days_NDVI,aid0001,2021-07-12,7476980.0,-0.2,0.9934,"(-0.2,0.9934)",0.3076884,0.2235837,0.0499897,0.475,0.9934,0.2647,-0.2,0.1104
MOD13Q1_061__250m_16_days_NDVI_doy2021209000000_aid0001,_250m_16_days_NDVI,aid0001,2021-07-28,7477784.0,-0.2,0.9941,"(-0.2,0.9941)",0.2933943,0.2123611,0.0450972,0.4473,0.9512,0.2525,-0.2,0.109
MOD13Q1_061__250m_16_days_NDVI_doy2021225000000_aid0001,_250m_16_days_NDVI,aid0001,2021-08-13,7478116.0,-0.2,0.9574,"(-0.2,0.9574)",0.2771442,0.1972867,0.038922,0.4141,0.875,0.2422,-0.2,0.1068
MOD13Q1_061__250m_16_days_NDVI_doy2021241000000_aid0001,_250m_16_days_NDVI,aid0001,2021-08-29,7478206.0,-0.2,0.9882,"(-0.2,0.9882)",0.2773195,0.1939607,0.0376207,0.4211,0.8942,0.2469,-0.2,0.1056
MOD13Q1_061__250m_16_days_NDVI_doy2021257000000_aid0001,_250m_16_days_NDVI,aid0001,2021-09-14,7478854.0,-0.2,0.9955,"(-0.2,0.9955)",0.2809501,0.2009556,0.0403832,0.4242,0.9027,0.2465,-0.2,0.1046
MOD13Q1_061__250m_16_days_NDVI_doy2021273000000_aid0001,_250m_16_days_NDVI,aid0001,2021-09-30,7479920.0,-0.2,0.9838,"(-0.2,0.9838)",0.2846162,0.2075143,0.0430622,0.4334,0.9292,0.2458,-0.2,0.102
MOD13Q1_061__250m_16_days_NDVI_doy2021289000000_aid0001,_250m_16_days_NDVI,aid0001,2021-10-16,7481206.0,-0.2,0.9945,"(-0.2,0.9945)",0.2883514,0.2131767,0.0454443,0.4431,0.9476,0.2409,-0.2,0.1018
MOD13Q1_061__250m_16_days_NDVI_doy2021305000000_aid0001,_250m_16_days_NDVI,aid0001,2021-11-01,7481643.0,-0.2,0.9993,"(-0.2,0.9993)",0.312975,0.2344899,0.0549855,0.4975,0.9993,0.2502,-0.2,0.1016
MOD13Q1_061__250m_16_days_NDVI_doy2021321000000_aid0001,_250m_16_days_NDVI,aid0001,2021-11-17,7482243.0,-0.2,0.999,"(-0.2,0.999)",0.3562846,0.2721282,0.0740538,0.6057,0.999,0.2678,-0.2,0.1023
MOD13Q1_061__250m_16_days_NDVI_doy2021337000000_aid0001,_250m_16_days_NDVI,aid0001,2021-12-03,7482201.0,-0.2,0.9992,"(-0.2,0.9992)",0.3693736,0.2767136,0.0765704,0.6294,0.9992,0.2886,-0.2,0.106
MOD13Q1_061__250m_16_days_NDVI_doy2021353000000_aid0001,_250m_16_days_NDVI,aid0001,2021-12-19,7473313.0,-0.2,0.9992,"(-0.2,0.9992)",0.3904616,0.2847744,0.0810965,0.6454,0.9992,0.3318,-0.2,0.1132
MOD13Q1_061__250m_16_days_NDVI_doy2022001000000_aid0001,_250m_16_days_NDVI,aid0001,2022-01-01,7471243.0,-0.2,0.9996,"(-0.2,0.9996)",0.3941046,0.2818336,0.0794302,0.6351,0.9996,0.3444,-0.2,0.1202
MOD13Q1_061__250m_16_days_NDVI_doy2022017000000_aid0001,_250m_16_days_NDVI,aid0001,2022-01-17,7472861.0,-0.1998,0.9996,"(-0.1998,0.9996)",0.4238382,0.2943592,0.0866474,0.6912,0.9996,0.4022,-0.1998,0.1261
MOD13Q1_061__250m_16_days_NDVI_doy2022033000000_aid0001,_250m_16_days_NDVI,aid0001,2022-02-02,7469751.0,-0.2,0.9994,"(-0.2,0.9994)",0.4447604,0.3013439,0.0908081,0.7206,0.9994,0.44,-0.2,0.1362
MOD13Q1_061__250m_16_days_NDVI_doy2022049000000_aid0001,_250m_16_days_NDVI,aid0001,2022-02-18,7470638.0,-0.2,0.9995,"(-0.2,0.9995)",0.462903,0.3116728,0.0971399,0.7543,0.9995,0.4955,-0.2,0.137
MOD13Q1_061__250m_16_days_NDVI_doy2022065000000_aid0001,_250m_16_days_NDVI,aid0001,2022-03-06,7470800.0,-0.2,0.9995,"(-0.2,0.9995)",0.4706776,0.3155226,0.0995545,0.7658,0.9995,0.5309,-0.2,0.1366
MOD13Q1_061__250m_16_days_NDVI_doy2022081000000_aid0001,_250m_16_days_NDVI,aid0001,2022-03-22,7472024.0,-0.2,0.9993,"(-0.2,0.9993)",0.4561031,0.3100058,0.0961036,0.7362,0.9993,0.5123,-0.2,0.131
MOD13Q1_061__250m_16_days_NDVI_doy2022097000000_aid0001,_250m_16_days_NDVI,aid0001,2022-04-07,7473866.0,-0.2,0.9993,"(-0.2,0.9993)",0.4379325,0.3026212,0.0915796,0.7147,0.9993,0.4664,-0.2,0.1258
MOD13Q1_061__250m_16_days_NDVI_doy2022113000000_aid0001,_250m_16_days_NDVI,aid0001,2022-04-23,7476054.0,-0.2,0.9995,"(-0.2,0.9995)",0.4145776,0.2914664,0.0849526,0.681,0.9995,0.4123,-0.2,0.1213
MOD13Q1_061__250m_16_days_NDVI_doy2022129000000_aid0001,_250m_16_days_NDVI,aid0001,2022-05-09,7472488.0,-0.2,0.9991,"(-0.2,0.9991)",0.3955554,0.2810488,0.0789884,0.6522,0.9991,0.3693,-0.2,0.1187
MOD13Q1_061__250m_16_days_NDVI_doy2022145000000_aid0001,_250m_16_days_NDVI,aid0001,2022-05-25,7478358.0,-0.2,0.999,"(-0.2,0.999)",0.3632427,0.2643637,0.0698882,0.5985,0.999,0.3136,-0.2,0.1152
MOD13Q1_061__250m_16_days_NDVI_doy2022161000000_aid0001,_250m_16_days_NDVI,aid0001,2022-06-10,7474131.0,-0.2,0.9993,"(-0.2,0.9993)",0.3444538,0.2510787,0.0630405,0.5622,0.9993,0.2989,-0.2,0.1122
MOD13Q1_061__250m_16_days_NDVI_doy2022177000000_aid0001,_250m_16_days_NDVI,aid0001,2022-06-26,7475499.0,-0.2,0.9968,"(-0.2,0.9968)",0.3270054,0.2384009,0.056835,0.5337,0.9968,0.2795,-0.2,0.1107
MOD13Q1_061__250m_16_days_NDVI_doy2022193000000_aid0001,_250m_16_days_NDVI,aid0001,2022-07-12,7475469.0,-0.2,0.985,"(-0.2,0.985)",0.3036064,0.218559,0.047768,0.483,0.985,0.2591,-0.2,0.1079
MOD13Q1_061__250m_16_days_NDVI_doy2022209000000_aid0001,_250m_16_days_NDVI,aid0001,2022-07-28,7474379.0,-0.2,0.9972,"(-0.2,0.9972)",0.2970453,0.2103421,0.0442438,0.4666,0.9972,0.2602,-0.2,0.1078
MOD13Q1_061__250m_16_days_NDVI_doy2022225000000_aid0001,_250m_16_days_NDVI,aid0001,2022-08-13,7474453.0,-0.2,0.9805,"(-0.2,0.9805)",0.277888,0.195846,0.0383556,0.4288,0.9054,0.2406,-0.2,0.1052
MOD13Q1_061__250m_16_days_NDVI_doy2022241000000_aid0001,_250m_16_days_NDVI,aid0001,2022-08-29,7475779.0,-0.2,0.9718,"(-0.2,0.9718)",0.2648501,0.1826511,0.0333614,0.3996,0.8413,0.2347,-0.2,0.1051
MOD13Q1_061__250m_16_days_NDVI_doy2022257000000_aid0001,_250m_16_days_NDVI,aid0001,2022-09-14,7476576.0,-0.2,0.9972,"(-0.2,0.9972)",0.2603912,0.1792328,0.0321244,0.394,0.8303,0.2326,-0.2,0.1031
MOD13Q1_061__250m_16_days_NDVI_doy2022273000000_aid0001,_250m_16_days_NDVI,aid0001,2022-09-30,7477627.0,-0.2,0.9665,"(-0.2,0.9665)",0.2744379,0.1941053,0.0376769,0.4254,0.9083,0.2346,-0.2,0.1027
MOD13Q1_061__250m_16_days_NDVI_doy2022289000000_aid0001,_250m_16_days_NDVI,aid0001,2022-10-16,7476492.0,-0.2,0.9928,"(-0.2,0.9928)",0.2776479,0.2001736,0.0400695,0.4296,0.9202,0.229,-0.2,0.1023
MOD13Q1_061__250m_16_days_NDVI_doy2022305000000_aid0001,_250m_16_days_NDVI,aid0001,2022-11-01,7478638.0,-0.2,0.9963,"(-0.2,0.9963)",0.2828132,0.2027108,0.0410917,0.4339,0.9277,0.2362,-0.2,0.1046
MOD13Q1_061__250m_16_days_NDVI_doy2022321000000_aid0001,_250m_16_days_NDVI,aid0001,2022-11-17,7478883.0,-0.2,0.9935,"(-0.2,0.9935)",0.3019678,0.2177534,0.0474166,0.475,0.9935,0.2439,-0.2,0.1066
MOD13Q1_061__250m_16_days_NDVI_doy2022337000000_aid0001,_250m_16_days_NDVI,aid0001,2022-12-03,7478342.0,-0.2,0.9986,"(-0.2,0.9986)",0.3161104,0.2264856,0.0512957,0.4934,0.9986,0.2584,-0.2,0.1113
MOD13Q1_061__250m_16_days_NDVI_doy2022353000000_aid0001,_250m_16_days_NDVI,aid0001,2022-12-19,7478522.0,-0.2,0.9987,"(-0.2,0.9987)",0.3606133,0.2603014,0.0677568,0.578,0.9987,0.2991,-0.2,0.1164
MOD13Q1_061__250m_16_days_NDVI_doy2023001000000_aid0001,_250m_16_days_NDVI,aid0001,2023-01-01,7479146.0,-0.2,0.9995,"(-0.2,0.9995)",0.372479,0.2660257,0.0707697,0.5879,0.9995,0.3159,-0.2,0.1212
MOD13Q1_061__250m_16_days_NDVI_doy2023017000000_aid0001,_250m_16_days_NDVI,aid0001,2023-01-17,7479542.0,-0.2,0.9995,"(-0.2,0.9995)",0.3969917,0.2736455,0.0748819,0.6357,0.9995,0.3664,-0.2,0.1277
MOD13Q1_061__250m_16_days_NDVI_doy2023033000000_aid0001,_250m_16_days_NDVI,aid0001,2023-02-02,7476378.0,-0.2,0.9984,"(-0.2,0.9984)",0.4340122,0.2958779,0.0875437,0.6992,0.9984,0.4231,-0.2,0.1337
MOD13Q1_061__250m_16_days_NDVI_doy2023049000000_aid0001,_250m_16_days_NDVI,aid0001,2023-02-18,7475882.0,-0.2,0.9995,"(-0.2,0.9995)",0.4481181,0.2991706,0.089503,0.7226,0.9995,0.4726,-0.2,0.136
MOD13Q1_061__250m_16_days_NDVI_doy2023065000000_aid0001,_250m_16_days_NDVI,aid0001,2023-03-06,7477185.0,-0.2,0.9995,"(-0.2,0.9995)",0.4534233,0.3057817,0.0935024,0.736,0.9995,0.4834,-0.2,0.1344
MOD13Q1_061__250m_16_days_NDVI_doy2023081000000_aid0001,_250m_16_days_NDVI,aid0001,2023-03-22,7478598.0,-0.2,0.9996,"(-0.2,0.9996)",0.4593626,0.3051961,0.0931446,0.7464,0.9996,0.5032,-0.2,0.1404
MOD13Q1_061__250m_16_days_NDVI_doy2023097000000_aid0001,_250m_16_days_NDVI,aid0001,2023-04-07,7474715.0,-0.2,0.9995,"(-0.2,0.9995)",0.4629935,0.3130695,0.0980125,0.7588,0.9995,0.5282,-0.2,0.1303
MOD13Q1_061__250m_16_days_NDVI_doy2023113000000_aid0001,_250m_16_days_NDVI,aid0001,2023-04-23,7474840.0,-0.2,0.9994,"(-0.2,0.9994)",0.4480547,0.3080348,0.0948855,0.741,0.9994,0.4911,-0.2,0.1243
MOD13Q1_061__250m_16_days_NDVI_doy2023129000000_aid0001,_250m_16_days_NDVI,aid0001,2023-05-09,7475152.0,-0.2,0.9992,"(-0.2,0.9992)",0.4259678,0.2991781,0.0895075,0.7059,0.9992,0.4277,-0.2,0.1213
MOD13Q1_061__250m_16_days_NDVI_doy2023145000000_aid0001,_250m_16_days_NDVI,aid0001,2023-05-25,7477024.0,-0.2,0.9992,"(-0.2,0.9992)",0.4064813,0.2899072,0.0840462,0.6764,0.9992,0.3785,-0.2,0.1186
MOD13Q1_061__250m_16_days_NDVI_doy2023161000000_aid0001,_250m_16_days_NDVI,aid0001,2023-06-10,7474617.0,-0.2,0.9988,"(-0.2,0.9988)",0.39008,0.2792716,0.0779927,0.6519,0.9988,0.3552,-0.2,0.1158
MOD13Q1_061__250m_16_days_NDVI_doy2023177000000_aid0001,_250m_16_days_NDVI,aid0001,2023-06-26,7476234.0,-0.2,0.9986,"(-0.2,0.9986)",0.3596391,0.2598733,0.0675341,0.5946,0.9986,0.3174,-0.2,0.113
MOD13Q1_061__250m_16_days_NDVI_doy2023193000000_aid0001,_250m_16_days_NDVI,aid0001,2023-07-12,7476240.0,-0.2,0.9979,"(-0.2,0.9979)",0.3427864,0.2460841,0.0605574,0.5598,0.9979,0.3019,-0.2,0.1117
MOD13Q1_061__250m_16_days_NDVI_doy2023209000000_aid0001,_250m_16_days_NDVI,aid0001,2023-07-28,7475462.0,-0.2,0.9986,"(-0.2,0.9986)",0.3294934,0.2372848,0.0563041,0.5297,0.9986,0.2859,-0.2,0.1098
MOD13Q1_061__250m_16_days_NDVI_doy2023225000000_aid0001,_250m_16_days_NDVI,aid0001,2023-08-13,7478911.0,-0.2,0.961,"(-0.2,0.961)",0.3019688,0.2141931,0.0458787,0.4696,0.961,0.266,-0.2,0.1075
MOD13Q1_061__250m_16_days_NDVI_doy2023241000000_aid0001,_250m_16_days_NDVI,aid0001,2023-08-29,7477194.0,-0.2,0.9397,"(-0.2,0.9397)",0.2976301,0.2107873,0.0444313,0.4635,0.9397,0.2643,-0.2,0.106
MOD13Q1_061__250m_16_days_NDVI_doy2023257000000_aid0001,_250m_16_days_NDVI,aid0001,2023-09-14,7478553.0,-0.2,0.9746,"(-0.2,0.9746)",0.2848699,0.1979829,0.0391972,0.4373,0.922,0.2559,-0.2,0.105
MOD13Q1_061__250m_16_days_NDVI_doy2023273000000_aid0001,_250m_16_days_NDVI,aid0001,2023-09-30,7480391.0,-0.2,0.9848,"(-0.2,0.9848)",0.2880496,0.204769,0.0419303,0.4407,0.9327,0.256,-0.2,0.1033
MOD13Q1_061__250m_16_days_NDVI_doy2023289000000_aid0001,_250m_16_days_NDVI,aid0001,2023-10-16,7480176.0,-0.2,0.9868,"(-0.2,0.9868)",0.2903654,0.2065929,0.0426806,0.4486,0.965,0.2499,-0.2,0.1039
MOD13Q1_061__250m_16_days_NDVI_doy2023305000000_aid0001,_250m_16_days_NDVI,aid0001,2023-11-01,7483544.0,-0.2,0.9994,"(-0.2,0.9994)",0.2953916,0.216551,0.0468944,0.4487,0.9635,0.2462,-0.2,0.1035
MOD13Q1_061__250m_16_days_NDVI_doy2023321000000_aid0001,_250m_16_days_NDVI,aid0001,2023-11-17,7482938.0,-0.1997,0.9993,"(-0.1997,0.9993)",0.3368332,0.2486794,0.0618415,0.5407,0.9993,0.2775,-0.1997,0.1059
MOD13Q1_061__250m_16_days_NDVI_doy2023337000000_aid0001,_250m_16_days_NDVI,aid0001,2023-12-03,7482413.0,-0.2,0.9992,"(-0.2,0.9992)",0.3821628,0.2829646,0.080069,0.6419,0.9992,0.3138,-0.2,0.1085
MOD13Q1_061__250m_16_days_NDVI_doy2023353000000_aid0001,_250m_16_days_NDVI,aid0001,2023-12-19,7483056.0,-0.2,0.9996,"(-0.2,0.9996)",0.4127201,0.302389,0.0914391,0.7034,0.9996,0.3569,-0.2,0.1122
MOD13Q1_061__250m_16_days_NDVI_doy2015353000000_aid0002,_250m_16_days_NDVI,aid0002,2015-12-19,6903034.0,-0.2,0.9993,"(-0.2,0.9993)",0.6601873,0.1383582,0.019143,0.7491,0.9519,0.6915,0.4111,0.6139
MOD13Q1_061__250m_16_days_NDVI_doy2016001000000_aid0002,_250m_16_days_NDVI,aid0002,2016-01-01,6902580.0,-0.2,0.9994,"(-0.2,0.9994)",0.6947473,0.1239351,0.0153599,0.7743,0.9622,0.7196,0.4611,0.649
MOD13Q1_061__250m_16_days_NDVI_doy2016017000000_aid0002,_250m_16_days_NDVI,aid0002,2016-01-17,6904225.0,-0.2,0.9885,"(-0.2,0.9885)",0.6779592,0.1187706,0.0141065,0.7581,0.9483,0.7017,0.4386,0.6303
MOD13Q1_061__250m_16_days_NDVI_doy2016033000000_aid0002,_250m_16_days_NDVI,aid0002,2016-02-02,6903317.0,-0.2,0.9982,"(-0.2,0.9982)",0.7205853,0.105222,0.0110717,0.7919,0.9654,0.74,0.5027,0.6762
MOD13Q1_061__250m_16_days_NDVI_doy2016049000000_aid0002,_250m_16_days_NDVI,aid0002,2016-02-18,6905690.0,-0.2,0.9995,"(-0.2,0.9995)",0.6938281,0.136985,0.0187649,0.7807,0.9896,0.7274,0.4325,0.6414
MOD13Q1_061__250m_16_days_NDVI_doy2016065000000_aid0002,_250m_16_days_NDVI,aid0002,2016-03-05,6900945.0,-0.2,0.9987,"(-0.2,0.9987)",0.7346394,0.0916687,0.0084032,0.7903,0.9272,0.7491,0.5621,0.699
MOD13Q1_061__250m_16_days_NDVI_doy2016081000000_aid0002,_250m_16_days_NDVI,aid0002,2016-03-21,6902454.0,-0.2,0.9992,"(-0.2,0.9992)",0.7271307,0.0897473,0.0080546,0.783,0.9175,0.7441,0.5588,0.6933
MOD13Q1_061__250m_16_days_NDVI_doy2016097000000_aid0002,_250m_16_days_NDVI,aid0002,2016-04-06,6904193.0,-0.2,0.999,"(-0.2,0.999)",0.7057684,0.133574,0.017842,0.7859,0.9482,0.7424,0.5154,0.6777
MOD13Q1_061__250m_16_days_NDVI_doy2016113000000_aid0002,_250m_16_days_NDVI,aid0002,2016-04-22,6904585.0,-0.2,0.9992,"(-0.2,0.9992)",0.7102534,0.0951914,0.0090614,0.7702,0.907,0.7283,0.5422,0.679
MOD13Q1_061__250m_16_days_NDVI_doy2016129000000_aid0002,_250m_16_days_NDVI,aid0002,2016-05-08,6903009.0,-0.2,0.9979,"(-0.2,0.9979)",0.6789956,0.1105073,0.0122119,0.7515,0.9189,0.7041,0.4725,0.6399
MOD13Q1_061__250m_16_days_NDVI_doy2016145000000_aid0002,_250m_16_days_NDVI,aid0002,2016-05-24,6901756.0,-0.2,0.9833,"(-0.2,0.9833)",0.6536832,0.1123328,0.0126186,0.7295,0.9072,0.6774,0.4323,0.6106
MOD13Q1_061__250m_16_days_NDVI_doy2016161000000_aid0002,_250m_16_days_NDVI,aid0002,2016-06-09,6900278.0,-0.2,0.9567,"(-0.2,0.9567)",0.623104,0.1211605,0.0146799,0.7095,0.9111,0.6445,0.3598,0.5696
MOD13Q1_061__250m_16_days_NDVI_doy2016177000000_aid0002,_250m_16_days_NDVI,aid0002,2016-06-25,6903311.0,-0.2,0.9985,"(-0.2,0.9985)",0.5657101,0.1442808,0.020817,0.67,0.9296,0.6025,0.237,0.4968
MOD13Q1_061__250m_16_days_NDVI_doy2016193000000_aid0002,_250m_16_days_NDVI,aid0002,2016-07-11,6902876.0,-0.2,0.9988,"(-0.2,0.9988)",0.5810346,0.1219417,0.0148698,0.6729,0.9092,0.6004,0.2787,0.5152
MOD13Q1_061__250m_16_days_NDVI_doy2016209000000_aid0002,_250m_16_days_NDVI,aid0002,2016-07-27,6905030.0,-0.2,0.9752,"(-0.2,0.9752)",0.5499644,0.1196297,0.0143113,0.6414,0.8751,0.5671,0.2519,0.4856
MOD13Q1_061__250m_16_days_NDVI_doy2016225000000_aid0002,_250m_16_days_NDVI,aid0002,2016-08-12,6904189.0,-0.2,0.9095,"(-0.2,0.9095)",0.5290927,0.1212076,0.0146913,0.6227,0.8685,0.5391,0.213,0.4588
MOD13Q1_061__250m_16_days_NDVI_doy2016241000000_aid0002,_250m_16_days_NDVI,aid0002,2016-08-28,6904980.0,-0.2,0.9125,"(-0.2,0.9125)",0.527118,0.1252752,0.0156939,0.6252,0.8888,0.5323,0.1842,0.4488
MOD13Q1_061__250m_16_days_NDVI_doy2016257000000_aid0002,_250m_16_days_NDVI,aid0002,2016-09-13,6905026.0,-0.2,0.9688,"(-0.2,0.9688)",0.5168598,0.1280985,0.0164092,0.6139,0.8846,0.514,0.1617,0.433
MOD13Q1_061__250m_16_days_NDVI_doy2016273000000_aid0002,_250m_16_days_NDVI,aid0002,2016-09-29,6905762.0,-0.2,0.9964,"(-0.2,0.9964)",0.5546705,0.1306806,0.0170774,0.6509,0.9143,0.5563,0.2112,0.475
MOD13Q1_061__250m_16_days_NDVI_doy2016289000000_aid0002,_250m_16_days_NDVI,aid0002,2016-10-15,6905497.0,-0.2,0.9992,"(-0.2,0.9992)",0.5936122,0.1393949,0.0194309,0.699,0.9849,0.6041,0.2195,0.5072
MOD13Q1_061__250m_16_days_NDVI_doy2016305000000_aid0002,_250m_16_days_NDVI,aid0002,2016-10-31,6906625.0,-0.2,0.987,"(-0.2,0.987)",0.6264628,0.1384522,0.019169,0.7279,0.987,0.6497,0.2864,0.5513
MOD13Q1_061__250m_16_days_NDVI_doy2016321000000_aid0002,_250m_16_days_NDVI,aid0002,2016-11-16,6906069.0,-0.2,0.9968,"(-0.2,0.9968)",0.6678153,0.1307349,0.0170916,0.7585,0.975,0.6967,0.3975,0.6141
MOD13Q1_061__250m_16_days_NDVI_doy2016337000000_aid0002,_250m_16_days_NDVI,aid0002,2016-12-02,6905084.0,-0.2,0.997,"(-0.2,0.997)",0.6915428,0.1283423,0.0164717,0.7774,0.9733,0.7202,0.4504,0.6466
MOD13Q1_061__250m_16_days_NDVI_doy2016353000000_aid0002,_250m_16_days_NDVI,aid0002,2016-12-18,6906929.0,-0.2,0.9977,"(-0.2,0.9977)",0.680116,0.125627,0.0157821,0.7606,0.9419,0.7098,0.4584,0.6397
MOD13Q1_061__250m_16_days_NDVI_doy2017001000000_aid0002,_250m_16_days_NDVI,aid0002,2017-01-01,6906520.0,-0.2,0.9951,"(-0.2,0.9951)",0.7042198,0.1182097,0.0139735,0.7828,0.9646,0.7353,0.4791,0.6613
MOD13Q1_061__250m_16_days_NDVI_doy2017017000000_aid0002,_250m_16_days_NDVI,aid0002,2017-01-17,6907593.0,-0.2,0.9992,"(-0.2,0.9992)",0.6941291,0.1134965,0.0128814,0.7726,0.9631,0.7222,0.4551,0.6456
MOD13Q1_061__250m_16_days_NDVI_doy2017033000000_aid0002,_250m_16_days_NDVI,aid0002,2017-02-02,6907881.0,-0.2,0.998,"(-0.2,0.998)",0.7153286,0.1048422,0.0109919,0.7862,0.9607,0.7353,0.4942,0.6694
MOD13Q1_061__250m_16_days_NDVI_doy2017049000000_aid0002,_250m_16_days_NDVI,aid0002,2017-02-18,6905401.0,-0.2,0.9987,"(-0.2,0.9987)",0.7395439,0.0971236,0.009433,0.8015,0.957,0.7574,0.5423,0.6978
MOD13Q1_061__250m_16_days_NDVI_doy2017065000000_aid0002,_250m_16_days_NDVI,aid0002,2017-03-06,6905615.0,-0.2,0.9978,"(-0.2,0.9978)",0.7441747,0.089599,0.008028,0.7985,0.9335,0.7591,0.5735,0.7085
MOD13Q1_061__250m_16_days_NDVI_doy2017081000000_aid0002,_250m_16_days_NDVI,aid0002,2017-03-22,6906057.0,-0.2,0.9994,"(-0.2,0.9994)",0.7257575,0.1200032,0.0144008,0.795,0.9433,0.7544,0.5478,0.6961
MOD13Q1_061__250m_16_days_NDVI_doy2017097000000_aid0002,_250m_16_days_NDVI,aid0002,2017-04-07,6907827.0,-0.2,0.9992,"(-0.2,0.9992)",0.7364116,0.0888099,0.0078872,0.7917,0.9211,0.7582,0.576,0.7054
MOD13Q1_061__250m_16_days_NDVI_doy2017113000000_aid0002,_250m_16_days_NDVI,aid0002,2017-04-23,6903613.0,-0.2,0.9968,"(-0.2,0.9968)",0.7309789,0.0970637,0.0094214,0.7923,0.9289,0.755,0.5646,0.7012
MOD13Q1_061__250m_16_days_NDVI_doy2017129000000_aid0002,_250m_16_days_NDVI,aid0002,2017-05-09,6903516.0,-0.2,0.9994,"(-0.2,0.9994)",0.6674143,0.170054,0.0289183,0.7781,0.9968,0.7283,0.4136,0.6323
MOD13Q1_061__250m_16_days_NDVI_doy2017145000000_aid0002,_250m_16_days_NDVI,aid0002,2017-05-25,6910984.0,-0.2,0.9994,"(-0.2,0.9994)",0.6695721,0.1706483,0.0291209,0.7722,0.9543,0.7311,0.4687,0.6508
MOD13Q1_061__250m_16_days_NDVI_doy2017161000000_aid0002,_250m_16_days_NDVI,aid0002,2017-06-10,6903095.0,-0.2,0.9655,"(-0.2,0.9655)",0.6863015,0.1041478,0.0108468,0.7538,0.903,0.7146,0.5051,0.6543
MOD13Q1_061__250m_16_days_NDVI_doy2017177000000_aid0002,_250m_16_days_NDVI,aid0002,2017-06-26,6909896.0,-0.2,0.9993,"(-0.2,0.9993)",0.6345685,0.1167125,0.0136218,0.7114,0.8812,0.6671,0.4284,0.5982
MOD13Q1_061__250m_16_days_NDVI_doy2017193000000_aid0002,_250m_16_days_NDVI,aid0002,2017-07-12,6903044.0,-0.2,0.9905,"(-0.2,0.9905)",0.6172381,0.1124524,0.0126455,0.6941,0.8793,0.6422,0.3849,0.5704
MOD13Q1_061__250m_16_days_NDVI_doy2017209000000_aid0002,_250m_16_days_NDVI,aid0002,2017-07-28,6904851.0,-0.2,0.9905,"(-0.2,0.9905)",0.5225523,0.1091657,0.0119171,0.5989,0.8096,0.5411,0.2477,0.4584
MOD13Q1_061__250m_16_days_NDVI_doy2017225000000_aid0002,_250m_16_days_NDVI,aid0002,2017-08-13,6903889.0,-0.2,0.9977,"(-0.2,0.9977)",0.5233391,0.1166032,0.0135963,0.6048,0.8281,0.5336,0.2326,0.4559
MOD13Q1_061__250m_16_days_NDVI_doy2017241000000_aid0002,_250m_16_days_NDVI,aid0002,2017-08-29,6908447.0,-0.2,0.9897,"(-0.2,0.9897)",0.531297,0.1260859,0.0158977,0.6244,0.878,0.533,0.2017,0.4553
MOD13Q1_061__250m_16_days_NDVI_doy2017257000000_aid0002,_250m_16_days_NDVI,aid0002,2017-09-14,6909573.0,-0.2,0.9779,"(-0.2,0.9779)",0.5357896,0.1324696,0.0175482,0.6335,0.9028,0.5347,0.1788,0.4516
MOD13Q1_061__250m_16_days_NDVI_doy2017273000000_aid0002,_250m_16_days_NDVI,aid0002,2017-09-30,6907010.0,-0.2,0.9958,"(-0.2,0.9958)",0.5498554,0.1429304,0.0204291,0.6559,0.9459,0.5567,0.1702,0.4616
MOD13Q1_061__250m_16_days_NDVI_doy2017289000000_aid0002,_250m_16_days_NDVI,aid0002,2017-10-16,6905019.0,-0.2,0.9993,"(-0.2,0.9993)",0.5689413,0.1482665,0.021983,0.6817,0.99,0.5786,0.1652,0.4751
MOD13Q1_061__250m_16_days_NDVI_doy2017305000000_aid0002,_250m_16_days_NDVI,aid0002,2017-11-01,6904992.0,-0.2,0.9638,"(-0.2,0.9638)",0.5803643,0.1508452,0.0227543,0.6935,0.9638,0.6006,0.1913,0.4926
MOD13Q1_061__250m_16_days_NDVI_doy2017321000000_aid0002,_250m_16_days_NDVI,aid0002,2017-11-17,6904629.0,-0.2,0.9958,"(-0.2,0.9958)",0.5822146,0.1469899,0.021606,0.6907,0.9821,0.6053,0.205,0.4964
MOD13Q1_061__250m_16_days_NDVI_doy2017337000000_aid0002,_250m_16_days_NDVI,aid0002,2017-12-03,6903977.0,-0.1998,0.9959,"(-0.1998,0.9959)",0.6177657,0.1370003,0.0187691,0.7152,0.9581,0.6415,0.308,0.5523
MOD13Q1_061__250m_16_days_NDVI_doy2017353000000_aid0002,_250m_16_days_NDVI,aid0002,2017-12-19,6904913.0,-0.2,0.9994,"(-0.2,0.9994)",0.6656907,0.1420151,0.0201683,0.7645,0.9994,0.7042,0.372,0.6075
MOD13Q1_061__250m_16_days_NDVI_doy2018001000000_aid0002,_250m_16_days_NDVI,aid0002,2018-01-01,6906001.0,-0.2,0.9965,"(-0.2,0.9965)",0.6740484,0.1400531,0.0196149,0.7694,0.9913,0.7162,0.3989,0.6212
MOD13Q1_061__250m_16_days_NDVI_doy2018017000000_aid0002,_250m_16_days_NDVI,aid0002,2018-01-17,6907065.0,-0.2,0.9995,"(-0.2,0.9995)",0.6966071,0.1352349,0.0182885,0.7868,0.9951,0.7327,0.4396,0.6479
MOD13Q1_061__250m_16_days_NDVI_doy2018033000000_aid0002,_250m_16_days_NDVI,aid0002,2018-02-02,6905394.0,-0.2,0.9985,"(-0.2,0.9985)",0.7415581,0.0884826,0.0078292,0.793,0.9107,0.7597,0.5968,0.7145
MOD13Q1_061__250m_16_days_NDVI_doy2018049000000_aid0002,_250m_16_days_NDVI,aid0002,2018-02-18,6906268.0,-0.2,0.9983,"(-0.2,0.9983)",0.739177,0.0935282,0.0087475,0.7966,0.9365,0.7571,0.5634,0.7033
MOD13Q1_061__250m_16_days_NDVI_doy2018065000000_aid0002,_250m_16_days_NDVI,aid0002,2018-03-06,6905276.0,-0.2,0.9992,"(-0.2,0.9992)",0.7320276,0.1147204,0.0131608,0.7965,0.9364,0.758,0.5633,0.7032
MOD13Q1_061__250m_16_days_NDVI_doy2018081000000_aid0002,_250m_16_days_NDVI,aid0002,2018-03-22,6906139.0,-0.2,0.9992,"(-0.2,0.9992)",0.7431553,0.0865371,0.0074887,0.7968,0.9259,0.7598,0.5816,0.7107
MOD13Q1_061__250m_16_days_NDVI_doy2018097000000_aid0002,_250m_16_days_NDVI,aid0002,2018-04-07,6905292.0,-0.2,0.9977,"(-0.2,0.9977)",0.7082928,0.0956071,0.0091407,0.7705,0.9133,0.7304,0.5318,0.675
MOD13Q1_061__250m_16_days_NDVI_doy2018113000000_aid0002,_250m_16_days_NDVI,aid0002,2018-04-23,6906516.0,-0.2,0.995,"(-0.2,0.995)",0.6826243,0.110786,0.0122735,0.7558,0.9213,0.7092,0.4798,0.6454
MOD13Q1_061__250m_16_days_NDVI_doy2018129000000_aid0002,_250m_16_days_NDVI,aid0002,2018-05-09,6904447.0,-0.2,0.9918,"(-0.2,0.9918)",0.6987096,0.10408,0.0108326,0.7635,0.904,0.7236,0.5293,0.6698
MOD13Q1_061__250m_16_days_NDVI_doy2018145000000_aid0002,_250m_16_days_NDVI,aid0002,2018-05-25,6904749.0,-0.2,0.9931,"(-0.2,0.9931)",0.668103,0.1071361,0.0114781,0.7379,0.8931,0.691,0.4792,0.6344
MOD13Q1_061__250m_16_days_NDVI_doy2018161000000_aid0002,_250m_16_days_NDVI,aid0002,2018-06-10,6904633.0,-0.2,0.9399,"(-0.2,0.9399)",0.6386512,0.1166913,0.0136168,0.718,0.8968,0.6641,0.4193,0.5985
MOD13Q1_061__250m_16_days_NDVI_doy2018177000000_aid0002,_250m_16_days_NDVI,aid0002,2018-06-26,6905924.0,-0.2,0.9975,"(-0.2,0.9975)",0.6021817,0.1212516,0.0147019,0.686,0.8777,0.6305,0.3665,0.5582
MOD13Q1_061__250m_16_days_NDVI_doy2018193000000_aid0002,_250m_16_days_NDVI,aid0002,2018-07-12,6907506.0,-0.2,0.9603,"(-0.2,0.9603)",0.5831753,0.122198,0.0149324,0.6741,0.8966,0.6039,0.3021,0.5253
MOD13Q1_061__250m_16_days_NDVI_doy2018209000000_aid0002,_250m_16_days_NDVI,aid0002,2018-07-28,6904422.0,-0.2,0.9274,"(-0.2,0.9274)",0.5520493,0.1234872,0.0152491,0.6474,0.8947,0.5682,0.2352,0.4825
MOD13Q1_061__250m_16_days_NDVI_doy2018225000000_aid0002,_250m_16_days_NDVI,aid0002,2018-08-13,6905289.0,-0.2,0.9673,"(-0.2,0.9673)",0.5263387,0.1115983,0.0124542,0.6096,0.8284,0.5413,0.2449,0.4637
MOD13Q1_061__250m_16_days_NDVI_doy2018241000000_aid0002,_250m_16_days_NDVI,aid0002,2018-08-29,6906296.0,-0.2,0.9283,"(-0.2,0.9283)",0.4897086,0.1077382,0.0116075,0.5682,0.7791,0.4976,0.2167,0.4276
MOD13Q1_061__250m_16_days_NDVI_doy2018257000000_aid0002,_250m_16_days_NDVI,aid0002,2018-09-14,6907421.0,-0.2,0.9671,"(-0.2,0.9671)",0.530612,0.1123791,0.0126291,0.6084,0.8178,0.5369,0.2594,0.4688
MOD13Q1_061__250m_16_days_NDVI_doy2018273000000_aid0002,_250m_16_days_NDVI,aid0002,2018-09-30,6907396.0,-0.2,0.9993,"(-0.2,0.9993)",0.5899215,0.1501521,0.0225457,0.7086,0.9993,0.6053,0.1531,0.4864
MOD13Q1_061__250m_16_days_NDVI_doy2018289000000_aid0002,_250m_16_days_NDVI,aid0002,2018-10-16,6906812.0,-0.2,0.9985,"(-0.2,0.9985)",0.6901599,0.1324677,0.0175477,0.7827,0.9985,0.7204,0.4165,0.6362
MOD13Q1_061__250m_16_days_NDVI_doy2018305000000_aid0002,_250m_16_days_NDVI,aid0002,2018-11-01,6905857.0,-0.2,0.9995,"(-0.2,0.9995)",0.7015932,0.1406054,0.0197699,0.795,0.9995,0.7394,0.4498,0.6569
MOD13Q1_061__250m_16_days_NDVI_doy2018321000000_aid0002,_250m_16_days_NDVI,aid0002,2018-11-17,6906837.0,-0.2,0.9996,"(-0.2,0.9996)",0.7032469,0.1392332,0.0193859,0.7946,0.9919,0.7384,0.4656,0.663
MOD13Q1_061__250m_16_days_NDVI_doy2018337000000_aid0002,_250m_16_days_NDVI,aid0002,2018-12-03,6906008.0,-0.2,0.9989,"(-0.2,0.9989)",0.6802245,0.1335401,0.017833,0.7695,0.9672,0.7106,0.4383,0.637
MOD13Q1_061__250m_16_days_NDVI_doy2018353000000_aid0002,_250m_16_days_NDVI,aid0002,2018-12-19,6907369.0,-0.2,0.9992,"(-0.2,0.9992)",0.6784848,0.1290803,0.0166617,0.7621,0.9478,0.7077,0.4524,0.6382
MOD13Q1_061__250m_16_days_NDVI_doy2019001000000_aid0002,_250m_16_days_NDVI,aid0002,2019-01-01,6910687.0,-0.2,0.9994,"(-0.2,0.9994)",0.6747603,0.1479864,0.0219,0.771,0.9907,0.7182,0.4048,0.6245
MOD13Q1_061__250m_16_days_NDVI_doy2019017000000_aid0002,_250m_16_days_NDVI,aid0002,2019-01-17,6908289.0,-0.2,0.9925,"(-0.2,0.9925)",0.7107531,0.1077998,0.0116208,0.7791,0.9306,0.7388,0.5266,0.6781
MOD13Q1_061__250m_16_days_NDVI_doy2019033000000_aid0002,_250m_16_days_NDVI,aid0002,2019-02-02,6908162.0,-0.2,0.9992,"(-0.2,0.9992)",0.7249543,0.1051819,0.0110632,0.7911,0.9441,0.7501,0.5361,0.6891
MOD13Q1_061__250m_16_days_NDVI_doy2019049000000_aid0002,_250m_16_days_NDVI,aid0002,2019-02-18,6907763.0,-0.2,0.9934,"(-0.2,0.9934)",0.7227404,0.1036561,0.0107446,0.787,0.9389,0.7459,0.5338,0.6857
MOD13Q1_061__250m_16_days_NDVI_doy2019065000000_aid0002,_250m_16_days_NDVI,aid0002,2019-03-06,6906729.0,-0.2,0.9995,"(-0.2,0.9995)",0.6748128,0.1957644,0.0383237,0.7886,0.9858,0.7438,0.4599,0.6571
MOD13Q1_061__250m_16_days_NDVI_doy2019081000000_aid0002,_250m_16_days_NDVI,aid0002,2019-03-22,6907197.0,-0.2,0.9981,"(-0.2,0.9981)",0.756108,0.07646,0.0058461,0.7999,0.9115,0.7669,0.6139,0.7255
MOD13Q1_061__250m_16_days_NDVI_doy2019097000000_aid0002,_250m_16_days_NDVI,aid0002,2019-04-07,6905705.0,-0.2,0.9988,"(-0.2,0.9988)",0.7483911,0.0838167,0.0070252,0.799,0.92,0.7645,0.5973,0.7183
MOD13Q1_061__250m_16_days_NDVI_doy2019113000000_aid0002,_250m_16_days_NDVI,aid0002,2019-04-23,6905786.0,-0.2,0.9996,"(-0.2,0.9996)",0.7026634,0.1405126,0.0197438,0.7827,0.9288,0.7462,0.5392,0.6853
MOD13Q1_061__250m_16_days_NDVI_doy2019129000000_aid0002,_250m_16_days_NDVI,aid0002,2019-05-09,6903306.0,-0.2,0.9917,"(-0.2,0.9917)",0.7272497,0.1013732,0.0102765,0.7871,0.9116,0.7499,0.5796,0.7041
MOD13Q1_061__250m_16_days_NDVI_doy2019145000000_aid0002,_250m_16_days_NDVI,aid0002,2019-05-25,6904436.0,-0.2,0.9989,"(-0.2,0.9989)",0.7118004,0.1086965,0.0118149,0.7795,0.9235,0.7393,0.5395,0.6835
MOD13Q1_061__250m_16_days_NDVI_doy2019161000000_aid0002,_250m_16_days_NDVI,aid0002,2019-06-10,6906691.0,-0.2,0.9973,"(-0.2,0.9973)",0.6870246,0.1026234,0.0105316,0.7516,0.8954,0.7097,0.5119,0.6557
MOD13Q1_061__250m_16_days_NDVI_doy2019177000000_aid0002,_250m_16_days_NDVI,aid0002,2019-06-26,6905309.0,-0.2,0.9895,"(-0.2,0.9895)",0.682001,0.0998747,0.009975,0.7488,0.9035,0.7026,0.4896,0.6451
MOD13Q1_061__250m_16_days_NDVI_doy2019193000000_aid0002,_250m_16_days_NDVI,aid0002,2019-07-12,6906245.0,-0.2,0.9902,"(-0.2,0.9902)",0.6111975,0.1030479,0.0106189,0.6837,0.8683,0.6313,0.376,0.5606
MOD13Q1_061__250m_16_days_NDVI_doy2019209000000_aid0002,_250m_16_days_NDVI,aid0002,2019-07-28,6904350.0,-0.2,0.9185,"(-0.2,0.9185)",0.6098651,0.1039383,0.0108032,0.6845,0.8711,0.6313,0.3735,0.5601
MOD13Q1_061__250m_16_days_NDVI_doy2019225000000_aid0002,_250m_16_days_NDVI,aid0002,2019-08-13,6904969.0,-0.2,0.9413,"(-0.2,0.9413)",0.566279,0.1059032,0.0112155,0.6439,0.8435,0.5881,0.3112,0.5108
MOD13Q1_061__250m_16_days_NDVI_doy2019241000000_aid0002,_250m_16_days_NDVI,aid0002,2019-08-29,6906882.0,-0.2,0.9957,"(-0.2,0.9957)",0.5507771,0.1096,0.0120122,0.6312,0.8398,0.5655,0.2835,0.4921
MOD13Q1_061__250m_16_days_NDVI_doy2019257000000_aid0002,_250m_16_days_NDVI,aid0002,2019-09-14,6906858.0,-0.2,0.95,"(-0.2,0.95)",0.5424939,0.118234,0.0139793,0.6268,0.8623,0.5477,0.2343,0.4698
MOD13Q1_061__250m_16_days_NDVI_doy2019273000000_aid0002,_250m_16_days_NDVI,aid0002,2019-09-30,6906982.0,-0.2,0.9238,"(-0.2,0.9238)",0.5637403,0.1312126,0.0172167,0.6576,0.9107,0.5736,0.2294,0.4863
MOD13Q1_061__250m_16_days_NDVI_doy2019289000000_aid0002,_250m_16_days_NDVI,aid0002,2019-10-16,6906959.0,-0.2,0.9872,"(-0.2,0.9872)",0.5859569,0.1358177,0.0184465,0.6835,0.9392,0.6026,0.2558,0.5124
MOD13Q1_061__250m_16_days_NDVI_doy2019305000000_aid0002,_250m_16_days_NDVI,aid0002,2019-11-01,6908135.0,-0.2,0.9995,"(-0.2,0.9995)",0.630751,0.1443675,0.020842,0.7358,0.9995,0.6655,0.2916,0.5581
MOD13Q1_061__250m_16_days_NDVI_doy2019321000000_aid0002,_250m_16_days_NDVI,aid0002,2019-11-17,6908952.0,-0.2,0.9983,"(-0.2,0.9983)",0.6582915,0.145542,0.0211825,0.7646,0.9983,0.6955,0.3251,0.5888
MOD13Q1_061__250m_16_days_NDVI_doy2019337000000_aid0002,_250m_16_days_NDVI,aid0002,2019-12-03,6907272.0,-0.2,0.9985,"(-0.2,0.9985)",0.6671539,0.1367395,0.0186977,0.7613,0.9834,0.6991,0.3908,0.6131
MOD13Q1_061__250m_16_days_NDVI_doy2019353000000_aid0002,_250m_16_days_NDVI,aid0002,2019-12-19,6906578.0,-0.2,0.9966,"(-0.2,0.9966)",0.6668962,0.1418833,0.0201309,0.7668,0.9966,0.7008,0.3706,0.6083
MOD13Q1_061__250m_16_days_NDVI_doy2020001000000_aid0002,_250m_16_days_NDVI,aid0002,2020-01-01,6907868.0,-0.2,0.9971,"(-0.2,0.9971)",0.6707417,0.1301633,0.0169425,0.7616,0.9806,0.7027,0.3961,0.6154
MOD13Q1_061__250m_16_days_NDVI_doy2020017000000_aid0002,_250m_16_days_NDVI,aid0002,2020-01-17,6907935.0,-0.2,0.9993,"(-0.2,0.9993)",0.6983294,0.112939,0.0127552,0.7733,0.9561,0.7239,0.4686,0.6514
MOD13Q1_061__250m_16_days_NDVI_doy2020033000000_aid0002,_250m_16_days_NDVI,aid0002,2020-02-02,6906706.0,-0.1995,0.9979,"(-0.1995,0.9979)",0.7079157,0.1027046,0.0105482,0.7732,0.9344,0.7266,0.5045,0.6657
MOD13Q1_061__250m_16_days_NDVI_doy2020049000000_aid0002,_250m_16_days_NDVI,aid0002,2020-02-18,6907934.0,-0.2,0.998,"(-0.2,0.998)",0.7153908,0.1051219,0.0110506,0.781,0.9475,0.7334,0.5035,0.67
MOD13Q1_061__250m_16_days_NDVI_doy2020065000000_aid0002,_250m_16_days_NDVI,aid0002,2020-03-05,6909116.0,-0.2,0.9996,"(-0.2,0.9996)",0.6603791,0.1190591,0.0141751,0.7388,0.9516,0.6772,0.3841,0.5969
MOD13Q1_061__250m_16_days_NDVI_doy2020081000000_aid0002,_250m_16_days_NDVI,aid0002,2020-03-21,6907558.0,-0.2,0.9829,"(-0.2,0.9829)",0.692006,0.1129453,0.0127566,0.7679,0.9568,0.7184,0.4487,0.6402
MOD13Q1_061__250m_16_days_NDVI_doy2020097000000_aid0002,_250m_16_days_NDVI,aid0002,2020-04-06,6909043.0,-0.2,0.9835,"(-0.2,0.9835)",0.67085,0.1176179,0.013834,0.7528,0.9542,0.7026,0.4146,0.6175
MOD13Q1_061__250m_16_days_NDVI_doy2020113000000_aid0002,_250m_16_days_NDVI,aid0002,2020-04-22,6907743.0,-0.2,0.9957,"(-0.2,0.9957)",0.6400249,0.1254895,0.0157476,0.7309,0.951,0.6746,0.3454,0.5767
MOD13Q1_061__250m_16_days_NDVI_doy2020129000000_aid0002,_250m_16_days_NDVI,aid0002,2020-05-08,6906729.0,-0.2,0.9774,"(-0.2,0.9774)",0.6205955,0.1288885,0.0166123,0.7141,0.9527,0.6589,0.3121,0.5533
MOD13Q1_061__250m_16_days_NDVI_doy2020145000000_aid0002,_250m_16_days_NDVI,aid0002,2020-05-24,6906063.0,-0.2,0.9863,"(-0.2,0.9863)",0.5907017,0.1331943,0.0177407,0.691,0.9466,0.6243,0.2548,0.5165
MOD13Q1_061__250m_16_days_NDVI_doy2020161000000_aid0002,_250m_16_days_NDVI,aid0002,2020-06-09,6906134.0,-0.2,0.9555,"(-0.2,0.9555)",0.5693069,0.1310912,0.0171849,0.6664,0.9259,0.603,0.2264,0.4904
MOD13Q1_061__250m_16_days_NDVI_doy2020177000000_aid0002,_250m_16_days_NDVI,aid0002,2020-06-25,6905790.0,-0.2,0.9958,"(-0.2,0.9958)",0.5452382,0.125882,0.0158463,0.6351,0.8835,0.5727,0.2211,0.4695
MOD13Q1_061__250m_16_days_NDVI_doy2020193000000_aid0002,_250m_16_days_NDVI,aid0002,2020-07-11,6907735.0,-0.2,0.9485,"(-0.2,0.9485)",0.5162276,0.123707,0.0153034,0.6052,0.8576,0.5433,0.1845,0.4369
MOD13Q1_061__250m_16_days_NDVI_doy2020209000000_aid0002,_250m_16_days_NDVI,aid0002,2020-07-27,6906249.0,-0.2,0.8971,"(-0.2,0.8971)",0.4652366,0.1147678,0.0131717,0.5479,0.7961,0.4877,0.1342,0.3824
MOD13Q1_061__250m_16_days_NDVI_doy2020225000000_aid0002,_250m_16_days_NDVI,aid0002,2020-08-12,6906140.0,-0.2,0.9298,"(-0.2,0.9298)",0.4391057,0.1081718,0.0117011,0.5154,0.7492,0.4543,0.1257,0.3595
MOD13Q1_061__250m_16_days_NDVI_doy2020241000000_aid0002,_250m_16_days_NDVI,aid0002,2020-08-28,6908172.0,-0.2,0.9452,"(-0.2,0.9452)",0.4175372,0.101349,0.0102716,0.4888,0.7094,0.4303,0.1211,0.3417
MOD13Q1_061__250m_16_days_NDVI_doy2020257000000_aid0002,_250m_16_days_NDVI,aid0002,2020-09-13,6907044.0,-0.2,0.9718,"(-0.2,0.9718)",0.4245282,0.1070945,0.0114692,0.4953,0.7156,0.432,0.1281,0.3484
MOD13Q1_061__250m_16_days_NDVI_doy2020273000000_aid0002,_250m_16_days_NDVI,aid0002,2020-09-29,6907816.0,-0.2,0.938,"(-0.2,0.938)",0.404404,0.100693,0.0101391,0.469,0.6742,0.4101,0.127,0.3322
MOD13Q1_061__250m_16_days_NDVI_doy2020289000000_aid0002,_250m_16_days_NDVI,aid0002,2020-10-15,6907459.0,-0.2,0.9476,"(-0.2,0.9476)",0.4732653,0.1298372,0.0168577,0.5608,0.8239,0.4764,0.1223,0.3854
MOD13Q1_061__250m_16_days_NDVI_doy2020305000000_aid0002,_250m_16_days_NDVI,aid0002,2020-10-31,6908604.0,-0.2,0.986,"(-0.2,0.986)",0.5137731,0.144345,0.0208355,0.6179,0.9139,0.5198,0.1217,0.4194
MOD13Q1_061__250m_16_days_NDVI_doy2020321000000_aid0002,_250m_16_days_NDVI,aid0002,2020-11-16,6907913.0,-0.2,0.9991,"(-0.2,0.9991)",0.5495315,0.1506199,0.0226864,0.66,0.9669,0.5674,0.1475,0.455
MOD13Q1_061__250m_16_days_NDVI_doy2020337000000_aid0002,_250m_16_days_NDVI,aid0002,2020-12-02,6907151.0,-0.2,0.9776,"(-0.2,0.9776)",0.5990616,0.1454428,0.0211536,0.7019,0.9623,0.6292,0.2669,0.5279
MOD13Q1_061__250m_16_days_NDVI_doy2020353000000_aid0002,_250m_16_days_NDVI,aid0002,2020-12-18,6908352.0,-0.2,0.9979,"(-0.2,0.9979)",0.6393474,0.1477012,0.0218157,0.7453,0.9979,0.6714,0.3178,0.5743
MOD13Q1_061__250m_16_days_NDVI_doy2021001000000_aid0002,_250m_16_days_NDVI,aid0002,2021-01-01,6909395.0,-0.2,0.9989,"(-0.2,0.9989)",0.6433827,0.1358425,0.0184532,0.738,0.9737,0.6731,0.345,0.5808
MOD13Q1_061__250m_16_days_NDVI_doy2021017000000_aid0002,_250m_16_days_NDVI,aid0002,2021-01-17,6907728.0,-0.2,0.9996,"(-0.2,0.9996)",0.6805411,0.1114953,0.0124312,0.753,0.9286,0.7034,0.4603,0.6359
MOD13Q1_061__250m_16_days_NDVI_doy2021033000000_aid0002,_250m_16_days_NDVI,aid0002,2021-02-02,6906415.0,-0.2,0.9995,"(-0.2,0.9995)",0.7242694,0.0971244,0.0094332,0.7821,0.9223,0.7421,0.5484,0.6886
MOD13Q1_061__250m_16_days_NDVI_doy2021049000000_aid0002,_250m_16_days_NDVI,aid0002,2021-02-18,6907486.0,-0.1998,0.9996,"(-0.1998,0.9996)",0.7114597,0.1027706,0.0105618,0.7803,0.9595,0.7255,0.4816,0.6608
MOD13Q1_061__250m_16_days_NDVI_doy2021065000000_aid0002,_250m_16_days_NDVI,aid0002,2021-03-06,6908923.0,-0.2,0.9965,"(-0.2,0.9965)",0.6795212,0.109875,0.0120725,0.7489,0.9328,0.6945,0.4424,0.6263
MOD13Q1_061__250m_16_days_NDVI_doy2021081000000_aid0002,_250m_16_days_NDVI,aid0002,2021-03-22,6907849.0,-0.2,0.9979,"(-0.2,0.9979)",0.7077981,0.0918284,0.0084324,0.7658,0.9108,0.7236,0.5241,0.6691
MOD13Q1_061__250m_16_days_NDVI_doy2021097000000_aid0002,_250m_16_days_NDVI,aid0002,2021-04-07,6908569.0,-0.2,0.9947,"(-0.2,0.9947)",0.7104274,0.0972077,0.0094493,0.774,0.9216,0.7316,0.528,0.6756
MOD13Q1_061__250m_16_days_NDVI_doy2021113000000_aid0002,_250m_16_days_NDVI,aid0002,2021-04-23,6908728.0,-0.1997,0.9976,"(-0.1997,0.9976)",0.6993517,0.1073116,0.0115158,0.7699,0.9306,0.7242,0.4997,0.6618
MOD13Q1_061__250m_16_days_NDVI_doy2021129000000_aid0002,_250m_16_days_NDVI,aid0002,2021-05-09,6907191.0,-0.2,0.9968,"(-0.2,0.9968)",0.6894636,0.1128618,0.0127378,0.7618,0.9195,0.7175,0.4986,0.6565
MOD13Q1_061__250m_16_days_NDVI_doy2021145000000_aid0002,_250m_16_days_NDVI,aid0002,2021-05-25,6907240.0,-0.2,0.9886,"(-0.2,0.9886)",0.6535703,0.1222843,0.0149534,0.7386,0.934,0.6818,0.4094,0.6069
MOD13Q1_061__250m_16_days_NDVI_doy2021161000000_aid0002,_250m_16_days_NDVI,aid0002,2021-06-10,6907419.0,-0.2,0.9963,"(-0.2,0.9963)",0.6502125,0.1159947,0.0134548,0.729,0.9087,0.676,0.4263,0.6079
MOD13Q1_061__250m_16_days_NDVI_doy2021177000000_aid0002,_250m_16_days_NDVI,aid0002,2021-06-26,6907689.0,-0.2,0.9119,"(-0.2,0.9119)",0.603683,0.123556,0.0152661,0.6937,0.9119,0.6315,0.321,0.5446
MOD13Q1_061__250m_16_days_NDVI_doy2021193000000_aid0002,_250m_16_days_NDVI,aid0002,2021-07-12,6907212.0,-0.2,0.9894,"(-0.2,0.9894)",0.5261471,0.1260203,0.0158811,0.6205,0.8819,0.5408,0.1818,0.445
MOD13Q1_061__250m_16_days_NDVI_doy2021209000000_aid0002,_250m_16_days_NDVI,aid0002,2021-07-28,6906592.0,-0.2,0.9039,"(-0.2,0.9039)",0.4901013,0.1196889,0.0143254,0.5766,0.8266,0.501,0.1599,0.4099
MOD13Q1_061__250m_16_days_NDVI_doy2021225000000_aid0002,_250m_16_days_NDVI,aid0002,2021-08-13,6908282.0,-0.2,0.9858,"(-0.2,0.9858)",0.4564765,0.1115453,0.0124424,0.5355,0.7723,0.4639,0.1408,0.3776
MOD13Q1_061__250m_16_days_NDVI_doy2021241000000_aid0002,_250m_16_days_NDVI,aid0002,2021-08-29,6906653.0,-0.2,0.9246,"(-0.2,0.9246)",0.4499866,0.1057646,0.0111861,0.5178,0.7234,0.4567,0.1751,0.3807
MOD13Q1_061__250m_16_days_NDVI_doy2021257000000_aid0002,_250m_16_days_NDVI,aid0002,2021-09-14,6909631.0,-0.1996,0.9084,"(-0.1996,0.9084)",0.4685397,0.1202581,0.014462,0.5451,0.7782,0.4708,0.1566,0.3897
MOD13Q1_061__250m_16_days_NDVI_doy2021273000000_aid0002,_250m_16_days_NDVI,aid0002,2021-09-30,6909299.0,-0.2,0.9961,"(-0.2,0.9961)",0.5242194,0.1585501,0.0251381,0.6459,0.9767,0.5203,0.0643,0.4132
MOD13Q1_061__250m_16_days_NDVI_doy2021289000000_aid0002,_250m_16_days_NDVI,aid0002,2021-10-16,6907088.0,-0.2,0.997,"(-0.2,0.997)",0.5458138,0.1542054,0.0237793,0.6662,0.997,0.5539,0.1055,0.4418
MOD13Q1_061__250m_16_days_NDVI_doy2021305000000_aid0002,_250m_16_days_NDVI,aid0002,2021-11-01,6908694.0,-0.2,0.9993,"(-0.2,0.9993)",0.5830287,0.1509497,0.0227858,0.693,0.9902,0.609,0.1973,0.4947
MOD13Q1_061__250m_16_days_NDVI_doy2021321000000_aid0002,_250m_16_days_NDVI,aid0002,2021-11-17,6907416.0,-0.2,0.9988,"(-0.2,0.9988)",0.6630809,0.1412944,0.0199641,0.7584,0.9656,0.697,0.3922,0.6119
MOD13Q1_061__250m_16_days_NDVI_doy2021337000000_aid0002,_250m_16_days_NDVI,aid0002,2021-12-03,6907537.0,-0.2,0.9953,"(-0.2,0.9953)",0.6630684,0.143819,0.0206839,0.7596,0.9743,0.6956,0.3851,0.6098
MOD13Q1_061__250m_16_days_NDVI_doy2021353000000_aid0002,_250m_16_days_NDVI,aid0002,2021-12-19,6907777.0,-0.2,0.9984,"(-0.2,0.9984)",0.6172914,0.1410863,0.0199054,0.7157,0.9622,0.6468,0.3017,0.5501
MOD13Q1_061__250m_16_days_NDVI_doy2022001000000_aid0002,_250m_16_days_NDVI,aid0002,2022-01-01,6908963.0,-0.2,0.9923,"(-0.2,0.9923)",0.5910988,0.1355944,0.0183858,0.6866,0.9442,0.6135,0.2541,0.5136
MOD13Q1_061__250m_16_days_NDVI_doy2022017000000_aid0002,_250m_16_days_NDVI,aid0002,2022-01-17,6908251.0,-0.2,0.9957,"(-0.2,0.9957)",0.5735552,0.1329934,0.0176873,0.6736,0.9421,0.5969,0.1874,0.4791
MOD13Q1_061__250m_16_days_NDVI_doy2022033000000_aid0002,_250m_16_days_NDVI,aid0002,2022-02-02,6910044.0,-0.2,0.9578,"(-0.2,0.9578)",0.6126154,0.1298245,0.0168544,0.7031,0.9578,0.6384,0.2751,0.5319
MOD13Q1_061__250m_16_days_NDVI_doy2022049000000_aid0002,_250m_16_days_NDVI,aid0002,2022-02-18,6910097.0,-0.2,0.9965,"(-0.2,0.9965)",0.6504686,0.1311239,0.0171935,0.7428,0.9965,0.6797,0.3186,0.5731
MOD13Q1_061__250m_16_days_NDVI_doy2022065000000_aid0002,_250m_16_days_NDVI,aid0002,2022-03-06,6909574.0,-0.2,0.9931,"(-0.2,0.9931)",0.6855115,0.1211499,0.0146773,0.7644,0.9742,0.7136,0.4122,0.6235
MOD13Q1_061__250m_16_days_NDVI_doy2022081000000_aid0002,_250m_16_days_NDVI,aid0002,2022-03-22,6907473.0,-0.2,0.997,"(-0.2,0.997)",0.7021404,0.1016857,0.01034,0.7649,0.9254,0.7178,0.4974,0.6579
MOD13Q1_061__250m_16_days_NDVI_doy2022097000000_aid0002,_250m_16_days_NDVI,aid0002,2022-04-07,6905683.0,-0.2,0.9984,"(-0.2,0.9984)",0.7086984,0.0975963,0.009525,0.7716,0.9226,0.7282,0.5199,0.6709
MOD13Q1_061__250m_16_days_NDVI_doy2022113000000_aid0002,_250m_16_days_NDVI,aid0002,2022-04-23,6908090.0,-0.2,0.9973,"(-0.2,0.9973)",0.6817947,0.1134203,0.0128642,0.7568,0.9362,0.7062,0.4578,0.6372
MOD13Q1_061__250m_16_days_NDVI_doy2022129000000_aid0002,_250m_16_days_NDVI,aid0002,2022-05-09,6906253.0,-0.2,0.9954,"(-0.2,0.9954)",0.6605546,0.1247277,0.015557,0.745,0.9408,0.6899,0.4178,0.6141
MOD13Q1_061__250m_16_days_NDVI_doy2022145000000_aid0002,_250m_16_days_NDVI,aid0002,2022-05-25,6907280.0,-0.1997,0.9992,"(-0.1997,0.9992)",0.6071556,0.1610868,0.025949,0.7224,0.9992,0.6457,0.2164,0.52
MOD13Q1_061__250m_16_days_NDVI_doy2022161000000_aid0002,_250m_16_days_NDVI,aid0002,2022-06-10,6905569.0,-0.2,0.9935,"(-0.2,0.9935)",0.6102037,0.1389812,0.0193158,0.7095,0.9512,0.6455,0.3063,0.5482
MOD13Q1_061__250m_16_days_NDVI_doy2022177000000_aid0002,_250m_16_days_NDVI,aid0002,2022-06-26,6907991.0,-0.2,0.9987,"(-0.2,0.9987)",0.5636081,0.1391691,0.019368,0.665,0.9354,0.595,0.214,0.4846
MOD13Q1_061__250m_16_days_NDVI_doy2022193000000_aid0002,_250m_16_days_NDVI,aid0002,2022-07-12,6907173.0,-0.2,0.9937,"(-0.2,0.9937)",0.543646,0.1435981,0.0206204,0.6484,0.9327,0.5636,0.1742,0.4587
MOD13Q1_061__250m_16_days_NDVI_doy2022209000000_aid0002,_250m_16_days_NDVI,aid0002,2022-07-28,6907886.0,-0.2,0.9509,"(-0.2,0.9509)",0.5355291,0.144426,0.0208589,0.6445,0.932,0.54175,0.1508,0.447
MOD13Q1_061__250m_16_days_NDVI_doy2022225000000_aid0002,_250m_16_days_NDVI,aid0002,2022-08-13,6907365.0,-0.2,0.9503,"(-0.2,0.9503)",0.4928807,0.1334322,0.0178041,0.5867,0.8526,0.4916,0.1435,0.4094
MOD13Q1_061__250m_16_days_NDVI_doy2022241000000_aid0002,_250m_16_days_NDVI,aid0002,2022-08-29,6907190.0,-0.2,0.889,"(-0.2,0.889)",0.4453217,0.1181865,0.0139681,0.5219,0.7541,0.4417,0.1349,0.3671
MOD13Q1_061__250m_16_days_NDVI_doy2022257000000_aid0002,_250m_16_days_NDVI,aid0002,2022-09-14,6907045.0,-0.2,0.8933,"(-0.2,0.8933)",0.4425721,0.1168008,0.0136424,0.5186,0.7482,0.4401,0.1359,0.3655
MOD13Q1_061__250m_16_days_NDVI_doy2022273000000_aid0002,_250m_16_days_NDVI,aid0002,2022-09-30,6908003.0,-0.2,0.8938,"(-0.2,0.8938)",0.470241,0.1243778,0.0154698,0.5526,0.7899,0.4738,0.1571,0.3944
MOD13Q1_061__250m_16_days_NDVI_doy2022289000000_aid0002,_250m_16_days_NDVI,aid0002,2022-10-16,6905547.0,-0.2,0.9926,"(-0.2,0.9926)",0.5054954,0.1461071,0.0213473,0.6156,0.9059,0.507,0.1214,0.4179
MOD13Q1_061__250m_16_days_NDVI_doy2022305000000_aid0002,_250m_16_days_NDVI,aid0002,2022-11-01,6905384.0,-0.1997,0.9971,"(-0.1997,0.9971)",0.5346301,0.153772,0.0236458,0.6593,0.9673,0.54,0.1013,0.4361
MOD13Q1_061__250m_16_days_NDVI_doy2022321000000_aid0002,_250m_16_days_NDVI,aid0002,2022-11-17,6905972.0,-0.2,0.9235,"(-0.2,0.9235)",0.559151,0.1591344,0.0253237,0.6855,0.9235,0.5715,0.1268,0.462
MOD13Q1_061__250m_16_days_NDVI_doy2022337000000_aid0002,_250m_16_days_NDVI,aid0002,2022-12-03,6907436.0,-0.2,0.9986,"(-0.2,0.9986)",0.5541439,0.1574559,0.0247924,0.679,0.9986,0.5646,0.1206,0.4555
MOD13Q1_061__250m_16_days_NDVI_doy2022353000000_aid0002,_250m_16_days_NDVI,aid0002,2022-12-19,6908266.0,-0.2,0.998,"(-0.2,0.998)",0.5686773,0.1509503,0.022786,0.6807,0.9756,0.5885,0.189,0.484
MOD13Q1_061__250m_16_days_NDVI_doy2023001000000_aid0002,_250m_16_days_NDVI,aid0002,2023-01-01,6907872.0,-0.2,0.9958,"(-0.2,0.9958)",0.5795773,0.1440569,0.0207524,0.6837,0.9581,0.6017,0.2257,0.5005
MOD13Q1_061__250m_16_days_NDVI_doy2023017000000_aid0002,_250m_16_days_NDVI,aid0002,2023-01-17,6907403.0,-0.2,0.9984,"(-0.2,0.9984)",0.5945031,0.1327592,0.017625,0.6904,0.947,0.6163,0.2584,0.5176
MOD13Q1_061__250m_16_days_NDVI_doy2023033000000_aid0002,_250m_16_days_NDVI,aid0002,2023-02-02,6908444.0,-0.2,0.9988,"(-0.2,0.9988)",0.6275302,0.1305227,0.0170362,0.722,0.9756,0.6508,0.298,0.5524
MOD13Q1_061__250m_16_days_NDVI_doy2023049000000_aid0002,_250m_16_days_NDVI,aid0002,2023-02-18,6906751.0,-0.2,0.9962,"(-0.2,0.9962)",0.6923313,0.1099729,0.012094,0.7651,0.9508,0.715,0.4539,0.6406
MOD13Q1_061__250m_16_days_NDVI_doy2023065000000_aid0002,_250m_16_days_NDVI,aid0002,2023-03-06,6906541.0,-0.2,0.9992,"(-0.2,0.9992)",0.724655,0.0990211,0.0098052,0.7892,0.9529,0.7419,0.5162,0.68
MOD13Q1_061__250m_16_days_NDVI_doy2023081000000_aid0002,_250m_16_days_NDVI,aid0002,2023-03-22,6906504.0,-0.2,0.9965,"(-0.2,0.9965)",0.7278431,0.0921333,0.0084885,0.7881,0.9358,0.745,0.5419,0.6896
MOD13Q1_061__250m_16_days_NDVI_doy2023097000000_aid0002,_250m_16_days_NDVI,aid0002,2023-04-07,6907063.0,-0.2,0.9468,"(-0.2,0.9468)",0.7267034,0.0859401,0.0073857,0.7805,0.9105,0.7407,0.5638,0.6938
MOD13Q1_061__250m_16_days_NDVI_doy2023113000000_aid0002,_250m_16_days_NDVI,aid0002,2023-04-23,6907518.0,-0.2,0.9971,"(-0.2,0.9971)",0.7023966,0.0962244,0.0092591,0.7627,0.8999,0.7207,0.534,0.6712
MOD13Q1_061__250m_16_days_NDVI_doy2023129000000_aid0002,_250m_16_days_NDVI,aid0002,2023-05-09,6906663.0,-0.2,0.9982,"(-0.2,0.9982)",0.6833992,0.1125286,0.0126627,0.7558,0.9133,0.708,0.4933,0.6508
MOD13Q1_061__250m_16_days_NDVI_doy2023145000000_aid0002,_250m_16_days_NDVI,aid0002,2023-05-25,6906426.0,-0.2,0.997,"(-0.2,0.997)",0.6799393,0.1263497,0.0159643,0.766,0.9537,0.7086,0.4518,0.6403
MOD13Q1_061__250m_16_days_NDVI_doy2023161000000_aid0002,_250m_16_days_NDVI,aid0002,2023-06-10,6908057.0,-0.2,0.9947,"(-0.2,0.9947)",0.6527402,0.1263117,0.0159546,0.7383,0.9259,0.6827,0.4246,0.6128
MOD13Q1_061__250m_16_days_NDVI_doy2023177000000_aid0002,_250m_16_days_NDVI,aid0002,2023-06-26,6906978.0,-0.2,0.9989,"(-0.2,0.9989)",0.6126221,0.1375159,0.0189106,0.7158,0.9651,0.6447,0.2936,0.5469
MOD13Q1_061__250m_16_days_NDVI_doy2023193000000_aid0002,_250m_16_days_NDVI,aid0002,2023-07-12,6906768.0,-0.2,0.9938,"(-0.2,0.9938)",0.6040307,0.1363166,0.0185822,0.7057,0.9442,0.6287,0.2877,0.5385
MOD13Q1_061__250m_16_days_NDVI_doy2023209000000_aid0002,_250m_16_days_NDVI,aid0002,2023-07-28,6908371.0,-0.2,0.8926,"(-0.2,0.8926)",0.5460508,0.1303489,0.0169908,0.6403,0.8873,0.5709,0.2203,0.4723
MOD13Q1_061__250m_16_days_NDVI_doy2023225000000_aid0002,_250m_16_days_NDVI,aid0002,2023-08-13,6906502.0,-0.2,0.9613,"(-0.2,0.9613)",0.5167807,0.1254611,0.0157405,0.6069,0.8547,0.533,0.1934,0.4415
MOD13Q1_061__250m_16_days_NDVI_doy2023241000000_aid0002,_250m_16_days_NDVI,aid0002,2023-08-29,6907483.0,-0.2,0.9993,"(-0.2,0.9993)",0.5056473,0.1250797,0.0156449,0.5972,0.8548,0.5184,0.1667,0.425
MOD13Q1_061__250m_16_days_NDVI_doy2023257000000_aid0002,_250m_16_days_NDVI,aid0002,2023-09-14,6907810.0,-0.2,0.989,"(-0.2,0.989)",0.4965034,0.1349279,0.0182055,0.5903,0.8651,0.4977,0.1323,0.4071
MOD13Q1_061__250m_16_days_NDVI_doy2023273000000_aid0002,_250m_16_days_NDVI,aid0002,2023-09-30,6906750.0,-0.2,0.9238,"(-0.2,0.9238)",0.4703748,0.1316094,0.017321,0.5506,0.8027,0.4719,0.1304,0.3825
MOD13Q1_061__250m_16_days_NDVI_doy2023289000000_aid0002,_250m_16_days_NDVI,aid0002,2023-10-16,6911607.0,-0.1991,0.9967,"(-0.1991,0.9967)",0.4728784,0.133383,0.017791,0.5639,0.8432,0.4737,0.0984,0.3777
MOD13Q1_061__250m_16_days_NDVI_doy2023305000000_aid0002,_250m_16_days_NDVI,aid0002,2023-11-01,6908820.0,-0.2,0.9227,"(-0.2,0.9227)",0.4824887,0.1460038,0.0213171,0.586,0.8902,0.4778,0.0788,0.3831
MOD13Q1_061__250m_16_days_NDVI_doy2023321000000_aid0002,_250m_16_days_NDVI,aid0002,2023-11-17,6905107.0,-0.2,0.9905,"(-0.2,0.9905)",0.5843162,0.1597477,0.0255193,0.7111,0.9905,0.6074,0.1279,0.4778
MOD13Q1_061__250m_16_days_NDVI_doy2023337000000_aid0002,_250m_16_days_NDVI,aid0002,2023-12-03,6905370.0,-0.2,0.9954,"(-0.2,0.9954)",0.6435715,0.1585227,0.0251294,0.7593,0.9954,0.6821,0.2928,0.5727
MOD13Q1_061__250m_16_days_NDVI_doy2023353000000_aid0002,_250m_16_days_NDVI,aid0002,2023-12-19,6907791.0,-0.2,0.9994,"(-0.2,0.9994)",0.6851371,0.154804,0.0239643,0.79,0.9994,0.7326,0.3995,0.6338
MOD13Q1_061__250m_16_days_NDVI_doy2015353000000_aid0003,_250m_16_days_NDVI,aid0003,2015-12-19,1371896.0,-0.2,0.9994,"(-0.2,0.9994)",0.6305947,0.1643813,0.0270212,0.7406,0.9994,0.654,0.3079,0.5675
MOD13Q1_061__250m_16_days_NDVI_doy2016001000000_aid0003,_250m_16_days_NDVI,aid0003,2016-01-01,1368979.0,-0.2,0.9975,"(-0.2,0.9975)",0.6261688,0.1441021,0.0207654,0.7213,0.9473,0.6469,0.3446,0.5706
MOD13Q1_061__250m_16_days_NDVI_doy2016017000000_aid0003,_250m_16_days_NDVI,aid0003,2016-01-17,1369122.0,-0.2,0.9941,"(-0.2,0.9941)",0.6287193,0.1397252,0.0195231,0.7157,0.9248,0.6485,0.3672,0.5763
MOD13Q1_061__250m_16_days_NDVI_doy2016033000000_aid0003,_250m_16_days_NDVI,aid0003,2016-02-02,1367200.0,-0.2,0.9891,"(-0.2,0.9891)",0.6563204,0.1391019,0.0193493,0.7378,0.9286,0.6803,0.4198,0.6106
MOD13Q1_061__250m_16_days_NDVI_doy2016049000000_aid0003,_250m_16_days_NDVI,aid0003,2016-02-18,1373514.0,-0.2,0.9815,"(-0.2,0.9815)",0.6679771,0.1482802,0.021987,0.7544,0.9488,0.6971,0.4302,0.6247
MOD13Q1_061__250m_16_days_NDVI_doy2016065000000_aid0003,_250m_16_days_NDVI,aid0003,2016-03-05,1359550.0,-0.2,0.9773,"(-0.2,0.9773)",0.6672047,0.1381429,0.0190835,0.7451,0.9263,0.6904,0.4431,0.6243
MOD13Q1_061__250m_16_days_NDVI_doy2016081000000_aid0003,_250m_16_days_NDVI,aid0003,2016-03-21,1357382.0,-0.2,0.986,"(-0.2,0.986)",0.6311573,0.1333881,0.0177924,0.708,0.8874,0.6527,0.409,0.5884
MOD13Q1_061__250m_16_days_NDVI_doy2016097000000_aid0003,_250m_16_days_NDVI,aid0003,2016-04-06,1367720.0,-0.2,0.9834,"(-0.2,0.9834)",0.6247192,0.1580793,0.0249891,0.7246,0.9411,0.6603,0.3571,0.5776
MOD13Q1_061__250m_16_days_NDVI_doy2016113000000_aid0003,_250m_16_days_NDVI,aid0003,2016-04-22,1363585.0,-0.2,0.995,"(-0.2,0.995)",0.6042918,0.1504404,0.0226323,0.7001,0.9217,0.6348,0.3281,0.5513
MOD13Q1_061__250m_16_days_NDVI_doy2016129000000_aid0003,_250m_16_days_NDVI,aid0003,2016-05-08,1364879.0,-0.2,0.942,"(-0.2,0.942)",0.5860518,0.1406855,0.0197924,0.6802,0.9084,0.6048,0.2997,0.528
MOD13Q1_061__250m_16_days_NDVI_doy2016145000000_aid0003,_250m_16_days_NDVI,aid0003,2016-05-24,1367098.0,-0.2,0.9086,"(-0.2,0.9086)",0.5500421,0.1312095,0.0172159,0.6385,0.8566,0.5626,0.2745,0.4929
MOD13Q1_061__250m_16_days_NDVI_doy2016161000000_aid0003,_250m_16_days_NDVI,aid0003,2016-06-09,1361948.0,-0.2,0.9162,"(-0.2,0.9162)",0.5124908,0.1281261,0.0164163,0.5955,0.8121,0.5215,0.2345,0.4511
MOD13Q1_061__250m_16_days_NDVI_doy2016177000000_aid0003,_250m_16_days_NDVI,aid0003,2016-06-25,1373062.0,-0.2,0.9978,"(-0.2,0.9978)",0.4598442,0.1276899,0.0163047,0.5463,0.7819,0.4616,0.1536,0.3892
MOD13Q1_061__250m_16_days_NDVI_doy2016193000000_aid0003,_250m_16_days_NDVI,aid0003,2016-07-11,1367718.0,-0.2,0.914,"(-0.2,0.914)",0.5052314,0.1242282,0.0154326,0.59,0.819,0.5076,0.2083,0.4373
MOD13Q1_061__250m_16_days_NDVI_doy2016209000000_aid0003,_250m_16_days_NDVI,aid0003,2016-07-27,1369970.0,-0.2,0.943,"(-0.2,0.943)",0.501545,0.1211722,0.0146827,0.5842,0.8168,0.5016,0.1965,0.4291
MOD13Q1_061__250m_16_days_NDVI_doy2016225000000_aid0003,_250m_16_days_NDVI,aid0003,2016-08-12,1371806.0,-0.2,0.9285,"(-0.2,0.9285)",0.4879845,0.116775,0.0136364,0.5603,0.7692,0.4881,0.2121,0.421
MOD13Q1_061__250m_16_days_NDVI_doy2016241000000_aid0003,_250m_16_days_NDVI,aid0003,2016-08-28,1368857.0,-0.2,0.9371,"(-0.2,0.9371)",0.5155005,0.1220875,0.0149054,0.5936,0.8153,0.5172,0.2241,0.4458
MOD13Q1_061__250m_16_days_NDVI_doy2016257000000_aid0003,_250m_16_days_NDVI,aid0003,2016-09-13,1372028.0,-0.2,0.9193,"(-0.2,0.9193)",0.5089887,0.1284937,0.0165106,0.5996,0.8594,0.5025,0.1666,0.4264
MOD13Q1_061__250m_16_days_NDVI_doy2016273000000_aid0003,_250m_16_days_NDVI,aid0003,2016-09-29,1372880.0,-0.2,0.9195,"(-0.2,0.9195)",0.5393977,0.1298946,0.0168726,0.6302,0.885,0.5323,0.2027,0.4592
MOD13Q1_061__250m_16_days_NDVI_doy2016289000000_aid0003,_250m_16_days_NDVI,aid0003,2016-10-15,1373112.0,-0.2,0.9663,"(-0.2,0.9663)",0.5919954,0.1454606,0.0211588,0.701,0.9663,0.5988,0.2313,0.5131
MOD13Q1_061__250m_16_days_NDVI_doy2016305000000_aid0003,_250m_16_days_NDVI,aid0003,2016-10-31,1374961.0,-0.2,0.9943,"(-0.2,0.9943)",0.6028174,0.1488482,0.0221558,0.7152,0.9943,0.6128,0.2447,0.527
MOD13Q1_061__250m_16_days_NDVI_doy2016321000000_aid0003,_250m_16_days_NDVI,aid0003,2016-11-16,1373666.0,-0.2,0.9974,"(-0.2,0.9974)",0.6228905,0.135044,0.0182369,0.7187,0.9336,0.6414,0.3277,0.5623
MOD13Q1_061__250m_16_days_NDVI_doy2016337000000_aid0003,_250m_16_days_NDVI,aid0003,2016-12-02,1373454.0,-0.2,0.9949,"(-0.2,0.9949)",0.6349617,0.1393683,0.0194235,0.7394,0.9949,0.6523,0.3052,0.5657
MOD13Q1_061__250m_16_days_NDVI_doy2016353000000_aid0003,_250m_16_days_NDVI,aid0003,2016-12-18,1372888.0,-0.2,0.9992,"(-0.2,0.9992)",0.6220825,0.1328248,0.0176424,0.7147,0.9454,0.6369,0.3302,0.5609
MOD13Q1_061__250m_16_days_NDVI_doy2017001000000_aid0003,_250m_16_days_NDVI,aid0003,2017-01-01,1375807.0,-0.2,0.994,"(-0.2,0.994)",0.6699865,0.1335537,0.0178366,0.7663,0.994,0.6922,0.3693,0.6075
MOD13Q1_061__250m_16_days_NDVI_doy2017017000000_aid0003,_250m_16_days_NDVI,aid0003,2017-01-17,1374287.0,-0.2,0.9882,"(-0.2,0.9882)",0.6663219,0.1325897,0.01758,0.763,0.9882,0.6836,0.3598,0.6017
MOD13Q1_061__250m_16_days_NDVI_doy2017033000000_aid0003,_250m_16_days_NDVI,aid0003,2017-02-02,1374925.0,-0.2,0.9992,"(-0.2,0.9992)",0.6613774,0.1277821,0.0163283,0.7446,0.9521,0.6818,0.3971,0.6056
MOD13Q1_061__250m_16_days_NDVI_doy2017049000000_aid0003,_250m_16_days_NDVI,aid0003,2017-02-18,1372580.0,-0.2,0.9993,"(-0.2,0.9993)",0.691102,0.1273478,0.0162175,0.7707,0.9783,0.7134,0.4242,0.6321
MOD13Q1_061__250m_16_days_NDVI_doy2017065000000_aid0003,_250m_16_days_NDVI,aid0003,2017-03-06,1373783.0,-0.2,0.9911,"(-0.2,0.9911)",0.6775513,0.1302205,0.0169574,0.7599,0.9627,0.6977,0.4069,0.6187
MOD13Q1_061__250m_16_days_NDVI_doy2017081000000_aid0003,_250m_16_days_NDVI,aid0003,2017-03-22,1374272.0,-0.2,0.9982,"(-0.2,0.9982)",0.6725299,0.13235,0.0175165,0.7536,0.9524,0.6951,0.4216,0.6208
MOD13Q1_061__250m_16_days_NDVI_doy2017097000000_aid0003,_250m_16_days_NDVI,aid0003,2017-04-07,1375286.0,-0.2,0.9846,"(-0.2,0.9846)",0.6507733,0.1346514,0.018131,0.7392,0.9408,0.6785,0.3652,0.5896
MOD13Q1_061__250m_16_days_NDVI_doy2017113000000_aid0003,_250m_16_days_NDVI,aid0003,2017-04-23,1372486.0,-0.2,0.9608,"(-0.2,0.9608)",0.6059806,0.134173,0.0180024,0.7022,0.9225,0.6291,0.2837,0.5348
MOD13Q1_061__250m_16_days_NDVI_doy2017129000000_aid0003,_250m_16_days_NDVI,aid0003,2017-05-09,1370721.0,-0.2,0.9201,"(-0.2,0.9201)",0.6000143,0.136272,0.0185701,0.6988,0.9201,0.6241,0.2731,0.5285
MOD13Q1_061__250m_16_days_NDVI_doy2017145000000_aid0003,_250m_16_days_NDVI,aid0003,2017-05-25,1372607.0,-0.2,0.9836,"(-0.2,0.9836)",0.5779768,0.1384602,0.0191712,0.6766,0.928,0.6004,0.2574,0.5089
MOD13Q1_061__250m_16_days_NDVI_doy2017161000000_aid0003,_250m_16_days_NDVI,aid0003,2017-06-10,1368858.0,-0.2,0.9143,"(-0.2,0.9143)",0.5552333,0.1300312,0.0169081,0.6498,0.8986,0.5728,0.2343,0.4836
MOD13Q1_061__250m_16_days_NDVI_doy2017177000000_aid0003,_250m_16_days_NDVI,aid0003,2017-06-26,1374363.0,-0.2,0.9599,"(-0.2,0.9599)",0.5185322,0.1347672,0.0181622,0.6187,0.8944,0.5279,0.1592,0.4349
MOD13Q1_061__250m_16_days_NDVI_doy2017193000000_aid0003,_250m_16_days_NDVI,aid0003,2017-07-12,1371457.0,-0.2,0.9126,"(-0.2,0.9126)",0.5266404,0.1219393,0.0148692,0.6097,0.8395,0.5354,0.2267,0.4565
MOD13Q1_061__250m_16_days_NDVI_doy2017209000000_aid0003,_250m_16_days_NDVI,aid0003,2017-07-28,1372100.0,-0.2,0.9064,"(-0.2,0.9064)",0.5174759,0.1185722,0.0140594,0.5966,0.8214,0.52005,0.2219,0.4467
MOD13Q1_061__250m_16_days_NDVI_doy2017225000000_aid0003,_250m_16_days_NDVI,aid0003,2017-08-13,1371949.0,-0.2,0.9317,"(-0.2,0.9317)",0.5129661,0.1259975,0.0158754,0.5996,0.8508,0.5195,0.1809,0.4321
MOD13Q1_061__250m_16_days_NDVI_doy2017241000000_aid0003,_250m_16_days_NDVI,aid0003,2017-08-29,1376907.0,-0.2,0.9937,"(-0.2,0.9937)",0.553602,0.1349389,0.0182085,0.6517,0.9219,0.564,0.189,0.4666
MOD13Q1_061__250m_16_days_NDVI_doy2017257000000_aid0003,_250m_16_days_NDVI,aid0003,2017-09-14,1376561.0,-0.2,0.9224,"(-0.2,0.9224)",0.5575404,0.1416643,0.0200688,0.665,0.9224,0.5672,0.1628,0.4641
MOD13Q1_061__250m_16_days_NDVI_doy2017273000000_aid0003,_250m_16_days_NDVI,aid0003,2017-09-30,1374552.0,-0.2,0.9794,"(-0.2,0.9794)",0.5927542,0.1343898,0.0180606,0.6908,0.9419,0.5998,0.2496,0.5143
MOD13Q1_061__250m_16_days_NDVI_doy2017289000000_aid0003,_250m_16_days_NDVI,aid0003,2017-10-16,1374615.0,-0.2,0.9916,"(-0.2,0.9916)",0.5907438,0.137612,0.0189371,0.6937,0.9639,0.6003,0.231,0.5086
MOD13Q1_061__250m_16_days_NDVI_doy2017305000000_aid0003,_250m_16_days_NDVI,aid0003,2017-11-01,1372126.0,-0.2,0.9796,"(-0.2,0.9796)",0.5892081,0.144512,0.0208837,0.6957,0.9445,0.6051,0.2452,0.5155
MOD13Q1_061__250m_16_days_NDVI_doy2017321000000_aid0003,_250m_16_days_NDVI,aid0003,2017-11-17,1372232.0,-0.2,0.9129,"(-0.2,0.9129)",0.5629012,0.1372737,0.0188441,0.6577,0.9021,0.5753,0.2497,0.4945
MOD13Q1_061__250m_16_days_NDVI_doy2017337000000_aid0003,_250m_16_days_NDVI,aid0003,2017-12-03,1372979.0,-0.2,0.999,"(-0.2,0.999)",0.573327,0.1340756,0.0179763,0.6615,0.8884,0.5896,0.2833,0.5102
MOD13Q1_061__250m_16_days_NDVI_doy2017353000000_aid0003,_250m_16_days_NDVI,aid0003,2017-12-19,1372201.0,-0.2,0.9948,"(-0.2,0.9948)",0.5727013,0.1338007,0.0179026,0.661,0.9017,0.5868,0.259,0.5002
MOD13Q1_061__250m_16_days_NDVI_doy2018001000000_aid0003,_250m_16_days_NDVI,aid0003,2018-01-01,1372708.0,-0.2,0.9964,"(-0.2,0.9964)",0.5617546,0.1265628,0.0160182,0.6449,0.8763,0.5768,0.2592,0.4906
MOD13Q1_061__250m_16_days_NDVI_doy2018017000000_aid0003,_250m_16_days_NDVI,aid0003,2018-01-17,1373948.0,-0.1998,0.992,"(-0.1998,0.992)",0.6059753,0.134337,0.0180464,0.6992,0.9491,0.6234,0.282,0.5323
MOD13Q1_061__250m_16_days_NDVI_doy2018033000000_aid0003,_250m_16_days_NDVI,aid0003,2018-02-02,1372269.0,-0.2,0.9358,"(-0.2,0.9358)",0.6062549,0.1339675,0.0179473,0.7038,0.9358,0.6189,0.2513,0.5228
MOD13Q1_061__250m_16_days_NDVI_doy2018049000000_aid0003,_250m_16_days_NDVI,aid0003,2018-02-18,1373682.0,-0.2,0.9657,"(-0.2,0.9657)",0.5852082,0.1363395,0.0185885,0.6786,0.9459,0.5923,0.2331,0.5004
MOD13Q1_061__250m_16_days_NDVI_doy2018065000000_aid0003,_250m_16_days_NDVI,aid0003,2018-03-06,1373000.0,-0.2,0.9485,"(-0.2,0.9485)",0.5794228,0.1327697,0.0176278,0.6663,0.9168,0.5831,0.2488,0.4993
MOD13Q1_061__250m_16_days_NDVI_doy2018081000000_aid0003,_250m_16_days_NDVI,aid0003,2018-03-22,1374461.0,-0.2,0.9819,"(-0.2,0.9819)",0.5749429,0.128551,0.0165254,0.6619,0.9041,0.5835,0.2582,0.5004
MOD13Q1_061__250m_16_days_NDVI_doy2018097000000_aid0003,_250m_16_days_NDVI,aid0003,2018-04-07,1373345.0,-0.2,0.9513,"(-0.2,0.9513)",0.5777992,0.1269613,0.0161192,0.6658,0.899,0.5832,0.2593,0.5032
MOD13Q1_061__250m_16_days_NDVI_doy2018113000000_aid0003,_250m_16_days_NDVI,aid0003,2018-04-23,1377727.0,-0.1998,0.9914,"(-0.1998,0.9914)",0.6140119,0.1299724,0.0168928,0.7041,0.9336,0.6372,0.3201,0.5505
MOD13Q1_061__250m_16_days_NDVI_doy2018129000000_aid0003,_250m_16_days_NDVI,aid0003,2018-05-09,1371766.0,-0.2,0.9593,"(-0.2,0.9593)",0.6343776,0.1451659,0.0210731,0.731,0.9593,0.6691,0.3463,0.5771
MOD13Q1_061__250m_16_days_NDVI_doy2018145000000_aid0003,_250m_16_days_NDVI,aid0003,2018-05-25,1372460.0,-0.2,0.928,"(-0.2,0.928)",0.6132104,0.1381424,0.0190833,0.7078,0.928,0.6411,0.3221,0.5535
MOD13Q1_061__250m_16_days_NDVI_doy2018161000000_aid0003,_250m_16_days_NDVI,aid0003,2018-06-10,1371637.0,-0.2,0.9701,"(-0.2,0.9701)",0.5706977,0.1347467,0.0181567,0.6673,0.9069,0.5946,0.2611,0.5048
MOD13Q1_061__250m_16_days_NDVI_doy2018177000000_aid0003,_250m_16_days_NDVI,aid0003,2018-06-26,1372808.0,-0.2,0.9163,"(-0.2,0.9163)",0.5313367,0.1299411,0.0168847,0.6221,0.8684,0.554,0.2116,0.4579
MOD13Q1_061__250m_16_days_NDVI_doy2018193000000_aid0003,_250m_16_days_NDVI,aid0003,2018-07-12,1375387.0,-0.2,0.9128,"(-0.2,0.9128)",0.5150472,0.127714,0.0163109,0.604,0.847,0.5299,0.199,0.442
MOD13Q1_061__250m_16_days_NDVI_doy2018209000000_aid0003,_250m_16_days_NDVI,aid0003,2018-07-28,1372040.0,-0.2,0.9137,"(-0.2,0.9137)",0.5112737,0.1239382,0.0153607,0.5991,0.8442,0.5229,0.1906,0.4357
MOD13Q1_061__250m_16_days_NDVI_doy2018225000000_aid0003,_250m_16_days_NDVI,aid0003,2018-08-13,1372953.0,-0.2,0.928,"(-0.2,0.928)",0.4870728,0.1182529,0.0139837,0.5675,0.7967,0.4935,0.1855,0.4147
MOD13Q1_061__250m_16_days_NDVI_doy2018241000000_aid0003,_250m_16_days_NDVI,aid0003,2018-08-29,1374320.0,-0.2,0.9443,"(-0.2,0.9443)",0.4935225,0.1234514,0.0152402,0.5764,0.8141,0.5012,0.1802,0.4179
MOD13Q1_061__250m_16_days_NDVI_doy2018257000000_aid0003,_250m_16_days_NDVI,aid0003,2018-09-14,1375280.0,-0.2,0.9806,"(-0.2,0.9806)",0.5241869,0.1199361,0.0143847,0.6024,0.8197,0.529,0.2402,0.4575
MOD13Q1_061__250m_16_days_NDVI_doy2018273000000_aid0003,_250m_16_days_NDVI,aid0003,2018-09-30,1373830.0,-0.2,0.9988,"(-0.2,0.9988)",0.622501,0.1313679,0.0172575,0.7202,0.9701,0.6375,0.2912,0.5486
MOD13Q1_061__250m_16_days_NDVI_doy2018289000000_aid0003,_250m_16_days_NDVI,aid0003,2018-10-16,1374358.0,-0.2,0.94,"(-0.2,0.94)",0.6228231,0.1292183,0.0166974,0.7154,0.94,0.6323,0.3127,0.5543
MOD13Q1_061__250m_16_days_NDVI_doy2018305000000_aid0003,_250m_16_days_NDVI,aid0003,2018-11-01,1375365.0,-0.2,0.9948,"(-0.2,0.9948)",0.6168894,0.1432465,0.0205196,0.7181,0.9673,0.6323,0.2946,0.5487
MOD13Q1_061__250m_16_days_NDVI_doy2018321000000_aid0003,_250m_16_days_NDVI,aid0003,2018-11-17,1374458.0,-0.2,0.9959,"(-0.2,0.9959)",0.6373794,0.140469,0.0197315,0.739,0.9851,0.656,0.3253,0.5735
MOD13Q1_061__250m_16_days_NDVI_doy2018337000000_aid0003,_250m_16_days_NDVI,aid0003,2018-12-03,1373372.0,-0.2,0.958,"(-0.2,0.958)",0.6017389,0.1405878,0.0197649,0.7094,0.958,0.6155,0.2484,0.525
MOD13Q1_061__250m_16_days_NDVI_doy2018353000000_aid0003,_250m_16_days_NDVI,aid0003,2018-12-19,1372352.0,-0.2,0.9925,"(-0.2,0.9925)",0.6397143,0.1395444,0.0194726,0.746,0.9925,0.6559,0.313,0.5728
MOD13Q1_061__250m_16_days_NDVI_doy2019001000000_aid0003,_250m_16_days_NDVI,aid0003,2019-01-01,1378846.0,-0.2,0.9994,"(-0.2,0.9994)",0.6356665,0.1623456,0.0263561,0.7471,0.9994,0.6658,0.3206,0.5765
MOD13Q1_061__250m_16_days_NDVI_doy2019017000000_aid0003,_250m_16_days_NDVI,aid0003,2019-01-17,1376752.0,-0.2,0.9978,"(-0.2,0.9978)",0.6518436,0.1570353,0.0246601,0.7649,0.9978,0.6763,0.3147,0.5848
MOD13Q1_061__250m_16_days_NDVI_doy2019033000000_aid0003,_250m_16_days_NDVI,aid0003,2019-02-02,1377086.0,-0.2,0.9966,"(-0.2,0.9966)",0.6614398,0.1476577,0.0218028,0.7676,0.9966,0.6858,0.3304,0.5927
MOD13Q1_061__250m_16_days_NDVI_doy2019049000000_aid0003,_250m_16_days_NDVI,aid0003,2019-02-18,1377196.0,-0.2,0.9513,"(-0.2,0.9513)",0.6385749,0.1403948,0.0197107,0.7366,0.9513,0.6555,0.3289,0.5735
MOD13Q1_061__250m_16_days_NDVI_doy2019065000000_aid0003,_250m_16_days_NDVI,aid0003,2019-03-06,1375323.0,-0.2,0.9937,"(-0.2,0.9937)",0.6677906,0.1310849,0.0171832,0.7493,0.948,0.6913,0.4181,0.6168
MOD13Q1_061__250m_16_days_NDVI_doy2019081000000_aid0003,_250m_16_days_NDVI,aid0003,2019-03-22,1377135.0,-0.2,0.9962,"(-0.2,0.9962)",0.6637486,0.1307639,0.0170992,0.7434,0.9334,0.6862,0.4264,0.6166
MOD13Q1_061__250m_16_days_NDVI_doy2019097000000_aid0003,_250m_16_days_NDVI,aid0003,2019-04-07,1373554.0,-0.2,0.9911,"(-0.2,0.9911)",0.6390704,0.1326838,0.017605,0.7276,0.9459,0.6616,0.3634,0.5819
MOD13Q1_061__250m_16_days_NDVI_doy2019113000000_aid0003,_250m_16_days_NDVI,aid0003,2019-04-23,1373334.0,-0.2,0.9386,"(-0.2,0.9386)",0.6451103,0.1324924,0.0175542,0.7313,0.9277,0.6704,0.3916,0.5954
MOD13Q1_061__250m_16_days_NDVI_doy2019129000000_aid0003,_250m_16_days_NDVI,aid0003,2019-05-09,1371497.0,-0.2,0.9382,"(-0.2,0.9382)",0.6353449,0.1328965,0.0176615,0.724,0.9382,0.6611,0.3653,0.5805
MOD13Q1_061__250m_16_days_NDVI_doy2019145000000_aid0003,_250m_16_days_NDVI,aid0003,2019-05-25,1374022.0,-0.2,0.9492,"(-0.2,0.9492)",0.6191418,0.1313825,0.0172614,0.7074,0.9227,0.6433,0.3462,0.5629
MOD13Q1_061__250m_16_days_NDVI_doy2019161000000_aid0003,_250m_16_days_NDVI,aid0003,2019-06-10,1376730.0,-0.2,0.9653,"(-0.2,0.9653)",0.5879854,0.1318121,0.0173744,0.6772,0.9108,0.6124,0.2875,0.5213
MOD13Q1_061__250m_16_days_NDVI_doy2019177000000_aid0003,_250m_16_days_NDVI,aid0003,2019-06-26,1369779.0,-0.2,0.9518,"(-0.2,0.9518)",0.5810454,0.1232941,0.0152014,0.66295,0.8794,0.5969,0.3021,0.5186
MOD13Q1_061__250m_16_days_NDVI_doy2019193000000_aid0003,_250m_16_days_NDVI,aid0003,2019-07-12,1372098.0,-0.2,0.9915,"(-0.2,0.9915)",0.5431239,0.1202507,0.0144602,0.6211,0.8308,0.5497,0.2716,0.4813
MOD13Q1_061__250m_16_days_NDVI_doy2019209000000_aid0003,_250m_16_days_NDVI,aid0003,2019-07-28,1368254.0,-0.2,0.9353,"(-0.2,0.9353)",0.5490263,0.1109936,0.0123196,0.6194,0.8114,0.5572,0.2994,0.4914
MOD13Q1_061__250m_16_days_NDVI_doy2019225000000_aid0003,_250m_16_days_NDVI,aid0003,2019-08-13,1372244.0,-0.2,0.9411,"(-0.2,0.9411)",0.5004869,0.1131408,0.0128008,0.5744,0.78,0.5078,0.2317,0.4373
MOD13Q1_061__250m_16_days_NDVI_doy2019241000000_aid0003,_250m_16_days_NDVI,aid0003,2019-08-29,1371867.0,-0.2,0.9401,"(-0.2,0.9401)",0.5210369,0.1144759,0.0131047,0.5965,0.8038,0.5292,0.251,0.4583
MOD13Q1_061__250m_16_days_NDVI_doy2019257000000_aid0003,_250m_16_days_NDVI,aid0003,2019-09-14,1371707.0,-0.2,0.9251,"(-0.2,0.9251)",0.5276014,0.1223651,0.0149732,0.6121,0.8462,0.5329,0.2219,0.456
MOD13Q1_061__250m_16_days_NDVI_doy2019273000000_aid0003,_250m_16_days_NDVI,aid0003,2019-09-30,1376819.0,-0.2,0.9884,"(-0.2,0.9884)",0.5697861,0.1295925,0.0167942,0.6584,0.8972,0.575,0.2604,0.4992
MOD13Q1_061__250m_16_days_NDVI_doy2019289000000_aid0003,_250m_16_days_NDVI,aid0003,2019-10-16,1376796.0,-0.2,0.9902,"(-0.2,0.9902)",0.6078542,0.1301311,0.0169341,0.6972,0.9276,0.6181,0.3082,0.5416
MOD13Q1_061__250m_16_days_NDVI_doy2019305000000_aid0003,_250m_16_days_NDVI,aid0003,2019-11-01,1375264.0,-0.2,0.9641,"(-0.2,0.9641)",0.6618195,0.128895,0.0166139,0.7529,0.9641,0.6799,0.3752,0.6018
MOD13Q1_061__250m_16_days_NDVI_doy2019321000000_aid0003,_250m_16_days_NDVI,aid0003,2019-11-17,1377517.0,-0.2,0.9819,"(-0.2,0.9819)",0.6545963,0.1386805,0.0192323,0.7521,0.9819,0.6749,0.3589,0.5948
MOD13Q1_061__250m_16_days_NDVI_doy2019337000000_aid0003,_250m_16_days_NDVI,aid0003,2019-12-03,1375451.0,-0.2,0.9554,"(-0.2,0.9554)",0.6480308,0.1329471,0.0176749,0.7423,0.9554,0.6628,0.3543,0.5871
MOD13Q1_061__250m_16_days_NDVI_doy2019353000000_aid0003,_250m_16_days_NDVI,aid0003,2019-12-19,1374418.0,-0.2,0.9987,"(-0.2,0.9987)",0.658092,0.1364755,0.0186256,0.7553,0.9908,0.6768,0.3598,0.5971
MOD13Q1_061__250m_16_days_NDVI_doy2020001000000_aid0003,_250m_16_days_NDVI,aid0003,2020-01-01,1376585.0,-0.2,0.9692,"(-0.2,0.9692)",0.6345669,0.1368515,0.0187283,0.7313,0.9692,0.6514,0.3288,0.5703
MOD13Q1_061__250m_16_days_NDVI_doy2020017000000_aid0003,_250m_16_days_NDVI,aid0003,2020-01-17,1376166.0,-0.2,0.9932,"(-0.2,0.9932)",0.6671604,0.1231787,0.015173,0.7486,0.9442,0.6828,0.4214,0.6177
MOD13Q1_061__250m_16_days_NDVI_doy2020033000000_aid0003,_250m_16_days_NDVI,aid0003,2020-02-02,1375116.0,-0.2,0.9513,"(-0.2,0.9513)",0.6600325,0.1178386,0.0138859,0.7346,0.9188,0.6743,0.4276,0.6118
MOD13Q1_061__250m_16_days_NDVI_doy2020049000000_aid0003,_250m_16_days_NDVI,aid0003,2020-02-18,1377977.0,-0.2,0.9419,"(-0.2,0.9419)",0.6704664,0.1286036,0.0165389,0.7503,0.9419,0.6875,0.4273,0.6211
MOD13Q1_061__250m_16_days_NDVI_doy2020065000000_aid0003,_250m_16_days_NDVI,aid0003,2020-03-05,1378629.0,-0.2,0.986,"(-0.2,0.986)",0.6370655,0.1284675,0.0165039,0.7175,0.9215,0.6518,0.3775,0.5815
MOD13Q1_061__250m_16_days_NDVI_doy2020081000000_aid0003,_250m_16_days_NDVI,aid0003,2020-03-21,1378011.0,-0.2,0.9316,"(-0.2,0.9316)",0.634639,0.1269902,0.0161265,0.7151,0.9177,0.6511,0.3774,0.58
MOD13Q1_061__250m_16_days_NDVI_doy2020097000000_aid0003,_250m_16_days_NDVI,aid0003,2020-04-06,1381213.0,-0.2,0.9286,"(-0.2,0.9286)",0.6118272,0.1308927,0.0171329,0.6965,0.9036,0.632,0.351,0.5583
MOD13Q1_061__250m_16_days_NDVI_doy2020113000000_aid0003,_250m_16_days_NDVI,aid0003,2020-04-22,1379400.0,-0.2,0.973,"(-0.2,0.973)",0.586857,0.1310961,0.0171862,0.6725,0.8832,0.6073,0.321,0.5319
MOD13Q1_061__250m_16_days_NDVI_doy2020129000000_aid0003,_250m_16_days_NDVI,aid0003,2020-05-08,1374913.0,-0.2,0.8982,"(-0.2,0.8982)",0.5541527,0.12598,0.015871,0.6396,0.8584,0.5716,0.2749,0.4937
MOD13Q1_061__250m_16_days_NDVI_doy2020145000000_aid0003,_250m_16_days_NDVI,aid0003,2020-05-24,1373771.0,-0.2,0.9908,"(-0.2,0.9908)",0.5450002,0.1233111,0.0152056,0.629,0.8478,0.5625,0.2643,0.4831
MOD13Q1_061__250m_16_days_NDVI_doy2020161000000_aid0003,_250m_16_days_NDVI,aid0003,2020-06-09,1374380.0,-0.2,0.8948,"(-0.2,0.8948)",0.5033127,0.1241946,0.0154243,0.5888,0.8309,0.5149,0.1851,0.4273
MOD13Q1_061__250m_16_days_NDVI_doy2020177000000_aid0003,_250m_16_days_NDVI,aid0003,2020-06-25,1373455.0,-0.2,0.9244,"(-0.2,0.9244)",0.4919926,0.1195976,0.0143036,0.5757,0.8187,0.4998,0.1707,0.4137
MOD13Q1_061__250m_16_days_NDVI_doy2020193000000_aid0003,_250m_16_days_NDVI,aid0003,2020-07-11,1373467.0,-0.2,0.9417,"(-0.2,0.9417)",0.4661454,0.1127653,0.012716,0.5401,0.7607,0.4678,0.1724,0.393
MOD13Q1_061__250m_16_days_NDVI_doy2020209000000_aid0003,_250m_16_days_NDVI,aid0003,2020-07-27,1375650.0,-0.2,0.9189,"(-0.2,0.9189)",0.4023048,0.1048482,0.0109931,0.4662,0.6673,0.3977,0.131,0.3321
MOD13Q1_061__250m_16_days_NDVI_doy2020225000000_aid0003,_250m_16_days_NDVI,aid0003,2020-08-12,1374812.0,-0.2,0.9198,"(-0.2,0.9198)",0.3837563,0.0987791,0.0097573,0.4413,0.6247,0.38,0.1356,0.319
MOD13Q1_061__250m_16_days_NDVI_doy2020241000000_aid0003,_250m_16_days_NDVI,aid0003,2020-08-28,1374752.0,-0.2,0.9291,"(-0.2,0.9291)",0.3942097,0.0987738,0.0097563,0.4509,0.6324,0.3891,0.1484,0.3299
MOD13Q1_061__250m_16_days_NDVI_doy2020257000000_aid0003,_250m_16_days_NDVI,aid0003,2020-09-13,1374783.0,-0.2,0.9204,"(-0.2,0.9204)",0.4118462,0.1075106,0.0115585,0.4746,0.6733,0.405,0.1434,0.3421
MOD13Q1_061__250m_16_days_NDVI_doy2020273000000_aid0003,_250m_16_days_NDVI,aid0003,2020-09-29,1375959.0,-0.2,0.9928,"(-0.2,0.9928)",0.4319956,0.1130527,0.0127809,0.5035,0.7285,0.4231,0.1285,0.3535
MOD13Q1_061__250m_16_days_NDVI_doy2020289000000_aid0003,_250m_16_days_NDVI,aid0003,2020-10-15,1376750.0,-0.2,0.9816,"(-0.2,0.9816)",0.4833612,0.1384966,0.0191813,0.5795,0.8723,0.4759,0.0913,0.3842
MOD13Q1_061__250m_16_days_NDVI_doy2020305000000_aid0003,_250m_16_days_NDVI,aid0003,2020-10-31,1378032.0,-0.2,0.9354,"(-0.2,0.9354)",0.5017996,0.1383925,0.0191525,0.5998,0.8832,0.506,0.1273,0.4108
MOD13Q1_061__250m_16_days_NDVI_doy2020321000000_aid0003,_250m_16_days_NDVI,aid0003,2020-11-16,1377478.0,-0.1996,0.9817,"(-0.1996,0.9817)",0.5085537,0.1432434,0.0205187,0.6099,0.9027,0.5105,0.1204,0.4141
MOD13Q1_061__250m_16_days_NDVI_doy2020337000000_aid0003,_250m_16_days_NDVI,aid0003,2020-12-02,1375853.0,-0.2,0.9735,"(-0.2,0.9735)",0.5762948,0.1384959,0.0191811,0.6728,0.9287,0.5905,0.2456,0.5019
MOD13Q1_061__250m_16_days_NDVI_doy2020353000000_aid0003,_250m_16_days_NDVI,aid0003,2020-12-18,1376005.0,-0.2,0.9746,"(-0.2,0.9746)",0.5935007,0.1345347,0.0180996,0.6899,0.9394,0.6089,0.2677,0.521
MOD13Q1_061__250m_16_days_NDVI_doy2021001000000_aid0003,_250m_16_days_NDVI,aid0003,2021-01-01,1377097.0,-0.2,0.9746,"(-0.2,0.9746)",0.5933531,0.1271242,0.0161605,0.6833,0.9239,0.5979,0.2818,0.5227
MOD13Q1_061__250m_16_days_NDVI_doy2021017000000_aid0003,_250m_16_days_NDVI,aid0003,2021-01-17,1377675.0,-0.2,0.994,"(-0.2,0.994)",0.6357518,0.1210445,0.0146518,0.7167,0.9259,0.6456,0.367,0.5768
MOD13Q1_061__250m_16_days_NDVI_doy2021033000000_aid0003,_250m_16_days_NDVI,aid0003,2021-02-02,1374587.0,-0.2,0.9911,"(-0.2,0.9911)",0.6883749,0.115804,0.0134106,0.7633,0.9577,0.7026,0.4388,0.6335
MOD13Q1_061__250m_16_days_NDVI_doy2021049000000_aid0003,_250m_16_days_NDVI,aid0003,2021-02-18,1376069.0,-0.2,0.9612,"(-0.2,0.9612)",0.654001,0.1256445,0.0157865,0.7405,0.9612,0.6614,0.3515,0.5849
MOD13Q1_061__250m_16_days_NDVI_doy2021065000000_aid0003,_250m_16_days_NDVI,aid0003,2021-03-06,1379675.0,-0.2,0.9558,"(-0.2,0.9558)",0.627697,0.1360392,0.0185067,0.719,0.9558,0.635,0.3093,0.5551
MOD13Q1_061__250m_16_days_NDVI_doy2021081000000_aid0003,_250m_16_days_NDVI,aid0003,2021-03-22,1379036.0,-0.2,0.9877,"(-0.2,0.9877)",0.6370229,0.1321068,0.0174522,0.7259,0.9593,0.6482,0.3309,0.5679
MOD13Q1_061__250m_16_days_NDVI_doy2021097000000_aid0003,_250m_16_days_NDVI,aid0003,2021-04-07,1380783.0,-0.2,0.9972,"(-0.2,0.9972)",0.6581784,0.1245939,0.0155236,0.7405,0.9444,0.6747,0.3955,0.6025
MOD13Q1_061__250m_16_days_NDVI_doy2021113000000_aid0003,_250m_16_days_NDVI,aid0003,2021-04-23,1380526.0,-0.2,0.9994,"(-0.2,0.9994)",0.6474192,0.1302066,0.0169537,0.7393,0.9595,0.6671,0.3676,0.5906
MOD13Q1_061__250m_16_days_NDVI_doy2021129000000_aid0003,_250m_16_days_NDVI,aid0003,2021-05-09,1376218.0,-0.2,0.9607,"(-0.2,0.9607)",0.6102404,0.1284769,0.0165063,0.7086,0.954,0.6238,0.2984,0.5445
MOD13Q1_061__250m_16_days_NDVI_doy2021145000000_aid0003,_250m_16_days_NDVI,aid0003,2021-05-25,1374422.0,-0.2,0.9041,"(-0.2,0.9041)",0.585903,0.1263649,0.0159681,0.6818,0.9041,0.5981,0.2718,0.5178
MOD13Q1_061__250m_16_days_NDVI_doy2021161000000_aid0003,_250m_16_days_NDVI,aid0003,2021-06-10,1375805.0,-0.2,0.9672,"(-0.2,0.9672)",0.5719612,0.1279916,0.0163818,0.6712,0.9143,0.5805,0.2432,0.5
MOD13Q1_061__250m_16_days_NDVI_doy2021177000000_aid0003,_250m_16_days_NDVI,aid0003,2021-06-26,1375052.0,-0.2,0.9091,"(-0.2,0.9091)",0.5409174,0.1196929,0.0143264,0.6335,0.8778,0.5469,0.2263,0.4706
MOD13Q1_061__250m_16_days_NDVI_doy2021193000000_aid0003,_250m_16_days_NDVI,aid0003,2021-07-12,1375532.0,-0.2,0.9212,"(-0.2,0.9212)",0.4852205,0.1250911,0.0156478,0.5877,0.8797,0.4787,0.101,0.393
MOD13Q1_061__250m_16_days_NDVI_doy2021209000000_aid0003,_250m_16_days_NDVI,aid0003,2021-07-28,1375259.0,-0.2,0.917,"(-0.2,0.917)",0.449443,0.1147778,0.0131739,0.5362,0.7903,0.443,0.1128,0.3668
MOD13Q1_061__250m_16_days_NDVI_doy2021225000000_aid0003,_250m_16_days_NDVI,aid0003,2021-08-13,1376966.0,-0.1996,0.9251,"(-0.1996,0.9251)",0.4332852,0.1105976,0.0122318,0.5178,0.7645,0.4231,0.1066,0.3533
MOD13Q1_061__250m_16_days_NDVI_doy2021241000000_aid0003,_250m_16_days_NDVI,aid0003,2021-08-29,1376673.0,-0.2,0.9423,"(-0.2,0.9423)",0.4519895,0.1070895,0.0114682,0.5236,0.7328,0.4482,0.1749,0.3841
MOD13Q1_061__250m_16_days_NDVI_doy2021257000000_aid0003,_250m_16_days_NDVI,aid0003,2021-09-14,1376099.0,-0.2,0.8952,"(-0.2,0.8952)",0.4758666,0.121079,0.0146601,0.5675,0.8303,0.4645,0.1295,0.3923
MOD13Q1_061__250m_16_days_NDVI_doy2021273000000_aid0003,_250m_16_days_NDVI,aid0003,2021-09-30,1376930.0,-0.2,0.8849,"(-0.2,0.8849)",0.492588,0.1313451,0.0172515,0.5952,0.8849,0.4853,0.1105,0.4013
MOD13Q1_061__250m_16_days_NDVI_doy2021289000000_aid0003,_250m_16_days_NDVI,aid0003,2021-10-16,1374728.0,-0.2,0.8858,"(-0.2,0.8858)",0.4904414,0.1382268,0.0191067,0.5986,0.8858,0.4801,0.0829,0.3923
MOD13Q1_061__250m_16_days_NDVI_doy2021305000000_aid0003,_250m_16_days_NDVI,aid0003,2021-11-01,1376298.0,-0.2,0.9357,"(-0.2,0.9357)",0.5395027,0.1559838,0.024331,0.664,0.9357,0.5454,0.093,0.4356
MOD13Q1_061__250m_16_days_NDVI_doy2021321000000_aid0003,_250m_16_days_NDVI,aid0003,2021-11-17,1376527.0,-0.2,0.9913,"(-0.2,0.9913)",0.6001116,0.1525171,0.0232615,0.7243,0.9913,0.619,0.1838,0.5081
MOD13Q1_061__250m_16_days_NDVI_doy2021337000000_aid0003,_250m_16_days_NDVI,aid0003,2021-12-03,1376816.0,-0.1998,0.95,"(-0.1998,0.95)",0.610002,0.151476,0.022945,0.7253,0.95,0.625,0.2338,0.5287
MOD13Q1_061__250m_16_days_NDVI_doy2021353000000_aid0003,_250m_16_days_NDVI,aid0003,2021-12-19,1375684.0,-0.1998,0.9166,"(-0.1998,0.9166)",0.5540556,0.1476856,0.021811,0.6693,0.9166,0.5544,0.1523,0.4625
MOD13Q1_061__250m_16_days_NDVI_doy2022001000000_aid0003,_250m_16_days_NDVI,aid0003,2022-01-01,1377537.0,-0.2,0.9178,"(-0.2,0.9178)",0.4886963,0.1272837,0.0162011,0.5766,0.8308,0.4852,0.1529,0.4071
MOD13Q1_061__250m_16_days_NDVI_doy2022017000000_aid0003,_250m_16_days_NDVI,aid0003,2022-01-17,1375551.0,-0.2,0.9396,"(-0.2,0.9396)",0.5276475,0.1309869,0.0171576,0.6212,0.8891,0.5323,0.1747,0.4426
MOD13Q1_061__250m_16_days_NDVI_doy2022033000000_aid0003,_250m_16_days_NDVI,aid0003,2022-02-02,1381824.0,-0.1999,0.9871,"(-0.1999,0.9871)",0.5352146,0.1426658,0.0203535,0.6355,0.9238,0.5435,0.155,0.4433
MOD13Q1_061__250m_16_days_NDVI_doy2022049000000_aid0003,_250m_16_days_NDVI,aid0003,2022-02-18,1381925.0,-0.2,0.9982,"(-0.2,0.9982)",0.5378291,0.1443126,0.0208261,0.6373,0.9248,0.5455,0.1581,0.4456
MOD13Q1_061__250m_16_days_NDVI_doy2022065000000_aid0003,_250m_16_days_NDVI,aid0003,2022-03-06,1381393.0,-0.2,0.9741,"(-0.2,0.9741)",0.6368694,0.1401693,0.0196474,0.7299,0.96,0.6595,0.3304,0.5701
MOD13Q1_061__250m_16_days_NDVI_doy2022081000000_aid0003,_250m_16_days_NDVI,aid0003,2022-03-22,1380781.0,-0.2,0.9445,"(-0.2,0.9445)",0.6692472,0.1265812,0.0160228,0.748,0.9402,0.6872,0.427,0.6196
MOD13Q1_061__250m_16_days_NDVI_doy2022097000000_aid0003,_250m_16_days_NDVI,aid0003,2022-04-07,1373608.0,-0.2,0.9928,"(-0.2,0.9928)",0.6921388,0.1072045,0.0114928,0.7593,0.9218,0.7101,0.4883,0.6509
MOD13Q1_061__250m_16_days_NDVI_doy2022113000000_aid0003,_250m_16_days_NDVI,aid0003,2022-04-23,1375980.0,-0.2,0.9493,"(-0.2,0.9493)",0.6527353,0.1169204,0.0136704,0.7307,0.9133,0.6722,0.4165,0.605
MOD13Q1_061__250m_16_days_NDVI_doy2022129000000_aid0003,_250m_16_days_NDVI,aid0003,2022-05-09,1375210.0,-0.2,0.8941,"(-0.2,0.8941)",0.6179767,0.1240109,0.0153787,0.7023,0.8941,0.6379,0.3556,0.5636
MOD13Q1_061__250m_16_days_NDVI_doy2022145000000_aid0003,_250m_16_days_NDVI,aid0003,2022-05-25,1375735.0,-0.2,0.8933,"(-0.2,0.8933)",0.5600889,0.1282777,0.0164552,0.6544,0.8933,0.5754,0.2354,0.4868
MOD13Q1_061__250m_16_days_NDVI_doy2022161000000_aid0003,_250m_16_days_NDVI,aid0003,2022-06-10,1374117.0,-0.2,0.8983,"(-0.2,0.8983)",0.4883616,0.1215104,0.0147648,0.5756,0.8336,0.4995,0.1454,0.4035
MOD13Q1_061__250m_16_days_NDVI_doy2022177000000_aid0003,_250m_16_days_NDVI,aid0003,2022-06-26,1377858.0,-0.2,0.9856,"(-0.2,0.9856)",0.470749,0.1257579,0.0158151,0.5615,0.834,0.4777,0.1069,0.379625
MOD13Q1_061__250m_16_days_NDVI_doy2022193000000_aid0003,_250m_16_days_NDVI,aid0003,2022-07-12,1374863.0,-0.2,0.8838,"(-0.2,0.8838)",0.4641334,0.1199133,0.0143792,0.5521,0.8153,0.4706,0.1134,0.3766
MOD13Q1_061__250m_16_days_NDVI_doy2022209000000_aid0003,_250m_16_days_NDVI,aid0003,2022-07-28,1375811.0,-0.2,0.9224,"(-0.2,0.9224)",0.4878565,0.1326416,0.0175938,0.5838,0.8688,0.4955,0.1088,0.3938
MOD13Q1_061__250m_16_days_NDVI_doy2022225000000_aid0003,_250m_16_days_NDVI,aid0003,2022-08-13,1375380.0,-0.2,0.9254,"(-0.2,0.9254)",0.4658133,0.1289034,0.0166161,0.5548,0.8215,0.4732,0.1103,0.377
MOD13Q1_061__250m_16_days_NDVI_doy2022241000000_aid0003,_250m_16_days_NDVI,aid0003,2022-08-29,1374931.0,-0.2,0.9256,"(-0.2,0.9256)",0.4310043,0.1231691,0.0151706,0.5129,0.768,0.4273,0.0877,0.3428
MOD13Q1_061__250m_16_days_NDVI_doy2022257000000_aid0003,_250m_16_days_NDVI,aid0003,2022-09-14,1375676.0,-0.1996,0.9319,"(-0.1996,0.9319)",0.4184233,0.1189028,0.0141379,0.4969,0.7409,0.4086,0.0902,0.3342
MOD13Q1_061__250m_16_days_NDVI_doy2022273000000_aid0003,_250m_16_days_NDVI,aid0003,2022-09-30,1376646.0,-0.2,0.8737,"(-0.2,0.8737)",0.424967,0.1085353,0.0117799,0.4936,0.6995,0.422,0.1504,0.3563
MOD13Q1_061__250m_16_days_NDVI_doy2022289000000_aid0003,_250m_16_days_NDVI,aid0003,2022-10-16,1374268.0,-0.2,0.9893,"(-0.2,0.9893)",0.4659862,0.1325007,0.0175564,0.5664,0.8503,0.4613,0.0933,0.3771
MOD13Q1_061__250m_16_days_NDVI_doy2022305000000_aid0003,_250m_16_days_NDVI,aid0003,2022-11-01,1373122.0,-0.2,0.8871,"(-0.2,0.8871)",0.4542834,0.129961,0.0168899,0.5497,0.8243,0.4375,0.0921,0.3666
MOD13Q1_061__250m_16_days_NDVI_doy2022321000000_aid0003,_250m_16_days_NDVI,aid0003,2022-11-17,1374355.0,-0.2,0.9233,"(-0.2,0.9233)",0.4338535,0.1302988,0.0169778,0.5193,0.7771,0.4137,0.0897,0.3474
MOD13Q1_061__250m_16_days_NDVI_doy2022337000000_aid0003,_250m_16_days_NDVI,aid0003,2022-12-03,1375510.0,-0.2,0.9254,"(-0.2,0.9254)",0.4647393,0.1397778,0.0195378,0.5639,0.8534,0.4444,0.0814,0.3709
MOD13Q1_061__250m_16_days_NDVI_doy2022353000000_aid0003,_250m_16_days_NDVI,aid0003,2022-12-19,1376889.0,-0.1996,0.9926,"(-0.1996,0.9926)",0.4895305,0.1353613,0.0183227,0.5853,0.8625,0.4847,0.1233,0.4005
MOD13Q1_061__250m_16_days_NDVI_doy2023001000000_aid0003,_250m_16_days_NDVI,aid0003,2023-01-01,1376437.0,-0.2,0.8976,"(-0.2,0.8976)",0.4859429,0.129033,0.0166495,0.5752,0.8392,0.4821,0.1352,0.3991
MOD13Q1_061__250m_16_days_NDVI_doy2023017000000_aid0003,_250m_16_days_NDVI,aid0003,2023-01-17,1375732.0,-0.2,0.9584,"(-0.2,0.9584)",0.5310012,0.1255287,0.0157575,0.6184,0.8674,0.5328,0.2034,0.4524
MOD13Q1_061__250m_16_days_NDVI_doy2023033000000_aid0003,_250m_16_days_NDVI,aid0003,2023-02-02,1376848.0,-0.2,0.9406,"(-0.2,0.9406)",0.5419248,0.1310204,0.0171663,0.6301,0.8875,0.5486,0.2011,0.4585
MOD13Q1_061__250m_16_days_NDVI_doy2023049000000_aid0003,_250m_16_days_NDVI,aid0003,2023-02-18,1373751.0,-0.2,0.9747,"(-0.2,0.9747)",0.5800722,0.1287318,0.0165719,0.6629,0.9024,0.5895,0.2637,0.5032
MOD13Q1_061__250m_16_days_NDVI_doy2023065000000_aid0003,_250m_16_days_NDVI,aid0003,2023-03-06,1373644.0,-0.2,0.9462,"(-0.2,0.9462)",0.6045686,0.1244756,0.0154942,0.6879,0.9205,0.6147,0.3002,0.5328
MOD13Q1_061__250m_16_days_NDVI_doy2023081000000_aid0003,_250m_16_days_NDVI,aid0003,2023-03-22,1374229.0,-0.2,0.9982,"(-0.2,0.9982)",0.6393102,0.1162423,0.0135123,0.7174,0.9268,0.6517,0.3684,0.5778
MOD13Q1_061__250m_16_days_NDVI_doy2023097000000_aid0003,_250m_16_days_NDVI,aid0003,2023-04-07,1375370.0,-0.2,0.9315,"(-0.2,0.9315)",0.6274721,0.1158233,0.013415,0.7051,0.9088,0.642,0.3651,0.5691
MOD13Q1_061__250m_16_days_NDVI_doy2023113000000_aid0003,_250m_16_days_NDVI,aid0003,2023-04-23,1374111.0,-0.2,0.9106,"(-0.2,0.9106)",0.6146404,0.1211989,0.0146892,0.703,0.9106,0.6285,0.3125,0.5468
MOD13Q1_061__250m_16_days_NDVI_doy2023129000000_aid0003,_250m_16_days_NDVI,aid0003,2023-05-09,1374814.0,-0.1996,0.8953,"(-0.1996,0.8953)",0.5659003,0.1280872,0.0164063,0.6598,0.8953,0.5776,0.2383,0.4912
MOD13Q1_061__250m_16_days_NDVI_doy2023145000000_aid0003,_250m_16_days_NDVI,aid0003,2023-05-25,1375643.0,-0.2,0.9929,"(-0.2,0.9929)",0.574694,0.1367796,0.0187087,0.676,0.9472,0.5888,0.2203,0.4937
MOD13Q1_061__250m_16_days_NDVI_doy2023161000000_aid0003,_250m_16_days_NDVI,aid0003,2023-06-10,1375772.0,-0.2,0.9558,"(-0.2,0.9558)",0.5302362,0.1353008,0.0183063,0.6321,0.919,0.5422,0.152,0.44
MOD13Q1_061__250m_16_days_NDVI_doy2023177000000_aid0003,_250m_16_days_NDVI,aid0003,2023-06-26,1377154.0,-0.2,0.9958,"(-0.2,0.9958)",0.4978486,0.1368676,0.0187327,0.6004,0.9046,0.498,0.0914,0.3968
MOD13Q1_061__250m_16_days_NDVI_doy2023193000000_aid0003,_250m_16_days_NDVI,aid0003,2023-07-12,1378243.0,-0.2,0.931,"(-0.2,0.931)",0.4850466,0.1376673,0.0189523,0.5844,0.88,0.4879,0.0913,0.3871
MOD13Q1_061__250m_16_days_NDVI_doy2023209000000_aid0003,_250m_16_days_NDVI,aid0003,2023-07-28,1375379.0,-0.2,0.9292,"(-0.2,0.9292)",0.4527834,0.1383558,0.0191423,0.55,0.8521,0.4422,0.0465,0.3486
MOD13Q1_061__250m_16_days_NDVI_doy2023225000000_aid0003,_250m_16_days_NDVI,aid0003,2023-08-13,1374844.0,-0.2,0.912,"(-0.2,0.912)",0.4440838,0.1352598,0.0182952,0.5344,0.82,0.4334,0.0584,0.344
MOD13Q1_061__250m_16_days_NDVI_doy2023241000000_aid0003,_250m_16_days_NDVI,aid0003,2023-08-29,1375370.0,-0.2,0.909,"(-0.2,0.909)",0.4576113,0.1313131,0.0172431,0.5476,0.8227,0.4532,0.0893,0.3642
MOD13Q1_061__250m_16_days_NDVI_doy2023257000000_aid0003,_250m_16_days_NDVI,aid0003,2023-09-14,1375109.0,-0.2,0.9198,"(-0.2,0.9198)",0.5074752,0.1568638,0.0246063,0.6295,0.9198,0.5022,0.0344,0.3914
MOD13Q1_061__250m_16_days_NDVI_doy2023273000000_aid0003,_250m_16_days_NDVI,aid0003,2023-09-30,1374889.0,-0.1997,0.9208,"(-0.1997,0.9208)",0.4750521,0.1575537,0.0248232,0.5968,0.9208,0.459,-0.0097,0.3542
MOD13Q1_061__250m_16_days_NDVI_doy2023289000000_aid0003,_250m_16_days_NDVI,aid0003,2023-10-16,1381172.0,-0.2,0.9976,"(-0.2,0.9976)",0.5204075,0.1648815,0.0271859,0.6604,0.9976,0.5279,0.0047,0.3981
MOD13Q1_061__250m_16_days_NDVI_doy2023305000000_aid0003,_250m_16_days_NDVI,aid0003,2023-11-01,1378043.0,-0.2,0.8994,"(-0.2,0.8994)",0.5295789,0.1684773,0.0283846,0.6678,0.8994,0.5471,0.0268,0.4114
MOD13Q1_061__250m_16_days_NDVI_doy2023321000000_aid0003,_250m_16_days_NDVI,aid0003,2023-11-17,1372387.0,-0.2,0.9981,"(-0.2,0.9981)",0.6110954,0.1783588,0.0318119,0.7558,0.9981,0.6474,0.1207,0.5017
MOD13Q1_061__250m_16_days_NDVI_doy2023337000000_aid0003,_250m_16_days_NDVI,aid0003,2023-12-03,1373290.0,-0.2,0.9655,"(-0.2,0.9655)",0.6481847,0.1676137,0.0280944,0.7743,0.9655,0.6903,0.2711,0.573
MOD13Q1_061__250m_16_days_NDVI_doy2023353000000_aid0003,_250m_16_days_NDVI,aid0003,2023-12-19,1374105.0,-0.2,0.9562,"(-0.2,0.9562)",0.6549221,0.1644816,0.0270542,0.7758,0.9562,0.6963,0.3103,0.5896
MOD13Q1_061__250m_16_days_NDVI_doy2015353000000_aid0004,_250m_16_days_NDVI,aid0004,2015-12-19,1312079.0,-0.2,0.9991,"(-0.2,0.9991)",0.512853,0.1978183,0.0391321,0.6537,0.9991,0.5648,0.013,0.3974
MOD13Q1_061__250m_16_days_NDVI_doy2016001000000_aid0004,_250m_16_days_NDVI,aid0004,2016-01-01,1313355.0,-0.2,0.9938,"(-0.2,0.9938)",0.5178868,0.1885461,0.0355496,0.6514,0.9938,0.5574,0.0649,0.4168
MOD13Q1_061__250m_16_days_NDVI_doy2016017000000_aid0004,_250m_16_days_NDVI,aid0004,2016-01-17,1307615.0,-0.2,0.9937,"(-0.2,0.9937)",0.5347433,0.1826586,0.0333642,0.6552,0.9502,0.5641,0.1635,0.4585
MOD13Q1_061__250m_16_days_NDVI_doy2016033000000_aid0004,_250m_16_days_NDVI,aid0004,2016-02-02,1310949.0,-0.2,0.9995,"(-0.2,0.9995)",0.5863048,0.2006228,0.0402495,0.713,0.9995,0.6221,0.2335,0.5212
MOD13Q1_061__250m_16_days_NDVI_doy2016049000000_aid0004,_250m_16_days_NDVI,aid0004,2016-02-18,1336097.0,-0.2,0.9989,"(-0.2,0.9989)",0.6012135,0.2320396,0.0538424,0.7433,0.9989,0.6557,0.2528,0.5471
MOD13Q1_061__250m_16_days_NDVI_doy2016065000000_aid0004,_250m_16_days_NDVI,aid0004,2016-03-05,1321399.0,-0.2,0.974,"(-0.2,0.974)",0.6198954,0.223072,0.0497611,0.7497,0.974,0.6705,0.3115,0.5744
MOD13Q1_061__250m_16_days_NDVI_doy2016081000000_aid0004,_250m_16_days_NDVI,aid0004,2016-03-21,1304112.0,-0.2,0.9929,"(-0.2,0.9929)",0.5966374,0.2009985,0.0404004,0.7151,0.9624,0.6384,0.3021,0.5499
MOD13Q1_061__250m_16_days_NDVI_doy2016097000000_aid0004,_250m_16_days_NDVI,aid0004,2016-04-06,1372235.0,-0.2,0.9846,"(-0.2,0.9846)",0.5378057,0.2239656,0.0501606,0.68675,0.9846,0.6157,0.1337,0.4655
MOD13Q1_061__250m_16_days_NDVI_doy2016113000000_aid0004,_250m_16_days_NDVI,aid0004,2016-04-22,1290196.0,-0.2,0.9743,"(-0.2,0.9743)",0.5501395,0.1787093,0.031937,0.6679,0.9329,0.6006,0.2194,0.4885
MOD13Q1_061__250m_16_days_NDVI_doy2016129000000_aid0004,_250m_16_days_NDVI,aid0004,2016-05-08,1321677.0,-0.2,0.9981,"(-0.2,0.9981)",0.4787752,0.1822743,0.0332239,0.6005,0.8914,0.5319,0.1155,0.4065
MOD13Q1_061__250m_16_days_NDVI_doy2016145000000_aid0004,_250m_16_days_NDVI,aid0004,2016-05-24,1291901.0,-0.2,0.9479,"(-0.2,0.9479)",0.4758858,0.1662078,0.027625,0.5885,0.8596,0.5195,0.1365,0.4077
MOD13Q1_061__250m_16_days_NDVI_doy2016161000000_aid0004,_250m_16_days_NDVI,aid0004,2016-06-09,1282052.0,-0.2,0.9783,"(-0.2,0.9783)",0.4421587,0.152401,0.0232261,0.5435,0.7917,0.4757,0.1298,0.378
MOD13Q1_061__250m_16_days_NDVI_doy2016177000000_aid0004,_250m_16_days_NDVI,aid0004,2016-06-25,1339994.0,-0.2,0.9319,"(-0.2,0.9319)",0.4090743,0.1637268,0.0268065,0.5181,0.7768,0.4445,0.0869,0.3456
MOD13Q1_061__250m_16_days_NDVI_doy2016193000000_aid0004,_250m_16_days_NDVI,aid0004,2016-07-11,1284634.0,-0.2,0.9982,"(-0.2,0.9982)",0.4225289,0.1429479,0.0204341,0.5101,0.7345,0.4437,0.1361,0.3605
MOD13Q1_061__250m_16_days_NDVI_doy2016209000000_aid0004,_250m_16_days_NDVI,aid0004,2016-07-27,1284441.0,-0.2,0.9901,"(-0.2,0.9901)",0.4100995,0.1498858,0.0224658,0.488,0.6879,0.4271,0.1548,0.3547
MOD13Q1_061__250m_16_days_NDVI_doy2016225000000_aid0004,_250m_16_days_NDVI,aid0004,2016-08-12,1284578.0,-0.2,0.9453,"(-0.2,0.9453)",0.4119698,0.1551548,0.024073,0.4834,0.6827,0.4198,0.1512,0.3505
MOD13Q1_061__250m_16_days_NDVI_doy2016241000000_aid0004,_250m_16_days_NDVI,aid0004,2016-08-28,1286268.0,-0.2,0.9627,"(-0.2,0.9627)",0.3998702,0.1514164,0.0229269,0.4692,0.6673,0.4047,0.139,0.3371
MOD13Q1_061__250m_16_days_NDVI_doy2016257000000_aid0004,_250m_16_days_NDVI,aid0004,2016-09-13,1288394.0,-0.2,0.942,"(-0.2,0.942)",0.3871358,0.1452885,0.0211088,0.4591,0.6623,0.3924,0.1204,0.3236
MOD13Q1_061__250m_16_days_NDVI_doy2016273000000_aid0004,_250m_16_days_NDVI,aid0004,2016-09-29,1332571.0,-0.2,0.9125,"(-0.2,0.9125)",0.3902506,0.1644746,0.0270519,0.4813,0.718,0.4081,0.0868,0.3235
MOD13Q1_061__250m_16_days_NDVI_doy2016289000000_aid0004,_250m_16_days_NDVI,aid0004,2016-10-15,1332592.0,-0.2,0.9928,"(-0.2,0.9928)",0.429153,0.1880824,0.035375,0.5498,0.8621,0.4577,0.0293,0.3416
MOD13Q1_061__250m_16_days_NDVI_doy2016305000000_aid0004,_250m_16_days_NDVI,aid0004,2016-10-31,1297755.0,-0.2,0.9742,"(-0.2,0.9742)",0.4461214,0.1773979,0.03147,0.5647,0.8878,0.4657,0.0217,0.3475
MOD13Q1_061__250m_16_days_NDVI_doy2016321000000_aid0004,_250m_16_days_NDVI,aid0004,2016-11-16,1301397.0,-0.2,0.9911,"(-0.2,0.9911)",0.4716778,0.183017,0.0334952,0.5963,0.9561,0.5046,-0.0089,0.3542
MOD13Q1_061__250m_16_days_NDVI_doy2016337000000_aid0004,_250m_16_days_NDVI,aid0004,2016-12-02,1318163.0,-0.2,0.9974,"(-0.2,0.9974)",0.4874201,0.1993317,0.0397331,0.6305,0.9974,0.5364,-0.053,0.3571
MOD13Q1_061__250m_16_days_NDVI_doy2016353000000_aid0004,_250m_16_days_NDVI,aid0004,2016-12-18,1292124.0,-0.2,0.9991,"(-0.2,0.9991)",0.4796652,0.1798416,0.032343,0.6053,0.9512,0.52,0.0176,0.3702
MOD13Q1_061__250m_16_days_NDVI_doy2017001000000_aid0004,_250m_16_days_NDVI,aid0004,2017-01-01,1317654.0,-0.2,0.9989,"(-0.2,0.9989)",0.5257241,0.2068713,0.0427957,0.6684,0.9989,0.5644,0.0769,0.4318
MOD13Q1_061__250m_16_days_NDVI_doy2017017000000_aid0004,_250m_16_days_NDVI,aid0004,2017-01-17,1301057.0,-0.2,0.998,"(-0.2,0.998)",0.5520623,0.2052416,0.0421241,0.6864,0.998,0.5956,0.1589,0.4754
MOD13Q1_061__250m_16_days_NDVI_doy2017033000000_aid0004,_250m_16_days_NDVI,aid0004,2017-02-02,1313224.0,-0.2,0.9955,"(-0.2,0.9955)",0.607816,0.2136531,0.0456477,0.7262,0.9689,0.6516,0.3215,0.5643
MOD13Q1_061__250m_16_days_NDVI_doy2017049000000_aid0004,_250m_16_days_NDVI,aid0004,2017-02-18,1293006.0,-0.2,0.9996,"(-0.2,0.9996)",0.6308387,0.2103248,0.0442365,0.7474,0.9991,0.6629,0.3274,0.5794
MOD13Q1_061__250m_16_days_NDVI_doy2017065000000_aid0004,_250m_16_days_NDVI,aid0004,2017-03-06,1286381.0,-0.2,0.998,"(-0.2,0.998)",0.6011693,0.1992459,0.0396989,0.7107,0.9542,0.6272,0.3027,0.5475
MOD13Q1_061__250m_16_days_NDVI_doy2017081000000_aid0004,_250m_16_days_NDVI,aid0004,2017-03-22,1290519.0,-0.2,0.999,"(-0.2,0.999)",0.589285,0.1954291,0.0381925,0.7096,0.9732,0.6317,0.2694,0.5335
MOD13Q1_061__250m_16_days_NDVI_doy2017097000000_aid0004,_250m_16_days_NDVI,aid0004,2017-04-07,1305802.0,-0.2,0.9524,"(-0.2,0.9524)",0.5851861,0.1997937,0.0399175,0.7067,0.9524,0.6375,0.2917,0.5407
MOD13Q1_061__250m_16_days_NDVI_doy2017113000000_aid0004,_250m_16_days_NDVI,aid0004,2017-04-23,1282693.0,-0.2,0.9098,"(-0.2,0.9098)",0.5374552,0.1746186,0.0304917,0.6608,0.9098,0.5803,0.1718,0.4652
MOD13Q1_061__250m_16_days_NDVI_doy2017129000000_aid0004,_250m_16_days_NDVI,aid0004,2017-05-09,1326875.0,-0.2,0.9548,"(-0.2,0.9548)",0.4809752,0.1884337,0.0355073,0.6143,0.9469,0.5338,0.0478,0.3877
MOD13Q1_061__250m_16_days_NDVI_doy2017145000000_aid0004,_250m_16_days_NDVI,aid0004,2017-05-25,1301656.0,-0.2,0.9142,"(-0.2,0.9142)",0.4737912,0.1809958,0.0327595,0.5998,0.9057,0.5235,0.0798,0.3918
MOD13Q1_061__250m_16_days_NDVI_doy2017161000000_aid0004,_250m_16_days_NDVI,aid0004,2017-06-10,1285073.0,-0.2,0.9728,"(-0.2,0.9728)",0.4438272,0.1537921,0.023652,0.5545,0.8416,0.476,0.0725,0.3617
MOD13Q1_061__250m_16_days_NDVI_doy2017177000000_aid0004,_250m_16_days_NDVI,aid0004,2017-06-26,1342121.0,-0.2,0.9952,"(-0.2,0.9952)",0.3768935,0.153659,0.0236111,0.4832,0.7419,0.406,0.052,0.3107
MOD13Q1_061__250m_16_days_NDVI_doy2017193000000_aid0004,_250m_16_days_NDVI,aid0004,2017-07-12,1283379.0,-0.2,0.9074,"(-0.2,0.9074)",0.3872089,0.1288146,0.0165932,0.4752,0.7128,0.401,0.0792,0.3168
MOD13Q1_061__250m_16_days_NDVI_doy2017209000000_aid0004,_250m_16_days_NDVI,aid0004,2017-07-28,1290899.0,-0.2,0.9888,"(-0.2,0.9888)",0.3654755,0.1274759,0.0162501,0.4501,0.6758,0.3811,0.0739,0.2996
MOD13Q1_061__250m_16_days_NDVI_doy2017225000000_aid0004,_250m_16_days_NDVI,aid0004,2017-08-13,1295831.0,-0.2,0.918,"(-0.2,0.918)",0.3432288,0.1253805,0.0157203,0.4188,0.6268,0.3508,0.0721,0.2801
MOD13Q1_061__250m_16_days_NDVI_doy2017241000000_aid0004,_250m_16_days_NDVI,aid0004,2017-08-29,1282608.0,-0.2,0.9174,"(-0.2,0.9174)",0.3533712,0.1255349,0.015759,0.4279,0.6446,0.3527,0.0667,0.2834
MOD13Q1_061__250m_16_days_NDVI_doy2017257000000_aid0004,_250m_16_days_NDVI,aid0004,2017-09-14,1286106.0,-0.2,0.9161,"(-0.2,0.9161)",0.3507517,0.1263305,0.0159594,0.4234,0.6359,0.3497,0.0692,0.2817
MOD13Q1_061__250m_16_days_NDVI_doy2017273000000_aid0004,_250m_16_days_NDVI,aid0004,2017-09-30,1308379.0,-0.2,0.8975,"(-0.2,0.8975)",0.3766619,0.1510323,0.0228108,0.4688,0.7365,0.3839,0.0226,0.2903
MOD13Q1_061__250m_16_days_NDVI_doy2017289000000_aid0004,_250m_16_days_NDVI,aid0004,2017-10-16,1307984.0,-0.2,0.9117,"(-0.2,0.9117)",0.3899265,0.1644995,0.0270601,0.4924,0.7882,0.3989,-0.0006,0.2952
MOD13Q1_061__250m_16_days_NDVI_doy2017305000000_aid0004,_250m_16_days_NDVI,aid0004,2017-11-01,1287429.0,-0.2,0.9828,"(-0.2,0.9828)",0.4149752,0.1614147,0.0260547,0.5195,0.8148,0.4291,0.0273,0.3226
MOD13Q1_061__250m_16_days_NDVI_doy2017321000000_aid0004,_250m_16_days_NDVI,aid0004,2017-11-17,1290115.0,-0.2,0.9898,"(-0.2,0.9898)",0.3970956,0.1544176,0.0238448,0.5013,0.8095,0.411,-0.0124,0.2958
MOD13Q1_061__250m_16_days_NDVI_doy2017337000000_aid0004,_250m_16_days_NDVI,aid0004,2017-12-03,1292889.0,-0.2,0.9927,"(-0.2,0.9927)",0.4204349,0.1674161,0.0280282,0.5394,0.8859,0.4455,-0.0383,0.3083
MOD13Q1_061__250m_16_days_NDVI_doy2017353000000_aid0004,_250m_16_days_NDVI,aid0004,2017-12-19,1302332.0,-0.2,0.9987,"(-0.2,0.9987)",0.4338877,0.1662773,0.0276481,0.5475,0.8698,0.4535,0.0103,0.3326
MOD13Q1_061__250m_16_days_NDVI_doy2018001000000_aid0004,_250m_16_days_NDVI,aid0004,2018-01-01,1303147.0,-0.2,0.9978,"(-0.2,0.9978)",0.4604876,0.1640654,0.0269175,0.5715,0.8671,0.4836,0.0788,0.3744
MOD13Q1_061__250m_16_days_NDVI_doy2018017000000_aid0004,_250m_16_days_NDVI,aid0004,2018-01-17,1305725.0,-0.2,0.9957,"(-0.2,0.9957)",0.5090675,0.1923688,0.0370058,0.632,0.9291,0.5375,0.1368,0.4339
MOD13Q1_061__250m_16_days_NDVI_doy2018033000000_aid0004,_250m_16_days_NDVI,aid0004,2018-02-02,1295315.0,-0.2,0.9964,"(-0.2,0.9964)",0.5340526,0.1987659,0.0395079,0.6665,0.9964,0.5577,0.1165,0.4465
MOD13Q1_061__250m_16_days_NDVI_doy2018049000000_aid0004,_250m_16_days_NDVI,aid0004,2018-02-18,1292551.0,-0.2,0.9976,"(-0.2,0.9976)",0.5127548,0.1915158,0.0366783,0.6363,0.9496,0.5258,0.0991,0.4214
MOD13Q1_061__250m_16_days_NDVI_doy2018065000000_aid0004,_250m_16_days_NDVI,aid0004,2018-03-06,1299362.0,-0.2,0.9443,"(-0.2,0.9443)",0.5148862,0.1877331,0.0352437,0.636,0.9443,0.5414,0.121,0.43
MOD13Q1_061__250m_16_days_NDVI_doy2018081000000_aid0004,_250m_16_days_NDVI,aid0004,2018-03-22,1303010.0,-0.2,0.9707,"(-0.2,0.9707)",0.4602983,0.1655032,0.0273913,0.5692,0.8309,0.4885,0.133,0.3947
MOD13Q1_061__250m_16_days_NDVI_doy2018097000000_aid0004,_250m_16_days_NDVI,aid0004,2018-04-07,1344127.0,-0.2,0.9974,"(-0.2,0.9974)",0.4490926,0.1913519,0.0366155,0.5827,0.934,0.4984,-0.0068,0.3469
MOD13Q1_061__250m_16_days_NDVI_doy2018113000000_aid0004,_250m_16_days_NDVI,aid0004,2018-04-23,1360275.0,-0.2,0.9979,"(-0.2,0.9979)",0.4614059,0.2067997,0.0427661,0.6144,0.9979,0.5282,-0.0856,0.3344
MOD13Q1_061__250m_16_days_NDVI_doy2018129000000_aid0004,_250m_16_days_NDVI,aid0004,2018-05-09,1305511.0,-0.2,0.9384,"(-0.2,0.9384)",0.5222317,0.1735375,0.0301153,0.6477,0.9384,0.5651,0.0845,0.4224
MOD13Q1_061__250m_16_days_NDVI_doy2018145000000_aid0004,_250m_16_days_NDVI,aid0004,2018-05-25,1323041.0,-0.2,0.9621,"(-0.2,0.9621)",0.4773303,0.1881952,0.0354174,0.612,0.9621,0.5306,0.0103,0.3713
MOD13Q1_061__250m_16_days_NDVI_doy2018161000000_aid0004,_250m_16_days_NDVI,aid0004,2018-06-10,1297711.0,-0.2,0.8901,"(-0.2,0.8901)",0.4320708,0.1594236,0.0254159,0.5483,0.874,0.4641,0.0033,0.3303
MOD13Q1_061__250m_16_days_NDVI_doy2018177000000_aid0004,_250m_16_days_NDVI,aid0004,2018-06-26,1334248.0,-0.2,0.9986,"(-0.2,0.9986)",0.391708,0.1559097,0.0243078,0.4979,0.7847,0.4171,0.0199,0.3067
MOD13Q1_061__250m_16_days_NDVI_doy2018193000000_aid0004,_250m_16_days_NDVI,aid0004,2018-07-12,1311847.0,-0.2,0.9136,"(-0.2,0.9136)",0.3929267,0.1477935,0.0218429,0.4903,0.751,0.4147,0.0558,0.3165
MOD13Q1_061__250m_16_days_NDVI_doy2018209000000_aid0004,_250m_16_days_NDVI,aid0004,2018-07-28,1308079.0,-0.2,0.9246,"(-0.2,0.9246)",0.3652328,0.1380941,0.01907,0.4495,0.6787,0.378,0.0675,0.2967
MOD13Q1_061__250m_16_days_NDVI_doy2018225000000_aid0004,_250m_16_days_NDVI,aid0004,2018-08-13,1300762.0,-0.2,0.9461,"(-0.2,0.9461)",0.3507685,0.1263117,0.0159546,0.4231,0.6253,0.3565,0.0861,0.2883
MOD13Q1_061__250m_16_days_NDVI_doy2018241000000_aid0004,_250m_16_days_NDVI,aid0004,2018-08-29,1298931.0,-0.2,0.9397,"(-0.2,0.9397)",0.3576029,0.1268777,0.016098,0.4251,0.6289,0.3591,0.0854,0.2892
MOD13Q1_061__250m_16_days_NDVI_doy2018257000000_aid0004,_250m_16_days_NDVI,aid0004,2018-09-14,1305335.0,-0.2,0.9467,"(-0.2,0.9467)",0.3865684,0.1373572,0.018867,0.4652,0.6984,0.3957,0.0765,0.3097
MOD13Q1_061__250m_16_days_NDVI_doy2018273000000_aid0004,_250m_16_days_NDVI,aid0004,2018-09-30,1319445.0,-0.2,0.9284,"(-0.2,0.9284)",0.3956202,0.1670458,0.0279043,0.5039,0.8055,0.4129,0.0012,0.3028
MOD13Q1_061__250m_16_days_NDVI_doy2018289000000_aid0004,_250m_16_days_NDVI,aid0004,2018-10-16,1325239.0,-0.2,0.9992,"(-0.2,0.9992)",0.4046078,0.1726731,0.029816,0.5216,0.8598,0.4217,-0.0421,0.2961
MOD13Q1_061__250m_16_days_NDVI_doy2018305000000_aid0004,_250m_16_days_NDVI,aid0004,2018-11-01,1322114.0,-0.2,0.9983,"(-0.2,0.9983)",0.4660351,0.1999104,0.0399642,0.611,0.9983,0.5086,-0.1032,0.3253
MOD13Q1_061__250m_16_days_NDVI_doy2018321000000_aid0004,_250m_16_days_NDVI,aid0004,2018-11-17,1308568.0,-0.2,0.998,"(-0.2,0.998)",0.4685766,0.1852549,0.0343194,0.6017,0.998,0.5085,-0.063,0.3358
MOD13Q1_061__250m_16_days_NDVI_doy2018337000000_aid0004,_250m_16_days_NDVI,aid0004,2018-12-03,1305177.0,-0.2,0.978,"(-0.2,0.978)",0.4354433,0.1673104,0.0279928,0.5491,0.8828,0.4635,-0.0076,0.3264
MOD13Q1_061__250m_16_days_NDVI_doy2018353000000_aid0004,_250m_16_days_NDVI,aid0004,2018-12-19,1305991.0,-0.2,0.9957,"(-0.2,0.9957)",0.4568665,0.1714649,0.0294002,0.5769,0.9195,0.4867,0.0059,0.3485
MOD13Q1_061__250m_16_days_NDVI_doy2019001000000_aid0004,_250m_16_days_NDVI,aid0004,2019-01-01,1320700.0,-0.2,0.9974,"(-0.2,0.9974)",0.5431813,0.1922917,0.0369761,0.672825,0.9898,0.592,0.1423,0.4606
MOD13Q1_061__250m_16_days_NDVI_doy2019017000000_aid0004,_250m_16_days_NDVI,aid0004,2019-01-17,1326037.0,-0.2,0.9987,"(-0.2,0.9987)",0.5677521,0.209769,0.044003,0.693,0.954,0.6204,0.2565,0.5184
MOD13Q1_061__250m_16_days_NDVI_doy2019033000000_aid0004,_250m_16_days_NDVI,aid0004,2019-02-02,1296818.0,-0.2,0.9921,"(-0.2,0.9921)",0.6421894,0.195466,0.038207,0.7542,0.9823,0.6858,0.3717,0.6012
MOD13Q1_061__250m_16_days_NDVI_doy2019049000000_aid0004,_250m_16_days_NDVI,aid0004,2019-02-18,1335774.0,-0.2,0.9919,"(-0.2,0.9919)",0.5873338,0.2378228,0.0565597,0.7213,0.9806,0.6386,0.2871,0.5476
MOD13Q1_061__250m_16_days_NDVI_doy2019065000000_aid0004,_250m_16_days_NDVI,aid0004,2019-03-06,1308641.0,-0.2,0.9985,"(-0.2,0.9985)",0.6239775,0.2015687,0.0406299,0.7389,0.9827,0.6601,0.3319,0.5761
MOD13Q1_061__250m_16_days_NDVI_doy2019081000000_aid0004,_250m_16_days_NDVI,aid0004,2019-03-22,1300765.0,-0.2,0.9914,"(-0.2,0.9914)",0.6180629,0.1830676,0.0335137,0.7185,0.9354,0.6532,0.357,0.5739
MOD13Q1_061__250m_16_days_NDVI_doy2019097000000_aid0004,_250m_16_days_NDVI,aid0004,2019-04-07,1302316.0,-0.2,0.9878,"(-0.2,0.9878)",0.5642166,0.191475,0.0366627,0.6797,0.9266,0.612,0.268,0.515
MOD13Q1_061__250m_16_days_NDVI_doy2019113000000_aid0004,_250m_16_days_NDVI,aid0004,2019-04-23,1331212.0,-0.2,0.9449,"(-0.2,0.9449)",0.5341184,0.1980829,0.0392368,0.6588,0.9355,0.5971,0.1913,0.4718
MOD13Q1_061__250m_16_days_NDVI_doy2019129000000_aid0004,_250m_16_days_NDVI,aid0004,2019-05-09,1328321.0,-0.2,0.9221,"(-0.2,0.9221)",0.5238427,0.1919226,0.0368343,0.65,0.9221,0.5876,0.151,0.4504
MOD13Q1_061__250m_16_days_NDVI_doy2019145000000_aid0004,_250m_16_days_NDVI,aid0004,2019-05-25,1322879.0,-0.2,0.9941,"(-0.2,0.9941)",0.47983,0.1873373,0.0350953,0.6074,0.9151,0.5318,0.0924,0.4014
MOD13Q1_061__250m_16_days_NDVI_doy2019161000000_aid0004,_250m_16_days_NDVI,aid0004,2019-06-10,1342745.0,-0.2,0.9764,"(-0.2,0.9764)",0.458573,0.1824501,0.033288,0.578,0.8571,0.507,0.1128,0.3919
MOD13Q1_061__250m_16_days_NDVI_doy2019177000000_aid0004,_250m_16_days_NDVI,aid0004,2019-06-26,1306196.0,-0.2,0.9885,"(-0.2,0.9885)",0.4407783,0.1643118,0.0269984,0.5481,0.8023,0.4755,0.1244,0.3786
MOD13Q1_061__250m_16_days_NDVI_doy2019193000000_aid0004,_250m_16_days_NDVI,aid0004,2019-07-12,1330852.0,-0.2,0.938,"(-0.2,0.938)",0.41356,0.1565646,0.0245125,0.5087,0.7322,0.4385,0.1362,0.3597
MOD13Q1_061__250m_16_days_NDVI_doy2019209000000_aid0004,_250m_16_days_NDVI,aid0004,2019-07-28,1294563.0,-0.2,0.9382,"(-0.2,0.9382)",0.4197518,0.144015,0.0207403,0.5005,0.7234,0.4328,0.129,0.3519
MOD13Q1_061__250m_16_days_NDVI_doy2019225000000_aid0004,_250m_16_days_NDVI,aid0004,2019-08-13,1326980.0,-0.2,0.9603,"(-0.2,0.9603)",0.3677377,0.1636974,0.0267969,0.4534,0.6664,0.3863,0.0984,0.3114
MOD13Q1_061__250m_16_days_NDVI_doy2019241000000_aid0004,_250m_16_days_NDVI,aid0004,2019-08-29,1305040.0,-0.2,0.9872,"(-0.2,0.9872)",0.3790747,0.1527826,0.0233425,0.4546,0.6655,0.3869,0.1031,0.314
MOD13Q1_061__250m_16_days_NDVI_doy2019257000000_aid0004,_250m_16_days_NDVI,aid0004,2019-09-14,1288564.0,-0.2,0.9538,"(-0.2,0.9538)",0.3843334,0.145254,0.0210987,0.4546,0.6686,0.3838,0.0979,0.3119
MOD13Q1_061__250m_16_days_NDVI_doy2019273000000_aid0004,_250m_16_days_NDVI,aid0004,2019-09-30,1325602.0,-0.2,0.9259,"(-0.2,0.9259)",0.3661185,0.1663021,0.0276564,0.4614,0.7233,0.3748,0.0249,0.2868
MOD13Q1_061__250m_16_days_NDVI_doy2019289000000_aid0004,_250m_16_days_NDVI,aid0004,2019-10-16,1295116.0,-0.2,0.9908,"(-0.2,0.9908)",0.3995846,0.1556763,0.0242351,0.5012,0.7932,0.4078,0.0145,0.3065
MOD13Q1_061__250m_16_days_NDVI_doy2019305000000_aid0004,_250m_16_days_NDVI,aid0004,2019-11-01,1310625.0,-0.2,0.9804,"(-0.2,0.9804)",0.4379174,0.180972,0.0327508,0.5641,0.9217,0.457,-0.0536,0.317
MOD13Q1_061__250m_16_days_NDVI_doy2019321000000_aid0004,_250m_16_days_NDVI,aid0004,2019-11-17,1306181.0,-0.2,0.9659,"(-0.2,0.9659)",0.4546354,0.1872132,0.0350488,0.5897,0.9659,0.4833,-0.0828,0.3207
MOD13Q1_061__250m_16_days_NDVI_doy2019337000000_aid0004,_250m_16_days_NDVI,aid0004,2019-12-03,1296073.0,-0.2,0.9656,"(-0.2,0.9656)",0.4953104,0.1889823,0.0357143,0.6421,0.9656,0.5367,-0.0751,0.3552
MOD13Q1_061__250m_16_days_NDVI_doy2019353000000_aid0004,_250m_16_days_NDVI,aid0004,2019-12-19,1300326.0,-0.2,0.995,"(-0.2,0.995)",0.4782571,0.1820226,0.0331322,0.607,0.9696,0.5181,0.0018,0.3649
MOD13Q1_061__250m_16_days_NDVI_doy2020001000000_aid0004,_250m_16_days_NDVI,aid0004,2020-01-01,1335495.0,-0.2,0.9954,"(-0.2,0.9954)",0.4687171,0.1908135,0.0364098,0.6063,0.9505,0.5118,0.0191,0.3714
MOD13Q1_061__250m_16_days_NDVI_doy2020017000000_aid0004,_250m_16_days_NDVI,aid0004,2020-01-17,1318882.0,-0.2,0.9918,"(-0.2,0.9918)",0.530649,0.2027545,0.0411094,0.6499,0.9191,0.5664,0.2012,0.4704
MOD13Q1_061__250m_16_days_NDVI_doy2020033000000_aid0004,_250m_16_days_NDVI,aid0004,2020-02-02,1307148.0,-0.2,0.992,"(-0.2,0.992)",0.5865665,0.1990974,0.0396398,0.704,0.9696,0.6217,0.2465,0.521
MOD13Q1_061__250m_16_days_NDVI_doy2020049000000_aid0004,_250m_16_days_NDVI,aid0004,2020-02-18,1317924.0,-0.2,0.9622,"(-0.2,0.9622)",0.6010125,0.2261776,0.0511563,0.727,0.9622,0.646,0.286,0.5506
MOD13Q1_061__250m_16_days_NDVI_doy2020065000000_aid0004,_250m_16_days_NDVI,aid0004,2020-03-05,1326618.0,-0.2,0.9981,"(-0.2,0.9981)",0.5611497,0.2106636,0.0443792,0.6779,0.9299,0.5995,0.2579,0.5099
MOD13Q1_061__250m_16_days_NDVI_doy2020081000000_aid0004,_250m_16_days_NDVI,aid0004,2020-03-21,1292570.0,-0.2,0.9856,"(-0.2,0.9856)",0.5884514,0.176065,0.0309989,0.6912,0.9253,0.623,0.301,0.5351
MOD13Q1_061__250m_16_days_NDVI_doy2020097000000_aid0004,_250m_16_days_NDVI,aid0004,2020-04-06,1293359.0,-0.2,0.9244,"(-0.2,0.9244)",0.5369263,0.1682906,0.0283217,0.6451,0.8954,0.5773,0.2279,0.4782
MOD13Q1_061__250m_16_days_NDVI_doy2020113000000_aid0004,_250m_16_days_NDVI,aid0004,2020-04-22,1327220.0,-0.2,0.9534,"(-0.2,0.9534)",0.480276,0.1865813,0.0348126,0.6066,0.9074,0.537,0.0704,0.3921
MOD13Q1_061__250m_16_days_NDVI_doy2020129000000_aid0004,_250m_16_days_NDVI,aid0004,2020-05-08,1300699.0,-0.2,0.9232,"(-0.2,0.9232)",0.4522382,0.1663696,0.0276788,0.5714,0.8822,0.4938,0.0429,0.36
MOD13Q1_061__250m_16_days_NDVI_doy2020145000000_aid0004,_250m_16_days_NDVI,aid0004,2020-05-24,1300741.0,-0.2,0.9333,"(-0.2,0.9333)",0.4264268,0.1475648,0.0217754,0.5334,0.836,0.4524,0.0289,0.3316
MOD13Q1_061__250m_16_days_NDVI_doy2020161000000_aid0004,_250m_16_days_NDVI,aid0004,2020-06-09,1299041.0,-0.2,0.9734,"(-0.2,0.9734)",0.4027312,0.1386292,0.0192181,0.5031,0.7876,0.4237,0.0289,0.3134
MOD13Q1_061__250m_16_days_NDVI_doy2020177000000_aid0004,_250m_16_days_NDVI,aid0004,2020-06-25,1303852.0,-0.2,0.9821,"(-0.2,0.9821)",0.3822845,0.1401844,0.0196517,0.4801,0.7505,0.3997,0.0294,0.2998
MOD13Q1_061__250m_16_days_NDVI_doy2020193000000_aid0004,_250m_16_days_NDVI,aid0004,2020-07-11,1336841.0,-0.2,0.9721,"(-0.2,0.9721)",0.3489186,0.1422268,0.0202285,0.4429,0.6929,0.3656,0.0262,0.2762
MOD13Q1_061__250m_16_days_NDVI_doy2020209000000_aid0004,_250m_16_days_NDVI,aid0004,2020-07-27,1305310.0,-0.2,0.9299,"(-0.2,0.9299)",0.3291162,0.1191566,0.0141983,0.4031,0.6078,0.334,0.0619,0.2666
MOD13Q1_061__250m_16_days_NDVI_doy2020225000000_aid0004,_250m_16_days_NDVI,aid0004,2020-08-12,1304126.0,-0.2,0.9377,"(-0.2,0.9377)",0.3170656,0.1139368,0.0129816,0.3841,0.575,0.3198,0.0659,0.2568
MOD13Q1_061__250m_16_days_NDVI_doy2020241000000_aid0004,_250m_16_days_NDVI,aid0004,2020-08-28,1364013.0,-0.2,0.9254,"(-0.2,0.9254)",0.3021045,0.1379962,0.019043,0.3802,0.58,0.3164,0.0472,0.247
MOD13Q1_061__250m_16_days_NDVI_doy2020257000000_aid0004,_250m_16_days_NDVI,aid0004,2020-09-13,1317728.0,-0.2,0.9699,"(-0.2,0.9699)",0.2939218,0.1164327,0.0135566,0.356,0.5286,0.2971,0.0683,0.2409
MOD13Q1_061__250m_16_days_NDVI_doy2020273000000_aid0004,_250m_16_days_NDVI,aid0004,2020-09-29,1304874.0,-0.2,0.9275,"(-0.2,0.9275)",0.2950358,0.1014416,0.0102904,0.354,0.5257,0.2947,0.0678,0.2395
MOD13Q1_061__250m_16_days_NDVI_doy2020289000000_aid0004,_250m_16_days_NDVI,aid0004,2020-10-15,1313396.0,-0.2,0.9408,"(-0.2,0.9408)",0.3202395,0.1134948,0.0128811,0.3907,0.5953,0.3218,0.0497,0.2543
MOD13Q1_061__250m_16_days_NDVI_doy2020305000000_aid0004,_250m_16_days_NDVI,aid0004,2020-10-31,1316142.0,-0.2,0.9976,"(-0.2,0.9976)",0.3287442,0.1290302,0.0166488,0.4159,0.6707,0.332,-0.0088,0.246
MOD13Q1_061__250m_16_days_NDVI_doy2020321000000_aid0004,_250m_16_days_NDVI,aid0004,2020-11-16,1313835.0,-0.2,0.9945,"(-0.2,0.9945)",0.3679758,0.1468009,0.0215505,0.4664,0.7632,0.3732,-0.0283,0.2685
MOD13Q1_061__250m_16_days_NDVI_doy2020337000000_aid0004,_250m_16_days_NDVI,aid0004,2020-12-02,1309336.0,-0.2,0.9918,"(-0.2,0.9918)",0.3995912,0.1605641,0.0257808,0.5099,0.8532,0.4126,-0.0623,0.281
MOD13Q1_061__250m_16_days_NDVI_doy2020353000000_aid0004,_250m_16_days_NDVI,aid0004,2020-12-18,1311728.0,-0.2,0.9884,"(-0.2,0.9884)",0.4058055,0.1550367,0.0240364,0.5139,0.8386,0.4234,-0.0278,0.2972
MOD13Q1_061__250m_16_days_NDVI_doy2021001000000_aid0004,_250m_16_days_NDVI,aid0004,2021-01-01,1307720.0,-0.2,0.9968,"(-0.2,0.9968)",0.4657013,0.1662102,0.0276258,0.5829,0.9207,0.4911,0.0199,0.3577
MOD13Q1_061__250m_16_days_NDVI_doy2021017000000_aid0004,_250m_16_days_NDVI,aid0004,2021-01-17,1325511.0,-0.2,0.9943,"(-0.2,0.9943)",0.5422298,0.1925633,0.0370806,0.6732,0.9795,0.5893,0.1572,0.4668
MOD13Q1_061__250m_16_days_NDVI_doy2021033000000_aid0004,_250m_16_days_NDVI,aid0004,2021-02-02,1309943.0,-0.2,0.9879,"(-0.2,0.9879)",0.6005314,0.2039631,0.041601,0.7347,0.9879,0.6349,0.2177,0.5279
MOD13Q1_061__250m_16_days_NDVI_doy2021049000000_aid0004,_250m_16_days_NDVI,aid0004,2021-02-18,1310086.0,-0.2,0.9991,"(-0.2,0.9991)",0.5947303,0.2007944,0.0403184,0.7202,0.9991,0.6139,0.199,0.5117
MOD13Q1_061__250m_16_days_NDVI_doy2021065000000_aid0004,_250m_16_days_NDVI,aid0004,2021-03-06,1363320.0,-0.2,0.9923,"(-0.2,0.9923)",0.5494181,0.2355118,0.0554658,0.695,0.9923,0.5926,0.136,0.4714
MOD13Q1_061__250m_16_days_NDVI_doy2021081000000_aid0004,_250m_16_days_NDVI,aid0004,2021-03-22,1310024.0,-0.2,0.9992,"(-0.2,0.9992)",0.6016494,0.1977778,0.0391161,0.7164,0.9677,0.6384,0.2957,0.5481
MOD13Q1_061__250m_16_days_NDVI_doy2021097000000_aid0004,_250m_16_days_NDVI,aid0004,2021-04-07,1307655.0,-0.2,0.9954,"(-0.2,0.9954)",0.5783673,0.186011,0.0346001,0.6968,0.9537,0.6227,0.2671,0.5249
MOD13Q1_061__250m_16_days_NDVI_doy2021113000000_aid0004,_250m_16_days_NDVI,aid0004,2021-04-23,1328581.0,-0.2,0.9879,"(-0.2,0.9879)",0.5147441,0.1861,0.0346332,0.6403,0.9325,0.5648,0.1431,0.4414
MOD13Q1_061__250m_16_days_NDVI_doy2021129000000_aid0004,_250m_16_days_NDVI,aid0004,2021-05-09,1305476.0,-0.2,0.9906,"(-0.2,0.9906)",0.4883296,0.1737891,0.0302027,0.6103,0.9139,0.5369,0.0846,0.4
MOD13Q1_061__250m_16_days_NDVI_doy2021145000000_aid0004,_250m_16_days_NDVI,aid0004,2021-05-25,1339378.0,-0.2,0.9798,"(-0.2,0.9798)",0.4190666,0.1810493,0.0327788,0.5464,0.8777,0.4669,-0.0058,0.3255
MOD13Q1_061__250m_16_days_NDVI_doy2021161000000_aid0004,_250m_16_days_NDVI,aid0004,2021-06-10,1308144.0,-0.2,0.9365,"(-0.2,0.9365)",0.4221738,0.149675,0.0224026,0.5281,0.82,0.4556,0.0416,0.3335
MOD13Q1_061__250m_16_days_NDVI_doy2021177000000_aid0004,_250m_16_days_NDVI,aid0004,2021-06-26,1309959.0,-0.2,0.9494,"(-0.2,0.9494)",0.3894305,0.1412881,0.0199623,0.4882,0.7518,0.4145,0.0487,0.3124
MOD13Q1_061__250m_16_days_NDVI_doy2021193000000_aid0004,_250m_16_days_NDVI,aid0004,2021-07-12,1307829.0,-0.2,0.9705,"(-0.2,0.9705)",0.3483361,0.1205145,0.0145237,0.4252,0.6374,0.3625,0.0715,0.2837
MOD13Q1_061__250m_16_days_NDVI_doy2021209000000_aid0004,_250m_16_days_NDVI,aid0004,2021-07-28,1306493.0,-0.2,0.9319,"(-0.2,0.9319)",0.3307628,0.1157415,0.0133961,0.4021,0.6029,0.3412,0.0674,0.2682
MOD13Q1_061__250m_16_days_NDVI_doy2021225000000_aid0004,_250m_16_days_NDVI,aid0004,2021-08-13,1307306.0,-0.2,0.9258,"(-0.2,0.9258)",0.3116534,0.1068973,0.011427,0.3731,0.5522,0.3181,0.0746,0.2537
MOD13Q1_061__250m_16_days_NDVI_doy2021241000000_aid0004,_250m_16_days_NDVI,aid0004,2021-08-29,1311379.0,-0.2,0.9535,"(-0.2,0.9535)",0.3273871,0.12003,0.0144072,0.3895,0.5816,0.3319,0.0693,0.2614
MOD13Q1_061__250m_16_days_NDVI_doy2021257000000_aid0004,_250m_16_days_NDVI,aid0004,2021-09-14,1309464.0,-0.2,0.9475,"(-0.2,0.9475)",0.3235935,0.118639,0.0140752,0.3852,0.5752,0.3272,0.0685,0.2585
MOD13Q1_061__250m_16_days_NDVI_doy2021273000000_aid0004,_250m_16_days_NDVI,aid0004,2021-09-30,1312375.0,-0.2,0.9251,"(-0.2,0.9251)",0.3181275,0.1158913,0.0134308,0.3851,0.5885,0.3227,0.0461,0.2495
MOD13Q1_061__250m_16_days_NDVI_doy2021289000000_aid0004,_250m_16_days_NDVI,aid0004,2021-10-16,1315314.0,-0.2,0.9688,"(-0.2,0.9688)",0.3122822,0.1131901,0.012812,0.3817,0.5896,0.317,0.0352,0.2431
MOD13Q1_061__250m_16_days_NDVI_doy2021305000000_aid0004,_250m_16_days_NDVI,aid0004,2021-11-01,1308929.0,-0.2,0.981,"(-0.2,0.981)",0.3821193,0.1426213,0.0203408,0.483,0.7958,0.4005,-0.0385,0.2744
MOD13Q1_061__250m_16_days_NDVI_doy2021321000000_aid0004,_250m_16_days_NDVI,aid0004,2021-11-17,1309130.0,-0.2,0.9584,"(-0.2,0.9584)",0.4484686,0.1780528,0.0317028,0.5939,0.9584,0.4878,-0.1662,0.2898
MOD13Q1_061__250m_16_days_NDVI_doy2021337000000_aid0004,_250m_16_days_NDVI,aid0004,2021-12-03,1320728.0,-0.2,0.9957,"(-0.2,0.9957)",0.475421,0.1961444,0.0384726,0.6268,0.9957,0.5233,-0.1699,0.3081
MOD13Q1_061__250m_16_days_NDVI_doy2021353000000_aid0004,_250m_16_days_NDVI,aid0004,2021-12-19,1332689.0,-0.2,0.9869,"(-0.2,0.9869)",0.4421541,0.1857053,0.0344865,0.5798,0.9844,0.4818,-0.0957,0.3096
MOD13Q1_061__250m_16_days_NDVI_doy2022001000000_aid0004,_250m_16_days_NDVI,aid0004,2022-01-01,1322845.0,-0.2,0.9881,"(-0.2,0.9881)",0.4304764,0.1604626,0.0257483,0.5456,0.872,0.4671,0.0016,0.328
MOD13Q1_061__250m_16_days_NDVI_doy2022017000000_aid0004,_250m_16_days_NDVI,aid0004,2022-01-17,1327412.0,-0.2,0.9826,"(-0.2,0.9826)",0.508004,0.1926086,0.0370981,0.6454,0.9826,0.5532,0.0597,0.4111
MOD13Q1_061__250m_16_days_NDVI_doy2022033000000_aid0004,_250m_16_days_NDVI,aid0004,2022-02-02,1329449.0,-0.2,0.9928,"(-0.2,0.9928)",0.5661744,0.20687,0.0427952,0.7056,0.9928,0.6212,0.1304,0.4755
MOD13Q1_061__250m_16_days_NDVI_doy2022049000000_aid0004,_250m_16_days_NDVI,aid0004,2022-02-18,1326041.0,-0.2,0.9976,"(-0.2,0.9976)",0.5865732,0.203301,0.0413313,0.7194,0.9976,0.6335,0.1912,0.5081
MOD13Q1_061__250m_16_days_NDVI_doy2022065000000_aid0004,_250m_16_days_NDVI,aid0004,2022-03-06,1321673.0,-0.2,0.9943,"(-0.2,0.9943)",0.6390358,0.2007123,0.0402854,0.7564,0.9943,0.6875,0.3519,0.5946
MOD13Q1_061__250m_16_days_NDVI_doy2022081000000_aid0004,_250m_16_days_NDVI,aid0004,2022-03-22,1320446.0,-0.2,0.9676,"(-0.2,0.9676)",0.5941213,0.2117565,0.0448408,0.7209,0.9676,0.6396,0.2947,0.5504
MOD13Q1_061__250m_16_days_NDVI_doy2022097000000_aid0004,_250m_16_days_NDVI,aid0004,2022-04-07,1322052.0,-0.2,0.9934,"(-0.2,0.9934)",0.5623839,0.1930696,0.0372759,0.6798,0.9397,0.6018,0.2463,0.5064
MOD13Q1_061__250m_16_days_NDVI_doy2022113000000_aid0004,_250m_16_days_NDVI,aid0004,2022-04-23,1321563.0,-0.2,0.9509,"(-0.2,0.9509)",0.4863049,0.1751817,0.0306886,0.5986,0.8732,0.5258,0.1409,0.4155
MOD13Q1_061__250m_16_days_NDVI_doy2022129000000_aid0004,_250m_16_days_NDVI,aid0004,2022-05-09,1322448.0,-0.2,0.9856,"(-0.2,0.9856)",0.4501167,0.1646596,0.0271128,0.5632,0.8515,0.4845,0.0827,0.371
MOD13Q1_061__250m_16_days_NDVI_doy2022145000000_aid0004,_250m_16_days_NDVI,aid0004,2022-05-25,1365532.0,-0.2,0.9696,"(-0.2,0.9696)",0.3709065,0.1528255,0.0233556,0.4764,0.7359,0.4002,0.0439,0.3034
MOD13Q1_061__250m_16_days_NDVI_doy2022161000000_aid0004,_250m_16_days_NDVI,aid0004,2022-06-10,1323683.0,-0.2,0.9724,"(-0.2,0.9724)",0.3755145,0.1391651,0.0193669,0.4742,0.7328,0.3934,0.0432,0.3018
MOD13Q1_061__250m_16_days_NDVI_doy2022177000000_aid0004,_250m_16_days_NDVI,aid0004,2022-06-26,1323749.0,-0.2,0.8915,"(-0.2,0.8915)",0.3681693,0.1276864,0.0163038,0.4585,0.7075,0.3804,0.0433,0.2924
MOD13Q1_061__250m_16_days_NDVI_doy2022193000000_aid0004,_250m_16_days_NDVI,aid0004,2022-07-12,1322278.0,-0.2,0.8822,"(-0.2,0.8822)",0.3353223,0.1146547,0.0131457,0.4125,0.6283,0.3403,0.0528,0.2686
MOD13Q1_061__250m_16_days_NDVI_doy2022209000000_aid0004,_250m_16_days_NDVI,aid0004,2022-07-28,1322700.0,-0.2,0.9396,"(-0.2,0.9396)",0.3364636,0.1155364,0.0133487,0.4119,0.6342,0.3378,0.0414,0.2637
MOD13Q1_061__250m_16_days_NDVI_doy2022225000000_aid0004,_250m_16_days_NDVI,aid0004,2022-08-13,1323279.0,-0.2,0.9259,"(-0.2,0.9259)",0.3066845,0.1133651,0.0128517,0.3775,0.5857,0.3113,0.0305,0.2387
MOD13Q1_061__250m_16_days_NDVI_doy2022241000000_aid0004,_250m_16_days_NDVI,aid0004,2022-08-29,1322898.0,-0.2,0.8996,"(-0.2,0.8996)",0.2994316,0.1022095,0.0104468,0.362,0.548,0.302,0.052,0.238
MOD13Q1_061__250m_16_days_NDVI_doy2022257000000_aid0004,_250m_16_days_NDVI,aid0004,2022-09-14,1324878.0,-0.2,0.9322,"(-0.2,0.9322)",0.2954691,0.1010226,0.0102056,0.3556,0.5356,0.2956,0.0556,0.2356
MOD13Q1_061__250m_16_days_NDVI_doy2022273000000_aid0004,_250m_16_days_NDVI,aid0004,2022-09-30,1329508.0,-0.2,0.9208,"(-0.2,0.9208)",0.2894134,0.1026454,0.0105361,0.3489,0.526,0.2923,0.0537,0.2308
MOD13Q1_061__250m_16_days_NDVI_doy2022289000000_aid0004,_250m_16_days_NDVI,aid0004,2022-10-16,1324568.0,-0.2,0.9877,"(-0.2,0.9877)",0.2918319,0.109409,0.0119703,0.3608,0.5645,0.2963,0.0213,0.225
MOD13Q1_061__250m_16_days_NDVI_doy2022305000000_aid0004,_250m_16_days_NDVI,aid0004,2022-11-01,1327691.0,-0.2,0.9508,"(-0.2,0.9508)",0.3155924,0.1110234,0.0123262,0.3884,0.611,0.3181,0.0174,0.24
MOD13Q1_061__250m_16_days_NDVI_doy2022321000000_aid0004,_250m_16_days_NDVI,aid0004,2022-11-17,1331538.0,-0.2,0.9668,"(-0.2,0.9668)",0.3237609,0.1308035,0.0171095,0.4146,0.6871,0.3265,-0.0396,0.2329
MOD13Q1_061__250m_16_days_NDVI_doy2022337000000_aid0004,_250m_16_days_NDVI,aid0004,2022-12-03,1340659.0,-0.2,0.9057,"(-0.2,0.9057)",0.3445667,0.1415933,0.0200487,0.4476,0.7561,0.3486,-0.0666,0.2419
MOD13Q1_061__250m_16_days_NDVI_doy2022353000000_aid0004,_250m_16_days_NDVI,aid0004,2022-12-19,1338565.0,-0.2,0.9957,"(-0.2,0.9957)",0.3814114,0.160881,0.0258827,0.4977,0.8514,0.3949,-0.093,0.2614
MOD13Q1_061__250m_16_days_NDVI_doy2023001000000_aid0004,_250m_16_days_NDVI,aid0004,2023-01-01,1336620.0,-0.2,0.9956,"(-0.2,0.9956)",0.4013853,0.1570218,0.0246559,0.5144,0.8358,0.4082,-0.0213,0.3001
MOD13Q1_061__250m_16_days_NDVI_doy2023017000000_aid0004,_250m_16_days_NDVI,aid0004,2023-01-17,1334594.0,-0.2,0.9979,"(-0.2,0.9979)",0.5048255,0.1987299,0.0394936,0.6462,0.9979,0.5315,0.0305,0.3999
MOD13Q1_061__250m_16_days_NDVI_doy2023033000000_aid0004,_250m_16_days_NDVI,aid0004,2023-02-02,1355745.0,-0.2,0.9923,"(-0.2,0.9923)",0.5189264,0.2256728,0.0509282,0.6813,0.9923,0.5503,0.0151,0.4148
MOD13Q1_061__250m_16_days_NDVI_doy2023049000000_aid0004,_250m_16_days_NDVI,aid0004,2023-02-18,1331851.0,-0.2,0.9533,"(-0.2,0.9533)",0.5690706,0.199073,0.03963,0.7006,0.9533,0.6039,0.1659,0.4867
MOD13Q1_061__250m_16_days_NDVI_doy2023065000000_aid0004,_250m_16_days_NDVI,aid0004,2023-03-06,1339680.0,-0.2,0.9948,"(-0.2,0.9948)",0.5308444,0.2006647,0.0402663,0.6635,0.954,0.5787,0.1445,0.4559
MOD13Q1_061__250m_16_days_NDVI_doy2023081000000_aid0004,_250m_16_days_NDVI,aid0004,2023-03-22,1364881.0,-0.2,0.9854,"(-0.2,0.9854)",0.5232521,0.208166,0.0433331,0.6692,0.9854,0.5793,0.0932,0.4388
MOD13Q1_061__250m_16_days_NDVI_doy2023097000000_aid0004,_250m_16_days_NDVI,aid0004,2023-04-07,1352030.0,-0.2,0.9758,"(-0.2,0.9758)",0.5029756,0.2003363,0.0401346,0.6437,0.9758,0.5588,0.0807,0.4185
MOD13Q1_061__250m_16_days_NDVI_doy2023113000000_aid0004,_250m_16_days_NDVI,aid0004,2023-04-23,1335093.0,-0.2,0.9113,"(-0.2,0.9113)",0.4823112,0.1684412,0.0283724,0.6109,0.9113,0.5235,0.0269,0.3773
MOD13Q1_061__250m_16_days_NDVI_doy2023129000000_aid0004,_250m_16_days_NDVI,aid0004,2023-05-09,1332836.0,-0.2,0.8928,"(-0.2,0.8928)",0.4434455,0.1690932,0.0285925,0.5744,0.8928,0.4807,-0.0406,0.3284
MOD13Q1_061__250m_16_days_NDVI_doy2023145000000_aid0004,_250m_16_days_NDVI,aid0004,2023-05-25,1366934.0,-0.2,0.9989,"(-0.2,0.9989)",0.4560615,0.2102798,0.0442176,0.6148,0.9989,0.5064,-0.1519,0.3081
MOD13Q1_061__250m_16_days_NDVI_doy2023161000000_aid0004,_250m_16_days_NDVI,aid0004,2023-06-10,1349489.0,-0.2,0.9444,"(-0.2,0.9444)",0.4198009,0.1766022,0.0311884,0.5547,0.9034,0.4578,-0.047,0.314
MOD13Q1_061__250m_16_days_NDVI_doy2023177000000_aid0004,_250m_16_days_NDVI,aid0004,2023-06-26,1359877.0,-0.2,0.9967,"(-0.2,0.9967)",0.3866502,0.1631517,0.0266185,0.4977,0.7899,0.4088,0.0107,0.3029
MOD13Q1_061__250m_16_days_NDVI_doy2023193000000_aid0004,_250m_16_days_NDVI,aid0004,2023-07-12,1336286.0,-0.2,0.9846,"(-0.2,0.9846)",0.367621,0.1402432,0.0196682,0.4632,0.7278,0.3769,0.0222,0.2868
MOD13Q1_061__250m_16_days_NDVI_doy2023209000000_aid0004,_250m_16_days_NDVI,aid0004,2023-07-28,1333000.0,-0.2,0.9277,"(-0.2,0.9277)",0.3451943,0.1294601,0.0167599,0.4293,0.6666,0.3505,0.0338,0.2711
MOD13Q1_061__250m_16_days_NDVI_doy2023225000000_aid0004,_250m_16_days_NDVI,aid0004,2023-08-13,1333838.0,-0.2,0.9392,"(-0.2,0.9392)",0.3190359,0.1166177,0.0135997,0.3887,0.5864,0.3218,0.0592,0.2569
MOD13Q1_061__250m_16_days_NDVI_doy2023241000000_aid0004,_250m_16_days_NDVI,aid0004,2023-08-29,1336006.0,-0.2,0.9171,"(-0.2,0.9171)",0.3107275,0.1129024,0.012747,0.3787,0.5669,0.3132,0.065,0.2532
MOD13Q1_061__250m_16_days_NDVI_doy2023257000000_aid0004,_250m_16_days_NDVI,aid0004,2023-09-14,1335489.0,-0.2,0.9516,"(-0.2,0.9516)",0.2897115,0.1048553,0.0109946,0.3508,0.5216,0.2875,0.0661,0.2369
MOD13Q1_061__250m_16_days_NDVI_doy2023273000000_aid0004,_250m_16_days_NDVI,aid0004,2023-09-30,1335502.0,-0.2,0.9462,"(-0.2,0.9462)",0.2854043,0.098877,0.0097767,0.3416,0.4992,0.2834,0.0789,0.2365
MOD13Q1_061__250m_16_days_NDVI_doy2023289000000_aid0004,_250m_16_days_NDVI,aid0004,2023-10-16,1341201.0,-0.2,0.9699,"(-0.2,0.9699)",0.2940791,0.1076473,0.0115879,0.3599,0.5465,0.2946,0.0489,0.2355
MOD13Q1_061__250m_16_days_NDVI_doy2023305000000_aid0004,_250m_16_days_NDVI,aid0004,2023-11-01,1339418.0,-0.2,0.9154,"(-0.2,0.9154)",0.3146753,0.1175405,0.0138158,0.3931,0.622,0.3162,0.0116,0.2405
MOD13Q1_061__250m_16_days_NDVI_doy2023321000000_aid0004,_250m_16_days_NDVI,aid0004,2023-11-17,1337500.0,-0.2,0.9933,"(-0.2,0.9933)",0.3652517,0.1495671,0.0223703,0.4672,0.7844,0.3739,-0.0615,0.2557
MOD13Q1_061__250m_16_days_NDVI_doy2023337000000_aid0004,_250m_16_days_NDVI,aid0004,2023-12-03,1332896.0,-0.2,0.9721,"(-0.2,0.9721)",0.4497123,0.1852228,0.0343075,0.5932,0.9721,0.4919,-0.1783,0.2846
MOD13Q1_061__250m_16_days_NDVI_doy2023353000000_aid0004,_250m_16_days_NDVI,aid0004,2023-12-19,1346988.0,-0.2,0.9933,"(-0.2,0.9933)",0.4925346,0.2045873,0.041856,0.6462,0.9933,0.5551,-0.136,0.3333
MOD13Q1_061__250m_16_days_NDVI_doy2015353000000_aid0005,_250m_16_days_NDVI,aid0005,2015-12-19,1142661.0,-0.2,0.9986,"(-0.2,0.9986)",0.6549051,0.1489677,0.0221914,0.7524,0.9917,0.6895,0.3497,0.5913
MOD13Q1_061__250m_16_days_NDVI_doy2016001000000_aid0005,_250m_16_days_NDVI,aid0005,2016-01-01,1139221.0,-0.2,0.9791,"(-0.2,0.9791)",0.6863496,0.1271568,0.0161689,0.763,0.9526,0.7071,0.4365,0.6324
MOD13Q1_061__250m_16_days_NDVI_doy2016017000000_aid0005,_250m_16_days_NDVI,aid0005,2016-01-17,1141177.0,-0.2,0.9826,"(-0.2,0.9826)",0.6645709,0.1221848,0.0149291,0.7459,0.9539,0.6744,0.3709,0.5959
MOD13Q1_061__250m_16_days_NDVI_doy2016033000000_aid0005,_250m_16_days_NDVI,aid0005,2016-02-02,1140147.0,-0.2,0.9939,"(-0.2,0.9939)",0.6770798,0.1178581,0.0138905,0.7526,0.961,0.6785,0.4051,0.6136
MOD13Q1_061__250m_16_days_NDVI_doy2016049000000_aid0005,_250m_16_days_NDVI,aid0005,2016-02-18,1141130.0,-0.2,0.9448,"(-0.2,0.9448)",0.7548769,0.1142521,0.0130535,0.8161,0.9448,0.7755,0.5869,0.7244
MOD13Q1_061__250m_16_days_NDVI_doy2016065000000_aid0005,_250m_16_days_NDVI,aid0005,2016-03-05,1139293.0,-0.2,0.9899,"(-0.2,0.9899)",0.7187014,0.1071415,0.0114793,0.782,0.9369,0.7371,0.523,0.6784
MOD13Q1_061__250m_16_days_NDVI_doy2016081000000_aid0005,_250m_16_days_NDVI,aid0005,2016-03-21,1140135.0,-0.2,0.9929,"(-0.2,0.9929)",0.6667531,0.1141279,0.0130252,0.7416,0.9357,0.6891,0.4169,0.6117
MOD13Q1_061__250m_16_days_NDVI_doy2016097000000_aid0005,_250m_16_days_NDVI,aid0005,2016-04-06,1147545.0,-0.2,0.9992,"(-0.2,0.9992)",0.5791281,0.1870603,0.0349916,0.7213,0.9992,0.6268,0.1238,0.4823
MOD13Q1_061__250m_16_days_NDVI_doy2016113000000_aid0005,_250m_16_days_NDVI,aid0005,2016-04-22,1137905.0,-0.2,0.9963,"(-0.2,0.9963)",0.6016602,0.1463781,0.0214266,0.7049,0.9963,0.6354,0.2024,0.5039
MOD13Q1_061__250m_16_days_NDVI_doy2016129000000_aid0005,_250m_16_days_NDVI,aid0005,2016-05-08,1138809.0,-0.2,0.9924,"(-0.2,0.9924)",0.5797191,0.1431673,0.0204969,0.6792,0.9637,0.6103,0.1858,0.4818
MOD13Q1_061__250m_16_days_NDVI_doy2016145000000_aid0005,_250m_16_days_NDVI,aid0005,2016-05-24,1138789.0,-0.2,0.9765,"(-0.2,0.9765)",0.568074,0.1319397,0.0174081,0.6482,0.8862,0.5907,0.2515,0.4895
MOD13Q1_061__250m_16_days_NDVI_doy2016161000000_aid0005,_250m_16_days_NDVI,aid0005,2016-06-09,1138729.0,-0.2,0.9423,"(-0.2,0.9423)",0.5338232,0.1250342,0.0156336,0.6007,0.8086,0.542,0.2542,0.4621
MOD13Q1_061__250m_16_days_NDVI_doy2016177000000_aid0005,_250m_16_days_NDVI,aid0005,2016-06-25,1140860.0,-0.2,0.9525,"(-0.2,0.9525)",0.5630015,0.1270479,0.0161412,0.6292,0.8221,0.5694,0.3077,0.5006
MOD13Q1_061__250m_16_days_NDVI_doy2016193000000_aid0005,_250m_16_days_NDVI,aid0005,2016-07-11,1140018.0,-0.2,0.9966,"(-0.2,0.9966)",0.5503675,0.1177473,0.0138644,0.613,0.7994,0.5535,0.3023,0.4887
MOD13Q1_061__250m_16_days_NDVI_doy2016209000000_aid0005,_250m_16_days_NDVI,aid0005,2016-07-27,1137771.0,-0.2,0.958,"(-0.2,0.958)",0.5713209,0.1154336,0.0133249,0.6328,0.8164,0.5712,0.3268,0.5104
MOD13Q1_061__250m_16_days_NDVI_doy2016225000000_aid0005,_250m_16_days_NDVI,aid0005,2016-08-12,1139140.0,-0.2,0.9372,"(-0.2,0.9372)",0.5823887,0.1179549,0.0139134,0.6464,0.8294,0.5875,0.3414,0.5244
MOD13Q1_061__250m_16_days_NDVI_doy2016241000000_aid0005,_250m_16_days_NDVI,aid0005,2016-08-28,1137841.0,-0.2,0.9537,"(-0.2,0.9537)",0.6026504,0.1243153,0.0154543,0.6738,0.8658,0.6135,0.3538,0.5458
MOD13Q1_061__250m_16_days_NDVI_doy2016257000000_aid0005,_250m_16_days_NDVI,aid0005,2016-09-13,1138228.0,-0.2,0.9842,"(-0.2,0.9842)",0.6022509,0.1305818,0.0170516,0.681,0.8851,0.6189,0.3408,0.5449
MOD13Q1_061__250m_16_days_NDVI_doy2016273000000_aid0005,_250m_16_days_NDVI,aid0005,2016-09-29,1139288.0,-0.2,0.9536,"(-0.2,0.9536)",0.5954418,0.1327871,0.0176324,0.6796,0.8948,0.6165,0.3209,0.5361
MOD13Q1_061__250m_16_days_NDVI_doy2016289000000_aid0005,_250m_16_days_NDVI,aid0005,2016-10-15,1141076.0,-0.2,0.993,"(-0.2,0.993)",0.6101105,0.1409478,0.0198663,0.7051,0.9397,0.6423,0.3094,0.5468
MOD13Q1_061__250m_16_days_NDVI_doy2016305000000_aid0005,_250m_16_days_NDVI,aid0005,2016-10-31,1141948.0,-0.2,0.9845,"(-0.2,0.9845)",0.6387044,0.1421747,0.0202136,0.7347,0.9755,0.6761,0.332,0.5736
MOD13Q1_061__250m_16_days_NDVI_doy2016321000000_aid0005,_250m_16_days_NDVI,aid0005,2016-11-16,1139501.0,-0.2,0.9889,"(-0.2,0.9889)",0.5943238,0.1421783,0.0202147,0.6953,0.9677,0.6263,0.2293,0.5089
MOD13Q1_061__250m_16_days_NDVI_doy2016337000000_aid0005,_250m_16_days_NDVI,aid0005,2016-12-02,1140721.0,-0.2,0.9786,"(-0.2,0.9786)",0.6167742,0.1402855,0.01968,0.7186,0.9786,0.6468,0.2644,0.5369
MOD13Q1_061__250m_16_days_NDVI_doy2016353000000_aid0005,_250m_16_days_NDVI,aid0005,2016-12-18,1143933.0,-0.2,0.9988,"(-0.2,0.9988)",0.6068354,0.1412493,0.0199514,0.7057,0.9713,0.6286,0.2612,0.5279
MOD13Q1_061__250m_16_days_NDVI_doy2017001000000_aid0005,_250m_16_days_NDVI,aid0005,2017-01-01,1143164.0,-0.2,0.9735,"(-0.2,0.9735)",0.7217356,0.1113008,0.0123879,0.7878,0.9433,0.7413,0.5283,0.684
MOD13Q1_061__250m_16_days_NDVI_doy2017017000000_aid0005,_250m_16_days_NDVI,aid0005,2017-01-17,1141382.0,-0.2,0.9988,"(-0.2,0.9988)",0.741168,0.1048857,0.011001,0.805,0.9634,0.7556,0.5355,0.6972
MOD13Q1_061__250m_16_days_NDVI_doy2017033000000_aid0005,_250m_16_days_NDVI,aid0005,2017-02-02,1141903.0,-0.2,0.9977,"(-0.2,0.9977)",0.7293626,0.1161121,0.013482,0.7988,0.9825,0.7346,0.4916,0.6759
MOD13Q1_061__250m_16_days_NDVI_doy2017049000000_aid0005,_250m_16_days_NDVI,aid0005,2017-02-18,1141060.0,-0.2,0.998,"(-0.2,0.998)",0.7581718,0.1072604,0.0115048,0.818,0.9675,0.7647,0.5678,0.7179
MOD13Q1_061__250m_16_days_NDVI_doy2017065000000_aid0005,_250m_16_days_NDVI,aid0005,2017-03-06,1139546.0,-0.2,0.967,"(-0.2,0.967)",0.7543975,0.1052759,0.011083,0.8129,0.9583,0.765,0.5687,0.7152
MOD13Q1_061__250m_16_days_NDVI_doy2017081000000_aid0005,_250m_16_days_NDVI,aid0005,2017-03-22,1139938.0,-0.2,0.9974,"(-0.2,0.9974)",0.7018522,0.11203,0.0125507,0.7667,0.9288,0.7228,0.4965,0.6586
MOD13Q1_061__250m_16_days_NDVI_doy2017097000000_aid0005,_250m_16_days_NDVI,aid0005,2017-04-07,1139905.0,-0.2,0.9871,"(-0.2,0.9871)",0.6341612,0.1305232,0.0170363,0.725,0.9727,0.6653,0.3113,0.5595
MOD13Q1_061__250m_16_days_NDVI_doy2017113000000_aid0005,_250m_16_days_NDVI,aid0005,2017-04-23,1138505.0,-0.2,0.971,"(-0.2,0.971)",0.6011999,0.1466656,0.0215108,0.7025,0.971,0.6402,0.211,0.5059
MOD13Q1_061__250m_16_days_NDVI_doy2017129000000_aid0005,_250m_16_days_NDVI,aid0005,2017-05-09,1138210.0,-0.2,0.9988,"(-0.2,0.9988)",0.6093254,0.1433967,0.0205626,0.7019,0.9613,0.6448,0.2619,0.5259
MOD13Q1_061__250m_16_days_NDVI_doy2017145000000_aid0005,_250m_16_days_NDVI,aid0005,2017-05-25,1137985.0,-0.2,0.9878,"(-0.2,0.9878)",0.5919021,0.1423881,0.0202744,0.6787,0.9259,0.6209,0.2667,0.5139
MOD13Q1_061__250m_16_days_NDVI_doy2017161000000_aid0005,_250m_16_days_NDVI,aid0005,2017-06-10,1130416.0,-0.2,0.9814,"(-0.2,0.9814)",0.5840081,0.1365313,0.0186408,0.6608,0.882,0.6056,0.2921,0.5133
MOD13Q1_061__250m_16_days_NDVI_doy2017177000000_aid0005,_250m_16_days_NDVI,aid0005,2017-06-26,1143175.0,-0.2,0.9591,"(-0.2,0.9591)",0.5756815,0.1362186,0.0185555,0.6498,0.8575,0.594,0.3036,0.5113
MOD13Q1_061__250m_16_days_NDVI_doy2017193000000_aid0005,_250m_16_days_NDVI,aid0005,2017-07-12,1137721.0,-0.2,0.9595,"(-0.2,0.9595)",0.5860872,0.1229429,0.015115,0.6528,0.8406,0.5965,0.3398,0.5276
MOD13Q1_061__250m_16_days_NDVI_doy2017209000000_aid0005,_250m_16_days_NDVI,aid0005,2017-07-28,1138055.0,-0.2,0.9363,"(-0.2,0.9363)",0.6025226,0.115802,0.0134101,0.666,0.8425,0.6075,0.3718,0.5483
MOD13Q1_061__250m_16_days_NDVI_doy2017225000000_aid0005,_250m_16_days_NDVI,aid0005,2017-08-13,1137981.0,-0.2,0.927,"(-0.2,0.927)",0.6127358,0.1188059,0.0141148,0.6787,0.8582,0.6183,0.3795,0.559
MOD13Q1_061__250m_16_days_NDVI_doy2017241000000_aid0005,_250m_16_days_NDVI,aid0005,2017-08-29,1144978.0,-0.2,0.9994,"(-0.2,0.9994)",0.6268033,0.1274745,0.0162497,0.7025,0.8924,0.6465,0.386,0.5759
MOD13Q1_061__250m_16_days_NDVI_doy2017257000000_aid0005,_250m_16_days_NDVI,aid0005,2017-09-14,1143157.0,-0.2,0.9905,"(-0.2,0.9905)",0.6406286,0.1226385,0.0150402,0.715,0.8944,0.6629,0.416,0.5954
MOD13Q1_061__250m_16_days_NDVI_doy2017273000000_aid0005,_250m_16_days_NDVI,aid0005,2017-09-30,1143669.0,-0.2,0.9971,"(-0.2,0.9971)",0.6567741,0.1349201,0.0182034,0.7442,0.9461,0.6885,0.405,0.6085
MOD13Q1_061__250m_16_days_NDVI_doy2017289000000_aid0005,_250m_16_days_NDVI,aid0005,2017-10-16,1141237.0,-0.2,0.9843,"(-0.2,0.9843)",0.6369319,0.1379617,0.0190334,0.7294,0.9424,0.6718,0.3572,0.5805
MOD13Q1_061__250m_16_days_NDVI_doy2017305000000_aid0005,_250m_16_days_NDVI,aid0005,2017-11-01,1139019.0,-0.2,0.9513,"(-0.2,0.9513)",0.6265386,0.1397689,0.0195354,0.7262,0.9513,0.6619,0.2942,0.5534
MOD13Q1_061__250m_16_days_NDVI_doy2017321000000_aid0005,_250m_16_days_NDVI,aid0005,2017-11-17,1138872.0,-0.1998,0.9591,"(-0.1998,0.9591)",0.5884247,0.1373352,0.018861,0.6848,0.9429,0.6199,0.2448,0.5088
MOD13Q1_061__250m_16_days_NDVI_doy2017337000000_aid0005,_250m_16_days_NDVI,aid0005,2017-12-03,1139862.0,-0.2,0.9209,"(-0.2,0.9209)",0.539523,0.1315025,0.0172929,0.6275,0.8825,0.5431,0.2023,0.4574
MOD13Q1_061__250m_16_days_NDVI_doy2017353000000_aid0005,_250m_16_days_NDVI,aid0005,2017-12-19,1141856.0,-0.2,0.9959,"(-0.2,0.9959)",0.5886807,0.1331449,0.0177276,0.6848,0.9564,0.5893,0.2263,0.5014
MOD13Q1_061__250m_16_days_NDVI_doy2018001000000_aid0005,_250m_16_days_NDVI,aid0005,2018-01-01,1141099.0,-0.2,0.9757,"(-0.2,0.9757)",0.5712553,0.128946,0.0166271,0.6608,0.9253,0.5683,0.2186,0.4839
MOD13Q1_061__250m_16_days_NDVI_doy2018017000000_aid0005,_250m_16_days_NDVI,aid0005,2018-01-17,1141569.0,-0.1996,0.9995,"(-0.1996,0.9995)",0.6124371,0.1406971,0.0197957,0.7161,0.9995,0.6125,0.2086,0.513
MOD13Q1_061__250m_16_days_NDVI_doy2018033000000_aid0005,_250m_16_days_NDVI,aid0005,2018-02-02,1139156.0,-0.1997,0.9831,"(-0.1997,0.9831)",0.5671346,0.1434392,0.0205748,0.6713,0.9831,0.5583,0.1468,0.4615
MOD13Q1_061__250m_16_days_NDVI_doy2018049000000_aid0005,_250m_16_days_NDVI,aid0005,2018-02-18,1140281.0,-0.2,0.9921,"(-0.2,0.9921)",0.5521142,0.1425458,0.0203193,0.6555,0.9548,0.5427,0.1323,0.4462
MOD13Q1_061__250m_16_days_NDVI_doy2018065000000_aid0005,_250m_16_days_NDVI,aid0005,2018-03-06,1141376.0,-0.2,0.9647,"(-0.2,0.9647)",0.5554273,0.1389235,0.0192997,0.6542,0.9446,0.546,0.1529,0.4536
MOD13Q1_061__250m_16_days_NDVI_doy2018081000000_aid0005,_250m_16_days_NDVI,aid0005,2018-03-22,1141045.0,-0.2,0.9548,"(-0.2,0.9548)",0.5499811,0.131352,0.0172533,0.6388,0.9054,0.5469,0.1937,0.4607
MOD13Q1_061__250m_16_days_NDVI_doy2018097000000_aid0005,_250m_16_days_NDVI,aid0005,2018-04-07,1141431.0,-0.2,0.9874,"(-0.2,0.9874)",0.5398686,0.1372891,0.0188483,0.6368,0.9216,0.5459,0.1547,0.44385
MOD13Q1_061__250m_16_days_NDVI_doy2018113000000_aid0005,_250m_16_days_NDVI,aid0005,2018-04-23,1146713.0,-0.2,0.9931,"(-0.2,0.9931)",0.5940561,0.1421353,0.0202024,0.6943,0.971,0.6177,0.2328,0.5097
MOD13Q1_061__250m_16_days_NDVI_doy2018129000000_aid0005,_250m_16_days_NDVI,aid0005,2018-05-09,1137435.0,-0.2,0.9885,"(-0.2,0.9885)",0.6562742,0.1374676,0.0188973,0.7481,0.9698,0.6926,0.3481,0.5881
MOD13Q1_061__250m_16_days_NDVI_doy2018145000000_aid0005,_250m_16_days_NDVI,aid0005,2018-05-25,1139718.0,-0.2,0.9893,"(-0.2,0.9893)",0.635527,0.1333529,0.017783,0.7265,0.9607,0.6699,0.322,0.5647
MOD13Q1_061__250m_16_days_NDVI_doy2018161000000_aid0005,_250m_16_days_NDVI,aid0005,2018-06-10,1139375.0,-0.2,0.9634,"(-0.2,0.9634)",0.6205342,0.1291698,0.0166848,0.7047,0.9283,0.6524,0.3285,0.5542
MOD13Q1_061__250m_16_days_NDVI_doy2018177000000_aid0005,_250m_16_days_NDVI,aid0005,2018-06-26,1140902.0,-0.2,0.9945,"(-0.2,0.9945)",0.6027081,0.1296201,0.0168014,0.6824,0.8964,0.6293,0.3257,0.5397
MOD13Q1_061__250m_16_days_NDVI_doy2018193000000_aid0005,_250m_16_days_NDVI,aid0005,2018-07-12,1139555.0,-0.2,0.9322,"(-0.2,0.9322)",0.6100553,0.1172979,0.0137588,0.6803,0.8699,0.6273,0.3643,0.5539
MOD13Q1_061__250m_16_days_NDVI_doy2018209000000_aid0005,_250m_16_days_NDVI,aid0005,2018-07-28,1139089.0,-0.2,0.9829,"(-0.2,0.9829)",0.6243044,0.1169037,0.0136665,0.69,0.8661,0.6368,0.3965,0.5726
MOD13Q1_061__250m_16_days_NDVI_doy2018225000000_aid0005,_250m_16_days_NDVI,aid0005,2018-08-13,1140962.0,-0.1996,0.9956,"(-0.1996,0.9956)",0.6248386,0.1203064,0.0144736,0.6937,0.8774,0.6374,0.3875,0.5712
MOD13Q1_061__250m_16_days_NDVI_doy2018241000000_aid0005,_250m_16_days_NDVI,aid0005,2018-08-29,1140404.0,-0.2,0.9514,"(-0.2,0.9514)",0.634637,0.1287059,0.0165652,0.7094,0.8994,0.6552,0.3927,0.5827
MOD13Q1_061__250m_16_days_NDVI_doy2018257000000_aid0005,_250m_16_days_NDVI,aid0005,2018-09-14,1140433.0,-0.2,0.9916,"(-0.2,0.9916)",0.686406,0.1348713,0.0181903,0.7688,0.9598,0.7168,0.4453,0.6394
MOD13Q1_061__250m_16_days_NDVI_doy2018273000000_aid0005,_250m_16_days_NDVI,aid0005,2018-09-30,1139508.0,-0.2,0.9628,"(-0.2,0.9628)",0.7052507,0.1352094,0.0182816,0.7894,0.9628,0.7435,0.4847,0.6675
MOD13Q1_061__250m_16_days_NDVI_doy2018289000000_aid0005,_250m_16_days_NDVI,aid0005,2018-10-16,1140209.0,-0.1997,0.992,"(-0.1997,0.992)",0.6839045,0.1408853,0.0198487,0.778,0.992,0.7273,0.4183,0.6341
MOD13Q1_061__250m_16_days_NDVI_doy2018305000000_aid0005,_250m_16_days_NDVI,aid0005,2018-11-01,1139875.0,-0.2,0.9776,"(-0.2,0.9776)",0.6385108,0.1378291,0.0189969,0.7364,0.9776,0.6647,0.3209,0.5702
MOD13Q1_061__250m_16_days_NDVI_doy2018321000000_aid0005,_250m_16_days_NDVI,aid0005,2018-11-17,1141103.0,-0.2,0.9372,"(-0.2,0.9372)",0.6353123,0.1566722,0.0245462,0.7466,0.9372,0.6761,0.2661,0.5544
MOD13Q1_061__250m_16_days_NDVI_doy2018337000000_aid0005,_250m_16_days_NDVI,aid0005,2018-12-03,1141841.0,-0.2,0.9992,"(-0.2,0.9992)",0.6011656,0.157505,0.0248078,0.7199,0.9992,0.6369,0.1893,0.5076
MOD13Q1_061__250m_16_days_NDVI_doy2018353000000_aid0005,_250m_16_days_NDVI,aid0005,2018-12-19,1142392.0,-0.2,0.9958,"(-0.2,0.9958)",0.6542734,0.1320302,0.017432,0.7417,0.9558,0.684,0.3777,0.5961
MOD13Q1_061__250m_16_days_NDVI_doy2019001000000_aid0005,_250m_16_days_NDVI,aid0005,2019-01-01,1146811.0,-0.2,0.997,"(-0.2,0.997)",0.6936962,0.1345391,0.0181008,0.7782,0.9729,0.7267,0.4537,0.6484
MOD13Q1_061__250m_16_days_NDVI_doy2019017000000_aid0005,_250m_16_days_NDVI,aid0005,2019-01-17,1143234.0,-0.2,0.9977,"(-0.2,0.9977)",0.7181128,0.1385353,0.019192,0.795,0.9618,0.7466,0.516,0.6834
MOD13Q1_061__250m_16_days_NDVI_doy2019033000000_aid0005,_250m_16_days_NDVI,aid0005,2019-02-02,1143042.0,-0.2,0.9852,"(-0.2,0.9852)",0.723867,0.1179309,0.0139077,0.7913,0.9579,0.7421,0.5126,0.6798
MOD13Q1_061__250m_16_days_NDVI_doy2019049000000_aid0005,_250m_16_days_NDVI,aid0005,2019-02-18,1141714.0,-0.2,0.9823,"(-0.2,0.9823)",0.7133423,0.113127,0.0127977,0.7772,0.9445,0.7209,0.4972,0.6652
MOD13Q1_061__250m_16_days_NDVI_doy2019065000000_aid0005,_250m_16_days_NDVI,aid0005,2019-03-06,1141385.0,-0.2,0.9991,"(-0.2,0.9991)",0.7196084,0.115647,0.0133742,0.7844,0.9486,0.7282,0.5107,0.6749
MOD13Q1_061__250m_16_days_NDVI_doy2019081000000_aid0005,_250m_16_days_NDVI,aid0005,2019-03-22,1139310.0,-0.2,0.9379,"(-0.2,0.9379)",0.6955783,0.1133015,0.0128372,0.7614,0.9258,0.7098,0.4872,0.6517
MOD13Q1_061__250m_16_days_NDVI_doy2019097000000_aid0005,_250m_16_days_NDVI,aid0005,2019-04-07,1140557.0,-0.1996,0.98,"(-0.1996,0.98)",0.6350503,0.1297497,0.016835,0.7198,0.9462,0.6609,0.3351,0.5659
MOD13Q1_061__250m_16_days_NDVI_doy2019113000000_aid0005,_250m_16_days_NDVI,aid0005,2019-04-23,1140647.0,-0.2,0.9991,"(-0.2,0.9991)",0.6126342,0.1395393,0.0194712,0.703,0.9542,0.6472,0.2843,0.5355
MOD13Q1_061__250m_16_days_NDVI_doy2019129000000_aid0005,_250m_16_days_NDVI,aid0005,2019-05-09,1138062.0,-0.2,0.9986,"(-0.2,0.9986)",0.6273735,0.1375969,0.0189329,0.7131,0.9494,0.6613,0.3191,0.5555
MOD13Q1_061__250m_16_days_NDVI_doy2019145000000_aid0005,_250m_16_days_NDVI,aid0005,2019-05-25,1138494.0,-0.2,0.9833,"(-0.2,0.9833)",0.6125235,0.1329793,0.0176835,0.6946,0.9199,0.6406,0.3191,0.5444
MOD13Q1_061__250m_16_days_NDVI_doy2019161000000_aid0005,_250m_16_days_NDVI,aid0005,2019-06-10,1144543.0,-0.2,0.9817,"(-0.2,0.9817)",0.6195178,0.1377963,0.0189878,0.6977,0.8964,0.6496,0.3665,0.5652
MOD13Q1_061__250m_16_days_NDVI_doy2019177000000_aid0005,_250m_16_days_NDVI,aid0005,2019-06-26,1138637.0,-0.2,0.995,"(-0.2,0.995)",0.6169618,0.1259427,0.0158616,0.6867,0.8758,0.6391,0.3715,0.5606
MOD13Q1_061__250m_16_days_NDVI_doy2019193000000_aid0005,_250m_16_days_NDVI,aid0005,2019-07-12,1140692.0,-0.2,0.9878,"(-0.2,0.9878)",0.562378,0.1296774,0.0168162,0.6332,0.8388,0.5757,0.2905,0.4961
MOD13Q1_061__250m_16_days_NDVI_doy2019209000000_aid0005,_250m_16_days_NDVI,aid0005,2019-07-28,1138663.0,-0.2,0.9528,"(-0.2,0.9528)",0.5943357,0.1196548,0.0143173,0.6549,0.8275,0.5987,0.3672,0.5398
MOD13Q1_061__250m_16_days_NDVI_doy2019225000000_aid0005,_250m_16_days_NDVI,aid0005,2019-08-13,1139787.0,-0.2,0.969,"(-0.2,0.969)",0.5687613,0.117598,0.0138293,0.6278,0.7982,0.5709,0.3437,0.51415
MOD13Q1_061__250m_16_days_NDVI_doy2019241000000_aid0005,_250m_16_days_NDVI,aid0005,2019-08-29,1139695.0,-0.2,0.9425,"(-0.2,0.9425)",0.599289,0.1276384,0.0162916,0.6672,0.8532,0.6038,0.3572,0.5432
MOD13Q1_061__250m_16_days_NDVI_doy2019257000000_aid0005,_250m_16_days_NDVI,aid0005,2019-09-14,1139805.0,-0.2,0.9508,"(-0.2,0.9508)",0.6050337,0.130156,0.0169406,0.6771,0.8664,0.6164,0.3616,0.5509
MOD13Q1_061__250m_16_days_NDVI_doy2019273000000_aid0005,_250m_16_days_NDVI,aid0005,2019-09-30,1144458.0,-0.2,0.9975,"(-0.2,0.9975)",0.6367338,0.139449,0.019446,0.7252,0.9338,0.6673,0.376,0.5855
MOD13Q1_061__250m_16_days_NDVI_doy2019289000000_aid0005,_250m_16_days_NDVI,aid0005,2019-10-16,1140501.0,-0.1996,0.9484,"(-0.1996,0.9484)",0.6912136,0.1258098,0.0158281,0.7717,0.9484,0.7163,0.4575,0.646
MOD13Q1_061__250m_16_days_NDVI_doy2019305000000_aid0005,_250m_16_days_NDVI,aid0005,2019-11-01,1143354.0,-0.2,0.9858,"(-0.2,0.9858)",0.6626552,0.1415832,0.0200458,0.7573,0.9858,0.6998,0.3701,0.6024
MOD13Q1_061__250m_16_days_NDVI_doy2019321000000_aid0005,_250m_16_days_NDVI,aid0005,2019-11-17,1142181.0,-0.2,0.9987,"(-0.2,0.9987)",0.6415075,0.1539123,0.023689,0.7534,0.9987,0.6858,0.2699,0.56
MOD13Q1_061__250m_16_days_NDVI_doy2019337000000_aid0005,_250m_16_days_NDVI,aid0005,2019-12-03,1139757.0,-0.2,0.9192,"(-0.2,0.9192)",0.6139046,0.1376891,0.0189583,0.7113,0.9192,0.6434,0.2768,0.5375
MOD13Q1_061__250m_16_days_NDVI_doy2019353000000_aid0005,_250m_16_days_NDVI,aid0005,2019-12-19,1141290.0,-0.2,0.9965,"(-0.2,0.9965)",0.6426761,0.1329227,0.0176684,0.7327,0.9505,0.6726,0.3547,0.5815
MOD13Q1_061__250m_16_days_NDVI_doy2020001000000_aid0005,_250m_16_days_NDVI,aid0005,2020-01-01,1143788.0,-0.2,0.9965,"(-0.2,0.9965)",0.6996714,0.1173062,0.0137608,0.7762,0.9629,0.7222,0.4645,0.6515
MOD13Q1_061__250m_16_days_NDVI_doy2020017000000_aid0005,_250m_16_days_NDVI,aid0005,2020-01-17,1148549.0,-0.2,0.9978,"(-0.2,0.9978)",0.719474,0.1172613,0.0137502,0.7882,0.9526,0.7382,0.5132,0.6782
MOD13Q1_061__250m_16_days_NDVI_doy2020033000000_aid0005,_250m_16_days_NDVI,aid0005,2020-02-02,1143079.0,-0.2,0.9975,"(-0.2,0.9975)",0.7140089,0.1142409,0.013051,0.7845,0.9683,0.725,0.4753,0.6608
MOD13Q1_061__250m_16_days_NDVI_doy2020049000000_aid0005,_250m_16_days_NDVI,aid0005,2020-02-18,1141993.0,-0.2,0.9889,"(-0.2,0.9889)",0.7165567,0.1179995,0.0139239,0.7893,0.9651,0.7239,0.4633,0.6589
MOD13Q1_061__250m_16_days_NDVI_doy2020065000000_aid0005,_250m_16_days_NDVI,aid0005,2020-03-05,1143242.0,-0.2,0.9475,"(-0.2,0.9475)",0.6863025,0.1246205,0.0155303,0.7636,0.9475,0.7005,0.4141,0.6238
MOD13Q1_061__250m_16_days_NDVI_doy2020081000000_aid0005,_250m_16_days_NDVI,aid0005,2020-03-21,1143019.0,-0.2,0.9711,"(-0.2,0.9711)",0.6839796,0.116365,0.0135408,0.7507,0.9239,0.6965,0.462,0.6352
MOD13Q1_061__250m_16_days_NDVI_doy2020097000000_aid0005,_250m_16_days_NDVI,aid0005,2020-04-06,1142192.0,-0.2,0.9477,"(-0.2,0.9477)",0.6305661,0.1233751,0.0152214,0.707,0.9105,0.6512,0.3678,0.5713
MOD13Q1_061__250m_16_days_NDVI_doy2020113000000_aid0005,_250m_16_days_NDVI,aid0005,2020-04-22,1143049.0,-0.2,0.9342,"(-0.2,0.9342)",0.5701331,0.1393778,0.0194262,0.6599,0.9247,0.5934,0.2182,0.4832
MOD13Q1_061__250m_16_days_NDVI_doy2020129000000_aid0005,_250m_16_days_NDVI,aid0005,2020-05-08,1141197.0,-0.2,0.9285,"(-0.2,0.9285)",0.5638457,0.1435285,0.0206004,0.6564,0.9285,0.5927,0.2007,0.4741
MOD13Q1_061__250m_16_days_NDVI_doy2020145000000_aid0005,_250m_16_days_NDVI,aid0005,2020-05-24,1139070.0,-0.2,0.9603,"(-0.2,0.9603)",0.5713855,0.1422475,0.0202343,0.6588,0.9154,0.6005,0.2311,0.4877
MOD13Q1_061__250m_16_days_NDVI_doy2020161000000_aid0005,_250m_16_days_NDVI,aid0005,2020-06-09,1141586.0,-0.2,0.9955,"(-0.2,0.9955)",0.5605731,0.1442562,0.0208099,0.6478,0.899,0.5867,0.2291,0.4803
MOD13Q1_061__250m_16_days_NDVI_doy2020177000000_aid0005,_250m_16_days_NDVI,aid0005,2020-06-25,1137870.0,-0.2,0.9752,"(-0.2,0.9752)",0.5897217,0.1301621,0.0169422,0.6642,0.8716,0.6051,0.3185,0.5259
MOD13Q1_061__250m_16_days_NDVI_doy2020193000000_aid0005,_250m_16_days_NDVI,aid0005,2020-07-11,1137672.0,-0.2,0.943,"(-0.2,0.943)",0.5732754,0.1261823,0.015922,0.6417,0.8361,0.5809,0.3177,0.5121
MOD13Q1_061__250m_16_days_NDVI_doy2020209000000_aid0005,_250m_16_days_NDVI,aid0005,2020-07-27,1138370.0,-0.2,0.9253,"(-0.2,0.9253)",0.5399442,0.1259036,0.0158517,0.6061,0.8042,0.5406,0.2759,0.474
MOD13Q1_061__250m_16_days_NDVI_doy2020225000000_aid0005,_250m_16_days_NDVI,aid0005,2020-08-12,1138624.0,-0.1997,0.9443,"(-0.1997,0.9443)",0.5504771,0.1292818,0.0167138,0.6178,0.8167,0.549,0.2863,0.4852
MOD13Q1_061__250m_16_days_NDVI_doy2020241000000_aid0005,_250m_16_days_NDVI,aid0005,2020-08-28,1138683.0,-0.2,0.9662,"(-0.2,0.9662)",0.569621,0.1296777,0.0168163,0.6396,0.8419,0.5686,0.3024,0.5047
MOD13Q1_061__250m_16_days_NDVI_doy2020257000000_aid0005,_250m_16_days_NDVI,aid0005,2020-09-13,1139371.0,-0.2,0.9661,"(-0.2,0.9661)",0.5879013,0.1366134,0.0186632,0.6661,0.8774,0.5949,0.3139,0.5252
MOD13Q1_061__250m_16_days_NDVI_doy2020273000000_aid0005,_250m_16_days_NDVI,aid0005,2020-09-29,1140509.0,-0.2,0.9769,"(-0.2,0.9769)",0.5979965,0.1320904,0.0174479,0.679,0.8876,0.6147,0.3313,0.5399
MOD13Q1_061__250m_16_days_NDVI_doy2020289000000_aid0005,_250m_16_days_NDVI,aid0005,2020-10-15,1143232.0,-0.2,0.9591,"(-0.2,0.9591)",0.5921126,0.129828,0.0168553,0.6784,0.9015,0.6128,0.3062,0.5295
MOD13Q1_061__250m_16_days_NDVI_doy2020305000000_aid0005,_250m_16_days_NDVI,aid0005,2020-10-31,1143395.0,-0.2,0.9858,"(-0.2,0.9858)",0.5493734,0.1262689,0.0159438,0.6329,0.8652,0.5613,0.2457,0.478
MOD13Q1_061__250m_16_days_NDVI_doy2020321000000_aid0005,_250m_16_days_NDVI,aid0005,2020-11-16,1142994.0,-0.2,0.9395,"(-0.2,0.9395)",0.5262253,0.1422392,0.020232,0.6351,0.9395,0.5261,0.1089,0.4246
MOD13Q1_061__250m_16_days_NDVI_doy2020337000000_aid0005,_250m_16_days_NDVI,aid0005,2020-12-02,1142137.0,-0.2,0.9515,"(-0.2,0.9515)",0.572943,0.1505771,0.0226735,0.6877,0.9515,0.5902,0.1645,0.4784
MOD13Q1_061__250m_16_days_NDVI_doy2020353000000_aid0005,_250m_16_days_NDVI,aid0005,2020-12-18,1140681.0,-0.2,0.9365,"(-0.2,0.9365)",0.6108474,0.1404402,0.0197235,0.7116,0.9365,0.6429,0.2626,0.532
MOD13Q1_061__250m_16_days_NDVI_doy2021001000000_aid0005,_250m_16_days_NDVI,aid0005,2021-01-01,1141738.0,-0.2,0.9895,"(-0.2,0.9895)",0.6092841,0.1324619,0.0175461,0.7046,0.9678,0.6303,0.2601,0.5268
MOD13Q1_061__250m_16_days_NDVI_doy2021017000000_aid0005,_250m_16_days_NDVI,aid0005,2021-01-17,1142864.0,-0.2,0.9751,"(-0.2,0.9751)",0.6369877,0.1224583,0.014996,0.7163,0.9332,0.6534,0.3548,0.5717
MOD13Q1_061__250m_16_days_NDVI_doy2021033000000_aid0005,_250m_16_days_NDVI,aid0005,2021-02-02,1139839.0,-0.2,0.9993,"(-0.2,0.9993)",0.722234,0.1041246,0.0108419,0.7815,0.9352,0.7313,0.5253,0.679
MOD13Q1_061__250m_16_days_NDVI_doy2021049000000_aid0005,_250m_16_days_NDVI,aid0005,2021-02-18,1142064.0,-0.2,0.9945,"(-0.2,0.9945)",0.7106066,0.1150263,0.0132311,0.7796,0.9551,0.7251,0.4859,0.6621
MOD13Q1_061__250m_16_days_NDVI_doy2021065000000_aid0005,_250m_16_days_NDVI,aid0005,2021-03-06,1143200.0,-0.2,0.9495,"(-0.2,0.9495)",0.6423308,0.1276943,0.0163058,0.7268,0.9495,0.6536,0.3411,0.5725
MOD13Q1_061__250m_16_days_NDVI_doy2021081000000_aid0005,_250m_16_days_NDVI,aid0005,2021-03-22,1143311.0,-0.2,0.9933,"(-0.2,0.9933)",0.67227,0.1187862,0.0141102,0.744,0.9265,0.6913,0.4398,0.6223
MOD13Q1_061__250m_16_days_NDVI_doy2021097000000_aid0005,_250m_16_days_NDVI,aid0005,2021-04-07,1141617.0,-0.2,0.9767,"(-0.2,0.9767)",0.6840306,0.1108518,0.0122881,0.7525,0.9211,0.7063,0.471,0.6399
MOD13Q1_061__250m_16_days_NDVI_doy2021113000000_aid0005,_250m_16_days_NDVI,aid0005,2021-04-23,1141847.0,-0.2,0.9936,"(-0.2,0.9936)",0.6565718,0.1321788,0.0174712,0.7489,0.9636,0.6926,0.3429,0.5865
MOD13Q1_061__250m_16_days_NDVI_doy2021129000000_aid0005,_250m_16_days_NDVI,aid0005,2021-05-09,1141040.0,-0.2,0.9593,"(-0.2,0.9593)",0.6205362,0.1462564,0.0213909,0.7203,0.9593,0.6623,0.2581,0.5354
MOD13Q1_061__250m_16_days_NDVI_doy2021145000000_aid0005,_250m_16_days_NDVI,aid0005,2021-05-25,1140315.0,-0.2,0.9637,"(-0.2,0.9637)",0.5999656,0.1467243,0.021528,0.6984,0.9637,0.6379,0.2477,0.5181
MOD13Q1_061__250m_16_days_NDVI_doy2021161000000_aid0005,_250m_16_days_NDVI,aid0005,2021-06-10,1145651.0,-0.2,0.9421,"(-0.2,0.9421)",0.5950419,0.1466679,0.0215115,0.6876,0.931,0.6275,0.2811,0.525
MOD13Q1_061__250m_16_days_NDVI_doy2021177000000_aid0005,_250m_16_days_NDVI,aid0005,2021-06-26,1140839.0,-0.2,0.9933,"(-0.2,0.9933)",0.5763959,0.1317128,0.0173483,0.6555,0.8692,0.5956,0.2993,0.513
MOD13Q1_061__250m_16_days_NDVI_doy2021193000000_aid0005,_250m_16_days_NDVI,aid0005,2021-07-12,1139100.0,-0.2,0.9566,"(-0.2,0.9566)",0.5855922,0.1247261,0.0155566,0.6598,0.8623,0.6008,0.3223,0.5248
MOD13Q1_061__250m_16_days_NDVI_doy2021209000000_aid0005,_250m_16_days_NDVI,aid0005,2021-07-28,1140083.0,-0.2,0.931,"(-0.2,0.931)",0.5801782,0.1272574,0.0161944,0.649,0.8417,0.5879,0.3278,0.5205
MOD13Q1_061__250m_16_days_NDVI_doy2021225000000_aid0005,_250m_16_days_NDVI,aid0005,2021-08-13,1141217.0,-0.2,0.9969,"(-0.2,0.9969)",0.5834165,0.1286689,0.0165557,0.656,0.8541,0.5866,0.3258,0.5239
MOD13Q1_061__250m_16_days_NDVI_doy2021241000000_aid0005,_250m_16_days_NDVI,aid0005,2021-08-29,1141943.0,-0.2,0.9688,"(-0.2,0.9688)",0.6060351,0.1298155,0.0168521,0.6797,0.8729,0.6143,0.3577,0.5509
MOD13Q1_061__250m_16_days_NDVI_doy2021257000000_aid0005,_250m_16_days_NDVI,aid0005,2021-09-14,1139682.0,-0.2,0.9977,"(-0.2,0.9977)",0.6470682,0.1374525,0.0188932,0.73,0.9326,0.6658,0.3923,0.5949
MOD13Q1_061__250m_16_days_NDVI_doy2021273000000_aid0005,_250m_16_days_NDVI,aid0005,2021-09-30,1142646.0,-0.2,0.9527,"(-0.2,0.9527)",0.6396138,0.1403472,0.0196973,0.7286,0.9398,0.668,0.3764,0.5877
MOD13Q1_061__250m_16_days_NDVI_doy2021289000000_aid0005,_250m_16_days_NDVI,aid0005,2021-10-16,1138441.0,-0.2,0.9383,"(-0.2,0.9383)",0.6280892,0.1330886,0.0177126,0.7173,0.9333,0.6552,0.3551,0.5724
MOD13Q1_061__250m_16_days_NDVI_doy2021305000000_aid0005,_250m_16_days_NDVI,aid0005,2021-11-01,1140647.0,-0.2,0.9833,"(-0.2,0.9833)",0.5963257,0.1344872,0.0180868,0.6929,0.936,0.6172,0.2549,0.5177
MOD13Q1_061__250m_16_days_NDVI_doy2021321000000_aid0005,_250m_16_days_NDVI,aid0005,2021-11-17,1140788.0,-0.2,0.9519,"(-0.2,0.9519)",0.5696104,0.1432773,0.0205284,0.6735,0.9519,0.586,0.1943,0.4818
MOD13Q1_061__250m_16_days_NDVI_doy2021337000000_aid0005,_250m_16_days_NDVI,aid0005,2021-12-03,1141062.0,-0.2,0.9625,"(-0.2,0.9625)",0.5534244,0.1380044,0.0190452,0.6491,0.9237,0.5594,0.1906,0.4657
MOD13Q1_061__250m_16_days_NDVI_doy2021353000000_aid0005,_250m_16_days_NDVI,aid0005,2021-12-19,1141786.0,-0.2,0.922,"(-0.2,0.922)",0.4956481,0.1340711,0.0179751,0.5856,0.8647,0.4825,0.1204,0.3995
MOD13Q1_061__250m_16_days_NDVI_doy2022001000000_aid0005,_250m_16_days_NDVI,aid0005,2022-01-01,1144910.0,-0.2,0.9719,"(-0.2,0.9719)",0.4885579,0.1343532,0.0180508,0.5717,0.8378,0.4729,0.1282,0.3943
MOD13Q1_061__250m_16_days_NDVI_doy2022017000000_aid0005,_250m_16_days_NDVI,aid0005,2022-01-17,1146796.0,-0.2,0.9911,"(-0.2,0.9911)",0.6188358,0.1437632,0.0206679,0.7227,0.9911,0.6298,0.2317,0.5263
MOD13Q1_061__250m_16_days_NDVI_doy2022033000000_aid0005,_250m_16_days_NDVI,aid0005,2022-02-02,1143160.0,-0.2,0.9926,"(-0.2,0.9926)",0.6387375,0.1387182,0.0192427,0.7405,0.9926,0.6544,0.269,0.5519
MOD13Q1_061__250m_16_days_NDVI_doy2022049000000_aid0005,_250m_16_days_NDVI,aid0005,2022-02-18,1143275.0,-0.2,0.986,"(-0.2,0.986)",0.6921674,0.1370996,0.0187963,0.7891,0.986,0.7104,0.3589,0.617
MOD13Q1_061__250m_16_days_NDVI_doy2022065000000_aid0005,_250m_16_days_NDVI,aid0005,2022-03-06,1142180.0,-0.2,0.9788,"(-0.2,0.9788)",0.7348838,0.1164897,0.0135699,0.8074,0.9788,0.7509,0.5034,0.6858
MOD13Q1_061__250m_16_days_NDVI_doy2022081000000_aid0005,_250m_16_days_NDVI,aid0005,2022-03-22,1140604.0,-0.2,0.9437,"(-0.2,0.9437)",0.7333122,0.1025181,0.01051,0.7957,0.9437,0.7514,0.542,0.6942
MOD13Q1_061__250m_16_days_NDVI_doy2022097000000_aid0005,_250m_16_days_NDVI,aid0005,2022-04-07,1139400.0,-0.2,0.9992,"(-0.2,0.9992)",0.7085152,0.1128756,0.0127409,0.7811,0.9497,0.7359,0.4914,0.6652
MOD13Q1_061__250m_16_days_NDVI_doy2022113000000_aid0005,_250m_16_days_NDVI,aid0005,2022-04-23,1140132.0,-0.2,0.9958,"(-0.2,0.9958)",0.6706386,0.129862,0.0168641,0.7598,0.9709,0.7064,0.3816,0.6085
MOD13Q1_061__250m_16_days_NDVI_doy2022129000000_aid0005,_250m_16_days_NDVI,aid0005,2022-05-09,1139455.0,-0.2,0.9643,"(-0.2,0.9643)",0.6330892,0.147985,0.0218996,0.7386,0.9643,0.6779,0.2551,0.5452
MOD13Q1_061__250m_16_days_NDVI_doy2022145000000_aid0005,_250m_16_days_NDVI,aid0005,2022-05-25,1141697.0,-0.2,0.9815,"(-0.2,0.9815)",0.6144554,0.1472611,0.0216858,0.7177,0.9815,0.6567,0.2495,0.5304
MOD13Q1_061__250m_16_days_NDVI_doy2022161000000_aid0005,_250m_16_days_NDVI,aid0005,2022-06-10,1138385.0,-0.2,0.9466,"(-0.2,0.9466)",0.5741926,0.1454574,0.0211578,0.675,0.9466,0.6081,0.184,0.4786
MOD13Q1_061__250m_16_days_NDVI_doy2022177000000_aid0005,_250m_16_days_NDVI,aid0005,2022-06-26,1138231.0,-0.2,0.955,"(-0.2,0.955)",0.5451376,0.1359602,0.0184852,0.6313,0.8843,0.5642,0.2096,0.4626
MOD13Q1_061__250m_16_days_NDVI_doy2022193000000_aid0005,_250m_16_days_NDVI,aid0005,2022-07-12,1139333.0,-0.2,0.938,"(-0.2,0.938)",0.5893006,0.1292877,0.0167153,0.6681,0.8848,0.6111,0.3069,0.5236
MOD13Q1_061__250m_16_days_NDVI_doy2022209000000_aid0005,_250m_16_days_NDVI,aid0005,2022-07-28,1140024.0,-0.2,0.9555,"(-0.2,0.9555)",0.653528,0.1279522,0.0163718,0.7302,0.9214,0.674,0.4115,0.6027
MOD13Q1_061__250m_16_days_NDVI_doy2022225000000_aid0005,_250m_16_days_NDVI,aid0005,2022-08-13,1141284.0,-0.2,0.9482,"(-0.2,0.9482)",0.6297742,0.131831,0.0173794,0.7037,0.8876,0.6483,0.3972,0.5811
MOD13Q1_061__250m_16_days_NDVI_doy2022241000000_aid0005,_250m_16_days_NDVI,aid0005,2022-08-29,1138376.0,-0.2,0.9429,"(-0.2,0.9429)",0.6434715,0.1281619,0.0164255,0.7159,0.8962,0.6599,0.4154,0.5957
MOD13Q1_061__250m_16_days_NDVI_doy2022257000000_aid0005,_250m_16_days_NDVI,aid0005,2022-09-14,1140881.0,-0.2,0.9428,"(-0.2,0.9428)",0.6415198,0.1308548,0.017123,0.7179,0.903,0.663,0.4094,0.5945
MOD13Q1_061__250m_16_days_NDVI_doy2022273000000_aid0005,_250m_16_days_NDVI,aid0005,2022-09-30,1141384.0,-0.2,0.9292,"(-0.2,0.9292)",0.6317353,0.1284494,0.0164993,0.7093,0.8984,0.6559,0.3941,0.5832
MOD13Q1_061__250m_16_days_NDVI_doy2022289000000_aid0005,_250m_16_days_NDVI,aid0005,2022-10-16,1137620.0,-0.2,0.9664,"(-0.2,0.9664)",0.5980802,0.124328,0.0154574,0.6824,0.8976,0.624,0.3207,0.5377
MOD13Q1_061__250m_16_days_NDVI_doy2022305000000_aid0005,_250m_16_days_NDVI,aid0005,2022-11-01,1139315.0,-0.1997,0.99,"(-0.1997,0.99)",0.6020364,0.129216,0.0166968,0.6918,0.9298,0.6288,0.2946,0.5329
MOD13Q1_061__250m_16_days_NDVI_doy2022321000000_aid0005,_250m_16_days_NDVI,aid0005,2022-11-17,1141328.0,-0.2,0.9986,"(-0.2,0.9986)",0.5673054,0.1476567,0.0218025,0.6775,0.9639,0.5934,0.1556,0.4684
MOD13Q1_061__250m_16_days_NDVI_doy2022337000000_aid0005,_250m_16_days_NDVI,aid0005,2022-12-03,1144085.0,-0.2,0.9805,"(-0.2,0.9805)",0.5374022,0.1453326,0.0211216,0.6415,0.9396,0.5453,0.1303,0.437
MOD13Q1_061__250m_16_days_NDVI_doy2022353000000_aid0005,_250m_16_days_NDVI,aid0005,2022-12-19,1142646.0,-0.2,0.9742,"(-0.2,0.9742)",0.4979473,0.1389287,0.0193012,0.5913,0.8773,0.4929,0.1146,0.4006
MOD13Q1_061__250m_16_days_NDVI_doy2023001000000_aid0005,_250m_16_days_NDVI,aid0005,2023-01-01,1142406.0,-0.2,0.9262,"(-0.2,0.9262)",0.4881137,0.1385799,0.0192044,0.5785,0.8612,0.4763,0.1074,0.39
MOD13Q1_061__250m_16_days_NDVI_doy2023017000000_aid0005,_250m_16_days_NDVI,aid0005,2023-01-17,1143155.0,-0.2,0.9666,"(-0.2,0.9666)",0.4889057,0.1418478,0.0201208,0.5807,0.8744,0.4714,0.0911,0.3848
MOD13Q1_061__250m_16_days_NDVI_doy2023033000000_aid0005,_250m_16_days_NDVI,aid0005,2023-02-02,1144531.0,-0.2,0.9354,"(-0.2,0.9354)",0.5172483,0.1528547,0.0233645,0.6292,0.9354,0.5041,0.0612,0.402
MOD13Q1_061__250m_16_days_NDVI_doy2023049000000_aid0005,_250m_16_days_NDVI,aid0005,2023-02-18,1144827.0,-0.2,0.9325,"(-0.2,0.9325)",0.5393369,0.1612083,0.0259881,0.6628,0.9325,0.5307,0.0478,0.4168
MOD13Q1_061__250m_16_days_NDVI_doy2023065000000_aid0005,_250m_16_days_NDVI,aid0005,2023-03-06,1142387.0,-0.2,0.9174,"(-0.2,0.9174)",0.5201348,0.1505573,0.0226675,0.6295,0.9174,0.5064,0.0699,0.4056
MOD13Q1_061__250m_16_days_NDVI_doy2023081000000_aid0005,_250m_16_days_NDVI,aid0005,2023-03-22,1143482.0,-0.2,0.9939,"(-0.2,0.9939)",0.6280563,0.1337013,0.017876,0.7258,0.9764,0.6455,0.2843,0.5492
MOD13Q1_061__250m_16_days_NDVI_doy2023097000000_aid0005,_250m_16_days_NDVI,aid0005,2023-04-07,1142043.0,-0.2,0.9745,"(-0.2,0.9745)",0.6577945,0.1219973,0.0148833,0.7435,0.9591,0.6813,0.3688,0.5936
MOD13Q1_061__250m_16_days_NDVI_doy2023113000000_aid0005,_250m_16_days_NDVI,aid0005,2023-04-23,1142562.0,-0.2,0.9449,"(-0.2,0.9449)",0.6592651,0.1324274,0.017537,0.7543,0.9449,0.6854,0.3258,0.5829
MOD13Q1_061__250m_16_days_NDVI_doy2023129000000_aid0005,_250m_16_days_NDVI,aid0005,2023-05-09,1140520.0,-0.2,0.9347,"(-0.2,0.9347)",0.6401066,0.1371039,0.0187975,0.7379,0.9347,0.6721,0.2999,0.5627
MOD13Q1_061__250m_16_days_NDVI_doy2023145000000_aid0005,_250m_16_days_NDVI,aid0005,2023-05-25,1142054.0,-0.2,0.9981,"(-0.2,0.9981)",0.6579336,0.1396954,0.0195148,0.7551,0.9981,0.6918,0.3396,0.5889
MOD13Q1_061__250m_16_days_NDVI_doy2023161000000_aid0005,_250m_16_days_NDVI,aid0005,2023-06-10,1142059.0,-0.2,0.9964,"(-0.2,0.9964)",0.6394449,0.146583,0.0214866,0.745,0.9964,0.6747,0.2868,0.5617
MOD13Q1_061__250m_16_days_NDVI_doy2023177000000_aid0005,_250m_16_days_NDVI,aid0005,2023-06-26,1145008.0,-0.2,0.9985,"(-0.2,0.9985)",0.6226632,0.1422184,0.0202261,0.722,0.9842,0.6527,0.285,0.5472
MOD13Q1_061__250m_16_days_NDVI_doy2023193000000_aid0005,_250m_16_days_NDVI,aid0005,2023-07-12,1141838.0,-0.2,0.991,"(-0.2,0.991)",0.6523992,0.1395295,0.0194685,0.7472,0.991,0.6847,0.3357,0.5826
MOD13Q1_061__250m_16_days_NDVI_doy2023209000000_aid0005,_250m_16_days_NDVI,aid0005,2023-07-28,1138132.0,-0.2,0.956,"(-0.2,0.956)",0.6659943,0.1340975,0.0179821,0.7509,0.956,0.6948,0.3984,0.6099
MOD13Q1_061__250m_16_days_NDVI_doy2023225000000_aid0005,_250m_16_days_NDVI,aid0005,2023-08-13,1139672.0,-0.2,0.9756,"(-0.2,0.9756)",0.6601918,0.1356219,0.0183933,0.7446,0.9502,0.6858,0.3889,0.6023
MOD13Q1_061__250m_16_days_NDVI_doy2023241000000_aid0005,_250m_16_days_NDVI,aid0005,2023-08-29,1146826.0,-0.1997,0.9624,"(-0.1997,0.9624)",0.6395223,0.14248,0.0203005,0.7252,0.9473,0.6651,0.355,0.5771
MOD13Q1_061__250m_16_days_NDVI_doy2023257000000_aid0005,_250m_16_days_NDVI,aid0005,2023-09-14,1139291.0,-0.2,0.9767,"(-0.2,0.9767)",0.6783324,0.1405744,0.0197612,0.7607,0.9543,0.707,0.4365,0.631
MOD13Q1_061__250m_16_days_NDVI_doy2023273000000_aid0005,_250m_16_days_NDVI,aid0005,2023-09-30,1140979.0,-0.2,0.9519,"(-0.2,0.9519)",0.6651354,0.1459018,0.0212873,0.7563,0.9519,0.6991,0.3911,0.6102
MOD13Q1_061__250m_16_days_NDVI_doy2023289000000_aid0005,_250m_16_days_NDVI,aid0005,2023-10-16,1145870.0,-0.2,0.9994,"(-0.2,0.9994)",0.6235097,0.1472958,0.0216961,0.7285,0.9874,0.658,0.2863,0.5516
MOD13Q1_061__250m_16_days_NDVI_doy2023305000000_aid0005,_250m_16_days_NDVI,aid0005,2023-11-01,1142792.0,-0.2,0.9888,"(-0.2,0.9888)",0.6296805,0.1546244,0.0239087,0.7367,0.9888,0.6741,0.2887,0.5575
MOD13Q1_061__250m_16_days_NDVI_doy2023321000000_aid0005,_250m_16_days_NDVI,aid0005,2023-11-17,1144487.0,-0.2,0.9991,"(-0.2,0.9991)",0.6414371,0.1718462,0.0295311,0.7656,0.9991,0.6981,0.2371,0.5542
MOD13Q1_061__250m_16_days_NDVI_doy2023337000000_aid0005,_250m_16_days_NDVI,aid0005,2023-12-03,1138830.0,-0.2,0.9986,"(-0.2,0.9986)",0.6587466,0.1617987,0.0261788,0.7798,0.9986,0.7084,0.2648,0.5738
MOD13Q1_061__250m_16_days_NDVI_doy2023353000000_aid0005,_250m_16_days_NDVI,aid0005,2023-12-19,1140492.0,-0.2,0.99,"(-0.2,0.99)",0.6675137,0.1524024,0.0232265,0.7768,0.99,0.7107,0.3198,0.594
MOD13Q1_061__250m_16_days_NDVI_doy2015353000000_aid0006,_250m_16_days_NDVI,aid0006,2015-12-19,2372545.0,-0.2,0.9985,"(-0.2,0.9985)",0.6343312,0.1695417,0.0287444,0.7564,0.9985,0.6646,0.2222,0.5427
MOD13Q1_061__250m_16_days_NDVI_doy2016001000000_aid0006,_250m_16_days_NDVI,aid0006,2016-01-01,2344201.0,-0.2,0.9978,"(-0.2,0.9978)",0.6920837,0.1798554,0.032348,0.8125,0.9978,0.7175,0.3273,0.6184
MOD13Q1_061__250m_16_days_NDVI_doy2016017000000_aid0006,_250m_16_days_NDVI,aid0006,2016-01-17,2295040.0,-0.2,0.9971,"(-0.2,0.9971)",0.6770704,0.216106,0.0467018,0.8314,0.9971,0.7048,0.2432,0.5961
MOD13Q1_061__250m_16_days_NDVI_doy2016033000000_aid0006,_250m_16_days_NDVI,aid0006,2016-02-02,2226501.0,-0.2,0.9987,"(-0.2,0.9987)",0.7160574,0.1928202,0.0371796,0.8615,0.9987,0.7387,0.2998,0.6368
MOD13Q1_061__250m_16_days_NDVI_doy2016049000000_aid0006,_250m_16_days_NDVI,aid0006,2016-02-18,2292221.0,-0.2,0.9794,"(-0.2,0.9794)",0.6988152,0.2389271,0.0570861,0.8493,0.9794,0.7713,0.3783,0.6609
MOD13Q1_061__250m_16_days_NDVI_doy2016065000000_aid0006,_250m_16_days_NDVI,aid0006,2016-03-05,2193941.0,-0.2,0.9992,"(-0.2,0.9992)",0.6975024,0.173439,0.0300811,0.8028,0.9992,0.7361,0.4173,0.6486
MOD13Q1_061__250m_16_days_NDVI_doy2016081000000_aid0006,_250m_16_days_NDVI,aid0006,2016-03-21,2166480.0,-0.2,0.9929,"(-0.2,0.9929)",0.5799174,0.1579272,0.024941,0.6984,0.9929,0.6027,0.1587,0.4825
MOD13Q1_061__250m_16_days_NDVI_doy2016097000000_aid0006,_250m_16_days_NDVI,aid0006,2016-04-06,2350670.0,-0.2,0.989,"(-0.2,0.989)",0.4635578,0.2177337,0.047408,0.6174,0.9516,0.4927,0.0214,0.379
MOD13Q1_061__250m_16_days_NDVI_doy2016113000000_aid0006,_250m_16_days_NDVI,aid0006,2016-04-22,2139183.0,-0.2,0.9895,"(-0.2,0.9895)",0.4765917,0.1544149,0.023844,0.5873,0.9003,0.4699,0.0628,0.3775
MOD13Q1_061__250m_16_days_NDVI_doy2016129000000_aid0006,_250m_16_days_NDVI,aid0006,2016-05-08,2161420.0,-0.2,0.9566,"(-0.2,0.9566)",0.4552465,0.1544487,0.0238544,0.5611,0.8635,0.4513,0.0571,0.3595
MOD13Q1_061__250m_16_days_NDVI_doy2016145000000_aid0006,_250m_16_days_NDVI,aid0006,2016-05-24,2174240.0,-0.2,0.9208,"(-0.2,0.9208)",0.4584049,0.1475083,0.0217587,0.5609,0.8454,0.4647,0.0867,0.3712
MOD13Q1_061__250m_16_days_NDVI_doy2016161000000_aid0006,_250m_16_days_NDVI,aid0006,2016-06-09,2175868.0,-0.2,0.9423,"(-0.2,0.9423)",0.4432964,0.1341897,0.0180069,0.5354,0.797,0.445,0.0994,0.361
MOD13Q1_061__250m_16_days_NDVI_doy2016177000000_aid0006,_250m_16_days_NDVI,aid0006,2016-06-25,2270428.0,-0.2,0.9503,"(-0.2,0.9503)",0.4435797,0.1734724,0.0300927,0.562,0.8525,0.4628,0.0778,0.3683
MOD13Q1_061__250m_16_days_NDVI_doy2016193000000_aid0006,_250m_16_days_NDVI,aid0006,2016-07-11,2287610.0,-0.2,0.9744,"(-0.2,0.9744)",0.4476124,0.1757709,0.0308954,0.5609,0.8316,0.4721,0.1097,0.3804
MOD13Q1_061__250m_16_days_NDVI_doy2016209000000_aid0006,_250m_16_days_NDVI,aid0006,2016-07-27,2231726.0,-0.2,0.9474,"(-0.2,0.9474)",0.4939761,0.1511694,0.0228522,0.593,0.8739,0.5085,0.1248,0.4057
MOD13Q1_061__250m_16_days_NDVI_doy2016225000000_aid0006,_250m_16_days_NDVI,aid0006,2016-08-12,2298810.0,-0.2,0.9895,"(-0.2,0.9895)",0.4926111,0.1692917,0.0286597,0.6066,0.9357,0.5078,0.0581,0.3872
MOD13Q1_061__250m_16_days_NDVI_doy2016241000000_aid0006,_250m_16_days_NDVI,aid0006,2016-08-28,2317690.0,-0.2,0.959,"(-0.2,0.959)",0.4979093,0.1718566,0.0295347,0.6193,0.959,0.5106,0.0156,0.3778
MOD13Q1_061__250m_16_days_NDVI_doy2016257000000_aid0006,_250m_16_days_NDVI,aid0006,2016-09-13,2330111.0,-0.2,0.9671,"(-0.2,0.9671)",0.5018065,0.1726384,0.029804,0.6298,0.9671,0.514,-0.0134,0.3725
MOD13Q1_061__250m_16_days_NDVI_doy2016273000000_aid0006,_250m_16_days_NDVI,aid0006,2016-09-29,2356227.0,-0.2,0.9681,"(-0.2,0.9681)",0.5058305,0.1704505,0.0290534,0.6358,0.9681,0.5196,-0.0169,0.3747
MOD13Q1_061__250m_16_days_NDVI_doy2016289000000_aid0006,_250m_16_days_NDVI,aid0006,2016-10-15,2374871.0,-0.2,0.9822,"(-0.2,0.9822)",0.5512106,0.1813174,0.032876,0.6918,0.9822,0.5818,0.0223,0.424
MOD13Q1_061__250m_16_days_NDVI_doy2016305000000_aid0006,_250m_16_days_NDVI,aid0006,2016-10-31,2354582.0,-0.2,0.9914,"(-0.2,0.9914)",0.546139,0.1794124,0.0321888,0.6877,0.9914,0.5688,0.012,0.4174
MOD13Q1_061__250m_16_days_NDVI_doy2016321000000_aid0006,_250m_16_days_NDVI,aid0006,2016-11-16,2357713.0,-0.2,0.9889,"(-0.2,0.9889)",0.5367103,0.1778213,0.0316204,0.6777,0.9889,0.5502,-0.0363,0.3921
MOD13Q1_061__250m_16_days_NDVI_doy2016337000000_aid0006,_250m_16_days_NDVI,aid0006,2016-12-02,2367015.0,-0.2,0.9974,"(-0.2,0.9974)",0.552893,0.1807363,0.0326656,0.6978,0.9974,0.5661,-0.0032,0.4174
MOD13Q1_061__250m_16_days_NDVI_doy2016353000000_aid0006,_250m_16_days_NDVI,aid0006,2016-12-18,2357093.0,-0.2,0.9991,"(-0.2,0.9991)",0.5833902,0.1753508,0.0307479,0.7167,0.9991,0.6031,0.0875,0.465
MOD13Q1_061__250m_16_days_NDVI_doy2017001000000_aid0006,_250m_16_days_NDVI,aid0006,2017-01-01,2379981.0,-0.2,0.9994,"(-0.2,0.9994)",0.6906212,0.1720941,0.0296164,0.7993,0.9994,0.7287,0.3768,0.6303
MOD13Q1_061__250m_16_days_NDVI_doy2017017000000_aid0006,_250m_16_days_NDVI,aid0006,2017-01-17,2366707.0,-0.2,0.9986,"(-0.2,0.9986)",0.71133,0.1686899,0.0284563,0.8168,0.9986,0.7462,0.3921,0.6469
MOD13Q1_061__250m_16_days_NDVI_doy2017033000000_aid0006,_250m_16_days_NDVI,aid0006,2017-02-02,2375406.0,-0.2,0.9996,"(-0.2,0.9996)",0.7085259,0.1804693,0.0325692,0.8256,0.9996,0.739,0.3634,0.6407
MOD13Q1_061__250m_16_days_NDVI_doy2017049000000_aid0006,_250m_16_days_NDVI,aid0006,2017-02-18,2357816.0,-0.2,0.9996,"(-0.2,0.9996)",0.7482725,0.1624492,0.0263897,0.8526,0.9996,0.7781,0.4589,0.6951
MOD13Q1_061__250m_16_days_NDVI_doy2017065000000_aid0006,_250m_16_days_NDVI,aid0006,2017-03-06,2349228.0,-0.2,0.9679,"(-0.2,0.9679)",0.7122926,0.1553705,0.02414,0.8117,0.9679,0.7455,0.4077,0.6501
MOD13Q1_061__250m_16_days_NDVI_doy2017081000000_aid0006,_250m_16_days_NDVI,aid0006,2017-03-22,2348562.0,-0.2,0.9964,"(-0.2,0.9964)",0.6214322,0.160025,0.025608,0.7399,0.9964,0.6533,0.2127,0.529
MOD13Q1_061__250m_16_days_NDVI_doy2017097000000_aid0006,_250m_16_days_NDVI,aid0006,2017-04-07,2362270.0,-0.2,0.9681,"(-0.2,0.9681)",0.5468985,0.1725047,0.0297579,0.6836,0.9681,0.5707,0.0334,0.4235
MOD13Q1_061__250m_16_days_NDVI_doy2017113000000_aid0006,_250m_16_days_NDVI,aid0006,2017-04-23,2342885.0,-0.2,0.9015,"(-0.2,0.9015)",0.510843,0.1654123,0.0273612,0.6453,0.9015,0.5185,-0.0187,0.3797
MOD13Q1_061__250m_16_days_NDVI_doy2017129000000_aid0006,_250m_16_days_NDVI,aid0006,2017-05-09,2353752.0,-0.2,0.98,"(-0.2,0.98)",0.5399472,0.1590662,0.025302,0.6609,0.98,0.5547,0.1007,0.4368
MOD13Q1_061__250m_16_days_NDVI_doy2017145000000_aid0006,_250m_16_days_NDVI,aid0006,2017-05-25,2361933.0,-0.2,0.9748,"(-0.2,0.9748)",0.5182903,0.1569047,0.0246191,0.6345,0.954,0.5339,0.0988,0.4202
MOD13Q1_061__250m_16_days_NDVI_doy2017161000000_aid0006,_250m_16_days_NDVI,aid0006,2017-06-10,2330759.0,-0.2,0.9705,"(-0.2,0.9705)",0.492435,0.1453409,0.021124,0.6025,0.919,0.4984,0.0695,0.3893
MOD13Q1_061__250m_16_days_NDVI_doy2017177000000_aid0006,_250m_16_days_NDVI,aid0006,2017-06-26,2356867.0,-0.2,0.9885,"(-0.2,0.9885)",0.4665787,0.1588516,0.0252338,0.5836,0.9084,0.4663,0.0379,0.3653
MOD13Q1_061__250m_16_days_NDVI_doy2017193000000_aid0006,_250m_16_days_NDVI,aid0006,2017-07-12,2311507.0,-0.2,0.9911,"(-0.2,0.9911)",0.4969729,0.147472,0.021748,0.6039,0.9084,0.5041,0.0964,0.4009
MOD13Q1_061__250m_16_days_NDVI_doy2017209000000_aid0006,_250m_16_days_NDVI,aid0006,2017-07-28,2341243.0,-0.2,0.9519,"(-0.2,0.9519)",0.516023,0.1547097,0.0239351,0.6269,0.9474,0.5275,0.0862,0.4106
MOD13Q1_061__250m_16_days_NDVI_doy2017225000000_aid0006,_250m_16_days_NDVI,aid0006,2017-08-13,2351119.0,-0.2,0.9507,"(-0.2,0.9507)",0.5225378,0.1717518,0.0294987,0.6434,0.9507,0.5382,0.0392,0.4017
MOD13Q1_061__250m_16_days_NDVI_doy2017241000000_aid0006,_250m_16_days_NDVI,aid0006,2017-08-29,2363266.0,-0.2,0.9936,"(-0.2,0.9936)",0.5581449,0.1849086,0.0341912,0.6952,0.9936,0.5838,0.0275,0.4281
MOD13Q1_061__250m_16_days_NDVI_doy2017257000000_aid0006,_250m_16_days_NDVI,aid0006,2017-09-14,2358734.0,-0.2,0.9508,"(-0.2,0.9508)",0.5776059,0.1774306,0.0314816,0.7152,0.9508,0.6095,0.0522,0.45
MOD13Q1_061__250m_16_days_NDVI_doy2017273000000_aid0006,_250m_16_days_NDVI,aid0006,2017-09-30,2369649.0,-0.2,0.9331,"(-0.2,0.9331)",0.5867758,0.1812121,0.0328378,0.7322,0.9331,0.6245,0.052,0.4601
MOD13Q1_061__250m_16_days_NDVI_doy2017289000000_aid0006,_250m_16_days_NDVI,aid0006,2017-10-16,2362275.0,-0.2,0.9919,"(-0.2,0.9919)",0.580881,0.1755165,0.030806,0.7208,0.9919,0.6145,0.0663,0.459
MOD13Q1_061__250m_16_days_NDVI_doy2017305000000_aid0006,_250m_16_days_NDVI,aid0006,2017-11-01,2352255.0,-0.2,0.9936,"(-0.2,0.9936)",0.5472338,0.1755249,0.030809,0.6919,0.9936,0.5632,-0.0066,0.4125
MOD13Q1_061__250m_16_days_NDVI_doy2017321000000_aid0006,_250m_16_days_NDVI,aid0006,2017-11-17,2362855.0,-0.2,0.9942,"(-0.2,0.9942)",0.5074961,0.1756552,0.0308547,0.6511,0.9942,0.519,-0.0791,0.359
MOD13Q1_061__250m_16_days_NDVI_doy2017337000000_aid0006,_250m_16_days_NDVI,aid0006,2017-12-03,2365234.0,-0.2,0.9525,"(-0.2,0.9525)",0.544191,0.1695298,0.0287403,0.6689,0.9525,0.5589,0.0792,0.433
MOD13Q1_061__250m_16_days_NDVI_doy2017353000000_aid0006,_250m_16_days_NDVI,aid0006,2017-12-19,2357676.0,-0.2,0.9987,"(-0.2,0.9987)",0.6391419,0.1618418,0.0261928,0.7577,0.9987,0.6609,0.2437,0.5521
MOD13Q1_061__250m_16_days_NDVI_doy2018001000000_aid0006,_250m_16_days_NDVI,aid0006,2018-01-01,2354683.0,-0.2,0.9886,"(-0.2,0.9886)",0.6432856,0.1598924,0.0255656,0.76,0.9886,0.6537,0.2363,0.5505
MOD13Q1_061__250m_16_days_NDVI_doy2018017000000_aid0006,_250m_16_days_NDVI,aid0006,2018-01-17,2365662.0,-0.2,0.9981,"(-0.2,0.9981)",0.6777558,0.1744908,0.030447,0.8032,0.9981,0.6916,0.242,0.5787
MOD13Q1_061__250m_16_days_NDVI_doy2018033000000_aid0006,_250m_16_days_NDVI,aid0006,2018-02-02,2353603.0,-0.2,0.9974,"(-0.2,0.9974)",0.6531756,0.1688929,0.0285248,0.7832,0.9974,0.6554,0.1647,0.5358
MOD13Q1_061__250m_16_days_NDVI_doy2018049000000_aid0006,_250m_16_days_NDVI,aid0006,2018-02-18,2355261.0,-0.2,0.9779,"(-0.2,0.9779)",0.6290326,0.167974,0.0282153,0.7635,0.9779,0.6271,0.1253,0.5082
MOD13Q1_061__250m_16_days_NDVI_doy2018065000000_aid0006,_250m_16_days_NDVI,aid0006,2018-03-06,2352807.0,-0.2,0.9667,"(-0.2,0.9667)",0.6019658,0.1542323,0.0237876,0.7259,0.9667,0.5994,0.1439,0.4931
MOD13Q1_061__250m_16_days_NDVI_doy2018081000000_aid0006,_250m_16_days_NDVI,aid0006,2018-03-22,2348681.0,-0.2,0.9793,"(-0.2,0.9793)",0.505241,0.1435364,0.0206027,0.6021,0.8973,0.495,0.1101,0.4053
MOD13Q1_061__250m_16_days_NDVI_doy2018097000000_aid0006,_250m_16_days_NDVI,aid0006,2018-04-07,2367297.0,-0.2,0.9848,"(-0.2,0.9848)",0.4801968,0.1652985,0.0273236,0.6011,0.9669,0.4815,-0.0194,0.3529
MOD13Q1_061__250m_16_days_NDVI_doy2018113000000_aid0006,_250m_16_days_NDVI,aid0006,2018-04-23,2400164.0,-0.2,0.9994,"(-0.2,0.9994)",0.5144624,0.1872171,0.0350503,0.6605,0.9994,0.5421,0.0255,0.4065
MOD13Q1_061__250m_16_days_NDVI_doy2018129000000_aid0006,_250m_16_days_NDVI,aid0006,2018-05-09,2344479.0,-0.2,0.9663,"(-0.2,0.9663)",0.5966868,0.1507675,0.0227309,0.7138,0.9663,0.6204,0.1868,0.503
MOD13Q1_061__250m_16_days_NDVI_doy2018145000000_aid0006,_250m_16_days_NDVI,aid0006,2018-05-25,2354286.0,-0.2,0.9952,"(-0.2,0.9952)",0.5397697,0.162064,0.0262647,0.6751,0.9952,0.5552,0.0311,0.4175
MOD13Q1_061__250m_16_days_NDVI_doy2018161000000_aid0006,_250m_16_days_NDVI,aid0006,2018-06-10,2347606.0,-0.2,0.9892,"(-0.2,0.9892)",0.4898594,0.1539303,0.0236945,0.6188,0.9892,0.4915,-0.0172,0.3644
MOD13Q1_061__250m_16_days_NDVI_doy2018177000000_aid0006,_250m_16_days_NDVI,aid0006,2018-06-26,2374223.0,-0.2,0.9384,"(-0.2,0.9384)",0.4570314,0.1553409,0.0241308,0.5783,0.9077,0.4496,-0.0034,0.3456
MOD13Q1_061__250m_16_days_NDVI_doy2018193000000_aid0006,_250m_16_days_NDVI,aid0006,2018-07-12,2377942.0,-0.2,0.9256,"(-0.2,0.9256)",0.4623336,0.1484606,0.0220405,0.5754,0.9036,0.4608,0.0272,0.3561
MOD13Q1_061__250m_16_days_NDVI_doy2018209000000_aid0006,_250m_16_days_NDVI,aid0006,2018-07-28,2371580.0,-0.2,0.9439,"(-0.2,0.9439)",0.4829331,0.1501278,0.0225383,0.598,0.9349,0.4896,0.0355,0.373
MOD13Q1_061__250m_16_days_NDVI_doy2018225000000_aid0006,_250m_16_days_NDVI,aid0006,2018-08-13,2367100.0,-0.2,0.9956,"(-0.2,0.9956)",0.4934272,0.1619331,0.0262223,0.618,0.9898,0.4995,-0.0037,0.3693
MOD13Q1_061__250m_16_days_NDVI_doy2018241000000_aid0006,_250m_16_days_NDVI,aid0006,2018-08-29,2366061.0,-0.2,0.964,"(-0.2,0.964)",0.519853,0.178287,0.0317863,0.6586,0.964,0.5294,-0.0356,0.3809
MOD13Q1_061__250m_16_days_NDVI_doy2018257000000_aid0006,_250m_16_days_NDVI,aid0006,2018-09-14,2376772.0,-0.2,0.993,"(-0.2,0.993)",0.549658,0.1885998,0.0355699,0.7002,0.993,0.5728,-0.0508,0.3998
MOD13Q1_061__250m_16_days_NDVI_doy2018273000000_aid0006,_250m_16_days_NDVI,aid0006,2018-09-30,2381534.0,-0.2,0.997,"(-0.2,0.997)",0.5705801,0.1925447,0.0370735,0.7272,0.997,0.6077,-0.0228,0.4272
MOD13Q1_061__250m_16_days_NDVI_doy2018289000000_aid0006,_250m_16_days_NDVI,aid0006,2018-10-16,2379185.0,-0.2,0.997,"(-0.2,0.997)",0.5499046,0.190224,0.0361852,0.7099,0.997,0.5815,-0.0668,0.3992
MOD13Q1_061__250m_16_days_NDVI_doy2018305000000_aid0006,_250m_16_days_NDVI,aid0006,2018-11-01,2381275.0,-0.2,0.9821,"(-0.2,0.9821)",0.5537501,0.1902978,0.0362133,0.7086,0.9821,0.5798,-0.0346,0.4113
MOD13Q1_061__250m_16_days_NDVI_doy2018321000000_aid0006,_250m_16_days_NDVI,aid0006,2018-11-17,2372707.0,-0.2,0.9985,"(-0.2,0.9985)",0.5374451,0.2040368,0.041631,0.714,0.9985,0.5643,-0.1812,0.3559
MOD13Q1_061__250m_16_days_NDVI_doy2018337000000_aid0006,_250m_16_days_NDVI,aid0006,2018-12-03,2368179.0,-0.2,0.9702,"(-0.2,0.9702)",0.5581318,0.1787607,0.0319554,0.7079,0.9702,0.584,-0.0221,0.4159
MOD13Q1_061__250m_16_days_NDVI_doy2018353000000_aid0006,_250m_16_days_NDVI,aid0006,2018-12-19,2364205.0,-0.2,0.9953,"(-0.2,0.9953)",0.6426862,0.1509145,0.0227752,0.7535,0.9953,0.675,0.266,0.5585
MOD13Q1_061__250m_16_days_NDVI_doy2019001000000_aid0006,_250m_16_days_NDVI,aid0006,2019-01-01,2378750.0,-0.2,0.999,"(-0.2,0.999)",0.7083258,0.158434,0.0251013,0.8063,0.999,0.7415,0.4176,0.6508
MOD13Q1_061__250m_16_days_NDVI_doy2019017000000_aid0006,_250m_16_days_NDVI,aid0006,2019-01-17,2383818.0,-0.2,0.9993,"(-0.2,0.9993)",0.7054375,0.1826216,0.0333507,0.8186,0.9993,0.7429,0.3761,0.6416
MOD13Q1_061__250m_16_days_NDVI_doy2019033000000_aid0006,_250m_16_days_NDVI,aid0006,2019-02-02,2369931.0,-0.2,0.999,"(-0.2,0.999)",0.7302391,0.1660987,0.0275888,0.8426,0.999,0.7522,0.3894,0.6613
MOD13Q1_061__250m_16_days_NDVI_doy2019049000000_aid0006,_250m_16_days_NDVI,aid0006,2019-02-18,2386718.0,-0.2,0.997,"(-0.2,0.997)",0.706697,0.1769387,0.0313073,0.8251,0.997,0.7296,0.3556,0.6373
MOD13Q1_061__250m_16_days_NDVI_doy2019065000000_aid0006,_250m_16_days_NDVI,aid0006,2019-03-06,2362074.0,-0.2,0.9982,"(-0.2,0.9982)",0.705269,0.1521444,0.0231479,0.8034,0.9982,0.7272,0.4057,0.6443
MOD13Q1_061__250m_16_days_NDVI_doy2019081000000_aid0006,_250m_16_days_NDVI,aid0006,2019-03-22,2357050.0,-0.2,0.9818,"(-0.2,0.9818)",0.6300202,0.1521575,0.0231519,0.7365,0.9818,0.6597,0.2775,0.5529
MOD13Q1_061__250m_16_days_NDVI_doy2019097000000_aid0006,_250m_16_days_NDVI,aid0006,2019-04-07,2354244.0,-0.2,0.9194,"(-0.2,0.9194)",0.5411466,0.1628164,0.0265092,0.6739,0.9194,0.564,0.0257,0.4146
MOD13Q1_061__250m_16_days_NDVI_doy2019113000000_aid0006,_250m_16_days_NDVI,aid0006,2019-04-23,2361914.0,-0.2,0.9959,"(-0.2,0.9959)",0.5242258,0.1648388,0.0271718,0.6577,0.9959,0.5422,0.017,0.4014
MOD13Q1_061__250m_16_days_NDVI_doy2019129000000_aid0006,_250m_16_days_NDVI,aid0006,2019-05-09,2368512.0,-0.2,0.919,"(-0.2,0.919)",0.5397715,0.1581416,0.0250088,0.6647,0.919,0.5556,0.0825,0.4318
MOD13Q1_061__250m_16_days_NDVI_doy2019145000000_aid0006,_250m_16_days_NDVI,aid0006,2019-05-25,2372382.0,-0.2,0.9668,"(-0.2,0.9668)",0.5362537,0.1584846,0.0251174,0.6593,0.9668,0.5565,0.0986,0.435
MOD13Q1_061__250m_16_days_NDVI_doy2019161000000_aid0006,_250m_16_days_NDVI,aid0006,2019-06-10,2387103.0,-0.2,0.9937,"(-0.2,0.9937)",0.5155948,0.1762026,0.0310474,0.648,0.9937,0.5405,0.0668,0.4155
MOD13Q1_061__250m_16_days_NDVI_doy2019177000000_aid0006,_250m_16_days_NDVI,aid0006,2019-06-26,2323336.0,-0.2,0.9826,"(-0.2,0.9826)",0.5113606,0.1590524,0.0252977,0.6306,0.9117,0.528,0.0994,0.4181
MOD13Q1_061__250m_16_days_NDVI_doy2019193000000_aid0006,_250m_16_days_NDVI,aid0006,2019-07-12,2349906.0,-0.2,0.9915,"(-0.2,0.9915)",0.4940259,0.1550934,0.024054,0.6025,0.9007,0.5063,0.105,0.4035
MOD13Q1_061__250m_16_days_NDVI_doy2019209000000_aid0006,_250m_16_days_NDVI,aid0006,2019-07-28,2334494.0,-0.2,0.9475,"(-0.2,0.9475)",0.518608,0.1550375,0.0240366,0.6233,0.9312,0.5315,0.1101,0.418
MOD13Q1_061__250m_16_days_NDVI_doy2019225000000_aid0006,_250m_16_days_NDVI,aid0006,2019-08-13,2375493.0,-0.2,0.9582,"(-0.2,0.9582)",0.48775,0.1608081,0.0258593,0.5939,0.9068,0.4988,0.0724,0.3853
MOD13Q1_061__250m_16_days_NDVI_doy2019241000000_aid0006,_250m_16_days_NDVI,aid0006,2019-08-29,2379842.0,-0.2,0.9724,"(-0.2,0.9724)",0.5142055,0.1729955,0.0299274,0.6318,0.9724,0.5274,0.0338,0.3926
MOD13Q1_061__250m_16_days_NDVI_doy2019257000000_aid0006,_250m_16_days_NDVI,aid0006,2019-09-14,2368944.0,-0.2,0.9631,"(-0.2,0.9631)",0.5286033,0.1780616,0.0317059,0.6573,0.9631,0.5446,0.0006,0.3946
MOD13Q1_061__250m_16_days_NDVI_doy2019273000000_aid0006,_250m_16_days_NDVI,aid0006,2019-09-30,2389363.0,-0.2,0.9948,"(-0.2,0.9948)",0.5414485,0.1837408,0.0337607,0.6863,0.9948,0.5692,-0.0209,0.4034
MOD13Q1_061__250m_16_days_NDVI_doy2019289000000_aid0006,_250m_16_days_NDVI,aid0006,2019-10-16,2381925.0,-0.2,0.9624,"(-0.2,0.9624)",0.5999352,0.1821545,0.0331803,0.7462,0.9624,0.643,0.0647,0.4736
MOD13Q1_061__250m_16_days_NDVI_doy2019305000000_aid0006,_250m_16_days_NDVI,aid0006,2019-11-01,2396270.0,-0.2,0.9913,"(-0.2,0.9913)",0.5727025,0.1819086,0.0330907,0.719,0.9913,0.5987,0.0343,0.4451
MOD13Q1_061__250m_16_days_NDVI_doy2019321000000_aid0006,_250m_16_days_NDVI,aid0006,2019-11-17,2385569.0,-0.2,0.999,"(-0.2,0.999)",0.5655156,0.1914845,0.0366663,0.7295,0.999,0.5902,-0.0997,0.3978
MOD13Q1_061__250m_16_days_NDVI_doy2019337000000_aid0006,_250m_16_days_NDVI,aid0006,2019-12-03,2383548.0,-0.2,0.9458,"(-0.2,0.9458)",0.5802486,0.1700264,0.028909,0.7136,0.9458,0.5997,0.0784,0.4595
MOD13Q1_061__250m_16_days_NDVI_doy2019353000000_aid0006,_250m_16_days_NDVI,aid0006,2019-12-19,2380128.0,-0.2,0.9978,"(-0.2,0.9978)",0.6657128,0.1501458,0.0225438,0.776,0.9978,0.6939,0.2975,0.5846
MOD13Q1_061__250m_16_days_NDVI_doy2020001000000_aid0006,_250m_16_days_NDVI,aid0006,2020-01-01,2400488.0,-0.2,0.9965,"(-0.2,0.9965)",0.7062872,0.1551859,0.0240827,0.8051,0.9965,0.7353,0.4001,0.6431
MOD13Q1_061__250m_16_days_NDVI_doy2020017000000_aid0006,_250m_16_days_NDVI,aid0006,2020-01-17,2391957.0,-0.2,0.9989,"(-0.2,0.9989)",0.7470902,0.1526417,0.0232995,0.8437,0.9989,0.7694,0.448,0.6854
MOD13Q1_061__250m_16_days_NDVI_doy2020033000000_aid0006,_250m_16_days_NDVI,aid0006,2020-02-02,2382859.0,-0.2,0.995,"(-0.2,0.995)",0.7277276,0.147363,0.0217159,0.8301,0.995,0.7454,0.3876,0.6531
MOD13Q1_061__250m_16_days_NDVI_doy2020049000000_aid0006,_250m_16_days_NDVI,aid0006,2020-02-18,2392644.0,-0.2,0.9717,"(-0.2,0.9717)",0.71814,0.1664778,0.0277149,0.8339,0.9717,0.7404,0.3637,0.6458
MOD13Q1_061__250m_16_days_NDVI_doy2020065000000_aid0006,_250m_16_days_NDVI,aid0006,2020-03-05,2396899.0,-0.2,0.9851,"(-0.2,0.9851)",0.6603354,0.1640298,0.0269058,0.7719,0.9851,0.6887,0.2989,0.5827
MOD13Q1_061__250m_16_days_NDVI_doy2020081000000_aid0006,_250m_16_days_NDVI,aid0006,2020-03-21,2379049.0,-0.2,0.9344,"(-0.2,0.9344)",0.6207265,0.1567036,0.024556,0.7372,0.9344,0.6526,0.2002,0.5224
MOD13Q1_061__250m_16_days_NDVI_doy2020097000000_aid0006,_250m_16_days_NDVI,aid0006,2020-04-06,2390221.0,-0.2,0.9006,"(-0.2,0.9006)",0.5470687,0.166669,0.0277786,0.6828,0.9006,0.575,0.0183,0.417
MOD13Q1_061__250m_16_days_NDVI_doy2020113000000_aid0006,_250m_16_days_NDVI,aid0006,2020-04-22,2400566.0,-0.2,0.9038,"(-0.2,0.9038)",0.5138675,0.159972,0.025591,0.6414,0.9038,0.5327,0.0197,0.3927
MOD13Q1_061__250m_16_days_NDVI_doy2020129000000_aid0006,_250m_16_days_NDVI,aid0006,2020-05-08,2382652.0,-0.2,0.9232,"(-0.2,0.9232)",0.4821628,0.1505137,0.0226544,0.6071,0.9232,0.4917,-0.0284,0.3529
MOD13Q1_061__250m_16_days_NDVI_doy2020145000000_aid0006,_250m_16_days_NDVI,aid0006,2020-05-24,2378300.0,-0.2,0.9181,"(-0.2,0.9181)",0.4625009,0.1476098,0.0217887,0.5837,0.9181,0.4645,-0.0473,0.3313
MOD13Q1_061__250m_16_days_NDVI_doy2020161000000_aid0006,_250m_16_days_NDVI,aid0006,2020-06-09,2379581.0,-0.2,0.9343,"(-0.2,0.9343)",0.4359486,0.1384285,0.0191624,0.5373,0.8593,0.4247,0.0006,0.3226
MOD13Q1_061__250m_16_days_NDVI_doy2020177000000_aid0006,_250m_16_days_NDVI,aid0006,2020-06-25,2378198.0,-0.2,0.9131,"(-0.2,0.9131)",0.4412574,0.1386712,0.0192297,0.5432,0.8603,0.4266,0.0147,0.3318
MOD13Q1_061__250m_16_days_NDVI_doy2020193000000_aid0006,_250m_16_days_NDVI,aid0006,2020-07-11,2399121.0,-0.2,0.9391,"(-0.2,0.9391)",0.42798,0.1424124,0.0202813,0.5316,0.8443,0.4167,0.0104,0.3231
MOD13Q1_061__250m_16_days_NDVI_doy2020209000000_aid0006,_250m_16_days_NDVI,aid0006,2020-07-27,2383978.0,-0.2,0.9727,"(-0.2,0.9727)",0.4184337,0.1350365,0.0182349,0.5138,0.8108,0.4021,0.0188,0.3158
MOD13Q1_061__250m_16_days_NDVI_doy2020225000000_aid0006,_250m_16_days_NDVI,aid0006,2020-08-12,2381334.0,-0.2,0.9458,"(-0.2,0.9458)",0.4189125,0.1402063,0.0196578,0.5176,0.8308,0.4004,-0.0044,0.3088
MOD13Q1_061__250m_16_days_NDVI_doy2020241000000_aid0006,_250m_16_days_NDVI,aid0006,2020-08-28,2402288.0,-0.2,0.9662,"(-0.2,0.9662)",0.4300753,0.1573992,0.0247745,0.5407,0.8845,0.4112,-0.0323,0.3115
MOD13Q1_061__250m_16_days_NDVI_doy2020257000000_aid0006,_250m_16_days_NDVI,aid0006,2020-09-13,2384080.0,-0.2,0.9547,"(-0.2,0.9547)",0.4415893,0.1669252,0.027864,0.5673,0.9547,0.424,-0.0982,0.3011
MOD13Q1_061__250m_16_days_NDVI_doy2020273000000_aid0006,_250m_16_days_NDVI,aid0006,2020-09-29,2381547.0,-0.2,0.9283,"(-0.2,0.9283)",0.4434481,0.1538581,0.0236723,0.5606,0.9283,0.4295,-0.0534,0.315
MOD13Q1_061__250m_16_days_NDVI_doy2020289000000_aid0006,_250m_16_days_NDVI,aid0006,2020-10-15,2386681.0,-0.2,0.9231,"(-0.2,0.9231)",0.4537454,0.1493332,0.0223004,0.5673,0.9164,0.4484,-0.0149,0.3344
MOD13Q1_061__250m_16_days_NDVI_doy2020305000000_aid0006,_250m_16_days_NDVI,aid0006,2020-10-31,2389963.0,-0.2,0.9896,"(-0.2,0.9896)",0.452267,0.1443728,0.0208435,0.5617,0.8974,0.446,0.001,0.3374
MOD13Q1_061__250m_16_days_NDVI_doy2020321000000_aid0006,_250m_16_days_NDVI,aid0006,2020-11-16,2387640.0,-0.2,0.9936,"(-0.2,0.9936)",0.4947163,0.1674388,0.0280358,0.6291,0.9936,0.4947,-0.0681,0.3502
MOD13Q1_061__250m_16_days_NDVI_doy2020337000000_aid0006,_250m_16_days_NDVI,aid0006,2020-12-02,2384905.0,-0.2,0.9918,"(-0.2,0.9918)",0.5477531,0.1702492,0.0289848,0.6833,0.9918,0.5579,0.0216,0.4186
MOD13Q1_061__250m_16_days_NDVI_doy2020353000000_aid0006,_250m_16_days_NDVI,aid0006,2020-12-18,2383213.0,-0.2,0.9878,"(-0.2,0.9878)",0.5853426,0.1544933,0.0238682,0.7042,0.9878,0.6009,0.1407,0.4788
MOD13Q1_061__250m_16_days_NDVI_doy2021001000000_aid0006,_250m_16_days_NDVI,aid0006,2021-01-01,2384806.0,-0.2,0.977,"(-0.2,0.977)",0.5960012,0.1493495,0.0223053,0.7109,0.977,0.6041,0.1564,0.4891
MOD13Q1_061__250m_16_days_NDVI_doy2021017000000_aid0006,_250m_16_days_NDVI,aid0006,2021-01-17,2389806.0,-0.2,0.9892,"(-0.2,0.9892)",0.6534062,0.1469754,0.0216018,0.7584,0.9892,0.6634,0.2699,0.563
MOD13Q1_061__250m_16_days_NDVI_doy2021033000000_aid0006,_250m_16_days_NDVI,aid0006,2021-02-02,2380895.0,-0.2,0.9988,"(-0.2,0.9988)",0.7503443,0.1362253,0.0185573,0.8514,0.9988,0.7681,0.4237,0.6803
MOD13Q1_061__250m_16_days_NDVI_doy2021049000000_aid0006,_250m_16_days_NDVI,aid0006,2021-02-18,2380540.0,-0.2,0.9945,"(-0.2,0.9945)",0.7315204,0.1452632,0.0211014,0.8425,0.9945,0.7492,0.3593,0.6492
MOD13Q1_061__250m_16_days_NDVI_doy2021065000000_aid0006,_250m_16_days_NDVI,aid0006,2021-03-06,2406115.0,-0.2,0.9971,"(-0.2,0.9971)",0.6776757,0.1697451,0.0288134,0.8006,0.9971,0.7003,0.2679,0.5875
MOD13Q1_061__250m_16_days_NDVI_doy2021081000000_aid0006,_250m_16_days_NDVI,aid0006,2021-03-22,2385777.0,-0.2,0.9992,"(-0.2,0.9992)",0.6406733,0.157081,0.0246744,0.7515,0.9992,0.6679,0.2505,0.5511
MOD13Q1_061__250m_16_days_NDVI_doy2021097000000_aid0006,_250m_16_days_NDVI,aid0006,2021-04-07,2382742.0,-0.2,0.9958,"(-0.2,0.9958)",0.6073938,0.1634099,0.0267028,0.7351,0.9958,0.6434,0.1431,0.4983
MOD13Q1_061__250m_16_days_NDVI_doy2021113000000_aid0006,_250m_16_days_NDVI,aid0006,2021-04-23,2401817.0,-0.2,0.9353,"(-0.2,0.9353)",0.5558819,0.1744095,0.0304187,0.7023,0.9353,0.5793,-0.0022,0.4205
MOD13Q1_061__250m_16_days_NDVI_doy2021129000000_aid0006,_250m_16_days_NDVI,aid0006,2021-05-09,2383735.0,-0.2,0.9139,"(-0.2,0.9139)",0.497641,0.1628956,0.026535,0.6347,0.9139,0.5016,-0.0618,0.3561
MOD13Q1_061__250m_16_days_NDVI_doy2021145000000_aid0006,_250m_16_days_NDVI,aid0006,2021-05-25,2390659.0,-0.2,0.9366,"(-0.2,0.9366)",0.4634974,0.1630127,0.0265731,0.5961,0.9366,0.4567,-0.0829,0.3245
MOD13Q1_061__250m_16_days_NDVI_doy2021161000000_aid0006,_250m_16_days_NDVI,aid0006,2021-06-10,2382220.0,-0.2,0.9534,"(-0.2,0.9534)",0.4768223,0.154622,0.023908,0.6051,0.9534,0.4661,-0.0464,0.3445
MOD13Q1_061__250m_16_days_NDVI_doy2021177000000_aid0006,_250m_16_days_NDVI,aid0006,2021-06-26,2385492.0,-0.2,0.9083,"(-0.2,0.9083)",0.4457987,0.1372637,0.0188413,0.5522,0.874,0.4288,0.0157,0.3376
MOD13Q1_061__250m_16_days_NDVI_doy2021193000000_aid0006,_250m_16_days_NDVI,aid0006,2021-07-12,2381877.0,-0.2,0.9189,"(-0.2,0.9189)",0.4538457,0.1411496,0.0199232,0.5633,0.8907,0.4387,0.0176,0.345
MOD13Q1_061__250m_16_days_NDVI_doy2021209000000_aid0006,_250m_16_days_NDVI,aid0006,2021-07-28,2381607.0,-0.2,0.9732,"(-0.2,0.9732)",0.4512193,0.1415842,0.0200461,0.5598,0.8884,0.438,0.0122,0.3407
MOD13Q1_061__250m_16_days_NDVI_doy2021225000000_aid0006,_250m_16_days_NDVI,aid0006,2021-08-13,2383462.0,-0.2,0.9463,"(-0.2,0.9463)",0.4602796,0.1536756,0.0236162,0.575,0.9303,0.4467,-0.018,0.3378
MOD13Q1_061__250m_16_days_NDVI_doy2021241000000_aid0006,_250m_16_days_NDVI,aid0006,2021-08-29,2385514.0,-0.2,0.9651,"(-0.2,0.9651)",0.5015516,0.1708464,0.0291885,0.6302,0.9651,0.501,-0.0338,0.3645
MOD13Q1_061__250m_16_days_NDVI_doy2021257000000_aid0006,_250m_16_days_NDVI,aid0006,2021-09-14,2382794.0,-0.2,0.9719,"(-0.2,0.9719)",0.5426085,0.1819974,0.0331231,0.6811,0.9719,0.5535,-0.0294,0.3969
MOD13Q1_061__250m_16_days_NDVI_doy2021273000000_aid0006,_250m_16_days_NDVI,aid0006,2021-09-30,2385395.0,-0.2,0.9943,"(-0.2,0.9943)",0.5272513,0.1752191,0.0307017,0.6705,0.9943,0.5358,-0.0505,0.3821
MOD13Q1_061__250m_16_days_NDVI_doy2021289000000_aid0006,_250m_16_days_NDVI,aid0006,2021-10-16,2381323.0,-0.2,0.9397,"(-0.2,0.9397)",0.5302443,0.1702786,0.0289948,0.6688,0.9397,0.5411,-0.0244,0.3915
MOD13Q1_061__250m_16_days_NDVI_doy2021305000000_aid0006,_250m_16_days_NDVI,aid0006,2021-11-01,2382179.0,-0.2,0.9864,"(-0.2,0.9864)",0.5280204,0.1661805,0.0276159,0.6609,0.9864,0.5421,-0.004,0.3949
MOD13Q1_061__250m_16_days_NDVI_doy2021321000000_aid0006,_250m_16_days_NDVI,aid0006,2021-11-17,2382429.0,-0.2,0.9419,"(-0.2,0.9419)",0.5432392,0.1738209,0.0302137,0.684,0.9419,0.561,-0.0379,0.3952
MOD13Q1_061__250m_16_days_NDVI_doy2021337000000_aid0006,_250m_16_days_NDVI,aid0006,2021-12-03,2387411.0,-0.2,0.9937,"(-0.2,0.9937)",0.5934608,0.1658217,0.0274968,0.7199,0.9937,0.6086,0.1208,0.4802
MOD13Q1_061__250m_16_days_NDVI_doy2021353000000_aid0006,_250m_16_days_NDVI,aid0006,2021-12-19,2388073.0,-0.2,0.9904,"(-0.2,0.9904)",0.5731491,0.1608791,0.0258821,0.6959,0.9904,0.574,0.1082,0.4608
MOD13Q1_061__250m_16_days_NDVI_doy2022001000000_aid0006,_250m_16_days_NDVI,aid0006,2022-01-01,2387752.0,-0.2,0.9881,"(-0.2,0.9881)",0.5442378,0.1537584,0.0236416,0.6571,0.9881,0.5281,0.0984,0.4336
MOD13Q1_061__250m_16_days_NDVI_doy2022017000000_aid0006,_250m_16_days_NDVI,aid0006,2022-01-17,2388421.0,-0.2,0.9989,"(-0.2,0.9989)",0.6698145,0.1488397,0.0221532,0.7781,0.9989,0.6867,0.2874,0.5818
MOD13Q1_061__250m_16_days_NDVI_doy2022033000000_aid0006,_250m_16_days_NDVI,aid0006,2022-02-02,2393956.0,-0.2,0.9949,"(-0.2,0.9949)",0.6918205,0.1465687,0.0214824,0.7899,0.9949,0.7113,0.3587,0.6174
MOD13Q1_061__250m_16_days_NDVI_doy2022049000000_aid0006,_250m_16_days_NDVI,aid0006,2022-02-18,2393451.0,-0.2,0.9937,"(-0.2,0.9937)",0.6906218,0.1469409,0.0215916,0.7896,0.9937,0.7101,0.3586,0.6172
MOD13Q1_061__250m_16_days_NDVI_doy2022065000000_aid0006,_250m_16_days_NDVI,aid0006,2022-03-06,2393963.0,-0.2,0.9862,"(-0.2,0.9862)",0.7156403,0.14744,0.0217386,0.8113,0.9862,0.7464,0.4256,0.657
MOD13Q1_061__250m_16_days_NDVI_doy2022081000000_aid0006,_250m_16_days_NDVI,aid0006,2022-03-22,2392732.0,-0.2,0.9436,"(-0.2,0.9436)",0.6685862,0.1568705,0.0246083,0.7789,0.9436,0.7096,0.3147,0.5932
MOD13Q1_061__250m_16_days_NDVI_doy2022097000000_aid0006,_250m_16_days_NDVI,aid0006,2022-04-07,2383319.0,-0.2,0.9635,"(-0.2,0.9635)",0.5997854,0.1681522,0.0282752,0.737,0.9635,0.6355,0.0988,0.4817
MOD13Q1_061__250m_16_days_NDVI_doy2022113000000_aid0006,_250m_16_days_NDVI,aid0006,2022-04-23,2382077.0,-0.2,0.9825,"(-0.2,0.9825)",0.5595065,0.1640571,0.0269147,0.6973,0.9825,0.5826,0.0286,0.4298
MOD13Q1_061__250m_16_days_NDVI_doy2022129000000_aid0006,_250m_16_days_NDVI,aid0006,2022-05-09,2383421.0,-0.2,0.9592,"(-0.2,0.9592)",0.5136923,0.1596238,0.0254797,0.646,0.9592,0.5225,-0.0224,0.3786
MOD13Q1_061__250m_16_days_NDVI_doy2022145000000_aid0006,_250m_16_days_NDVI,aid0006,2022-05-25,2405119.0,-0.2,0.8996,"(-0.2,0.8996)",0.4652613,0.1621801,0.0263024,0.5959,0.8996,0.4564,-0.0703,0.3294
MOD13Q1_061__250m_16_days_NDVI_doy2022161000000_aid0006,_250m_16_days_NDVI,aid0006,2022-06-10,2380640.0,-0.2,0.8939,"(-0.2,0.8939)",0.4122534,0.1364285,0.0186127,0.5041,0.8072,0.387,-0.0011,0.302
MOD13Q1_061__250m_16_days_NDVI_doy2022177000000_aid0006,_250m_16_days_NDVI,aid0006,2022-06-26,2384637.0,-0.2,0.9001,"(-0.2,0.9001)",0.4015175,0.1240762,0.0153949,0.4817,0.7454,0.3794,0.0422,0.3059
MOD13Q1_061__250m_16_days_NDVI_doy2022193000000_aid0006,_250m_16_days_NDVI,aid0006,2022-07-12,2380978.0,-0.2,0.9181,"(-0.2,0.9181)",0.4063858,0.1315516,0.0173058,0.4942,0.7801,0.3821,0.0177,0.3036
MOD13Q1_061__250m_16_days_NDVI_doy2022209000000_aid0006,_250m_16_days_NDVI,aid0006,2022-07-28,2382247.0,-0.2,0.9555,"(-0.2,0.9555)",0.4573576,0.157447,0.0247895,0.5812,0.9555,0.4309,-0.0543,0.327
MOD13Q1_061__250m_16_days_NDVI_doy2022225000000_aid0006,_250m_16_days_NDVI,aid0006,2022-08-13,2382533.0,-0.2,0.9403,"(-0.2,0.9403)",0.4473042,0.1637855,0.0268257,0.5774,0.9403,0.4214,-0.0901,0.3104
MOD13Q1_061__250m_16_days_NDVI_doy2022241000000_aid0006,_250m_16_days_NDVI,aid0006,2022-08-29,2380898.0,-0.2,0.9368,"(-0.2,0.9368)",0.4420719,0.1703546,0.0290207,0.5783,0.9368,0.4077,-0.1267,0.2963
MOD13Q1_061__250m_16_days_NDVI_doy2022257000000_aid0006,_250m_16_days_NDVI,aid0006,2022-09-14,2384064.0,-0.2,0.9441,"(-0.2,0.9441)",0.4549381,0.1705222,0.0290778,0.5933,0.9441,0.4274,-0.1215,0.3073
MOD13Q1_061__250m_16_days_NDVI_doy2022273000000_aid0006,_250m_16_days_NDVI,aid0006,2022-09-30,2385309.0,-0.2,0.945,"(-0.2,0.945)",0.4447499,0.166956,0.0278743,0.577,0.945,0.4259,-0.1155,0.3
MOD13Q1_061__250m_16_days_NDVI_doy2022289000000_aid0006,_250m_16_days_NDVI,aid0006,2022-10-16,2379709.0,-0.2,0.9861,"(-0.2,0.9861)",0.4343497,0.1594112,0.0254119,0.5544,0.9364,0.4238,-0.0908,0.2963
MOD13Q1_061__250m_16_days_NDVI_doy2022305000000_aid0006,_250m_16_days_NDVI,aid0006,2022-11-01,2379685.0,-0.2,0.99,"(-0.2,0.99)",0.4306915,0.1535003,0.0235623,0.539,0.8931,0.4159,-0.0515,0.3028
MOD13Q1_061__250m_16_days_NDVI_doy2022321000000_aid0006,_250m_16_days_NDVI,aid0006,2022-11-17,2384587.0,-0.2,0.9143,"(-0.2,0.9143)",0.4260761,0.1601114,0.0256357,0.543,0.9143,0.4101,-0.1052,0.2837
MOD13Q1_061__250m_16_days_NDVI_doy2022337000000_aid0006,_250m_16_days_NDVI,aid0006,2022-12-03,2390014.0,-0.2,0.9805,"(-0.2,0.9805)",0.440627,0.1557801,0.0242674,0.5542,0.9178,0.4271,-0.0518,0.3118
MOD13Q1_061__250m_16_days_NDVI_doy2022353000000_aid0006,_250m_16_days_NDVI,aid0006,2022-12-19,2388955.0,-0.2,0.9877,"(-0.2,0.9877)",0.4470478,0.1456814,0.0212231,0.5463,0.8652,0.4375,0.0148,0.3337
MOD13Q1_061__250m_16_days_NDVI_doy2023001000000_aid0006,_250m_16_days_NDVI,aid0006,2023-01-01,2390457.0,-0.2,0.9531,"(-0.2,0.9531)",0.4510392,0.1505613,0.0226687,0.5449,0.8524,0.4331,0.0324,0.3399
MOD13Q1_061__250m_16_days_NDVI_doy2023017000000_aid0006,_250m_16_days_NDVI,aid0006,2023-01-17,2388295.0,-0.2,0.9979,"(-0.2,0.9979)",0.560637,0.1701818,0.0289619,0.6823,0.9979,0.5509,0.0676,0.4364
MOD13Q1_061__250m_16_days_NDVI_doy2023033000000_aid0006,_250m_16_days_NDVI,aid0006,2023-02-02,2394175.0,-0.2,0.9923,"(-0.2,0.9923)",0.5991768,0.1683831,0.0283529,0.7267,0.9923,0.5987,0.1105,0.4802
MOD13Q1_061__250m_16_days_NDVI_doy2023049000000_aid0006,_250m_16_days_NDVI,aid0006,2023-02-18,2384930.0,-0.2,0.999,"(-0.2,0.999)",0.6020087,0.1554627,0.0241686,0.7189,0.999,0.6026,0.1542,0.493
MOD13Q1_061__250m_16_days_NDVI_doy2023065000000_aid0006,_250m_16_days_NDVI,aid0006,2023-03-06,2388236.0,-0.2,0.9615,"(-0.2,0.9615)",0.5293503,0.1429141,0.0204244,0.6299,0.9275,0.5215,0.1282,0.4292
MOD13Q1_061__250m_16_days_NDVI_doy2023081000000_aid0006,_250m_16_days_NDVI,aid0006,2023-03-22,2400177.0,-0.2,0.9918,"(-0.2,0.9918)",0.5887324,0.1492119,0.0222642,0.6961,0.9606,0.6104,0.2176,0.5047
MOD13Q1_061__250m_16_days_NDVI_doy2023097000000_aid0006,_250m_16_days_NDVI,aid0006,2023-04-07,2396818.0,-0.2,0.9885,"(-0.2,0.9885)",0.5956895,0.1575949,0.0248361,0.7139,0.9885,0.6247,0.1764,0.4989
MOD13Q1_061__250m_16_days_NDVI_doy2023113000000_aid0006,_250m_16_days_NDVI,aid0006,2023-04-23,2386530.0,-0.2,0.9418,"(-0.2,0.9418)",0.5642807,0.1621237,0.0262841,0.6954,0.9418,0.5859,0.0672,0.4441
MOD13Q1_061__250m_16_days_NDVI_doy2023129000000_aid0006,_250m_16_days_NDVI,aid0006,2023-05-09,2383854.0,-0.2,0.9232,"(-0.2,0.9232)",0.535612,0.16245,0.02639,0.6685,0.9232,0.5535,0.0145,0.4069
MOD13Q1_061__250m_16_days_NDVI_doy2023145000000_aid0006,_250m_16_days_NDVI,aid0006,2023-05-25,2395152.0,-0.2,0.9906,"(-0.2,0.9906)",0.563366,0.1645146,0.0270651,0.6953,0.9906,0.5877,0.0606,0.4414
MOD13Q1_061__250m_16_days_NDVI_doy2023161000000_aid0006,_250m_16_days_NDVI,aid0006,2023-06-10,2389868.0,-0.2,0.9416,"(-0.2,0.9416)",0.5283651,0.1604427,0.0257419,0.6602,0.9416,0.538,0.0042,0.3978
MOD13Q1_061__250m_16_days_NDVI_doy2023177000000_aid0006,_250m_16_days_NDVI,aid0006,2023-06-26,2402626.0,-0.2,0.9992,"(-0.2,0.9992)",0.5115835,0.1584396,0.0251031,0.6335,0.9901,0.5179,0.0375,0.3951
MOD13Q1_061__250m_16_days_NDVI_doy2023193000000_aid0006,_250m_16_days_NDVI,aid0006,2023-07-12,2394874.0,-0.2,0.9942,"(-0.2,0.9942)",0.5193314,0.1611197,0.0259596,0.6471,0.9942,0.5262,0.0234,0.3976
MOD13Q1_061__250m_16_days_NDVI_doy2023209000000_aid0006,_250m_16_days_NDVI,aid0006,2023-07-28,2384774.0,-0.2,0.9527,"(-0.2,0.9527)",0.5377815,0.1710464,0.0292569,0.6731,0.9527,0.5564,0.0039,0.4054
MOD13Q1_061__250m_16_days_NDVI_doy2023225000000_aid0006,_250m_16_days_NDVI,aid0006,2023-08-13,2388508.0,-0.2,0.9563,"(-0.2,0.9563)",0.5312305,0.1762508,0.0310644,0.67,0.9563,0.5444,-0.0242,0.3923
MOD13Q1_061__250m_16_days_NDVI_doy2023241000000_aid0006,_250m_16_days_NDVI,aid0006,2023-08-29,2388528.0,-0.2,0.96,"(-0.2,0.96)",0.5210205,0.1746248,0.0304938,0.6548,0.96,0.5285,-0.0249,0.3829
MOD13Q1_061__250m_16_days_NDVI_doy2023257000000_aid0006,_250m_16_days_NDVI,aid0006,2023-09-14,2386172.0,-0.2,0.9767,"(-0.2,0.9767)",0.5196489,0.1843791,0.0339956,0.675,0.9767,0.5272,-0.12,0.357
MOD13Q1_061__250m_16_days_NDVI_doy2023273000000_aid0006,_250m_16_days_NDVI,aid0006,2023-09-30,2384187.0,-0.2,0.943,"(-0.2,0.943)",0.4922558,0.1799888,0.032396,0.6441,0.943,0.4862,-0.1396,0.3306
MOD13Q1_061__250m_16_days_NDVI_doy2023289000000_aid0006,_250m_16_days_NDVI,aid0006,2023-10-16,2390847.0,-0.2,0.9436,"(-0.2,0.9436)",0.4820884,0.1692491,0.0286453,0.6157,0.9436,0.4687,-0.0803,0.3373
MOD13Q1_061__250m_16_days_NDVI_doy2023305000000_aid0006,_250m_16_days_NDVI,aid0006,2023-11-01,2389081.0,-0.2,0.94,"(-0.2,0.94)",0.503424,0.1836478,0.0337265,0.6622,0.94,0.4981,-0.1483,0.338
MOD13Q1_061__250m_16_days_NDVI_doy2023321000000_aid0006,_250m_16_days_NDVI,aid0006,2023-11-17,2391938.0,-0.2,0.995,"(-0.2,0.995)",0.5395636,0.1960554,0.0384377,0.7157,0.995,0.5554,-0.1828,0.3563
MOD13Q1_061__250m_16_days_NDVI_doy2023337000000_aid0006,_250m_16_days_NDVI,aid0006,2023-12-03,2388887.0,-0.2,0.9539,"(-0.2,0.9539)",0.5577518,0.1913543,0.0366165,0.7197,0.9539,0.5741,-0.0608,0.4075
MOD13Q1_061__250m_16_days_NDVI_doy2023353000000_aid0006,_250m_16_days_NDVI,aid0006,2023-12-19,2386537.0,-0.2,0.9986,"(-0.2,0.9986)",0.639817,0.1942622,0.0377378,0.7808,0.9986,0.6901,0.1816,0.5411
MOD13Q1_061__250m_16_days_NDVI_doy2015353000000_aid0007,_250m_16_days_NDVI,aid0007,2015-12-19,2752064.0,-0.2,0.9985,"(-0.2,0.9985)",0.6410957,0.1593128,0.0253806,0.7574,0.9985,0.6662,0.2357,0.5487
MOD13Q1_061__250m_16_days_NDVI_doy2016001000000_aid0007,_250m_16_days_NDVI,aid0007,2016-01-01,2743400.0,-0.2,0.9961,"(-0.2,0.9961)",0.7299762,0.1618122,0.0261832,0.8448,0.9961,0.7552,0.3838,0.6604
MOD13Q1_061__250m_16_days_NDVI_doy2016017000000_aid0007,_250m_16_days_NDVI,aid0007,2016-01-17,2713963.0,-0.2,0.9957,"(-0.2,0.9957)",0.7200983,0.205199,0.0421066,0.8646,0.9957,0.7642,0.3149,0.6447
MOD13Q1_061__250m_16_days_NDVI_doy2016033000000_aid0007,_250m_16_days_NDVI,aid0007,2016-02-02,2647033.0,-0.2,0.9987,"(-0.2,0.9987)",0.7540711,0.183589,0.0337049,0.8897,0.9987,0.7929,0.359,0.6774
MOD13Q1_061__250m_16_days_NDVI_doy2016049000000_aid0007,_250m_16_days_NDVI,aid0007,2016-02-18,2657304.0,-0.2,0.9992,"(-0.2,0.9992)",0.7553004,0.1927767,0.0371629,0.8752,0.9992,0.8041,0.4802,0.7172
MOD13Q1_061__250m_16_days_NDVI_doy2016065000000_aid0007,_250m_16_days_NDVI,aid0007,2016-03-05,2594195.0,-0.2,0.9992,"(-0.2,0.9992)",0.7062813,0.1561406,0.0243799,0.8028,0.9992,0.7358,0.4406,0.6579
MOD13Q1_061__250m_16_days_NDVI_doy2016081000000_aid0007,_250m_16_days_NDVI,aid0007,2016-03-21,2581216.0,-0.2,0.9978,"(-0.2,0.9978)",0.5727855,0.1500842,0.0225253,0.6809,0.9313,0.5909,0.1797,0.4804
MOD13Q1_061__250m_16_days_NDVI_doy2016097000000_aid0007,_250m_16_days_NDVI,aid0007,2016-04-06,2721987.0,-0.2,0.9975,"(-0.2,0.9975)",0.4775669,0.1982638,0.0393085,0.621,0.9757,0.4879,0.0233,0.3819
MOD13Q1_061__250m_16_days_NDVI_doy2016113000000_aid0007,_250m_16_days_NDVI,aid0007,2016-04-22,2543743.0,-0.2,0.9585,"(-0.2,0.9585)",0.4786578,0.1540561,0.0237333,0.5955,0.9284,0.4639,0.0303,0.3694
MOD13Q1_061__250m_16_days_NDVI_doy2016129000000_aid0007,_250m_16_days_NDVI,aid0007,2016-05-08,2542143.0,-0.2,0.9907,"(-0.2,0.9907)",0.4347982,0.1472431,0.0216805,0.5386,0.8482,0.4238,0.0226,0.3322
MOD13Q1_061__250m_16_days_NDVI_doy2016145000000_aid0007,_250m_16_days_NDVI,aid0007,2016-05-24,2562659.0,-0.2,0.9481,"(-0.2,0.9481)",0.4507067,0.147417,0.0217318,0.5541,0.8572,0.4558,0.0489,0.352
MOD13Q1_061__250m_16_days_NDVI_doy2016161000000_aid0007,_250m_16_days_NDVI,aid0007,2016-06-09,2577278.0,-0.2,0.9934,"(-0.2,0.9934)",0.4392987,0.1365359,0.0186421,0.5312,0.8009,0.4431,0.0817,0.3514
MOD13Q1_061__250m_16_days_NDVI_doy2016177000000_aid0007,_250m_16_days_NDVI,aid0007,2016-06-25,2639497.0,-0.2,0.9503,"(-0.2,0.9503)",0.4415662,0.1669117,0.0278595,0.5557,0.8647,0.454,0.0407,0.3497
MOD13Q1_061__250m_16_days_NDVI_doy2016193000000_aid0007,_250m_16_days_NDVI,aid0007,2016-07-11,2686083.0,-0.2,0.9955,"(-0.2,0.9955)",0.4400312,0.1743906,0.0304121,0.555,0.8485,0.4617,0.0658,0.3593
MOD13Q1_061__250m_16_days_NDVI_doy2016209000000_aid0007,_250m_16_days_NDVI,aid0007,2016-07-27,2620174.0,-0.2,0.9401,"(-0.2,0.9401)",0.46911,0.1549069,0.0239962,0.5748,0.876,0.479,0.0728,0.374
MOD13Q1_061__250m_16_days_NDVI_doy2016225000000_aid0007,_250m_16_days_NDVI,aid0007,2016-08-12,2679099.0,-0.2,0.9895,"(-0.2,0.9895)",0.4747413,0.1687461,0.0284752,0.5926,0.9385,0.4832,0.0159,0.3619
MOD13Q1_061__250m_16_days_NDVI_doy2016241000000_aid0007,_250m_16_days_NDVI,aid0007,2016-08-28,2709312.0,-0.2,0.9709,"(-0.2,0.9709)",0.4853653,0.1756245,0.030844,0.6149,0.9709,0.4852,-0.0408,0.3526
MOD13Q1_061__250m_16_days_NDVI_doy2016257000000_aid0007,_250m_16_days_NDVI,aid0007,2016-09-13,2721628.0,-0.2,0.9671,"(-0.2,0.9671)",0.5028083,0.1861189,0.0346402,0.6471,0.9671,0.5026,-0.0969,0.3495
MOD13Q1_061__250m_16_days_NDVI_doy2016273000000_aid0007,_250m_16_days_NDVI,aid0007,2016-09-29,2735736.0,-0.2,0.9681,"(-0.2,0.9681)",0.5098341,0.1828565,0.0334365,0.6552,0.9681,0.5122,-0.1023,0.3522
MOD13Q1_061__250m_16_days_NDVI_doy2016289000000_aid0007,_250m_16_days_NDVI,aid0007,2016-10-15,2746500.0,-0.2,0.9994,"(-0.2,0.9994)",0.5426603,0.1892986,0.035834,0.6996,0.9994,0.5594,-0.0856,0.3855
MOD13Q1_061__250m_16_days_NDVI_doy2016305000000_aid0007,_250m_16_days_NDVI,aid0007,2016-10-31,2741722.0,-0.2,0.9914,"(-0.2,0.9914)",0.5437647,0.1857111,0.0344886,0.6973,0.9914,0.5609,-0.0572,0.3955
MOD13Q1_061__250m_16_days_NDVI_doy2016321000000_aid0007,_250m_16_days_NDVI,aid0007,2016-11-16,2738872.0,-0.2,0.9755,"(-0.2,0.9755)",0.5287561,0.1698703,0.0288559,0.6613,0.9755,0.5354,-0.0149,0.3908
MOD13Q1_061__250m_16_days_NDVI_doy2016337000000_aid0007,_250m_16_days_NDVI,aid0007,2016-12-02,2744612.0,-0.2,0.9875,"(-0.2,0.9875)",0.5249843,0.169254,0.0286469,0.6466,0.9875,0.5223,0.0261,0.3984
MOD13Q1_061__250m_16_days_NDVI_doy2016353000000_aid0007,_250m_16_days_NDVI,aid0007,2016-12-18,2742637.0,-0.2,0.9957,"(-0.2,0.9957)",0.5889227,0.1766046,0.0311892,0.7234,0.9957,0.6059,0.1034,0.4754
MOD13Q1_061__250m_16_days_NDVI_doy2017001000000_aid0007,_250m_16_days_NDVI,aid0007,2017-01-01,2748284.0,-0.2,0.9977,"(-0.2,0.9977)",0.7097699,0.1627516,0.0264881,0.8196,0.9977,0.7475,0.3906,0.648
MOD13Q1_061__250m_16_days_NDVI_doy2017017000000_aid0007,_250m_16_days_NDVI,aid0007,2017-01-17,2741867.0,-0.2,0.9984,"(-0.2,0.9984)",0.7484937,0.1533314,0.0235105,0.8466,0.9984,0.7798,0.4661,0.6944
MOD13Q1_061__250m_16_days_NDVI_doy2017033000000_aid0007,_250m_16_days_NDVI,aid0007,2017-02-02,2741901.0,-0.2,0.9996,"(-0.2,0.9996)",0.7548156,0.1582753,0.0250511,0.855,0.9996,0.7852,0.475,0.703
MOD13Q1_061__250m_16_days_NDVI_doy2017049000000_aid0007,_250m_16_days_NDVI,aid0007,2017-02-18,2738251.0,-0.2,0.9996,"(-0.2,0.9996)",0.7668611,0.1530646,0.0234288,0.8705,0.9996,0.7996,0.4788,0.7138
MOD13Q1_061__250m_16_days_NDVI_doy2017065000000_aid0007,_250m_16_days_NDVI,aid0007,2017-03-06,2734816.0,-0.2,0.9983,"(-0.2,0.9983)",0.7240323,0.1570472,0.0246638,0.8249,0.9983,0.7606,0.4354,0.6691
MOD13Q1_061__250m_16_days_NDVI_doy2017081000000_aid0007,_250m_16_days_NDVI,aid0007,2017-03-22,2729156.0,-0.2,0.9842,"(-0.2,0.9842)",0.601487,0.1590577,0.0252993,0.7206,0.9842,0.6258,0.1644,0.4981
MOD13Q1_061__250m_16_days_NDVI_doy2017097000000_aid0007,_250m_16_days_NDVI,aid0007,2017-04-07,2733757.0,-0.2,0.9513,"(-0.2,0.9513)",0.5083637,0.1715347,0.0294242,0.644,0.9513,0.5058,-0.0237,0.3769
MOD13Q1_061__250m_16_days_NDVI_doy2017113000000_aid0007,_250m_16_days_NDVI,aid0007,2017-04-23,2729014.0,-0.2,0.9115,"(-0.2,0.9115)",0.4756729,0.1711147,0.0292802,0.6095,0.9115,0.4568,-0.0555,0.3435
MOD13Q1_061__250m_16_days_NDVI_doy2017129000000_aid0007,_250m_16_days_NDVI,aid0007,2017-05-09,2722948.0,-0.2,0.98,"(-0.2,0.98)",0.5104083,0.1640701,0.026919,0.6346,0.98,0.5128,0.0239,0.3903
MOD13Q1_061__250m_16_days_NDVI_doy2017145000000_aid0007,_250m_16_days_NDVI,aid0007,2017-05-25,2738184.0,-0.2,0.9895,"(-0.2,0.9895)",0.4881654,0.1587774,0.0252103,0.6032,0.9361,0.4943,0.0482,0.3812
MOD13Q1_061__250m_16_days_NDVI_doy2017161000000_aid0007,_250m_16_days_NDVI,aid0007,2017-06-10,2722075.0,-0.2,0.9705,"(-0.2,0.9705)",0.4661288,0.1509879,0.0227973,0.5729,0.8919,0.4642,0.0412,0.3602
MOD13Q1_061__250m_16_days_NDVI_doy2017177000000_aid0007,_250m_16_days_NDVI,aid0007,2017-06-26,2726754.0,-0.2,0.9885,"(-0.2,0.9885)",0.4613023,0.1573113,0.0247468,0.5694,0.8853,0.4599,0.0429,0.3588
MOD13Q1_061__250m_16_days_NDVI_doy2017193000000_aid0007,_250m_16_days_NDVI,aid0007,2017-07-12,2700412.0,-0.2,0.9911,"(-0.2,0.9911)",0.4868565,0.1557013,0.0242429,0.5953,0.9046,0.4938,0.0798,0.3891
MOD13Q1_061__250m_16_days_NDVI_doy2017209000000_aid0007,_250m_16_days_NDVI,aid0007,2017-07-28,2724823.0,-0.2,0.9813,"(-0.2,0.9813)",0.5048508,0.1607976,0.0258559,0.6176,0.9404,0.5151,0.0721,0.3994
MOD13Q1_061__250m_16_days_NDVI_doy2017225000000_aid0007,_250m_16_days_NDVI,aid0007,2017-08-13,2735840.0,-0.2,0.96,"(-0.2,0.96)",0.5168869,0.1820053,0.0331259,0.6493,0.96,0.5313,-0.0099,0.3856
MOD13Q1_061__250m_16_days_NDVI_doy2017241000000_aid0007,_250m_16_days_NDVI,aid0007,2017-08-29,2745760.0,-0.2,0.9913,"(-0.2,0.9913)",0.5523139,0.1935945,0.0374788,0.7002,0.9913,0.5761,-0.035,0.4061
MOD13Q1_061__250m_16_days_NDVI_doy2017257000000_aid0007,_250m_16_days_NDVI,aid0007,2017-09-14,2738109.0,-0.2,0.9522,"(-0.2,0.9522)",0.5635963,0.1880206,0.0353517,0.7121,0.9522,0.5912,-0.0236,0.4178
MOD13Q1_061__250m_16_days_NDVI_doy2017273000000_aid0007,_250m_16_days_NDVI,aid0007,2017-09-30,2749179.0,-0.2,0.9516,"(-0.2,0.9516)",0.5615535,0.1955015,0.0382208,0.7232,0.9516,0.5904,-0.0755,0.4037
MOD13Q1_061__250m_16_days_NDVI_doy2017289000000_aid0007,_250m_16_days_NDVI,aid0007,2017-10-16,2743198.0,-0.2,0.9919,"(-0.2,0.9919)",0.55481,0.1894014,0.0358729,0.7138,0.9919,0.5814,-0.0747,0.3984
MOD13Q1_061__250m_16_days_NDVI_doy2017305000000_aid0007,_250m_16_days_NDVI,aid0007,2017-11-01,2739013.0,-0.2,0.9936,"(-0.2,0.9936)",0.542476,0.1863722,0.0347346,0.7011,0.9936,0.5592,-0.0709,0.3923
MOD13Q1_061__250m_16_days_NDVI_doy2017321000000_aid0007,_250m_16_days_NDVI,aid0007,2017-11-17,2743082.0,-0.2,0.9813,"(-0.2,0.9813)",0.4904629,0.1674838,0.0280508,0.6222,0.9813,0.4859,-0.0398,0.3574
MOD13Q1_061__250m_16_days_NDVI_doy2017337000000_aid0007,_250m_16_days_NDVI,aid0007,2017-12-03,2746190.0,-0.2,0.9904,"(-0.2,0.9904)",0.5238388,0.1672392,0.027969,0.6416,0.9904,0.5238,0.0591,0.4086
MOD13Q1_061__250m_16_days_NDVI_doy2017353000000_aid0007,_250m_16_days_NDVI,aid0007,2017-12-19,2737319.0,-0.2,0.9839,"(-0.2,0.9839)",0.6175179,0.1681755,0.028283,0.7478,0.9839,0.6332,0.1653,0.5148
MOD13Q1_061__250m_16_days_NDVI_doy2018001000000_aid0007,_250m_16_days_NDVI,aid0007,2018-01-01,2738874.0,-0.2,0.9946,"(-0.2,0.9946)",0.6379022,0.168485,0.0283872,0.7668,0.9946,0.6523,0.1831,0.5333
MOD13Q1_061__250m_16_days_NDVI_doy2018017000000_aid0007,_250m_16_days_NDVI,aid0007,2018-01-17,2743036.0,-0.2,0.9863,"(-0.2,0.9863)",0.7013198,0.1720182,0.0295902,0.8282,0.9863,0.7288,0.2647,0.6028
MOD13Q1_061__250m_16_days_NDVI_doy2018033000000_aid0007,_250m_16_days_NDVI,aid0007,2018-02-02,2737479.0,-0.2,0.989,"(-0.2,0.989)",0.6966068,0.1670009,0.0278893,0.8238,0.989,0.7206,0.2461,0.5927
MOD13Q1_061__250m_16_days_NDVI_doy2018049000000_aid0007,_250m_16_days_NDVI,aid0007,2018-02-18,2736071.0,-0.2,0.9996,"(-0.2,0.9996)",0.6788764,0.1614523,0.0260668,0.8036,0.9996,0.6959,0.2284,0.5735
MOD13Q1_061__250m_16_days_NDVI_doy2018065000000_aid0007,_250m_16_days_NDVI,aid0007,2018-03-06,2737837.0,-0.2,0.9517,"(-0.2,0.9517)",0.6409901,0.1579277,0.0249412,0.7603,0.9517,0.6537,0.1983,0.5355
MOD13Q1_061__250m_16_days_NDVI_doy2018081000000_aid0007,_250m_16_days_NDVI,aid0007,2018-03-22,2732591.0,-0.2,0.9932,"(-0.2,0.9932)",0.5486926,0.1476661,0.0218053,0.6587,0.9729,0.5533,0.1342,0.4489
MOD13Q1_061__250m_16_days_NDVI_doy2018097000000_aid0007,_250m_16_days_NDVI,aid0007,2018-04-07,2736181.0,-0.2,0.9848,"(-0.2,0.9848)",0.5142378,0.1604096,0.0257312,0.6419,0.9848,0.5243,0.0059,0.3875
MOD13Q1_061__250m_16_days_NDVI_doy2018113000000_aid0007,_250m_16_days_NDVI,aid0007,2018-04-23,2757495.0,-0.2,0.9994,"(-0.2,0.9994)",0.4663754,0.2124794,0.0451475,0.6396,0.9994,0.4807,-0.1495,0.3239
MOD13Q1_061__250m_16_days_NDVI_doy2018129000000_aid0007,_250m_16_days_NDVI,aid0007,2018-05-09,2731230.0,-0.2,0.9899,"(-0.2,0.9899)",0.5798925,0.1547028,0.0239329,0.7,0.9899,0.594,0.1423,0.4769
MOD13Q1_061__250m_16_days_NDVI_doy2018145000000_aid0007,_250m_16_days_NDVI,aid0007,2018-05-25,2728130.0,-0.2,0.936,"(-0.2,0.936)",0.5260895,0.1609265,0.0258973,0.6592,0.936,0.5317,0.0197,0.4034
MOD13Q1_061__250m_16_days_NDVI_doy2018161000000_aid0007,_250m_16_days_NDVI,aid0007,2018-06-10,2731211.0,-0.2,0.9724,"(-0.2,0.9724)",0.4949648,0.1526509,0.0233023,0.618,0.9724,0.4992,0.0123,0.3757
MOD13Q1_061__250m_16_days_NDVI_doy2018177000000_aid0007,_250m_16_days_NDVI,aid0007,2018-06-26,2739718.0,-0.2,0.9384,"(-0.2,0.9384)",0.4278187,0.1395551,0.0194756,0.529,0.8317,0.4195,0.0245,0.3272
MOD13Q1_061__250m_16_days_NDVI_doy2018193000000_aid0007,_250m_16_days_NDVI,aid0007,2018-07-12,2751993.0,-0.2,0.8977,"(-0.2,0.8977)",0.4367156,0.1347452,0.0181563,0.5341,0.8224,0.4342,0.0536,0.3419
MOD13Q1_061__250m_16_days_NDVI_doy2018209000000_aid0007,_250m_16_days_NDVI,aid0007,2018-07-28,2744273.0,-0.2,0.9225,"(-0.2,0.9225)",0.4618085,0.140971,0.0198728,0.5645,0.8688,0.4658,0.057,0.3615
MOD13Q1_061__250m_16_days_NDVI_doy2018225000000_aid0007,_250m_16_days_NDVI,aid0007,2018-08-13,2746311.0,-0.2,0.9479,"(-0.2,0.9479)",0.4811148,0.1524125,0.0232296,0.5905,0.9197,0.4901,0.0418,0.371
MOD13Q1_061__250m_16_days_NDVI_doy2018241000000_aid0007,_250m_16_days_NDVI,aid0007,2018-08-29,2746109.0,-0.2,0.9744,"(-0.2,0.9744)",0.4942434,0.1638983,0.0268627,0.6128,0.9744,0.5031,0.0046,0.3695
MOD13Q1_061__250m_16_days_NDVI_doy2018257000000_aid0007,_250m_16_days_NDVI,aid0007,2018-09-14,2751610.0,-0.2,0.993,"(-0.2,0.993)",0.5366428,0.1874697,0.0351449,0.6853,0.993,0.5536,-0.0772,0.3803
MOD13Q1_061__250m_16_days_NDVI_doy2018273000000_aid0007,_250m_16_days_NDVI,aid0007,2018-09-30,2748421.0,-0.2,0.997,"(-0.2,0.997)",0.5649097,0.1980857,0.0392379,0.7299,0.997,0.5947,-0.1141,0.3923
MOD13Q1_061__250m_16_days_NDVI_doy2018289000000_aid0007,_250m_16_days_NDVI,aid0007,2018-10-16,2751108.0,-0.2,0.9973,"(-0.2,0.9973)",0.5544476,0.1892766,0.0358256,0.714,0.9973,0.5813,-0.0917,0.3917
MOD13Q1_061__250m_16_days_NDVI_doy2018305000000_aid0007,_250m_16_days_NDVI,aid0007,2018-11-01,2747851.0,-0.2,0.9848,"(-0.2,0.9848)",0.5631166,0.1817281,0.0330251,0.7162,0.9848,0.5907,-0.038,0.4145
MOD13Q1_061__250m_16_days_NDVI_doy2018321000000_aid0007,_250m_16_days_NDVI,aid0007,2018-11-17,2750389.0,-0.2,0.9985,"(-0.2,0.9985)",0.5491188,0.1874538,0.0351389,0.7063,0.9985,0.5718,-0.0807,0.3915
MOD13Q1_061__250m_16_days_NDVI_doy2018337000000_aid0007,_250m_16_days_NDVI,aid0007,2018-12-03,2747964.0,-0.2,0.9366,"(-0.2,0.9366)",0.554423,0.1692682,0.0286517,0.6876,0.9366,0.5716,0.0334,0.4259
MOD13Q1_061__250m_16_days_NDVI_doy2018353000000_aid0007,_250m_16_days_NDVI,aid0007,2018-12-19,2747177.0,-0.2,0.9982,"(-0.2,0.9982)",0.6506236,0.1577388,0.0248815,0.7637,0.9982,0.6803,0.2775,0.5692
MOD13Q1_061__250m_16_days_NDVI_doy2019001000000_aid0007,_250m_16_days_NDVI,aid0007,2019-01-01,2748832.0,-0.2,0.999,"(-0.2,0.999)",0.724048,0.1552626,0.0241065,0.8308,0.999,0.7541,0.4088,0.662
MOD13Q1_061__250m_16_days_NDVI_doy2019017000000_aid0007,_250m_16_days_NDVI,aid0007,2019-01-17,2751916.0,-0.2,0.9996,"(-0.2,0.9996)",0.7433055,0.1583098,0.025062,0.8454,0.9996,0.7718,0.4544,0.689
MOD13Q1_061__250m_16_days_NDVI_doy2019033000000_aid0007,_250m_16_days_NDVI,aid0007,2019-02-02,2749879.0,-0.2,0.999,"(-0.2,0.999)",0.7641141,0.158584,0.0251489,0.8769,0.999,0.7872,0.4464,0.7047
MOD13Q1_061__250m_16_days_NDVI_doy2019049000000_aid0007,_250m_16_days_NDVI,aid0007,2019-02-18,2750435.0,-0.2,0.997,"(-0.2,0.997)",0.7440396,0.1537236,0.023631,0.8568,0.997,0.7633,0.4128,0.6792
MOD13Q1_061__250m_16_days_NDVI_doy2019065000000_aid0007,_250m_16_days_NDVI,aid0007,2019-03-06,2743489.0,-0.2,0.9979,"(-0.2,0.9979)",0.7121593,0.1498968,0.022469,0.8125,0.9979,0.7366,0.416,0.6539
MOD13Q1_061__250m_16_days_NDVI_doy2019081000000_aid0007,_250m_16_days_NDVI,aid0007,2019-03-22,2739893.0,-0.2,0.9928,"(-0.2,0.9928)",0.6170383,0.1524381,0.0232374,0.7252,0.9928,0.6492,0.2407,0.5314
MOD13Q1_061__250m_16_days_NDVI_doy2019097000000_aid0007,_250m_16_days_NDVI,aid0007,2019-04-07,2736274.0,-0.2,0.9394,"(-0.2,0.9394)",0.5168793,0.1589588,0.0252679,0.6506,0.9394,0.5268,-0.0119,0.3856
MOD13Q1_061__250m_16_days_NDVI_doy2019113000000_aid0007,_250m_16_days_NDVI,aid0007,2019-04-23,2738290.0,-0.2,0.9789,"(-0.2,0.9789)",0.489108,0.1562168,0.0244037,0.6116,0.9789,0.4918,-0.0071,0.3641
MOD13Q1_061__250m_16_days_NDVI_doy2019129000000_aid0007,_250m_16_days_NDVI,aid0007,2019-05-09,2734325.0,-0.2,0.933,"(-0.2,0.933)",0.502092,0.1481813,0.0219577,0.6149,0.933,0.5127,0.0524,0.3899
MOD13Q1_061__250m_16_days_NDVI_doy2019145000000_aid0007,_250m_16_days_NDVI,aid0007,2019-05-25,2741378.0,-0.2,0.9436,"(-0.2,0.9436)",0.5033389,0.1502659,0.0225798,0.6163,0.9436,0.5145,0.0631,0.395
MOD13Q1_061__250m_16_days_NDVI_doy2019161000000_aid0007,_250m_16_days_NDVI,aid0007,2019-06-10,2749689.0,-0.2,0.9938,"(-0.2,0.9938)",0.4913836,0.1605519,0.0257769,0.6092,0.9179,0.5078,0.0527,0.3866
MOD13Q1_061__250m_16_days_NDVI_doy2019177000000_aid0007,_250m_16_days_NDVI,aid0007,2019-06-26,2705676.0,-0.2,0.9826,"(-0.2,0.9826)",0.4765141,0.1487958,0.0221402,0.5844,0.8916,0.4846,0.0719,0.3794
MOD13Q1_061__250m_16_days_NDVI_doy2019193000000_aid0007,_250m_16_days_NDVI,aid0007,2019-07-12,2721879.0,-0.2,0.9915,"(-0.2,0.9915)",0.469306,0.1455015,0.0211707,0.575,0.8769,0.4751,0.0718,0.3737
MOD13Q1_061__250m_16_days_NDVI_doy2019209000000_aid0007,_250m_16_days_NDVI,aid0007,2019-07-28,2722502.0,-0.2,0.9487,"(-0.2,0.9487)",0.4722642,0.1506205,0.0226865,0.5804,0.905,0.473,0.0394,0.364
MOD13Q1_061__250m_16_days_NDVI_doy2019225000000_aid0007,_250m_16_days_NDVI,aid0007,2019-08-13,2738659.0,-0.2,0.9582,"(-0.2,0.9582)",0.4535985,0.1444509,0.0208661,0.5511,0.85,0.4536,0.0529,0.3518
MOD13Q1_061__250m_16_days_NDVI_doy2019241000000_aid0007,_250m_16_days_NDVI,aid0007,2019-08-29,2746402.0,-0.2,0.9724,"(-0.2,0.9724)",0.4734574,0.1583221,0.0250659,0.5823,0.9274,0.4714,0.0071,0.3522
MOD13Q1_061__250m_16_days_NDVI_doy2019257000000_aid0007,_250m_16_days_NDVI,aid0007,2019-09-14,2747416.0,-0.2,0.9631,"(-0.2,0.9631)",0.4847943,0.1719129,0.0295541,0.6072,0.9631,0.4823,-0.0513,0.3438
MOD13Q1_061__250m_16_days_NDVI_doy2019273000000_aid0007,_250m_16_days_NDVI,aid0007,2019-09-30,2752269.0,-0.2,0.978,"(-0.2,0.978)",0.5017776,0.1758777,0.030933,0.6365,0.978,0.5039,-0.0732,0.3526
MOD13Q1_061__250m_16_days_NDVI_doy2019289000000_aid0007,_250m_16_days_NDVI,aid0007,2019-10-16,2753368.0,-0.2,0.9871,"(-0.2,0.9871)",0.5628242,0.19074,0.0363817,0.7236,0.9871,0.5849,-0.0829,0.401
MOD13Q1_061__250m_16_days_NDVI_doy2019305000000_aid0007,_250m_16_days_NDVI,aid0007,2019-11-01,2760260.0,-0.2,0.936,"(-0.2,0.936)",0.5562552,0.1760898,0.0310076,0.7027,0.936,0.5676,-0.0173,0.4147
MOD13Q1_061__250m_16_days_NDVI_doy2019321000000_aid0007,_250m_16_days_NDVI,aid0007,2019-11-17,2755354.0,-0.2,0.9963,"(-0.2,0.9963)",0.5455579,0.1756774,0.0308625,0.6878,0.9963,0.555,-0.0357,0.3984
MOD13Q1_061__250m_16_days_NDVI_doy2019337000000_aid0007,_250m_16_days_NDVI,aid0007,2019-12-03,2753739.0,-0.2,0.976,"(-0.2,0.976)",0.5471514,0.164972,0.0272158,0.6681,0.976,0.5482,0.0624,0.4258
MOD13Q1_061__250m_16_days_NDVI_doy2019353000000_aid0007,_250m_16_days_NDVI,aid0007,2019-12-19,2753994.0,-0.2,0.9978,"(-0.2,0.9978)",0.6557415,0.1555495,0.0241956,0.7782,0.9978,0.6753,0.2445,0.5647
MOD13Q1_061__250m_16_days_NDVI_doy2020001000000_aid0007,_250m_16_days_NDVI,aid0007,2020-01-01,2759715.0,-0.1998,0.9845,"(-0.1998,0.9845)",0.7129223,0.1428378,0.0204026,0.8128,0.9845,0.7359,0.3956,0.6459
MOD13Q1_061__250m_16_days_NDVI_doy2020017000000_aid0007,_250m_16_days_NDVI,aid0007,2020-01-17,2758684.0,-0.2,0.9799,"(-0.2,0.9799)",0.7644197,0.1382626,0.0191165,0.8594,0.9799,0.7846,0.4737,0.7051
MOD13Q1_061__250m_16_days_NDVI_doy2020033000000_aid0007,_250m_16_days_NDVI,aid0007,2020-02-02,2751348.0,-0.2,0.998,"(-0.2,0.998)",0.7609349,0.137874,0.0190092,0.8619,0.998,0.7809,0.4459,0.6955
MOD13Q1_061__250m_16_days_NDVI_doy2020049000000_aid0007,_250m_16_days_NDVI,aid0007,2020-02-18,2750586.0,-0.2,0.9954,"(-0.2,0.9954)",0.7392982,0.1519078,0.023076,0.8587,0.9954,0.7619,0.357,0.658
MOD13Q1_061__250m_16_days_NDVI_doy2020065000000_aid0007,_250m_16_days_NDVI,aid0007,2020-03-05,2754706.0,-0.2,0.9611,"(-0.2,0.9611)",0.6740212,0.1542781,0.0238017,0.787,0.9611,0.6938,0.2925,0.5892
MOD13Q1_061__250m_16_days_NDVI_doy2020081000000_aid0007,_250m_16_days_NDVI,aid0007,2020-03-21,2750606.0,-0.2,0.9709,"(-0.2,0.9709)",0.6182491,0.1623895,0.0263703,0.7433,0.9709,0.6461,0.1683,0.5133
MOD13Q1_061__250m_16_days_NDVI_doy2020097000000_aid0007,_250m_16_days_NDVI,aid0007,2020-04-06,2755173.0,-0.2,0.9114,"(-0.2,0.9114)",0.542185,0.1687335,0.028471,0.6842,0.9114,0.559,-0.008,0.4073
MOD13Q1_061__250m_16_days_NDVI_doy2020113000000_aid0007,_250m_16_days_NDVI,aid0007,2020-04-22,2757830.0,-0.2,0.9049,"(-0.2,0.9049)",0.5072236,0.1612504,0.0260017,0.6396,0.9049,0.512,-0.0046,0.3819
MOD13Q1_061__250m_16_days_NDVI_doy2020129000000_aid0007,_250m_16_days_NDVI,aid0007,2020-05-08,2752450.0,-0.2,0.8926,"(-0.2,0.8926)",0.4677544,0.1503659,0.0226099,0.5909,0.8926,0.4676,-0.0216,0.3459
MOD13Q1_061__250m_16_days_NDVI_doy2020145000000_aid0007,_250m_16_days_NDVI,aid0007,2020-05-24,2752045.0,-0.2,0.9141,"(-0.2,0.9141)",0.4624047,0.1437348,0.0206597,0.5768,0.9141,0.4633,-0.0022,0.3452
MOD13Q1_061__250m_16_days_NDVI_doy2020161000000_aid0007,_250m_16_days_NDVI,aid0007,2020-06-09,2752336.0,-0.2,0.9041,"(-0.2,0.9041)",0.439459,0.1310106,0.0171638,0.5343,0.8266,0.4383,0.0471,0.3394
MOD13Q1_061__250m_16_days_NDVI_doy2020177000000_aid0007,_250m_16_days_NDVI,aid0007,2020-06-25,2750020.0,-0.2,0.9392,"(-0.2,0.9392)",0.4270781,0.1277358,0.0163164,0.5143,0.7882,0.4221,0.0578,0.3317
MOD13Q1_061__250m_16_days_NDVI_doy2020193000000_aid0007,_250m_16_days_NDVI,aid0007,2020-07-11,2750145.0,-0.2,0.9391,"(-0.2,0.9391)",0.4216326,0.1287569,0.0165783,0.5079,0.7777,0.4152,0.0582,0.328
MOD13Q1_061__250m_16_days_NDVI_doy2020209000000_aid0007,_250m_16_days_NDVI,aid0007,2020-07-27,2750787.0,-0.2,0.9374,"(-0.2,0.9374)",0.4297385,0.1381113,0.0190747,0.5219,0.8159,0.4209,0.0319,0.3259
MOD13Q1_061__250m_16_days_NDVI_doy2020225000000_aid0007,_250m_16_days_NDVI,aid0007,2020-08-12,2750718.0,-0.2,0.9458,"(-0.2,0.9458)",0.4135887,0.1388011,0.0192658,0.5022,0.7935,0.3962,0.0167,0.308
MOD13Q1_061__250m_16_days_NDVI_doy2020241000000_aid0007,_250m_16_days_NDVI,aid0007,2020-08-28,2750651.0,-0.2,0.9662,"(-0.2,0.9662)",0.4358408,0.1491703,0.0222518,0.5335,0.8543,0.4182,-0.0012,0.3196
MOD13Q1_061__250m_16_days_NDVI_doy2020257000000_aid0007,_250m_16_days_NDVI,aid0007,2020-09-13,2751731.0,-0.2,0.9613,"(-0.2,0.9613)",0.4391799,0.1659258,0.0275314,0.5534,0.9279,0.4168,-0.0708,0.3037
MOD13Q1_061__250m_16_days_NDVI_doy2020273000000_aid0007,_250m_16_days_NDVI,aid0007,2020-09-29,2753218.0,-0.2,0.9541,"(-0.2,0.9541)",0.4764647,0.1777515,0.0315956,0.607,0.9541,0.4625,-0.0972,0.3253
MOD13Q1_061__250m_16_days_NDVI_doy2020289000000_aid0007,_250m_16_days_NDVI,aid0007,2020-10-15,2755455.0,-0.2,0.9986,"(-0.2,0.9986)",0.5189329,0.1835673,0.033697,0.6676,0.9986,0.5227,-0.0969,0.3618
MOD13Q1_061__250m_16_days_NDVI_doy2020305000000_aid0007,_250m_16_days_NDVI,aid0007,2020-10-31,2756116.0,-0.2,0.9928,"(-0.2,0.9928)",0.5115316,0.169566,0.0287526,0.6455,0.9928,0.5119,-0.0332,0.374
MOD13Q1_061__250m_16_days_NDVI_doy2020321000000_aid0007,_250m_16_days_NDVI,aid0007,2020-11-16,2755838.0,-0.2,0.9796,"(-0.2,0.9796)",0.5174581,0.1597389,0.0255165,0.6441,0.9796,0.5192,0.0044,0.3882
MOD13Q1_061__250m_16_days_NDVI_doy2020337000000_aid0007,_250m_16_days_NDVI,aid0007,2020-12-02,2756047.0,-0.2,0.9927,"(-0.2,0.9927)",0.5248076,0.1627399,0.0264843,0.6457,0.9927,0.5187,0.0402,0.4035
MOD13Q1_061__250m_16_days_NDVI_doy2020353000000_aid0007,_250m_16_days_NDVI,aid0007,2020-12-18,2754271.0,-0.2,0.9907,"(-0.2,0.9907)",0.5536218,0.1603264,0.0257045,0.6715,0.9907,0.5529,0.0918,0.4396
MOD13Q1_061__250m_16_days_NDVI_doy2021001000000_aid0007,_250m_16_days_NDVI,aid0007,2021-01-01,2756423.0,-0.2,0.9398,"(-0.2,0.9398)",0.5886018,0.1671385,0.0279353,0.7232,0.9398,0.5889,0.072,0.4627
MOD13Q1_061__250m_16_days_NDVI_doy2021017000000_aid0007,_250m_16_days_NDVI,aid0007,2021-01-17,2754627.0,-0.2,0.999,"(-0.2,0.999)",0.6530328,0.1617329,0.0261575,0.7829,0.999,0.661,0.1772,0.5406
MOD13Q1_061__250m_16_days_NDVI_doy2021033000000_aid0007,_250m_16_days_NDVI,aid0007,2021-02-02,2753619.0,-0.2,0.9996,"(-0.2,0.9996)",0.7531134,0.1461399,0.0213569,0.8661,0.9996,0.7795,0.3891,0.6753
MOD13Q1_061__250m_16_days_NDVI_doy2021049000000_aid0007,_250m_16_days_NDVI,aid0007,2021-02-18,2752708.0,-0.2,0.9901,"(-0.2,0.9901)",0.7249802,0.1519067,0.0230756,0.8452,0.9901,0.7467,0.3225,0.6361
MOD13Q1_061__250m_16_days_NDVI_doy2021065000000_aid0007,_250m_16_days_NDVI,aid0007,2021-03-06,2754715.0,-0.2,0.9842,"(-0.2,0.9842)",0.6704559,0.1625183,0.0264122,0.7974,0.9842,0.6872,0.2129,0.5636
MOD13Q1_061__250m_16_days_NDVI_doy2021081000000_aid0007,_250m_16_days_NDVI,aid0007,2021-03-22,2754082.0,-0.2,0.9848,"(-0.2,0.9848)",0.6128217,0.1504569,0.0226373,0.7223,0.9848,0.6312,0.2091,0.517
MOD13Q1_061__250m_16_days_NDVI_doy2021097000000_aid0007,_250m_16_days_NDVI,aid0007,2021-04-07,2753821.0,-0.2,0.9613,"(-0.2,0.9613)",0.5734568,0.1584961,0.025121,0.7037,0.9613,0.5936,0.0797,0.4541
MOD13Q1_061__250m_16_days_NDVI_doy2021113000000_aid0007,_250m_16_days_NDVI,aid0007,2021-04-23,2755324.0,-0.2,0.9194,"(-0.2,0.9194)",0.5397524,0.1653938,0.0273551,0.6808,0.9194,0.5415,-0.0099,0.4045
MOD13Q1_061__250m_16_days_NDVI_doy2021129000000_aid0007,_250m_16_days_NDVI,aid0007,2021-05-09,2753146.0,-0.2,0.9134,"(-0.2,0.9134)",0.4697327,0.1578697,0.0249228,0.5963,0.9134,0.458,-0.0551,0.3357
MOD13Q1_061__250m_16_days_NDVI_doy2021145000000_aid0007,_250m_16_days_NDVI,aid0007,2021-05-25,2751820.0,-0.2,0.916,"(-0.2,0.916)",0.4300771,0.1431136,0.0204815,0.5372,0.8742,0.4142,-0.0245,0.3125
MOD13Q1_061__250m_16_days_NDVI_doy2021161000000_aid0007,_250m_16_days_NDVI,aid0007,2021-06-10,2751886.0,-0.2,0.9408,"(-0.2,0.9408)",0.4360338,0.141534,0.0200319,0.5404,0.8698,0.42,-0.0086,0.3208
MOD13Q1_061__250m_16_days_NDVI_doy2021177000000_aid0007,_250m_16_days_NDVI,aid0007,2021-06-26,2752232.0,-0.2,0.9606,"(-0.2,0.9606)",0.4138766,0.1252918,0.015698,0.496,0.7621,0.3963,0.0525,0.3186
MOD13Q1_061__250m_16_days_NDVI_doy2021193000000_aid0007,_250m_16_days_NDVI,aid0007,2021-07-12,2751745.0,-0.2,0.9552,"(-0.2,0.9552)",0.4234984,0.127771,0.0163254,0.5084,0.7767,0.4103,0.0612,0.3295
MOD13Q1_061__250m_16_days_NDVI_doy2021209000000_aid0007,_250m_16_days_NDVI,aid0007,2021-07-28,2751158.0,-0.2,0.9732,"(-0.2,0.9732)",0.4297695,0.1336291,0.0178567,0.5209,0.808,0.4165,0.0424,0.3295
MOD13Q1_061__250m_16_days_NDVI_doy2021225000000_aid0007,_250m_16_days_NDVI,aid0007,2021-08-13,2753298.0,-0.2,0.9635,"(-0.2,0.9635)",0.4573635,0.1558079,0.0242761,0.5664,0.9133,0.4443,-0.0118,0.3351
MOD13Q1_061__250m_16_days_NDVI_doy2021241000000_aid0007,_250m_16_days_NDVI,aid0007,2021-08-29,2755571.0,-0.2,0.9754,"(-0.2,0.9754)",0.5002139,0.1719524,0.0295676,0.6262,0.9754,0.4974,-0.0345,0.3619
MOD13Q1_061__250m_16_days_NDVI_doy2021257000000_aid0007,_250m_16_days_NDVI,aid0007,2021-09-14,2753709.0,-0.2,0.9995,"(-0.2,0.9995)",0.5470882,0.1958412,0.0383538,0.702,0.9995,0.551,-0.0972,0.3823
MOD13Q1_061__250m_16_days_NDVI_doy2021273000000_aid0007,_250m_16_days_NDVI,aid0007,2021-09-30,2755111.0,-0.2,0.9824,"(-0.2,0.9824)",0.5472274,0.1942684,0.0377402,0.7086,0.9824,0.5546,-0.1186,0.3777
MOD13Q1_061__250m_16_days_NDVI_doy2021289000000_aid0007,_250m_16_days_NDVI,aid0007,2021-10-16,2753252.0,-0.2,0.9633,"(-0.2,0.9633)",0.5442219,0.1921771,0.036932,0.702,0.9633,0.5544,-0.1205,0.373
MOD13Q1_061__250m_16_days_NDVI_doy2021305000000_aid0007,_250m_16_days_NDVI,aid0007,2021-11-01,2754180.0,-0.2,0.9503,"(-0.2,0.9503)",0.5415055,0.1658222,0.027497,0.6703,0.9503,0.5529,0.0281,0.4134
MOD13Q1_061__250m_16_days_NDVI_doy2021321000000_aid0007,_250m_16_days_NDVI,aid0007,2021-11-17,2754148.0,-0.2,0.9681,"(-0.2,0.9681)",0.5273127,0.16095,0.0259049,0.6483,0.9681,0.5346,0.0181,0.3962
MOD13Q1_061__250m_16_days_NDVI_doy2021337000000_aid0007,_250m_16_days_NDVI,aid0007,2021-12-03,2755408.0,-0.2,0.9937,"(-0.2,0.9937)",0.5919841,0.16867,0.0284496,0.7175,0.9937,0.606,0.1073,0.4734
MOD13Q1_061__250m_16_days_NDVI_doy2021353000000_aid0007,_250m_16_days_NDVI,aid0007,2021-12-19,2754816.0,-0.2,0.9742,"(-0.2,0.9742)",0.5912973,0.1674697,0.0280461,0.7214,0.9742,0.5969,0.0954,0.471
MOD13Q1_061__250m_16_days_NDVI_doy2022001000000_aid0007,_250m_16_days_NDVI,aid0007,2022-01-01,2754932.0,-0.2,0.9487,"(-0.2,0.9487)",0.5973886,0.1605737,0.0257839,0.7283,0.9487,0.5985,0.1018,0.477675
MOD13Q1_061__250m_16_days_NDVI_doy2022017000000_aid0007,_250m_16_days_NDVI,aid0007,2022-01-17,2757829.0,-0.2,0.9989,"(-0.2,0.9989)",0.7080758,0.1492376,0.0222719,0.8149,0.9989,0.7303,0.3447,0.6268
MOD13Q1_061__250m_16_days_NDVI_doy2022033000000_aid0007,_250m_16_days_NDVI,aid0007,2022-02-02,2754342.0,-0.2,0.9983,"(-0.2,0.9983)",0.7365393,0.1360904,0.0185206,0.8326,0.9983,0.7527,0.4271,0.6704
MOD13Q1_061__250m_16_days_NDVI_doy2022049000000_aid0007,_250m_16_days_NDVI,aid0007,2022-02-18,2758118.0,-0.2,0.9872,"(-0.2,0.9872)",0.7403228,0.1449152,0.0210004,0.8429,0.9872,0.7653,0.4237,0.6752
MOD13Q1_061__250m_16_days_NDVI_doy2022065000000_aid0007,_250m_16_days_NDVI,aid0007,2022-03-06,2758506.0,-0.2,0.9867,"(-0.2,0.9867)",0.7242198,0.1489561,0.0221879,0.825,0.9867,0.7576,0.4193,0.6627
MOD13Q1_061__250m_16_days_NDVI_doy2022081000000_aid0007,_250m_16_days_NDVI,aid0007,2022-03-22,2758849.0,-0.2,0.9344,"(-0.2,0.9344)",0.6536718,0.1610462,0.0259359,0.7714,0.9344,0.6931,0.2544,0.5646
MOD13Q1_061__250m_16_days_NDVI_doy2022097000000_aid0007,_250m_16_days_NDVI,aid0007,2022-04-07,2750304.0,-0.2,0.9214,"(-0.2,0.9214)",0.5509674,0.1608626,0.0258768,0.6798,0.9214,0.5694,0.0496,0.4277
MOD13Q1_061__250m_16_days_NDVI_doy2022113000000_aid0007,_250m_16_days_NDVI,aid0007,2022-04-23,2753141.0,-0.2,0.9825,"(-0.2,0.9825)",0.507643,0.1583677,0.0250803,0.6368,0.9825,0.517,-0.0164,0.3755
MOD13Q1_061__250m_16_days_NDVI_doy2022129000000_aid0007,_250m_16_days_NDVI,aid0007,2022-05-09,2752111.0,-0.2,0.9592,"(-0.2,0.9592)",0.4582804,0.1465279,0.0214704,0.5685,0.9088,0.4559,-0.0107,0.3368
MOD13Q1_061__250m_16_days_NDVI_doy2022145000000_aid0007,_250m_16_days_NDVI,aid0007,2022-05-25,2749467.0,-0.2,0.9137,"(-0.2,0.9137)",0.4308212,0.1362003,0.0185505,0.5265,0.8371,0.4194,0.0088,0.3194
MOD13Q1_061__250m_16_days_NDVI_doy2022161000000_aid0007,_250m_16_days_NDVI,aid0007,2022-06-10,2749271.0,-0.2,0.8968,"(-0.2,0.8968)",0.3790328,0.1106292,0.0122388,0.4454,0.6696,0.3641,0.0717,0.2959
MOD13Q1_061__250m_16_days_NDVI_doy2022177000000_aid0007,_250m_16_days_NDVI,aid0007,2022-06-26,2754278.0,-0.2,0.9012,"(-0.2,0.9012)",0.3689128,0.0987479,0.0097512,0.4247,0.6077,0.3585,0.1197,0.3027
MOD13Q1_061__250m_16_days_NDVI_doy2022193000000_aid0007,_250m_16_days_NDVI,aid0007,2022-07-12,2748465.0,-0.2,0.9181,"(-0.2,0.9181)",0.372711,0.1038189,0.0107784,0.4266,0.6136,0.3592,0.1149,0.3019
MOD13Q1_061__250m_16_days_NDVI_doy2022209000000_aid0007,_250m_16_days_NDVI,aid0007,2022-07-28,2748625.0,-0.2,0.9387,"(-0.2,0.9387)",0.4142981,0.1311513,0.0172007,0.4916,0.7514,0.3977,0.0586,0.3184
MOD13Q1_061__250m_16_days_NDVI_doy2022225000000_aid0007,_250m_16_days_NDVI,aid0007,2022-08-13,2752165.0,-0.2,0.9399,"(-0.2,0.9399)",0.4226231,0.1430006,0.0204492,0.5136,0.8134,0.4025,0.0139,0.3137
MOD13Q1_061__250m_16_days_NDVI_doy2022241000000_aid0007,_250m_16_days_NDVI,aid0007,2022-08-29,2750279.0,-0.2,0.9301,"(-0.2,0.9301)",0.407395,0.1454996,0.0211701,0.494,0.7932,0.3794,-0.0047,0.2945
MOD13Q1_061__250m_16_days_NDVI_doy2022257000000_aid0007,_250m_16_days_NDVI,aid0007,2022-09-14,2752615.0,-0.2,0.9428,"(-0.2,0.9428)",0.4094539,0.1455718,0.0211911,0.4962,0.7966,0.3801,-0.0045,0.2959
MOD13Q1_061__250m_16_days_NDVI_doy2022273000000_aid0007,_250m_16_days_NDVI,aid0007,2022-09-30,2754463.0,-0.2,0.926,"(-0.2,0.926)",0.4024129,0.1445441,0.020893,0.488,0.7865,0.3763,-0.0095,0.289
MOD13Q1_061__250m_16_days_NDVI_doy2022289000000_aid0007,_250m_16_days_NDVI,aid0007,2022-10-16,2751565.0,-0.2,0.9926,"(-0.2,0.9926)",0.3989063,0.1342284,0.0180173,0.4853,0.779,0.3866,-0.0042,0.2895
MOD13Q1_061__250m_16_days_NDVI_doy2022305000000_aid0007,_250m_16_days_NDVI,aid0007,2022-11-01,2752673.0,-0.2,0.9221,"(-0.2,0.9221)",0.3973362,0.132923,0.0176685,0.4853,0.78,0.3824,-0.0059,0.2888
MOD13Q1_061__250m_16_days_NDVI_doy2022321000000_aid0007,_250m_16_days_NDVI,aid0007,2022-11-17,2755884.0,-0.2,0.9183,"(-0.2,0.9183)",0.3940193,0.1408805,0.0198473,0.4882,0.8018,0.366,-0.0345,0.2791
MOD13Q1_061__250m_16_days_NDVI_doy2022337000000_aid0007,_250m_16_days_NDVI,aid0007,2022-12-03,2754255.0,-0.2,0.958,"(-0.2,0.958)",0.4242381,0.1440558,0.0207521,0.5197,0.8399,0.4045,-0.014,0.3062
MOD13Q1_061__250m_16_days_NDVI_doy2022353000000_aid0007,_250m_16_days_NDVI,aid0007,2022-12-19,2756041.0,-0.2,0.9648,"(-0.2,0.9648)",0.4490457,0.1487817,0.022136,0.5485,0.8725,0.4357,0.0085,0.3325
MOD13Q1_061__250m_16_days_NDVI_doy2023001000000_aid0007,_250m_16_days_NDVI,aid0007,2023-01-01,2755224.0,-0.2,0.9901,"(-0.2,0.9901)",0.4944873,0.1603697,0.0257184,0.6026,0.9451,0.4797,0.0301,0.3736
MOD13Q1_061__250m_16_days_NDVI_doy2023017000000_aid0007,_250m_16_days_NDVI,aid0007,2023-01-17,2754340.0,-0.2,0.9881,"(-0.2,0.9881)",0.6342822,0.1672943,0.0279874,0.7685,0.9881,0.6419,0.1336,0.5145
MOD13Q1_061__250m_16_days_NDVI_doy2023033000000_aid0007,_250m_16_days_NDVI,aid0007,2023-02-02,2755208.0,-0.2,0.9991,"(-0.2,0.9991)",0.6913047,0.1536609,0.0236117,0.8093,0.9991,0.7114,0.2803,0.5977
MOD13Q1_061__250m_16_days_NDVI_doy2023049000000_aid0007,_250m_16_days_NDVI,aid0007,2023-02-18,2753420.0,-0.2,0.9414,"(-0.2,0.9414)",0.6371162,0.1519488,0.0230884,0.7569,0.9414,0.6443,0.1902,0.5302
MOD13Q1_061__250m_16_days_NDVI_doy2023065000000_aid0007,_250m_16_days_NDVI,aid0007,2023-03-06,2753826.0,-0.2,0.9992,"(-0.2,0.9992)",0.5403187,0.139673,0.0195085,0.6433,0.95,0.5319,0.1288,0.4375
MOD13Q1_061__250m_16_days_NDVI_doy2023081000000_aid0007,_250m_16_days_NDVI,aid0007,2023-03-22,2754593.0,-0.2,0.9983,"(-0.2,0.9983)",0.5538352,0.1390556,0.0193365,0.6585,0.9578,0.5565,0.1515,0.4557
MOD13Q1_061__250m_16_days_NDVI_doy2023097000000_aid0007,_250m_16_days_NDVI,aid0007,2023-04-07,2754190.0,-0.2,0.9456,"(-0.2,0.9456)",0.5313788,0.1457591,0.0212457,0.6449,0.9456,0.5288,0.0789,0.4185
MOD13Q1_061__250m_16_days_NDVI_doy2023113000000_aid0007,_250m_16_days_NDVI,aid0007,2023-04-23,2752935.0,-0.2,0.9225,"(-0.2,0.9225)",0.4927148,0.1542587,0.0237957,0.6148,0.9225,0.4809,-0.0109,0.3645
MOD13Q1_061__250m_16_days_NDVI_doy2023129000000_aid0007,_250m_16_days_NDVI,aid0007,2023-05-09,2751893.0,-0.2,0.9347,"(-0.2,0.9347)",0.4690435,0.1542959,0.0238072,0.589,0.9347,0.4556,-0.0377,0.3383
MOD13Q1_061__250m_16_days_NDVI_doy2023145000000_aid0007,_250m_16_days_NDVI,aid0007,2023-05-25,2755125.0,-0.2,0.9981,"(-0.2,0.9981)",0.4967534,0.1558692,0.0242952,0.6211,0.9981,0.4945,-0.0101,0.3686
MOD13Q1_061__250m_16_days_NDVI_doy2023161000000_aid0007,_250m_16_days_NDVI,aid0007,2023-06-10,2753449.0,-0.2,0.9416,"(-0.2,0.9416)",0.462683,0.1461593,0.0213625,0.5712,0.9177,0.4507,-0.0065,0.3401
MOD13Q1_061__250m_16_days_NDVI_doy2023177000000_aid0007,_250m_16_days_NDVI,aid0007,2023-06-26,2754570.0,-0.2,0.9969,"(-0.2,0.9969)",0.4479127,0.135213,0.0182825,0.5403,0.8368,0.4331,0.0461,0.3426
MOD13Q1_061__250m_16_days_NDVI_doy2023193000000_aid0007,_250m_16_days_NDVI,aid0007,2023-07-12,2755644.0,-0.2,0.9921,"(-0.2,0.9921)",0.4693332,0.1440954,0.0207635,0.5719,0.8939,0.4608,0.0352,0.3572
MOD13Q1_061__250m_16_days_NDVI_doy2023209000000_aid0007,_250m_16_days_NDVI,aid0007,2023-07-28,2752474.0,-0.2,0.9433,"(-0.2,0.9433)",0.4889515,0.1591752,0.0253367,0.6061,0.9433,0.4901,-0.0113,0.3591
MOD13Q1_061__250m_16_days_NDVI_doy2023225000000_aid0007,_250m_16_days_NDVI,aid0007,2023-08-13,2754558.0,-0.2,0.9847,"(-0.2,0.9847)",0.4989487,0.1730266,0.0299382,0.6272,0.9847,0.5013,-0.0622,0.3514
MOD13Q1_061__250m_16_days_NDVI_doy2023241000000_aid0007,_250m_16_days_NDVI,aid0007,2023-08-29,2755258.0,-0.2,0.9757,"(-0.2,0.9757)",0.5089192,0.1749524,0.0306083,0.6393,0.9757,0.5142,-0.0619,0.3588
MOD13Q1_061__250m_16_days_NDVI_doy2023257000000_aid0007,_250m_16_days_NDVI,aid0007,2023-09-14,2754519.0,-0.2,0.9767,"(-0.2,0.9767)",0.5341031,0.1906143,0.0363338,0.6841,0.9767,0.5488,-0.1316,0.3578
MOD13Q1_061__250m_16_days_NDVI_doy2023273000000_aid0007,_250m_16_days_NDVI,aid0007,2023-09-30,2752712.0,-0.2,0.963,"(-0.2,0.963)",0.521154,0.1952505,0.0381227,0.6809,0.963,0.5261,-0.1866,0.3339
MOD13Q1_061__250m_16_days_NDVI_doy2023289000000_aid0007,_250m_16_days_NDVI,aid0007,2023-10-16,2754299.0,-0.2,0.9845,"(-0.2,0.9845)",0.5197722,0.181998,0.0331233,0.6672,0.9845,0.523,-0.122,0.3515
MOD13Q1_061__250m_16_days_NDVI_doy2023305000000_aid0007,_250m_16_days_NDVI,aid0007,2023-11-01,2755768.0,-0.2,0.9826,"(-0.2,0.9826)",0.5479941,0.1878159,0.0352748,0.7114,0.9826,0.5607,-0.1201,0.3788
MOD13Q1_061__250m_16_days_NDVI_doy2023321000000_aid0007,_250m_16_days_NDVI,aid0007,2023-11-17,2756835.0,-0.2,0.9587,"(-0.2,0.9587)",0.5302898,0.1793058,0.0321506,0.6845,0.9587,0.5372,-0.1137,0.3652
MOD13Q1_061__250m_16_days_NDVI_doy2023337000000_aid0007,_250m_16_days_NDVI,aid0007,2023-12-03,2756176.0,-0.2,0.9951,"(-0.2,0.9951)",0.5542621,0.1763483,0.0310987,0.7029,0.9951,0.5561,-0.0431,0.4045
MOD13Q1_061__250m_16_days_NDVI_doy2023353000000_aid0007,_250m_16_days_NDVI,aid0007,2023-12-19,2755578.0,-0.2,0.9986,"(-0.2,0.9986)",0.6487794,0.1746253,0.030494,0.7746,0.9986,0.685,0.2391,0.5604
MOD13Q1_061__250m_16_days_NDVI_doy2015353000000_aid0008,_250m_16_days_NDVI,aid0008,2015-12-19,1727207.0,-0.2,0.9918,"(-0.2,0.9918)",0.5617881,0.170948,0.0292232,0.6836,0.9918,0.559,0.0619,0.4349
MOD13Q1_061__250m_16_days_NDVI_doy2016001000000_aid0008,_250m_16_days_NDVI,aid0008,2016-01-01,1727407.0,-0.2,0.9964,"(-0.2,0.9964)",0.7053086,0.1558153,0.0242784,0.8286,0.9964,0.7212,0.2834,0.6105
MOD13Q1_061__250m_16_days_NDVI_doy2016017000000_aid0008,_250m_16_days_NDVI,aid0008,2016-01-17,1727897.0,-0.198,0.9958,"(-0.198,0.9958)",0.7704399,0.1423596,0.0202662,0.8827,0.9958,0.8022,0.405,0.6916
MOD13Q1_061__250m_16_days_NDVI_doy2016033000000_aid0008,_250m_16_days_NDVI,aid0008,2016-02-02,1727615.0,-0.2,0.9987,"(-0.2,0.9987)",0.796476,0.1438735,0.0206996,0.9084,0.9987,0.837,0.4457,0.7233
MOD13Q1_061__250m_16_days_NDVI_doy2016049000000_aid0008,_250m_16_days_NDVI,aid0008,2016-02-18,1727705.0,-0.1996,0.9728,"(-0.1996,0.9728)",0.7584187,0.163641,0.0267784,0.8913,0.9728,0.7979,0.3281,0.666
MOD13Q1_061__250m_16_days_NDVI_doy2016065000000_aid0008,_250m_16_days_NDVI,aid0008,2016-03-05,1727724.0,-0.2,0.9997,"(-0.2,0.9997)",0.748875,0.1558811,0.0242989,0.8733,0.9997,0.7805,0.3431,0.6612
MOD13Q1_061__250m_16_days_NDVI_doy2016081000000_aid0008,_250m_16_days_NDVI,aid0008,2016-03-21,1727208.0,-0.2,0.9978,"(-0.2,0.9978)",0.6244166,0.1581143,0.0250001,0.74,0.9978,0.6335,0.2048,0.5259
MOD13Q1_061__250m_16_days_NDVI_doy2016097000000_aid0008,_250m_16_days_NDVI,aid0008,2016-04-06,1726218.0,-0.2,0.9218,"(-0.2,0.9218)",0.4620263,0.1326089,0.0175851,0.5524,0.8324,0.4423,0.0857,0.3657
MOD13Q1_061__250m_16_days_NDVI_doy2016113000000_aid0008,_250m_16_days_NDVI,aid0008,2016-04-22,1725618.0,-0.2,0.9548,"(-0.2,0.9548)",0.4390413,0.1345497,0.0181036,0.5283,0.8061,0.4166,0.0653,0.3431
MOD13Q1_061__250m_16_days_NDVI_doy2016129000000_aid0008,_250m_16_days_NDVI,aid0008,2016-05-08,1725180.0,-0.2,0.9509,"(-0.2,0.9509)",0.3869571,0.1218001,0.0148353,0.4587,0.6922,0.3655,0.0695,0.303
MOD13Q1_061__250m_16_days_NDVI_doy2016145000000_aid0008,_250m_16_days_NDVI,aid0008,2016-05-24,1724159.0,-0.2,0.9481,"(-0.2,0.9481)",0.4026822,0.1329546,0.0176769,0.4814,0.7404,0.3827,0.0497,0.3087
MOD13Q1_061__250m_16_days_NDVI_doy2016161000000_aid0008,_250m_16_days_NDVI,aid0008,2016-06-09,1722000.0,-0.2,0.9419,"(-0.2,0.9419)",0.3982086,0.1303881,0.0170011,0.4725,0.721,0.3791,0.0583,0.3068
MOD13Q1_061__250m_16_days_NDVI_doy2016177000000_aid0008,_250m_16_days_NDVI,aid0008,2016-06-25,1722700.0,-0.2,0.9555,"(-0.2,0.9555)",0.4043826,0.1364979,0.0186317,0.4818,0.739,0.3869,0.0531,0.3103
MOD13Q1_061__250m_16_days_NDVI_doy2016193000000_aid0008,_250m_16_days_NDVI,aid0008,2016-07-11,1723626.0,-0.2,0.9853,"(-0.2,0.9853)",0.4053426,0.1334899,0.0178195,0.4798,0.7244,0.3873,0.0721,0.3167
MOD13Q1_061__250m_16_days_NDVI_doy2016209000000_aid0008,_250m_16_days_NDVI,aid0008,2016-07-27,1723917.0,-0.2,0.9357,"(-0.2,0.9357)",0.4264982,0.1374366,0.0188888,0.5061,0.7644,0.411,0.0756,0.3339
MOD13Q1_061__250m_16_days_NDVI_doy2016225000000_aid0008,_250m_16_days_NDVI,aid0008,2016-08-12,1723802.0,-0.2,0.9504,"(-0.2,0.9504)",0.4478981,0.1540014,0.0237164,0.5409,0.8434,0.4312,0.0367,0.3392
MOD13Q1_061__250m_16_days_NDVI_doy2016241000000_aid0008,_250m_16_days_NDVI,aid0008,2016-08-28,1725263.0,-0.2,0.9573,"(-0.2,0.9573)",0.4372781,0.1591316,0.0253229,0.5316,0.8479,0.4148,0.0044,0.3207
MOD13Q1_061__250m_16_days_NDVI_doy2016257000000_aid0008,_250m_16_days_NDVI,aid0008,2016-09-13,1725802.0,-0.2,0.9671,"(-0.2,0.9671)",0.4356763,0.1642692,0.0269844,0.5328,0.8683,0.4075,-0.0264,0.3091
MOD13Q1_061__250m_16_days_NDVI_doy2016273000000_aid0008,_250m_16_days_NDVI,aid0008,2016-09-29,1727424.0,-0.2,0.9969,"(-0.2,0.9969)",0.4369132,0.1694208,0.0287034,0.5489,0.9264,0.4092,-0.0802,0.2972
MOD13Q1_061__250m_16_days_NDVI_doy2016289000000_aid0008,_250m_16_days_NDVI,aid0008,2016-10-15,1726111.0,-0.2,0.9851,"(-0.2,0.9851)",0.4702267,0.1880038,0.0353454,0.6111,0.9851,0.4479,-0.1346,0.3128
MOD13Q1_061__250m_16_days_NDVI_doy2016305000000_aid0008,_250m_16_days_NDVI,aid0008,2016-10-31,1726891.0,-0.2,0.9908,"(-0.2,0.9908)",0.4516102,0.1774285,0.0314809,0.5843,0.9908,0.4295,-0.1127,0.3055
MOD13Q1_061__250m_16_days_NDVI_doy2016321000000_aid0008,_250m_16_days_NDVI,aid0008,2016-11-16,1727486.0,-0.2,0.9913,"(-0.2,0.9913)",0.4536763,0.1599634,0.0255883,0.569,0.9303,0.4374,-0.038,0.3262
MOD13Q1_061__250m_16_days_NDVI_doy2016337000000_aid0008,_250m_16_days_NDVI,aid0008,2016-12-02,1727095.0,-0.2,0.9658,"(-0.2,0.9658)",0.4312205,0.1539637,0.0237048,0.5322,0.8593,0.4059,-0.013,0.3141
MOD13Q1_061__250m_16_days_NDVI_doy2016353000000_aid0008,_250m_16_days_NDVI,aid0008,2016-12-18,1727384.0,-0.2,0.9758,"(-0.2,0.9758)",0.5121596,0.1686009,0.0284263,0.628,0.9758,0.5053,0.0378,0.3919
MOD13Q1_061__250m_16_days_NDVI_doy2017001000000_aid0008,_250m_16_days_NDVI,aid0008,2017-01-01,1727930.0,-0.2,0.9831,"(-0.2,0.9831)",0.6323,0.1798499,0.032346,0.7701,0.9831,0.6532,0.1459,0.5204
MOD13Q1_061__250m_16_days_NDVI_doy2017017000000_aid0008,_250m_16_days_NDVI,aid0008,2017-01-17,1727865.0,-0.2,0.9962,"(-0.2,0.9962)",0.7053683,0.1717531,0.0294991,0.8389,0.9962,0.7343,0.2679,0.6105
MOD13Q1_061__250m_16_days_NDVI_doy2017033000000_aid0008,_250m_16_days_NDVI,aid0008,2017-02-02,1727515.0,-0.2,0.9978,"(-0.2,0.9978)",0.7477027,0.164384,0.0270221,0.8747,0.9978,0.7784,0.347,0.6636
MOD13Q1_061__250m_16_days_NDVI_doy2017049000000_aid0008,_250m_16_days_NDVI,aid0008,2017-02-18,1727220.0,-0.2,0.9993,"(-0.2,0.9993)",0.7604052,0.1610405,0.025934,0.885,0.9993,0.7945,0.3725,0.68
MOD13Q1_061__250m_16_days_NDVI_doy2017065000000_aid0008,_250m_16_days_NDVI,aid0008,2017-03-06,1727112.0,-0.2,0.9986,"(-0.2,0.9986)",0.7167349,0.1697836,0.0288265,0.8484,0.9986,0.7475,0.2977,0.6281
MOD13Q1_061__250m_16_days_NDVI_doy2017081000000_aid0008,_250m_16_days_NDVI,aid0008,2017-03-22,1724249.0,-0.2,0.9996,"(-0.2,0.9996)",0.6198621,0.1636984,0.0267972,0.7366,0.9996,0.6308,0.1996,0.5218
MOD13Q1_061__250m_16_days_NDVI_doy2017097000000_aid0008,_250m_16_days_NDVI,aid0008,2017-04-07,1724188.0,-0.2,0.9818,"(-0.2,0.9818)",0.5080709,0.1613221,0.0260248,0.6156,0.9242,0.5038,0.0744,0.3991
MOD13Q1_061__250m_16_days_NDVI_doy2017113000000_aid0008,_250m_16_days_NDVI,aid0008,2017-04-23,1722824.0,-0.2,0.9218,"(-0.2,0.9218)",0.451954,0.1519458,0.0230875,0.5477,0.8393,0.4373,0.0617,0.3533
MOD13Q1_061__250m_16_days_NDVI_doy2017129000000_aid0008,_250m_16_days_NDVI,aid0008,2017-05-09,1720948.0,-0.2,0.9244,"(-0.2,0.9244)",0.4392104,0.1462459,0.0213879,0.5341,0.8276,0.4274,0.0449,0.3384
MOD13Q1_061__250m_16_days_NDVI_doy2017145000000_aid0008,_250m_16_days_NDVI,aid0008,2017-05-25,1720043.0,-0.2,0.9361,"(-0.2,0.9361)",0.4185445,0.1408925,0.0198507,0.5058,0.7771,0.4043,0.0536,0.3249
MOD13Q1_061__250m_16_days_NDVI_doy2017161000000_aid0008,_250m_16_days_NDVI,aid0008,2017-06-10,1723126.0,-0.2,0.9018,"(-0.2,0.9018)",0.3808905,0.1251467,0.0156617,0.4533,0.6808,0.3649,0.0741,0.3016
MOD13Q1_061__250m_16_days_NDVI_doy2017177000000_aid0008,_250m_16_days_NDVI,aid0008,2017-06-26,1720506.0,-0.2,0.9559,"(-0.2,0.9559)",0.3932424,0.1312411,0.0172242,0.4657,0.6953,0.3813,0.083,0.3126
MOD13Q1_061__250m_16_days_NDVI_doy2017193000000_aid0008,_250m_16_days_NDVI,aid0008,2017-07-12,1719579.0,-0.2,0.9712,"(-0.2,0.9712)",0.3957172,0.1325151,0.0175602,0.4698,0.703,0.3843,0.0811,0.3143
MOD13Q1_061__250m_16_days_NDVI_doy2017209000000_aid0008,_250m_16_days_NDVI,aid0008,2017-07-28,1721942.0,-0.2,0.9318,"(-0.2,0.9318)",0.4043233,0.1336853,0.0178717,0.4809,0.7192,0.394,0.0837,0.322
MOD13Q1_061__250m_16_days_NDVI_doy2017225000000_aid0008,_250m_16_days_NDVI,aid0008,2017-08-13,1721490.0,-0.2,0.9477,"(-0.2,0.9477)",0.4216648,0.1513409,0.0229041,0.5096,0.788,0.4101,0.0456,0.324
MOD13Q1_061__250m_16_days_NDVI_doy2017241000000_aid0008,_250m_16_days_NDVI,aid0008,2017-08-29,1723226.0,-0.2,0.9656,"(-0.2,0.9656)",0.4567547,0.1659598,0.0275427,0.5572,0.8815,0.4459,0.0167,0.341
MOD13Q1_061__250m_16_days_NDVI_doy2017257000000_aid0008,_250m_16_days_NDVI,aid0008,2017-09-14,1726202.0,-0.2,0.9489,"(-0.2,0.9489)",0.4459718,0.1667232,0.0277966,0.55,0.8912,0.4335,-0.0187,0.3225
MOD13Q1_061__250m_16_days_NDVI_doy2017273000000_aid0008,_250m_16_days_NDVI,aid0008,2017-09-30,1725833.0,-0.2,0.9569,"(-0.2,0.9569)",0.4519363,0.1787152,0.0319391,0.5739,0.9569,0.4415,-0.0916,0.3077
MOD13Q1_061__250m_16_days_NDVI_doy2017289000000_aid0008,_250m_16_days_NDVI,aid0008,2017-10-16,1726086.0,-0.2,0.9919,"(-0.2,0.9919)",0.4433907,0.1781159,0.0317253,0.5695,0.959,0.4238,-0.108,0.2985
MOD13Q1_061__250m_16_days_NDVI_doy2017305000000_aid0008,_250m_16_days_NDVI,aid0008,2017-11-01,1726539.0,-0.2,0.9497,"(-0.2,0.9497)",0.4346701,0.1704913,0.0290673,0.559,0.9497,0.418,-0.0965,0.2968
MOD13Q1_061__250m_16_days_NDVI_doy2017321000000_aid0008,_250m_16_days_NDVI,aid0008,2017-11-17,1726959.0,-0.2,0.917,"(-0.2,0.917)",0.3998856,0.1416415,0.0200623,0.4947,0.7977,0.3815,-0.0103,0.2927
MOD13Q1_061__250m_16_days_NDVI_doy2017337000000_aid0008,_250m_16_days_NDVI,aid0008,2017-12-03,1727250.0,-0.2,0.9908,"(-0.2,0.9908)",0.4726768,0.1681076,0.0282602,0.5872,0.9529,0.4587,-0.024,0.3427
MOD13Q1_061__250m_16_days_NDVI_doy2017353000000_aid0008,_250m_16_days_NDVI,aid0008,2017-12-19,1727344.0,-0.2,0.9547,"(-0.2,0.9547)",0.5544688,0.1760477,0.0309928,0.6803,0.9547,0.551,0.0571,0.431
MOD13Q1_061__250m_16_days_NDVI_doy2018001000000_aid0008,_250m_16_days_NDVI,aid0008,2018-01-01,1727632.0,-0.2,0.9946,"(-0.2,0.9946)",0.5882639,0.1787174,0.0319399,0.7212,0.9946,0.581,0.0812,0.4652
MOD13Q1_061__250m_16_days_NDVI_doy2018017000000_aid0008,_250m_16_days_NDVI,aid0008,2018-01-17,1725027.0,-0.2,0.9806,"(-0.2,0.9806)",0.7045327,0.1727391,0.0298388,0.8466,0.9806,0.7291,0.2106,0.5922
MOD13Q1_061__250m_16_days_NDVI_doy2018033000000_aid0008,_250m_16_days_NDVI,aid0008,2018-02-02,1727190.0,-0.2,0.9799,"(-0.2,0.9799)",0.7084091,0.1716504,0.0294639,0.8516,0.9799,0.7342,0.2149,0.5969
MOD13Q1_061__250m_16_days_NDVI_doy2018049000000_aid0008,_250m_16_days_NDVI,aid0008,2018-02-18,1724670.0,-0.2,0.9986,"(-0.2,0.9986)",0.6866437,0.1718435,0.0295302,0.8374,0.9986,0.703,0.1477,0.5615
MOD13Q1_061__250m_16_days_NDVI_doy2018065000000_aid0008,_250m_16_days_NDVI,aid0008,2018-03-06,1727140.0,-0.2,0.9475,"(-0.2,0.9475)",0.6147097,0.1742749,0.0303717,0.7595,0.9475,0.6136,0.0793,0.4874
MOD13Q1_061__250m_16_days_NDVI_doy2018081000000_aid0008,_250m_16_days_NDVI,aid0008,2018-03-22,1725665.0,-0.2,0.9509,"(-0.2,0.9509)",0.4995734,0.1467337,0.0215308,0.5906,0.8777,0.4824,0.1121,0.3992
MOD13Q1_061__250m_16_days_NDVI_doy2018097000000_aid0008,_250m_16_days_NDVI,aid0008,2018-04-07,1725961.0,-0.2,0.8964,"(-0.2,0.8964)",0.4424369,0.1365588,0.0186483,0.5346,0.8268,0.4288,0.0477,0.3398
MOD13Q1_061__250m_16_days_NDVI_doy2018113000000_aid0008,_250m_16_days_NDVI,aid0008,2018-04-23,1727945.0,-0.1938,0.9991,"(-0.1938,0.9991)",0.2635704,0.1897799,0.0360164,0.4018,0.8632,0.2315,-0.1938,0.0942
MOD13Q1_061__250m_16_days_NDVI_doy2018129000000_aid0008,_250m_16_days_NDVI,aid0008,2018-05-09,1725773.0,-0.2,0.9134,"(-0.2,0.9134)",0.460081,0.1412248,0.0199445,0.5563,0.8623,0.4444,0.0463,0.3523
MOD13Q1_061__250m_16_days_NDVI_doy2018145000000_aid0008,_250m_16_days_NDVI,aid0008,2018-05-25,1725357.0,-0.2,0.9184,"(-0.2,0.9184)",0.4214136,0.1408498,0.0198387,0.5098,0.8014,0.3966,0.0238,0.3154
MOD13Q1_061__250m_16_days_NDVI_doy2018161000000_aid0008,_250m_16_days_NDVI,aid0008,2018-06-10,1725679.0,-0.2,0.9277,"(-0.2,0.9277)",0.3904783,0.1290357,0.0166502,0.4613,0.7073,0.3619,0.0513,0.2973
MOD13Q1_061__250m_16_days_NDVI_doy2018177000000_aid0008,_250m_16_days_NDVI,aid0008,2018-06-26,1725246.0,-0.2,0.9981,"(-0.2,0.9981)",0.3474917,0.1098896,0.0120757,0.3985,0.583,0.3236,0.091,0.2755
MOD13Q1_061__250m_16_days_NDVI_doy2018193000000_aid0008,_250m_16_days_NDVI,aid0008,2018-07-12,1725832.0,-0.2,0.9249,"(-0.2,0.9249)",0.3638372,0.1142118,0.0130443,0.4199,0.6216,0.3394,0.0837,0.2854
MOD13Q1_061__250m_16_days_NDVI_doy2018209000000_aid0008,_250m_16_days_NDVI,aid0008,2018-07-28,1726269.0,-0.2,0.9101,"(-0.2,0.9101)",0.3738165,0.1200604,0.0144145,0.4386,0.6654,0.3511,0.0606,0.2874
MOD13Q1_061__250m_16_days_NDVI_doy2018225000000_aid0008,_250m_16_days_NDVI,aid0008,2018-08-13,1726398.0,-0.2,0.9337,"(-0.2,0.9337)",0.3798559,0.132226,0.0174837,0.4555,0.7186,0.3529,0.017,0.2801
MOD13Q1_061__250m_16_days_NDVI_doy2018241000000_aid0008,_250m_16_days_NDVI,aid0008,2018-08-29,1726488.0,-0.2,0.9744,"(-0.2,0.9744)",0.3776973,0.1394446,0.0194448,0.4523,0.7235,0.3439,0.0005,0.2715
MOD13Q1_061__250m_16_days_NDVI_doy2018257000000_aid0008,_250m_16_days_NDVI,aid0008,2018-09-14,1727112.0,-0.2,0.9909,"(-0.2,0.9909)",0.4164179,0.1618868,0.0262073,0.5104,0.8477,0.3818,-0.0517,0.2855
MOD13Q1_061__250m_16_days_NDVI_doy2018273000000_aid0008,_250m_16_days_NDVI,aid0008,2018-09-30,1727221.0,-0.2,0.9498,"(-0.2,0.9498)",0.4239524,0.1763892,0.0311131,0.534,0.921,0.3868,-0.111,0.276
MOD13Q1_061__250m_16_days_NDVI_doy2018289000000_aid0008,_250m_16_days_NDVI,aid0008,2018-10-16,1727294.0,-0.2,0.9995,"(-0.2,0.9995)",0.4222349,0.1717184,0.0294872,0.5423,0.9353,0.383,-0.1137,0.2799
MOD13Q1_061__250m_16_days_NDVI_doy2018305000000_aid0008,_250m_16_days_NDVI,aid0008,2018-11-01,1727672.0,-0.2,0.972,"(-0.2,0.972)",0.4433801,0.1702594,0.0289883,0.5741,0.972,0.4214,-0.1304,0.2923
MOD13Q1_061__250m_16_days_NDVI_doy2018321000000_aid0008,_250m_16_days_NDVI,aid0008,2018-11-17,1726161.0,-0.2,0.9256,"(-0.2,0.9256)",0.4352073,0.1616024,0.0261153,0.5552,0.9256,0.411,-0.088,0.2979
MOD13Q1_061__250m_16_days_NDVI_doy2018337000000_aid0008,_250m_16_days_NDVI,aid0008,2018-12-03,1727279.0,-0.2,0.9898,"(-0.2,0.9898)",0.450705,0.1556929,0.0242403,0.5539,0.8932,0.4296,-0.0116,0.3277
MOD13Q1_061__250m_16_days_NDVI_doy2018353000000_aid0008,_250m_16_days_NDVI,aid0008,2018-12-19,1727336.0,-0.2,0.9946,"(-0.2,0.9946)",0.5738777,0.1700088,0.028903,0.6999,0.9946,0.5718,0.0829,0.4531
MOD13Q1_061__250m_16_days_NDVI_doy2019001000000_aid0008,_250m_16_days_NDVI,aid0008,2019-01-01,1727278.0,-0.2,0.9927,"(-0.2,0.9927)",0.6629354,0.1654158,0.0273624,0.7957,0.9927,0.677,0.1982,0.5567
MOD13Q1_061__250m_16_days_NDVI_doy2019017000000_aid0008,_250m_16_days_NDVI,aid0008,2019-01-17,1727489.0,-0.2,0.9991,"(-0.2,0.9991)",0.7464966,0.1514716,0.0229437,0.8621,0.9991,0.7775,0.3679,0.6644
MOD13Q1_061__250m_16_days_NDVI_doy2019033000000_aid0008,_250m_16_days_NDVI,aid0008,2019-02-02,1727372.0,-0.2,0.9973,"(-0.2,0.9973)",0.7629511,0.1521783,0.0231582,0.8844,0.9973,0.7954,0.3704,0.6788
MOD13Q1_061__250m_16_days_NDVI_doy2019049000000_aid0008,_250m_16_days_NDVI,aid0008,2019-02-18,1727595.0,-0.1991,0.9924,"(-0.1991,0.9924)",0.7375079,0.1625201,0.0264128,0.8728,0.9924,0.7687,0.2793,0.6354
MOD13Q1_061__250m_16_days_NDVI_doy2019065000000_aid0008,_250m_16_days_NDVI,aid0008,2019-03-06,1727132.0,-0.2,0.9948,"(-0.2,0.9948)",0.7181201,0.1557997,0.0242736,0.8439,0.9948,0.7416,0.2964,0.6249
MOD13Q1_061__250m_16_days_NDVI_doy2019081000000_aid0008,_250m_16_days_NDVI,aid0008,2019-03-22,1727029.0,-0.2,0.9418,"(-0.2,0.9418)",0.6342043,0.1625303,0.0264161,0.7588,0.9418,0.646,0.1891,0.5309
MOD13Q1_061__250m_16_days_NDVI_doy2019097000000_aid0008,_250m_16_days_NDVI,aid0008,2019-04-07,1726200.0,-0.2,0.9248,"(-0.2,0.9248)",0.5026609,0.1497481,0.0224245,0.6028,0.916,0.4946,0.0808,0.394
MOD13Q1_061__250m_16_days_NDVI_doy2019113000000_aid0008,_250m_16_days_NDVI,aid0008,2019-04-23,1726694.0,-0.2,0.9802,"(-0.2,0.9802)",0.443595,0.1400783,0.0196219,0.5365,0.8365,0.4305,0.0365,0.3365
MOD13Q1_061__250m_16_days_NDVI_doy2019129000000_aid0008,_250m_16_days_NDVI,aid0008,2019-05-09,1725617.0,-0.2,0.9302,"(-0.2,0.9302)",0.4373674,0.1391903,0.0193739,0.5273,0.8219,0.4223,0.0363,0.3309
MOD13Q1_061__250m_16_days_NDVI_doy2019145000000_aid0008,_250m_16_days_NDVI,aid0008,2019-05-25,1725894.0,-0.2,0.934,"(-0.2,0.934)",0.411722,0.1315057,0.0172938,0.4907,0.7577,0.3943,0.0457,0.3127
MOD13Q1_061__250m_16_days_NDVI_doy2019161000000_aid0008,_250m_16_days_NDVI,aid0008,2019-06-10,1726908.0,-0.2,0.9853,"(-0.2,0.9853)",0.4136645,0.1344863,0.0180866,0.4963,0.7753,0.3951,0.0313,0.3103
MOD13Q1_061__250m_16_days_NDVI_doy2019177000000_aid0008,_250m_16_days_NDVI,aid0008,2019-06-26,1726001.0,-0.2,0.9433,"(-0.2,0.9433)",0.4019838,0.1256584,0.01579,0.4722,0.7126,0.3825,0.0715,0.3119
MOD13Q1_061__250m_16_days_NDVI_doy2019193000000_aid0008,_250m_16_days_NDVI,aid0008,2019-07-12,1726211.0,-0.2,0.9395,"(-0.2,0.9395)",0.3746309,0.1143224,0.0130696,0.4336,0.6401,0.354,0.0894,0.2959
MOD13Q1_061__250m_16_days_NDVI_doy2019209000000_aid0008,_250m_16_days_NDVI,aid0008,2019-07-28,1726815.0,-0.2,0.9281,"(-0.2,0.9281)",0.3814266,0.1241112,0.0154036,0.4433,0.6662,0.3583,0.0718,0.2947
MOD13Q1_061__250m_16_days_NDVI_doy2019225000000_aid0008,_250m_16_days_NDVI,aid0008,2019-08-13,1726662.0,-0.2,0.9315,"(-0.2,0.9315)",0.371017,0.1232262,0.0151847,0.428,0.6422,0.3451,0.071,0.2852
MOD13Q1_061__250m_16_days_NDVI_doy2019241000000_aid0008,_250m_16_days_NDVI,aid0008,2019-08-29,1726918.0,-0.2,0.9921,"(-0.2,0.9921)",0.3852831,0.1343002,0.0180366,0.4482,0.6879,0.3568,0.0487,0.2884
MOD13Q1_061__250m_16_days_NDVI_doy2019257000000_aid0008,_250m_16_days_NDVI,aid0008,2019-09-14,1727135.0,-0.2,0.9477,"(-0.2,0.9477)",0.3757946,0.1476789,0.021809,0.4412,0.7055,0.3367,0.0007,0.265
MOD13Q1_061__250m_16_days_NDVI_doy2019273000000_aid0008,_250m_16_days_NDVI,aid0008,2019-09-30,1727683.0,-0.2,0.9478,"(-0.2,0.9478)",0.373518,0.1457269,0.0212363,0.4368,0.6958,0.3355,0.0051,0.2641
MOD13Q1_061__250m_16_days_NDVI_doy2019289000000_aid0008,_250m_16_days_NDVI,aid0008,2019-10-16,1727384.0,-0.2,0.9728,"(-0.2,0.9728)",0.4057841,0.1656615,0.0274437,0.5018,0.8486,0.3691,-0.0762,0.2706
MOD13Q1_061__250m_16_days_NDVI_doy2019305000000_aid0008,_250m_16_days_NDVI,aid0008,2019-11-01,1727738.0,-0.1991,0.9243,"(-0.1991,0.9243)",0.3972776,0.1424039,0.0202789,0.4888,0.7997,0.3692,-0.0291,0.2815
MOD13Q1_061__250m_16_days_NDVI_doy2019321000000_aid0008,_250m_16_days_NDVI,aid0008,2019-11-17,1727646.0,-0.2,0.9614,"(-0.2,0.9614)",0.4128985,0.149083,0.0222257,0.5123,0.8423,0.3834,-0.0377,0.2923
MOD13Q1_061__250m_16_days_NDVI_doy2019337000000_aid0008,_250m_16_days_NDVI,aid0008,2019-12-03,1727650.0,-0.2,0.9613,"(-0.2,0.9613)",0.4314644,0.152617,0.0232919,0.5246,0.8462,0.4082,-0.0114,0.3102
MOD13Q1_061__250m_16_days_NDVI_doy2019353000000_aid0008,_250m_16_days_NDVI,aid0008,2019-12-19,1727487.0,-0.2,0.9597,"(-0.2,0.9597)",0.5000626,0.1815279,0.0329524,0.6297,0.9597,0.4758,-0.06,0.3538
MOD13Q1_061__250m_16_days_NDVI_doy2020001000000_aid0008,_250m_16_days_NDVI,aid0008,2020-01-01,1727950.0,-0.1957,0.9746,"(-0.1957,0.9746)",0.6981648,0.1470626,0.0216274,0.8182,0.9746,0.7129,0.2762,0.6014
MOD13Q1_061__250m_16_days_NDVI_doy2020017000000_aid0008,_250m_16_days_NDVI,aid0008,2020-01-17,1727898.0,-0.1996,0.9926,"(-0.1996,0.9926)",0.7460091,0.1442359,0.020804,0.8623,0.9926,0.7716,0.3441,0.655
MOD13Q1_061__250m_16_days_NDVI_doy2020033000000_aid0008,_250m_16_days_NDVI,aid0008,2020-02-02,1727694.0,-0.199,0.9992,"(-0.199,0.9992)",0.7686562,0.1429938,0.0204472,0.8858,0.9992,0.7992,0.3776,0.6825
MOD13Q1_061__250m_16_days_NDVI_doy2020049000000_aid0008,_250m_16_days_NDVI,aid0008,2020-02-18,1726495.0,-0.2,0.9687,"(-0.2,0.9687)",0.7306887,0.1623785,0.0263668,0.8707,0.9687,0.7664,0.236,0.6168
MOD13Q1_061__250m_16_days_NDVI_doy2020065000000_aid0008,_250m_16_days_NDVI,aid0008,2020-03-05,1727489.0,-0.2,0.9532,"(-0.2,0.9532)",0.6666557,0.1547438,0.0239456,0.7928,0.9532,0.6766,0.2188,0.5632
MOD13Q1_061__250m_16_days_NDVI_doy2020081000000_aid0008,_250m_16_days_NDVI,aid0008,2020-03-21,1726736.0,-0.2,0.9808,"(-0.2,0.9808)",0.5989941,0.1589305,0.0252589,0.718,0.9808,0.6047,0.1555,0.493
MOD13Q1_061__250m_16_days_NDVI_doy2020097000000_aid0008,_250m_16_days_NDVI,aid0008,2020-04-06,1726754.0,-0.2,0.9174,"(-0.2,0.9174)",0.4840458,0.1518644,0.0230628,0.5905,0.9174,0.4781,0.0355,0.3685
MOD13Q1_061__250m_16_days_NDVI_doy2020113000000_aid0008,_250m_16_days_NDVI,aid0008,2020-04-22,1725936.0,-0.2,0.9139,"(-0.2,0.9139)",0.4441233,0.1439866,0.0207322,0.5434,0.8611,0.4252,0.0139,0.3316
MOD13Q1_061__250m_16_days_NDVI_doy2020129000000_aid0008,_250m_16_days_NDVI,aid0008,2020-05-08,1725996.0,-0.2,0.9189,"(-0.2,0.9189)",0.3854514,0.125056,0.015639,0.4606,0.7129,0.3589,0.0401,0.2924
MOD13Q1_061__250m_16_days_NDVI_doy2020145000000_aid0008,_250m_16_days_NDVI,aid0008,2020-05-24,1726236.0,-0.2,0.9742,"(-0.2,0.9742)",0.3633221,0.1094368,0.0119764,0.4177,0.6125,0.3394,0.093,0.2878
MOD13Q1_061__250m_16_days_NDVI_doy2020161000000_aid0008,_250m_16_days_NDVI,aid0008,2020-06-09,1726529.0,-0.2,0.9041,"(-0.2,0.9041)",0.3500641,0.1039705,0.0108099,0.3975,0.5713,0.3264,0.1078,0.2816
MOD13Q1_061__250m_16_days_NDVI_doy2020177000000_aid0008,_250m_16_days_NDVI,aid0008,2020-06-25,1725838.0,-0.2,0.908,"(-0.2,0.908)",0.3505685,0.1005119,0.0101026,0.3966,0.5634,0.3302,0.1186,0.2854
MOD13Q1_061__250m_16_days_NDVI_doy2020193000000_aid0008,_250m_16_days_NDVI,aid0008,2020-07-11,1726767.0,-0.2,0.9981,"(-0.2,0.9981)",0.3286282,0.0953818,0.0090977,0.3731,0.533,0.3094,0.1066,0.2665
MOD13Q1_061__250m_16_days_NDVI_doy2020209000000_aid0008,_250m_16_days_NDVI,aid0008,2020-07-27,1726645.0,-0.2,0.9178,"(-0.2,0.9178)",0.3387718,0.1109111,0.0123013,0.3914,0.5846,0.3103,0.0694,0.2626
MOD13Q1_061__250m_16_days_NDVI_doy2020225000000_aid0008,_250m_16_days_NDVI,aid0008,2020-08-12,1726589.0,-0.2,0.902,"(-0.2,0.902)",0.3204532,0.1015845,0.0103194,0.3676,0.5416,0.2937,0.0776,0.2516
MOD13Q1_061__250m_16_days_NDVI_doy2020241000000_aid0008,_250m_16_days_NDVI,aid0008,2020-08-28,1726604.0,-0.2,0.9233,"(-0.2,0.9233)",0.338261,0.1090287,0.0118873,0.3908,0.5852,0.3088,0.0668,0.2612
MOD13Q1_061__250m_16_days_NDVI_doy2020257000000_aid0008,_250m_16_days_NDVI,aid0008,2020-09-13,1725908.0,-0.2,0.9395,"(-0.2,0.9395)",0.328445,0.119925,0.014382,0.3788,0.5799,0.2925,0.0436,0.2447
MOD13Q1_061__250m_16_days_NDVI_doy2020273000000_aid0008,_250m_16_days_NDVI,aid0008,2020-09-29,1727670.0,-0.2,0.9357,"(-0.2,0.9357)",0.3475073,0.1399957,0.0195988,0.4131,0.6633,0.3009,-0.0039,0.2463
MOD13Q1_061__250m_16_days_NDVI_doy2020289000000_aid0008,_250m_16_days_NDVI,aid0008,2020-10-15,1727667.0,-0.1994,0.9519,"(-0.1994,0.9519)",0.3810255,0.1548879,0.0239903,0.4732,0.7963,0.3338,-0.0653,0.2578
MOD13Q1_061__250m_16_days_NDVI_doy2020305000000_aid0008,_250m_16_days_NDVI,aid0008,2020-10-31,1727766.0,-0.1997,0.9224,"(-0.1997,0.9224)",0.3825078,0.1464281,0.0214412,0.4804,0.8128,0.3503,-0.0736,0.2588
MOD13Q1_061__250m_16_days_NDVI_doy2020321000000_aid0008,_250m_16_days_NDVI,aid0008,2020-11-16,1727183.0,-0.2,0.9248,"(-0.2,0.9248)",0.4095752,0.1453849,0.0211368,0.507,0.8307,0.3832,-0.0325,0.2912
MOD13Q1_061__250m_16_days_NDVI_doy2020337000000_aid0008,_250m_16_days_NDVI,aid0008,2020-12-02,1727867.0,-0.2,0.991,"(-0.2,0.991)",0.4048489,0.1461762,0.0213675,0.4851,0.7768,0.3794,-0.0011,0.2906
MOD13Q1_061__250m_16_days_NDVI_doy2020353000000_aid0008,_250m_16_days_NDVI,aid0008,2020-12-18,1727652.0,-0.1991,0.9907,"(-0.1991,0.9907)",0.4866407,0.1610819,0.0259474,0.588,0.9166,0.4672,0.0403,0.3689
MOD13Q1_061__250m_16_days_NDVI_doy2021001000000_aid0008,_250m_16_days_NDVI,aid0008,2021-01-01,1727628.0,-0.2,0.9964,"(-0.2,0.9964)",0.5798606,0.1684983,0.0283917,0.7114,0.9964,0.5782,0.0724,0.4558
MOD13Q1_061__250m_16_days_NDVI_doy2021017000000_aid0008,_250m_16_days_NDVI,aid0008,2021-01-17,1727500.0,-0.2,0.9957,"(-0.2,0.9957)",0.6691652,0.1761406,0.0310255,0.8196,0.9957,0.6846,0.1259,0.5421
MOD13Q1_061__250m_16_days_NDVI_doy2021033000000_aid0008,_250m_16_days_NDVI,aid0008,2021-02-02,1727368.0,-0.2,0.9951,"(-0.2,0.9951)",0.7602901,0.1601133,0.0256363,0.8939,0.9951,0.8015,0.3002,0.6564
MOD13Q1_061__250m_16_days_NDVI_doy2021049000000_aid0008,_250m_16_days_NDVI,aid0008,2021-02-18,1727503.0,-0.2,0.9982,"(-0.2,0.9982)",0.7314531,0.1737342,0.0301836,0.8821,0.9982,0.7717,0.1979,0.6084
MOD13Q1_061__250m_16_days_NDVI_doy2021065000000_aid0008,_250m_16_days_NDVI,aid0008,2021-03-06,1727357.0,-0.2,0.9984,"(-0.2,0.9984)",0.6913516,0.1798404,0.0323426,0.8519,0.9984,0.7207,0.1042,0.5528
MOD13Q1_061__250m_16_days_NDVI_doy2021081000000_aid0008,_250m_16_days_NDVI,aid0008,2021-03-22,1726258.0,-0.2,0.9892,"(-0.2,0.9892)",0.6346811,0.1629724,0.02656,0.7681,0.9892,0.6427,0.1514,0.5214
MOD13Q1_061__250m_16_days_NDVI_doy2021097000000_aid0008,_250m_16_days_NDVI,aid0008,2021-04-07,1726532.0,-0.2,0.9943,"(-0.2,0.9943)",0.5318716,0.154165,0.0237668,0.6433,0.9781,0.5255,0.0725,0.4149
MOD13Q1_061__250m_16_days_NDVI_doy2021113000000_aid0008,_250m_16_days_NDVI,aid0008,2021-04-23,1726653.0,-0.1995,0.9149,"(-0.1995,0.9149)",0.4616799,0.1469321,0.021589,0.5621,0.8883,0.4442,0.0184,0.3446
MOD13Q1_061__250m_16_days_NDVI_doy2021129000000_aid0008,_250m_16_days_NDVI,aid0008,2021-05-09,1726387.0,-0.2,0.9234,"(-0.2,0.9234)",0.3759649,0.1216738,0.0148045,0.4371,0.663,0.3489,0.0606,0.2865
MOD13Q1_061__250m_16_days_NDVI_doy2021145000000_aid0008,_250m_16_days_NDVI,aid0008,2021-05-25,1725757.0,-0.2,0.9174,"(-0.2,0.9174)",0.3579883,0.1205296,0.0145274,0.4064,0.6045,0.3287,0.0762,0.2743
MOD13Q1_061__250m_16_days_NDVI_doy2021161000000_aid0008,_250m_16_days_NDVI,aid0008,2021-06-10,1725975.0,-0.2,0.9305,"(-0.2,0.9305)",0.3588986,0.120718,0.0145728,0.4067,0.6021,0.3272,0.081,0.2764
MOD13Q1_061__250m_16_days_NDVI_doy2021177000000_aid0008,_250m_16_days_NDVI,aid0008,2021-06-26,1726561.0,-0.2,0.9606,"(-0.2,0.9606)",0.3674991,0.1184018,0.014019,0.4172,0.6128,0.3387,0.0913,0.2868
MOD13Q1_061__250m_16_days_NDVI_doy2021193000000_aid0008,_250m_16_days_NDVI,aid0008,2021-07-12,1726624.0,-0.2,0.9552,"(-0.2,0.9552)",0.3531257,0.1131581,0.0128048,0.4048,0.6005,0.3276,0.0786,0.2743
MOD13Q1_061__250m_16_days_NDVI_doy2021209000000_aid0008,_250m_16_days_NDVI,aid0008,2021-07-28,1726067.0,-0.2,0.9407,"(-0.2,0.9407)",0.35904,0.1184718,0.0140356,0.4162,0.631,0.331,0.0582,0.273
MOD13Q1_061__250m_16_days_NDVI_doy2021225000000_aid0008,_250m_16_days_NDVI,aid0008,2021-08-13,1726905.0,-0.2,0.9454,"(-0.2,0.9454)",0.3663705,0.1294635,0.0167608,0.4286,0.6645,0.3311,0.0355,0.2713
MOD13Q1_061__250m_16_days_NDVI_doy2021241000000_aid0008,_250m_16_days_NDVI,aid0008,2021-08-29,1727263.0,-0.2,0.9646,"(-0.2,0.9646)",0.4078759,0.1569304,0.0246271,0.5004,0.8337,0.3742,-0.0551,0.2782
MOD13Q1_061__250m_16_days_NDVI_doy2021257000000_aid0008,_250m_16_days_NDVI,aid0008,2021-09-14,1727531.0,-0.2,0.9792,"(-0.2,0.9792)",0.4450155,0.1856268,0.0344573,0.5602,0.9711,0.4062,-0.1242,0.2862
MOD13Q1_061__250m_16_days_NDVI_doy2021273000000_aid0008,_250m_16_days_NDVI,aid0008,2021-09-30,1727670.0,-0.1992,0.9518,"(-0.1992,0.9518)",0.4119313,0.1740904,0.0303075,0.5087,0.8714,0.3675,-0.0956,0.2669
MOD13Q1_061__250m_16_days_NDVI_doy2021289000000_aid0008,_250m_16_days_NDVI,aid0008,2021-10-16,1727563.0,-0.2,0.9651,"(-0.2,0.9651)",0.4133698,0.1758932,0.0309384,0.5159,0.8907,0.3716,-0.1087,0.266
MOD13Q1_061__250m_16_days_NDVI_doy2021305000000_aid0008,_250m_16_days_NDVI,aid0008,2021-11-01,1727458.0,-0.1995,0.9276,"(-0.1995,0.9276)",0.4176309,0.1626194,0.0264451,0.5352,0.9276,0.3963,-0.1217,0.2723
MOD13Q1_061__250m_16_days_NDVI_doy2021321000000_aid0008,_250m_16_days_NDVI,aid0008,2021-11-17,1727108.0,-0.2,0.9681,"(-0.2,0.9681)",0.4284891,0.1547338,0.0239425,0.5388,0.9052,0.4088,-0.0728,0.2941
MOD13Q1_061__250m_16_days_NDVI_doy2021337000000_aid0008,_250m_16_days_NDVI,aid0008,2021-12-03,1727608.0,-0.2,0.983,"(-0.2,0.983)",0.5117829,0.1843519,0.0339856,0.6509,0.983,0.4984,-0.0897,0.3546
MOD13Q1_061__250m_16_days_NDVI_doy2021353000000_aid0008,_250m_16_days_NDVI,aid0008,2021-12-19,1727392.0,-0.2,0.9538,"(-0.2,0.9538)",0.5609806,0.1739744,0.0302671,0.6894,0.9538,0.5632,0.0422,0.4305
MOD13Q1_061__250m_16_days_NDVI_doy2022001000000_aid0008,_250m_16_days_NDVI,aid0008,2022-01-01,1727600.0,-0.2,0.9464,"(-0.2,0.9464)",0.6062607,0.1600603,0.0256193,0.7283,0.9464,0.6059,0.1441,0.4946
MOD13Q1_061__250m_16_days_NDVI_doy2022017000000_aid0008,_250m_16_days_NDVI,aid0008,2022-01-17,1727487.0,-0.2,0.9918,"(-0.2,0.9918)",0.7146145,0.1551235,0.0240633,0.837,0.9918,0.739,0.2813,0.6147
MOD13Q1_061__250m_16_days_NDVI_doy2022033000000_aid0008,_250m_16_days_NDVI,aid0008,2022-02-02,1727465.0,-0.2,0.9995,"(-0.2,0.9995)",0.772313,0.1439014,0.0207076,0.886,0.9995,0.8045,0.392,0.6884
MOD13Q1_061__250m_16_days_NDVI_doy2022049000000_aid0008,_250m_16_days_NDVI,aid0008,2022-02-18,1727562.0,-0.2,0.9972,"(-0.2,0.9972)",0.7714658,0.1457433,0.0212411,0.8885,0.9972,0.8091,0.3788,0.6846
MOD13Q1_061__250m_16_days_NDVI_doy2022065000000_aid0008,_250m_16_days_NDVI,aid0008,2022-03-06,1727611.0,-0.1989,0.9975,"(-0.1989,0.9975)",0.7522042,0.1560622,0.0243554,0.8762,0.9975,0.7906,0.3515,0.6663
MOD13Q1_061__250m_16_days_NDVI_doy2022081000000_aid0008,_250m_16_days_NDVI,aid0008,2022-03-22,1727515.0,-0.2,0.9531,"(-0.2,0.9531)",0.6385033,0.1567896,0.024583,0.7603,0.9531,0.6563,0.2078,0.5393
MOD13Q1_061__250m_16_days_NDVI_doy2022097000000_aid0008,_250m_16_days_NDVI,aid0008,2022-04-07,1724879.0,-0.2,0.931,"(-0.2,0.931)",0.4782503,0.1318726,0.0173904,0.5701,0.8504,0.4749,0.1029,0.3832
MOD13Q1_061__250m_16_days_NDVI_doy2022113000000_aid0008,_250m_16_days_NDVI,aid0008,2022-04-23,1727073.0,-0.2,0.8972,"(-0.2,0.8972)",0.4089443,0.1304124,0.0170074,0.497,0.7815,0.3844,0.0229,0.3073
MOD13Q1_061__250m_16_days_NDVI_doy2022129000000_aid0008,_250m_16_days_NDVI,aid0008,2022-05-09,1725282.0,-0.2,0.8973,"(-0.2,0.8973)",0.3661256,0.1123359,0.0126194,0.4294,0.6479,0.3424,0.0653,0.2837
MOD13Q1_061__250m_16_days_NDVI_doy2022145000000_aid0008,_250m_16_days_NDVI,aid0008,2022-05-25,1723692.0,-0.2,0.9035,"(-0.2,0.9035)",0.3314114,0.0967323,0.0093571,0.373,0.5323,0.3085,0.1075,0.2668
MOD13Q1_061__250m_16_days_NDVI_doy2022161000000_aid0008,_250m_16_days_NDVI,aid0008,2022-06-10,1724173.0,-0.2,0.8968,"(-0.2,0.8968)",0.3128306,0.0838762,0.0070352,0.3464,0.4773,0.2957,0.1282,0.2591
MOD13Q1_061__250m_16_days_NDVI_doy2022177000000_aid0008,_250m_16_days_NDVI,aid0008,2022-06-26,1726621.0,-0.2,0.8603,"(-0.2,0.8603)",0.3073824,0.0788196,0.0062125,0.3404,0.4631,0.294,0.1359,0.2586
MOD13Q1_061__250m_16_days_NDVI_doy2022193000000_aid0008,_250m_16_days_NDVI,aid0008,2022-07-12,1723780.0,-0.2,0.879,"(-0.2,0.879)",0.3013527,0.0769072,0.0059147,0.3329,0.4536,0.2862,0.1317,0.2524
MOD13Q1_061__250m_16_days_NDVI_doy2022209000000_aid0008,_250m_16_days_NDVI,aid0008,2022-07-28,1724325.0,-0.2,0.9037,"(-0.2,0.9037)",0.3278647,0.1073329,0.0115203,0.3783,0.5616,0.3025,0.0728,0.2561
MOD13Q1_061__250m_16_days_NDVI_doy2022225000000_aid0008,_250m_16_days_NDVI,aid0008,2022-08-13,1726372.0,-0.2,0.9168,"(-0.2,0.9168)",0.3331859,0.1221278,0.0149152,0.392,0.6108,0.2988,0.0273,0.2461
MOD13Q1_061__250m_16_days_NDVI_doy2022241000000_aid0008,_250m_16_days_NDVI,aid0008,2022-08-29,1726383.0,-0.2,0.8889,"(-0.2,0.8889)",0.3153265,0.1095857,0.012009,0.3635,0.5487,0.2841,0.0548,0.24
MOD13Q1_061__250m_16_days_NDVI_doy2022257000000_aid0008,_250m_16_days_NDVI,aid0008,2022-09-14,1727304.0,-0.2,0.9035,"(-0.2,0.9035)",0.3233992,0.1156949,0.0133853,0.374,0.5718,0.2895,0.0444,0.2421
MOD13Q1_061__250m_16_days_NDVI_doy2022273000000_aid0008,_250m_16_days_NDVI,aid0008,2022-09-30,1727768.0,-0.2,0.917,"(-0.2,0.917)",0.3262191,0.1250214,0.0156303,0.3813,0.601,0.2891,0.0151,0.2348
MOD13Q1_061__250m_16_days_NDVI_doy2022289000000_aid0008,_250m_16_days_NDVI,aid0008,2022-10-16,1727881.0,-0.1962,0.913,"(-0.1962,0.913)",0.3208042,0.1153703,0.0133103,0.3876,0.6202,0.2848,0.0,0.2325
MOD13Q1_061__250m_16_days_NDVI_doy2022305000000_aid0008,_250m_16_days_NDVI,aid0008,2022-11-01,1727880.0,-0.2,0.9085,"(-0.2,0.9085)",0.3424506,0.1206608,0.014559,0.4201,0.6862,0.3118,-0.0234,0.2427
MOD13Q1_061__250m_16_days_NDVI_doy2022321000000_aid0008,_250m_16_days_NDVI,aid0008,2022-11-17,1727741.0,-0.2,0.9127,"(-0.2,0.9127)",0.3581721,0.1272288,0.0161872,0.4375,0.7099,0.3263,-0.0164,0.2559
MOD13Q1_061__250m_16_days_NDVI_doy2022337000000_aid0008,_250m_16_days_NDVI,aid0008,2022-12-03,1727680.0,-0.2,0.918,"(-0.2,0.918)",0.4026723,0.1368556,0.0187295,0.4839,0.7672,0.3775,0.0117,0.295
MOD13Q1_061__250m_16_days_NDVI_doy2022353000000_aid0008,_250m_16_days_NDVI,aid0008,2022-12-19,1727553.0,-0.2,0.9383,"(-0.2,0.9383)",0.4488523,0.1383311,0.0191355,0.5274,0.796,0.4327,0.0797,0.3483
MOD13Q1_061__250m_16_days_NDVI_doy2023001000000_aid0008,_250m_16_days_NDVI,aid0008,2023-01-01,1727666.0,-0.2,0.9508,"(-0.2,0.9508)",0.5696023,0.1595574,0.0254586,0.6876,0.9508,0.5595,0.1062,0.455
MOD13Q1_061__250m_16_days_NDVI_doy2023017000000_aid0008,_250m_16_days_NDVI,aid0008,2023-01-17,1727918.0,-0.1986,0.9912,"(-0.1986,0.9912)",0.71973,0.1557041,0.0242438,0.8496,0.9912,0.7463,0.2569,0.6125
MOD13Q1_061__250m_16_days_NDVI_doy2023033000000_aid0008,_250m_16_days_NDVI,aid0008,2023-02-02,1727859.0,-0.1982,0.9991,"(-0.1982,0.9991)",0.7762175,0.1386134,0.0192137,0.8848,0.9991,0.8139,0.4191,0.6985
MOD13Q1_061__250m_16_days_NDVI_doy2023049000000_aid0008,_250m_16_days_NDVI,aid0008,2023-02-18,1727820.0,-0.1986,0.9502,"(-0.1986,0.9502)",0.6847932,0.1591242,0.0253205,0.8189,0.9502,0.7093,0.1899,0.5673
MOD13Q1_061__250m_16_days_NDVI_doy2023065000000_aid0008,_250m_16_days_NDVI,aid0008,2023-03-06,1727735.0,-0.1977,0.9401,"(-0.1977,0.9401)",0.5950429,0.1507949,0.0227391,0.7163,0.9401,0.5901,0.1238,0.4793
MOD13Q1_061__250m_16_days_NDVI_doy2023081000000_aid0008,_250m_16_days_NDVI,aid0008,2023-03-22,1727719.0,-0.2,0.916,"(-0.2,0.916)",0.5590845,0.1463311,0.0214128,0.6702,0.916,0.5614,0.1317,0.4548
MOD13Q1_061__250m_16_days_NDVI_doy2023097000000_aid0008,_250m_16_days_NDVI,aid0008,2023-04-07,1727865.0,-0.1991,0.9026,"(-0.1991,0.9026)",0.5093391,0.1373807,0.0188735,0.6079,0.9026,0.5047,0.0992,0.4044
MOD13Q1_061__250m_16_days_NDVI_doy2023113000000_aid0008,_250m_16_days_NDVI,aid0008,2023-04-23,1727811.0,-0.1988,0.8914,"(-0.1988,0.8914)",0.4187112,0.1198446,0.0143627,0.4922,0.741,0.3999,0.0776,0.3263
MOD13Q1_061__250m_16_days_NDVI_doy2023129000000_aid0008,_250m_16_days_NDVI,aid0008,2023-05-09,1727678.0,-0.1983,0.905,"(-0.1983,0.905)",0.3943906,0.1078714,0.0116362,0.4545,0.6652,0.3761,0.1033,0.314
MOD13Q1_061__250m_16_days_NDVI_doy2023145000000_aid0008,_250m_16_days_NDVI,aid0008,2023-05-25,1727718.0,-0.2,0.9555,"(-0.2,0.9555)",0.3824893,0.1164243,0.0135546,0.4429,0.6652,0.3581,0.0724,0.2947
MOD13Q1_061__250m_16_days_NDVI_doy2023161000000_aid0008,_250m_16_days_NDVI,aid0008,2023-06-10,1727470.0,-0.2,0.9227,"(-0.2,0.9227)",0.3501489,0.1068793,0.0114232,0.3935,0.5694,0.3214,0.1006,0.2762
MOD13Q1_061__250m_16_days_NDVI_doy2023177000000_aid0008,_250m_16_days_NDVI,aid0008,2023-06-26,1727730.0,-0.2,0.9365,"(-0.2,0.9365)",0.3537886,0.0999307,0.0099861,0.3989,0.5711,0.3315,0.1119,0.2841
MOD13Q1_061__250m_16_days_NDVI_doy2023193000000_aid0008,_250m_16_days_NDVI,aid0008,2023-07-12,1727406.0,-0.2,0.9254,"(-0.2,0.9254)",0.355617,0.1166686,0.0136116,0.4066,0.608,0.3203,0.0709,0.2723
MOD13Q1_061__250m_16_days_NDVI_doy2023209000000_aid0008,_250m_16_days_NDVI,aid0008,2023-07-28,1727597.0,-0.2,0.9361,"(-0.2,0.9361)",0.3603294,0.1291643,0.0166834,0.4204,0.6532,0.3195,0.0324,0.2652
MOD13Q1_061__250m_16_days_NDVI_doy2023225000000_aid0008,_250m_16_days_NDVI,aid0008,2023-08-13,1727876.0,-0.196,0.9387,"(-0.196,0.9387)",0.369133,0.1338664,0.0179202,0.4334,0.6797,0.3294,0.023,0.2692
MOD13Q1_061__250m_16_days_NDVI_doy2023241000000_aid0008,_250m_16_days_NDVI,aid0008,2023-08-29,1727745.0,-0.2,0.957,"(-0.2,0.957)",0.3645149,0.1347536,0.0181585,0.4259,0.6677,0.3239,0.0229,0.2647
MOD13Q1_061__250m_16_days_NDVI_doy2023257000000_aid0008,_250m_16_days_NDVI,aid0008,2023-09-14,1727854.0,-0.1997,0.9723,"(-0.1997,0.9723)",0.3686963,0.1433247,0.020542,0.4282,0.6769,0.325,0.0139,0.2624
MOD13Q1_061__250m_16_days_NDVI_doy2023273000000_aid0008,_250m_16_days_NDVI,aid0008,2023-09-30,1727965.0,-0.1994,0.9578,"(-0.1994,0.9578)",0.3530081,0.1351261,0.0182591,0.4087,0.6412,0.3087,0.0212,0.2537
MOD13Q1_061__250m_16_days_NDVI_doy2023289000000_aid0008,_250m_16_days_NDVI,aid0008,2023-10-16,1727985.0,-0.1831,0.9369,"(-0.1831,0.9369)",0.3582776,0.1289849,0.0166371,0.4329,0.696,0.3168,-0.0053,0.2575
MOD13Q1_061__250m_16_days_NDVI_doy2023305000000_aid0008,_250m_16_days_NDVI,aid0008,2023-11-01,1727899.0,-0.1992,0.932,"(-0.1992,0.932)",0.3789728,0.1427958,0.0203906,0.4717,0.7901,0.3383,-0.0582,0.2594
MOD13Q1_061__250m_16_days_NDVI_doy2023321000000_aid0008,_250m_16_days_NDVI,aid0008,2023-11-17,1727943.0,-0.1988,0.8999,"(-0.1988,0.8999)",0.3778971,0.1342194,0.0180148,0.4643,0.7583,0.3387,-0.025,0.2683
MOD13Q1_061__250m_16_days_NDVI_doy2023337000000_aid0008,_250m_16_days_NDVI,aid0008,2023-12-03,1727961.0,-0.1994,0.9694,"(-0.1994,0.9694)",0.4434958,0.1528056,0.0233496,0.5416,0.8732,0.4111,-0.0108,0.3205
MOD13Q1_061__250m_16_days_NDVI_doy2023353000000_aid0008,_250m_16_days_NDVI,aid0008,2023-12-19,1727939.0,-0.199,0.9525,"(-0.199,0.9525)",0.586927,0.1627744,0.0264955,0.7105,0.9525,0.5928,0.104,0.4679
MOD13Q1_061__250m_16_days_NDVI_doy2015353000000_aid0009,_250m_16_days_NDVI,aid0009,2015-12-19,2015400.0,-0.2,0.9624,"(-0.2,0.9624)",0.495667,0.1164728,0.0135659,0.566,0.7736,0.4946,0.22,0.4276
MOD13Q1_061__250m_16_days_NDVI_doy2016001000000_aid0009,_250m_16_days_NDVI,aid0009,2016-01-01,2014884.0,-0.1988,0.9817,"(-0.1988,0.9817)",0.5815141,0.12251,0.0150087,0.6704,0.9289,0.5769,0.2392,0.4979
MOD13Q1_061__250m_16_days_NDVI_doy2016017000000_aid0009,_250m_16_days_NDVI,aid0009,2016-01-17,2014855.0,-0.2,0.9896,"(-0.2,0.9896)",0.6229759,0.1371641,0.018814,0.7177,0.9896,0.614,0.237,0.5254
MOD13Q1_061__250m_16_days_NDVI_doy2016033000000_aid0009,_250m_16_days_NDVI,aid0009,2016-02-02,2014888.0,-0.2,0.9983,"(-0.2,0.9983)",0.6497584,0.1388784,0.0192872,0.7369,0.9983,0.6349,0.2839,0.5557
MOD13Q1_061__250m_16_days_NDVI_doy2016049000000_aid0009,_250m_16_days_NDVI,aid0009,2016-02-18,2015367.0,-0.1995,0.9728,"(-0.1995,0.9728)",0.6124181,0.147658,0.0218029,0.7023,0.9728,0.5904,0.2191,0.509
MOD13Q1_061__250m_16_days_NDVI_doy2016065000000_aid0009,_250m_16_days_NDVI,aid0009,2016-03-05,2014941.0,-0.1996,0.9988,"(-0.1996,0.9988)",0.6165776,0.1447986,0.0209666,0.7069,0.9988,0.5936,0.2189,0.5117
MOD13Q1_061__250m_16_days_NDVI_doy2016081000000_aid0009,_250m_16_days_NDVI,aid0009,2016-03-21,2014868.0,-0.2,0.9975,"(-0.2,0.9975)",0.5700872,0.1261468,0.015913,0.6506,0.905,0.5559,0.2266,0.481
MOD13Q1_061__250m_16_days_NDVI_doy2016097000000_aid0009,_250m_16_days_NDVI,aid0009,2016-04-06,2015208.0,-0.1995,0.985,"(-0.1995,0.985)",0.4869049,0.1079024,0.0116429,0.555,0.7561,0.4829,0.2198,0.4209
MOD13Q1_061__250m_16_days_NDVI_doy2016113000000_aid0009,_250m_16_days_NDVI,aid0009,2016-04-22,2014762.0,-0.1974,0.9383,"(-0.1974,0.9383)",0.461709,0.1057426,0.0111815,0.5291,0.7298,0.4525,0.1947,0.3953
MOD13Q1_061__250m_16_days_NDVI_doy2016129000000_aid0009,_250m_16_days_NDVI,aid0009,2016-05-08,2015627.0,-0.1986,0.9978,"(-0.1986,0.9978)",0.3613435,0.1344346,0.0180727,0.4445,0.6743,0.3618,0.0615,0.2913
MOD13Q1_061__250m_16_days_NDVI_doy2016145000000_aid0009,_250m_16_days_NDVI,aid0009,2016-05-24,2014470.0,-0.1982,0.9839,"(-0.1982,0.9839)",0.4042875,0.1021728,0.0104393,0.4647,0.6618,0.3957,0.1362,0.3333
MOD13Q1_061__250m_16_days_NDVI_doy2016161000000_aid0009,_250m_16_days_NDVI,aid0009,2016-06-09,2014406.0,-0.2,0.9668,"(-0.2,0.9668)",0.3881251,0.0976333,0.0095323,0.4426,0.6262,0.3792,0.1366,0.3202
MOD13Q1_061__250m_16_days_NDVI_doy2016177000000_aid0009,_250m_16_days_NDVI,aid0009,2016-06-25,2013881.0,-0.2,0.9555,"(-0.2,0.9555)",0.3772504,0.0947231,0.0089725,0.4277,0.6024,0.3674,0.1365,0.3112
MOD13Q1_061__250m_16_days_NDVI_doy2016193000000_aid0009,_250m_16_days_NDVI,aid0009,2016-07-11,2014339.0,-0.2,0.9853,"(-0.2,0.9853)",0.3566617,0.0900009,0.0081002,0.4015,0.5585,0.345,0.1398,0.2968
MOD13Q1_061__250m_16_days_NDVI_doy2016209000000_aid0009,_250m_16_days_NDVI,aid0009,2016-07-27,2014283.0,-0.2,0.9914,"(-0.2,0.9914)",0.3552641,0.0900242,0.0081044,0.3929,0.5348,0.3418,0.1564,0.2983
MOD13Q1_061__250m_16_days_NDVI_doy2016225000000_aid0009,_250m_16_days_NDVI,aid0009,2016-08-12,2014392.0,-0.2,0.9311,"(-0.2,0.9311)",0.3622185,0.0973794,0.0094827,0.3976,0.5402,0.3457,0.1599,0.3025
MOD13Q1_061__250m_16_days_NDVI_doy2016241000000_aid0009,_250m_16_days_NDVI,aid0009,2016-08-28,2014778.0,-0.2,0.9134,"(-0.2,0.9134)",0.3555994,0.0933626,0.0087166,0.3891,0.5239,0.341,0.1644,0.2992
MOD13Q1_061__250m_16_days_NDVI_doy2016257000000_aid0009,_250m_16_days_NDVI,aid0009,2016-09-13,2015316.0,-0.2,0.9431,"(-0.2,0.9431)",0.3472087,0.0886856,0.0078651,0.38,0.5097,0.3333,0.1638,0.2935
MOD13Q1_061__250m_16_days_NDVI_doy2016273000000_aid0009,_250m_16_days_NDVI,aid0009,2016-09-29,2015603.0,-0.2,0.9419,"(-0.2,0.9419)",0.3786329,0.0948945,0.009005,0.4253,0.5873,0.3653,0.1553,0.3173
MOD13Q1_061__250m_16_days_NDVI_doy2016289000000_aid0009,_250m_16_days_NDVI,aid0009,2016-10-15,2015451.0,-0.2,0.9972,"(-0.2,0.9972)",0.4362927,0.1200085,0.014402,0.507,0.7273,0.4298,0.1398,0.3601
MOD13Q1_061__250m_16_days_NDVI_doy2016305000000_aid0009,_250m_16_days_NDVI,aid0009,2016-10-31,2015681.0,-0.1995,0.9635,"(-0.1995,0.9635)",0.4397573,0.1298394,0.0168583,0.5162,0.7535,0.4325,0.1207,0.358
MOD13Q1_061__250m_16_days_NDVI_doy2016321000000_aid0009,_250m_16_days_NDVI,aid0009,2016-11-16,2015571.0,-0.2,0.9673,"(-0.2,0.9673)",0.4554594,0.1306828,0.017078,0.5376,0.793,0.4524,0.1119,0.3673
MOD13Q1_061__250m_16_days_NDVI_doy2016337000000_aid0009,_250m_16_days_NDVI,aid0009,2016-12-02,2015795.0,-0.1983,0.9902,"(-0.1983,0.9902)",0.4501003,0.1257948,0.0158243,0.5278,0.7702,0.445,0.1238,0.3662
MOD13Q1_061__250m_16_days_NDVI_doy2016353000000_aid0009,_250m_16_days_NDVI,aid0009,2016-12-18,2015671.0,-0.1985,0.9847,"(-0.1985,0.9847)",0.4501739,0.1135307,0.0128892,0.5144,0.7236,0.4374,0.1657,0.3749
MOD13Q1_061__250m_16_days_NDVI_doy2017001000000_aid0009,_250m_16_days_NDVI,aid0009,2017-01-01,2015675.0,-0.2,0.9584,"(-0.2,0.9584)",0.5109107,0.1403838,0.0197076,0.6033,0.895,0.4926,0.1171,0.4088
MOD13Q1_061__250m_16_days_NDVI_doy2017017000000_aid0009,_250m_16_days_NDVI,aid0009,2017-01-17,2015880.0,-0.1982,0.9886,"(-0.1982,0.9886)",0.5413721,0.1637321,0.0268082,0.6504,0.9886,0.5156,0.0637,0.4157
MOD13Q1_061__250m_16_days_NDVI_doy2017033000000_aid0009,_250m_16_days_NDVI,aid0009,2017-02-02,2015309.0,-0.1995,0.9991,"(-0.1995,0.9991)",0.5797038,0.1632359,0.026646,0.6884,0.9991,0.5536,0.0972,0.4519
MOD13Q1_061__250m_16_days_NDVI_doy2017049000000_aid0009,_250m_16_days_NDVI,aid0009,2017-02-18,2015026.0,-0.2,0.9937,"(-0.2,0.9937)",0.6049021,0.1566367,0.0245351,0.7129,0.9937,0.5793,0.1432,0.485
MOD13Q1_061__250m_16_days_NDVI_doy2017065000000_aid0009,_250m_16_days_NDVI,aid0009,2017-03-06,2015171.0,-0.1985,0.995,"(-0.1985,0.995)",0.5991467,0.1488258,0.0221491,0.7,0.995,0.5747,0.175,0.49
MOD13Q1_061__250m_16_days_NDVI_doy2017081000000_aid0009,_250m_16_days_NDVI,aid0009,2017-03-22,2015145.0,-0.2,0.9912,"(-0.2,0.9912)",0.567463,0.1216018,0.014787,0.6471,0.8953,0.5584,0.2334,0.4816
MOD13Q1_061__250m_16_days_NDVI_doy2017097000000_aid0009,_250m_16_days_NDVI,aid0009,2017-04-07,2013854.0,-0.2,0.9992,"(-0.2,0.9992)",0.5375385,0.1176421,0.0138397,0.6195,0.8649,0.5356,0.2105,0.4559
MOD13Q1_061__250m_16_days_NDVI_doy2017113000000_aid0009,_250m_16_days_NDVI,aid0009,2017-04-23,2014046.0,-0.2,0.9581,"(-0.2,0.9581)",0.5156574,0.1179869,0.0139209,0.5991,0.8449,0.5182,0.1894,0.4352
MOD13Q1_061__250m_16_days_NDVI_doy2017129000000_aid0009,_250m_16_days_NDVI,aid0009,2017-05-09,2014118.0,-0.2,0.9828,"(-0.2,0.9828)",0.4847599,0.1189821,0.0141568,0.5675,0.8096,0.4897,0.164,0.4061
MOD13Q1_061__250m_16_days_NDVI_doy2017145000000_aid0009,_250m_16_days_NDVI,aid0009,2017-05-25,2014018.0,-0.199,0.9926,"(-0.199,0.9926)",0.4734941,0.1185947,0.0140647,0.5593,0.8117,0.4816,0.1386,0.391
MOD13Q1_061__250m_16_days_NDVI_doy2017161000000_aid0009,_250m_16_days_NDVI,aid0009,2017-06-10,2014240.0,-0.2,0.9206,"(-0.2,0.9206)",0.4219512,0.1064908,0.0113403,0.4967,0.7275,0.4254,0.112,0.3428
MOD13Q1_061__250m_16_days_NDVI_doy2017177000000_aid0009,_250m_16_days_NDVI,aid0009,2017-06-26,2014855.0,-0.2,0.9415,"(-0.2,0.9415)",0.3913093,0.0974637,0.0094992,0.4533,0.6528,0.392,0.1208,0.3203
MOD13Q1_061__250m_16_days_NDVI_doy2017193000000_aid0009,_250m_16_days_NDVI,aid0009,2017-07-12,2015087.0,-0.2,0.9411,"(-0.2,0.9411)",0.3792213,0.0925508,0.0085657,0.4337,0.6116,0.3766,0.1372,0.3151
MOD13Q1_061__250m_16_days_NDVI_doy2017209000000_aid0009,_250m_16_days_NDVI,aid0009,2017-07-28,2014393.0,-0.2,0.9786,"(-0.2,0.9786)",0.3692652,0.0871765,0.0075997,0.4181,0.5792,0.3626,0.1496,0.3107
MOD13Q1_061__250m_16_days_NDVI_doy2017225000000_aid0009,_250m_16_days_NDVI,aid0009,2017-08-13,2013983.0,-0.2,0.909,"(-0.2,0.909)",0.363011,0.0916513,0.0084,0.4088,0.5691,0.352,0.1416,0.3019
MOD13Q1_061__250m_16_days_NDVI_doy2017241000000_aid0009,_250m_16_days_NDVI,aid0009,2017-08-29,2014049.0,-0.2,0.9652,"(-0.2,0.9652)",0.3646201,0.0959733,0.0092109,0.409,0.571,0.3519,0.1391,0.301
MOD13Q1_061__250m_16_days_NDVI_doy2017257000000_aid0009,_250m_16_days_NDVI,aid0009,2017-09-14,2014171.0,-0.2,0.936,"(-0.2,0.936)",0.3763195,0.1002147,0.010043,0.4267,0.601,0.3652,0.1362,0.3105
MOD13Q1_061__250m_16_days_NDVI_doy2017273000000_aid0009,_250m_16_days_NDVI,aid0009,2017-09-30,2014381.0,-0.2,0.9569,"(-0.2,0.9569)",0.3938946,0.1082882,0.0117263,0.4542,0.649,0.3859,0.1295,0.3243
MOD13Q1_061__250m_16_days_NDVI_doy2017289000000_aid0009,_250m_16_days_NDVI,aid0009,2017-10-16,2014436.0,-0.2,0.956,"(-0.2,0.956)",0.4009167,0.1141366,0.0130272,0.4684,0.6808,0.3939,0.1144,0.3268
MOD13Q1_061__250m_16_days_NDVI_doy2017305000000_aid0009,_250m_16_days_NDVI,aid0009,2017-11-01,2014688.0,-0.1998,0.9365,"(-0.1998,0.9365)",0.4202755,0.124821,0.0155803,0.4996,0.7409,0.4208,0.0974,0.3387
MOD13Q1_061__250m_16_days_NDVI_doy2017321000000_aid0009,_250m_16_days_NDVI,aid0009,2017-11-17,2015302.0,-0.1994,0.9456,"(-0.1994,0.9456)",0.4140631,0.1191012,0.0141851,0.4866,0.7117,0.4122,0.1114,0.3365
MOD13Q1_061__250m_16_days_NDVI_doy2017337000000_aid0009,_250m_16_days_NDVI,aid0009,2017-12-03,2015047.0,-0.2,0.9506,"(-0.2,0.9506)",0.4457404,0.1178939,0.013899,0.5161,0.731,0.4428,0.1579,0.3728
MOD13Q1_061__250m_16_days_NDVI_doy2017353000000_aid0009,_250m_16_days_NDVI,aid0009,2017-12-19,2015554.0,-0.2,0.9591,"(-0.2,0.9591)",0.4709651,0.1204895,0.0145177,0.5414,0.7652,0.4619,0.1684,0.3922
MOD13Q1_061__250m_16_days_NDVI_doy2018001000000_aid0009,_250m_16_days_NDVI,aid0009,2018-01-01,2015547.0,-0.2,0.9436,"(-0.2,0.9436)",0.4859846,0.1242285,0.0154327,0.5607,0.8056,0.4711,0.1525,0.3974
MOD13Q1_061__250m_16_days_NDVI_doy2018017000000_aid0009,_250m_16_days_NDVI,aid0009,2018-01-17,2015039.0,-0.1994,0.9956,"(-0.1994,0.9956)",0.568727,0.1465483,0.0214764,0.6602,0.9535,0.5486,0.1712,0.4646
MOD13Q1_061__250m_16_days_NDVI_doy2018033000000_aid0009,_250m_16_days_NDVI,aid0009,2018-02-02,2015025.0,-0.2,0.986,"(-0.2,0.986)",0.5612005,0.1456749,0.0212212,0.6489,0.9336,0.5345,0.1744,0.4591
MOD13Q1_061__250m_16_days_NDVI_doy2018049000000_aid0009,_250m_16_days_NDVI,aid0009,2018-02-18,2014547.0,-0.1982,0.9878,"(-0.1982,0.9878)",0.5761951,0.1419341,0.0201453,0.6638,0.9457,0.553,0.1936,0.4757
MOD13Q1_061__250m_16_days_NDVI_doy2018065000000_aid0009,_250m_16_days_NDVI,aid0009,2018-03-06,2014947.0,-0.1994,0.97,"(-0.1994,0.97)",0.5327762,0.1371383,0.0188069,0.6174,0.8869,0.5186,0.1682,0.4377
MOD13Q1_061__250m_16_days_NDVI_doy2018081000000_aid0009,_250m_16_days_NDVI,aid0009,2018-03-22,2015391.0,-0.2,0.9138,"(-0.2,0.9138)",0.4657734,0.1139203,0.0129778,0.5397,0.7728,0.4583,0.1512,0.3843
MOD13Q1_061__250m_16_days_NDVI_doy2018097000000_aid0009,_250m_16_days_NDVI,aid0009,2018-04-07,2015722.0,-0.2,0.9888,"(-0.2,0.9888)",0.437185,0.1149042,0.013203,0.5128,0.7483,0.4327,0.1203,0.3558
MOD13Q1_061__250m_16_days_NDVI_doy2018113000000_aid0009,_250m_16_days_NDVI,aid0009,2018-04-23,2015785.0,-0.2,0.9993,"(-0.2,0.9993)",0.3414692,0.1908563,0.0364261,0.4967,0.9928,0.36,-0.2,0.1659
MOD13Q1_061__250m_16_days_NDVI_doy2018129000000_aid0009,_250m_16_days_NDVI,aid0009,2018-05-09,2014961.0,-0.2,0.9478,"(-0.2,0.9478)",0.4469906,0.1152334,0.0132787,0.5297,0.7818,0.4498,0.1095,0.3616
MOD13Q1_061__250m_16_days_NDVI_doy2018145000000_aid0009,_250m_16_days_NDVI,aid0009,2018-05-25,2015363.0,-0.2,0.9223,"(-0.2,0.9223)",0.405082,0.1082029,0.0117079,0.4804,0.7201,0.4019,0.0809,0.3206
MOD13Q1_061__250m_16_days_NDVI_doy2018161000000_aid0009,_250m_16_days_NDVI,aid0009,2018-06-10,2015065.0,-0.2,0.9161,"(-0.2,0.9161)",0.3842255,0.1006632,0.0101331,0.4466,0.6507,0.376,0.1064,0.3105
MOD13Q1_061__250m_16_days_NDVI_doy2018177000000_aid0009,_250m_16_days_NDVI,aid0009,2018-06-26,2015206.0,-0.2,0.9232,"(-0.2,0.9232)",0.362802,0.0918155,0.0084301,0.4165,0.5951,0.3548,0.1188,0.2974
MOD13Q1_061__250m_16_days_NDVI_doy2018193000000_aid0009,_250m_16_days_NDVI,aid0009,2018-07-12,2015359.0,-0.2,0.9586,"(-0.2,0.9586)",0.3471563,0.0885282,0.0078372,0.3956,0.5598,0.3377,0.1219,0.2861
MOD13Q1_061__250m_16_days_NDVI_doy2018209000000_aid0009,_250m_16_days_NDVI,aid0009,2018-07-28,2015390.0,-0.199,0.895,"(-0.199,0.895)",0.3286171,0.0828987,0.0068722,0.3694,0.5141,0.3169,0.1282,0.2729
MOD13Q1_061__250m_16_days_NDVI_doy2018225000000_aid0009,_250m_16_days_NDVI,aid0009,2018-08-13,2015495.0,-0.2,0.9028,"(-0.2,0.9028)",0.3215051,0.0842288,0.0070945,0.3595,0.499,0.3063,0.127,0.2665
MOD13Q1_061__250m_16_days_NDVI_doy2018241000000_aid0009,_250m_16_days_NDVI,aid0009,2018-08-29,2015651.0,-0.1949,0.8722,"(-0.1949,0.8722)",0.3092589,0.0748266,0.005599,0.3429,0.466,0.2959,0.1377,0.2608
MOD13Q1_061__250m_16_days_NDVI_doy2018257000000_aid0009,_250m_16_days_NDVI,aid0009,2018-09-14,2015709.0,-0.2,0.9771,"(-0.2,0.9771)",0.3299765,0.0827647,0.00685,0.3685,0.5062,0.317,0.139,0.2767
MOD13Q1_061__250m_16_days_NDVI_doy2018273000000_aid0009,_250m_16_days_NDVI,aid0009,2018-09-30,2015789.0,-0.1995,0.9375,"(-0.1995,0.9375)",0.3351924,0.0921235,0.0084867,0.3826,0.5486,0.3216,0.1059,0.2719
MOD13Q1_061__250m_16_days_NDVI_doy2018289000000_aid0009,_250m_16_days_NDVI,aid0009,2018-10-16,2015698.0,-0.2,0.9427,"(-0.2,0.9427)",0.3583275,0.1065162,0.0113457,0.4124,0.6063,0.3448,0.0892,0.2831
MOD13Q1_061__250m_16_days_NDVI_doy2018305000000_aid0009,_250m_16_days_NDVI,aid0009,2018-11-01,2015522.0,-0.1988,0.997,"(-0.1988,0.997)",0.4224985,0.1290427,0.016652,0.4982,0.7434,0.4151,0.0895,0.3347
MOD13Q1_061__250m_16_days_NDVI_doy2018321000000_aid0009,_250m_16_days_NDVI,aid0009,2018-11-17,2015428.0,-0.2,0.9643,"(-0.2,0.9643)",0.455804,0.1375685,0.0189251,0.5408,0.8033,0.4521,0.1033,0.3658
MOD13Q1_061__250m_16_days_NDVI_doy2018337000000_aid0009,_250m_16_days_NDVI,aid0009,2018-12-03,2015632.0,-0.2,0.9861,"(-0.2,0.9861)",0.4715935,0.1332038,0.0177433,0.5572,0.8171,0.4675,0.124,0.3839
MOD13Q1_061__250m_16_days_NDVI_doy2018353000000_aid0009,_250m_16_days_NDVI,aid0009,2018-12-19,2015849.0,-0.2,0.9679,"(-0.2,0.9679)",0.4837795,0.1230972,0.0151529,0.5633,0.8108,0.4683,0.1508,0.3983
MOD13Q1_061__250m_16_days_NDVI_doy2019001000000_aid0009,_250m_16_days_NDVI,aid0009,2019-01-01,2015449.0,-0.1997,0.9816,"(-0.1997,0.9816)",0.5405681,0.1326534,0.0175969,0.6323,0.9152,0.5278,0.1608,0.4437
MOD13Q1_061__250m_16_days_NDVI_doy2019017000000_aid0009,_250m_16_days_NDVI,aid0009,2019-01-17,2015200.0,-0.1996,0.9986,"(-0.1996,0.9986)",0.5887662,0.1496555,0.0223968,0.6954,0.9986,0.5654,0.1449,0.4752
MOD13Q1_061__250m_16_days_NDVI_doy2019033000000_aid0009,_250m_16_days_NDVI,aid0009,2019-02-02,2014686.0,-0.1995,0.9943,"(-0.1995,0.9943)",0.6025329,0.1581621,0.0250153,0.7134,0.9943,0.5874,0.1264,0.4786
MOD13Q1_061__250m_16_days_NDVI_doy2019049000000_aid0009,_250m_16_days_NDVI,aid0009,2019-02-18,2015243.0,-0.2,0.9827,"(-0.2,0.9827)",0.5589563,0.1663375,0.0276682,0.6674,0.9827,0.5344,0.0767,0.4311
MOD13Q1_061__250m_16_days_NDVI_doy2019065000000_aid0009,_250m_16_days_NDVI,aid0009,2019-03-06,2015363.0,-0.2,0.9983,"(-0.2,0.9983)",0.5762348,0.1580331,0.0249745,0.6766,0.9983,0.5606,0.1389,0.4615
MOD13Q1_061__250m_16_days_NDVI_doy2019081000000_aid0009,_250m_16_days_NDVI,aid0009,2019-03-22,2015310.0,-0.2,0.9765,"(-0.2,0.9765)",0.5431972,0.1422352,0.0202309,0.6382,0.9326,0.5369,0.1475,0.4419
MOD13Q1_061__250m_16_days_NDVI_doy2019097000000_aid0009,_250m_16_days_NDVI,aid0009,2019-04-07,2015569.0,-0.1976,0.9496,"(-0.1976,0.9496)",0.4870804,0.1231364,0.0151626,0.5699,0.8244,0.4798,0.1457,0.4002
MOD13Q1_061__250m_16_days_NDVI_doy2019113000000_aid0009,_250m_16_days_NDVI,aid0009,2019-04-23,2015393.0,-0.1984,0.9875,"(-0.1984,0.9875)",0.467478,0.1223669,0.0149737,0.5552,0.8205,0.4649,0.113,0.3783
MOD13Q1_061__250m_16_days_NDVI_doy2019129000000_aid0009,_250m_16_days_NDVI,aid0009,2019-05-09,2015058.0,-0.2,0.9282,"(-0.2,0.9282)",0.4664855,0.115802,0.0134101,0.5443,0.7843,0.4642,0.1443,0.3843
MOD13Q1_061__250m_16_days_NDVI_doy2019145000000_aid0009,_250m_16_days_NDVI,aid0009,2019-05-25,2015359.0,-0.199,0.9952,"(-0.199,0.9952)",0.427999,0.1109047,0.0122998,0.4993,0.7253,0.4216,0.1226,0.3486
MOD13Q1_061__250m_16_days_NDVI_doy2019161000000_aid0009,_250m_16_days_NDVI,aid0009,2019-06-10,2014970.0,-0.1992,0.9853,"(-0.1992,0.9853)",0.4095371,0.1054115,0.0111116,0.4736,0.6809,0.404,0.1281,0.3354
MOD13Q1_061__250m_16_days_NDVI_doy2019177000000_aid0009,_250m_16_days_NDVI,aid0009,2019-06-26,2014951.0,-0.2,0.9689,"(-0.2,0.9689)",0.3818139,0.0964227,0.0092973,0.4357,0.6151,0.3733,0.1367,0.3161
MOD13Q1_061__250m_16_days_NDVI_doy2019193000000_aid0009,_250m_16_days_NDVI,aid0009,2019-07-12,2015256.0,-0.1994,0.9025,"(-0.1994,0.9025)",0.3571967,0.0880575,0.0077541,0.4075,0.5723,0.3495,0.1328,0.2976
MOD13Q1_061__250m_16_days_NDVI_doy2019209000000_aid0009,_250m_16_days_NDVI,aid0009,2019-07-28,2015435.0,-0.2,0.9523,"(-0.2,0.9523)",0.342077,0.0833354,0.0069448,0.3854,0.5334,0.3325,0.1387,0.2867
MOD13Q1_061__250m_16_days_NDVI_doy2019225000000_aid0009,_250m_16_days_NDVI,aid0009,2019-08-13,2015515.0,-0.2,0.9456,"(-0.2,0.9456)",0.3275902,0.0772258,0.0059638,0.3644,0.4941,0.3174,0.1482,0.2779
MOD13Q1_061__250m_16_days_NDVI_doy2019241000000_aid0009,_250m_16_days_NDVI,aid0009,2019-08-29,2015614.0,-0.2,0.9793,"(-0.2,0.9793)",0.3215778,0.074998,0.0056247,0.3538,0.4729,0.3101,0.1553,0.2744
MOD13Q1_061__250m_16_days_NDVI_doy2019257000000_aid0009,_250m_16_days_NDVI,aid0009,2019-09-14,2015578.0,-0.2,0.9386,"(-0.2,0.9386)",0.3100899,0.0761926,0.0058053,0.345,0.4717,0.2983,0.1338,0.2605
MOD13Q1_061__250m_16_days_NDVI_doy2019273000000_aid0009,_250m_16_days_NDVI,aid0009,2019-09-30,2015822.0,-0.2,0.9487,"(-0.2,0.9487)",0.3078701,0.0744988,0.0055501,0.3409,0.461,0.2968,0.1407,0.2608
MOD13Q1_061__250m_16_days_NDVI_doy2019289000000_aid0009,_250m_16_days_NDVI,aid0009,2019-10-16,2015712.0,-0.1985,0.9366,"(-0.1985,0.9366)",0.3305198,0.0886375,0.0078566,0.3718,0.521,0.3177,0.1231,0.2723
MOD13Q1_061__250m_16_days_NDVI_doy2019305000000_aid0009,_250m_16_days_NDVI,aid0009,2019-11-01,2015906.0,-0.2,0.9853,"(-0.2,0.9853)",0.351486,0.1038284,0.0107803,0.4055,0.596,0.338,0.088,0.2785
MOD13Q1_061__250m_16_days_NDVI_doy2019321000000_aid0009,_250m_16_days_NDVI,aid0009,2019-11-17,2015714.0,-0.2,0.9489,"(-0.2,0.9489)",0.3845523,0.1178695,0.0138932,0.4554,0.6925,0.3701,0.0602,0.2973
MOD13Q1_061__250m_16_days_NDVI_doy2019337000000_aid0009,_250m_16_days_NDVI,aid0009,2019-12-03,2015836.0,-0.1966,0.9165,"(-0.1966,0.9165)",0.4039062,0.1216586,0.0148008,0.4804,0.7276,0.3905,0.0684,0.3156
MOD13Q1_061__250m_16_days_NDVI_doy2019353000000_aid0009,_250m_16_days_NDVI,aid0009,2019-12-19,2015885.0,-0.1978,0.9494,"(-0.1978,0.9494)",0.4129369,0.1136294,0.0129116,0.4793,0.6983,0.4013,0.1143,0.3333
MOD13Q1_061__250m_16_days_NDVI_doy2020001000000_aid0009,_250m_16_days_NDVI,aid0009,2020-01-01,2015939.0,-0.1998,0.9982,"(-0.1998,0.9982)",0.4840768,0.1362458,0.0185629,0.5664,0.835,0.4595,0.1187,0.3873
MOD13Q1_061__250m_16_days_NDVI_doy2020017000000_aid0009,_250m_16_days_NDVI,aid0009,2020-01-17,2015542.0,-0.2,0.9994,"(-0.2,0.9994)",0.5382609,0.1525174,0.0232616,0.6382,0.9576,0.5177,0.1015,0.4235
MOD13Q1_061__250m_16_days_NDVI_doy2020033000000_aid0009,_250m_16_days_NDVI,aid0009,2020-02-02,2015759.0,-0.1992,0.9992,"(-0.1992,0.9992)",0.5749871,0.1602191,0.0256702,0.6856,0.9992,0.5613,0.1059,0.4537
MOD13Q1_061__250m_16_days_NDVI_doy2020049000000_aid0009,_250m_16_days_NDVI,aid0009,2020-02-18,2015584.0,-0.1996,0.9923,"(-0.1996,0.9923)",0.5517921,0.1642987,0.0269941,0.6641,0.9923,0.5294,0.0706,0.4267
MOD13Q1_061__250m_16_days_NDVI_doy2020065000000_aid0009,_250m_16_days_NDVI,aid0009,2020-03-05,2015879.0,-0.1942,0.971,"(-0.1942,0.971)",0.5054271,0.1415859,0.0200466,0.5968,0.8882,0.4858,0.1111,0.4025
MOD13Q1_061__250m_16_days_NDVI_doy2020081000000_aid0009,_250m_16_days_NDVI,aid0009,2020-03-21,2015686.0,-0.1976,0.9799,"(-0.1976,0.9799)",0.5128831,0.1376385,0.0189443,0.6115,0.9157,0.503,0.1045,0.4087
MOD13Q1_061__250m_16_days_NDVI_doy2020097000000_aid0009,_250m_16_days_NDVI,aid0009,2020-04-06,2015713.0,-0.1982,0.9174,"(-0.1982,0.9174)",0.4724845,0.1283553,0.0164751,0.5627,0.8421,0.4627,0.097,0.3764
MOD13Q1_061__250m_16_days_NDVI_doy2020113000000_aid0009,_250m_16_days_NDVI,aid0009,2020-04-22,2015787.0,-0.1966,0.9415,"(-0.1966,0.9415)",0.460083,0.1179785,0.0139189,0.5389,0.7834,0.4534,0.1314,0.3759
MOD13Q1_061__250m_16_days_NDVI_doy2020129000000_aid0009,_250m_16_days_NDVI,aid0009,2020-05-08,2015738.0,-0.2,0.9883,"(-0.2,0.9883)",0.4054822,0.1092197,0.0119289,0.4762,0.701,0.3927,0.1015,0.3263
MOD13Q1_061__250m_16_days_NDVI_doy2020145000000_aid0009,_250m_16_days_NDVI,aid0009,2020-05-24,2015728.0,-0.2,0.9974,"(-0.2,0.9974)",0.3803033,0.0994608,0.0098924,0.445,0.6508,0.3679,0.102,0.3078
MOD13Q1_061__250m_16_days_NDVI_doy2020161000000_aid0009,_250m_16_days_NDVI,aid0009,2020-06-09,2015820.0,-0.1988,0.9158,"(-0.1988,0.9158)",0.3557997,0.0917481,0.0084177,0.4139,0.6026,0.342,0.0994,0.2881
MOD13Q1_061__250m_16_days_NDVI_doy2020177000000_aid0009,_250m_16_days_NDVI,aid0009,2020-06-25,2015760.0,-0.1992,0.9974,"(-0.1992,0.9974)",0.3570191,0.0883373,0.0078035,0.4095,0.5823,0.3453,0.1215,0.2943
MOD13Q1_061__250m_16_days_NDVI_doy2020193000000_aid0009,_250m_16_days_NDVI,aid0009,2020-07-11,2015729.0,-0.1984,0.9981,"(-0.1984,0.9981)",0.3225533,0.0805234,0.006484,0.3713,0.5333,0.3107,0.1013,0.2633
MOD13Q1_061__250m_16_days_NDVI_doy2020209000000_aid0009,_250m_16_days_NDVI,aid0009,2020-07-27,2015767.0,-0.199,0.9908,"(-0.199,0.9908)",0.300514,0.0746714,0.0055758,0.3421,0.4826,0.2887,0.1079,0.2484
MOD13Q1_061__250m_16_days_NDVI_doy2020225000000_aid0009,_250m_16_days_NDVI,aid0009,2020-08-12,2015747.0,-0.2,0.8911,"(-0.2,0.8911)",0.2833468,0.0686715,0.0047158,0.3186,0.4419,0.272,0.1131,0.2364
MOD13Q1_061__250m_16_days_NDVI_doy2020241000000_aid0009,_250m_16_days_NDVI,aid0009,2020-08-28,2015809.0,-0.1937,0.9594,"(-0.1937,0.9594)",0.2820698,0.0623652,0.0038894,0.3138,0.4239,0.2714,0.1303,0.2404
MOD13Q1_061__250m_16_days_NDVI_doy2020257000000_aid0009,_250m_16_days_NDVI,aid0009,2020-09-13,2015804.0,-0.1991,0.8942,"(-0.1991,0.8942)",0.2688573,0.0618615,0.0038268,0.2989,0.4061,0.2591,0.1202,0.2274
MOD13Q1_061__250m_16_days_NDVI_doy2020273000000_aid0009,_250m_16_days_NDVI,aid0009,2020-09-29,2015868.0,-0.2,0.8987,"(-0.2,0.8987)",0.2638712,0.0640781,0.004106,0.2922,0.3981,0.2519,0.1157,0.2216
MOD13Q1_061__250m_16_days_NDVI_doy2020289000000_aid0009,_250m_16_days_NDVI,aid0009,2020-10-15,2015812.0,-0.2,0.914,"(-0.2,0.914)",0.2798295,0.0778458,0.00606,0.3128,0.4421,0.2628,0.0973,0.2266
MOD13Q1_061__250m_16_days_NDVI_doy2020305000000_aid0009,_250m_16_days_NDVI,aid0009,2020-10-31,2015829.0,-0.2,0.8939,"(-0.2,0.8939)",0.3130939,0.0963024,0.0092741,0.3576,0.5271,0.2941,0.0751,0.2446
MOD13Q1_061__250m_16_days_NDVI_doy2020321000000_aid0009,_250m_16_days_NDVI,aid0009,2020-11-16,2015569.0,-0.199,0.985,"(-0.199,0.985)",0.3820511,0.1152419,0.0132807,0.4529,0.6905,0.3725,0.0569,0.2945
MOD13Q1_061__250m_16_days_NDVI_doy2020337000000_aid0009,_250m_16_days_NDVI,aid0009,2020-12-02,2015913.0,-0.1988,0.9477,"(-0.1988,0.9477)",0.3745542,0.1133362,0.0128451,0.45,0.6958,0.3615,0.0403,0.2861
MOD13Q1_061__250m_16_days_NDVI_doy2020353000000_aid0009,_250m_16_days_NDVI,aid0009,2020-12-18,2015865.0,-0.1979,0.9166,"(-0.1979,0.9166)",0.3984969,0.1211104,0.0146677,0.4812,0.7462,0.3866,0.0397,0.3045
MOD13Q1_061__250m_16_days_NDVI_doy2021001000000_aid0009,_250m_16_days_NDVI,aid0009,2021-01-01,2014409.0,-0.2,0.9964,"(-0.2,0.9964)",0.5017731,0.1326027,0.0175835,0.5964,0.8829,0.4978,0.1189,0.4054
MOD13Q1_061__250m_16_days_NDVI_doy2021017000000_aid0009,_250m_16_days_NDVI,aid0009,2021-01-17,2014697.0,-0.1993,0.9969,"(-0.1993,0.9969)",0.537882,0.1505118,0.0226538,0.635,0.9444,0.5204,0.1193,0.4287
MOD13Q1_061__250m_16_days_NDVI_doy2021033000000_aid0009,_250m_16_days_NDVI,aid0009,2021-02-02,2014731.0,-0.1997,0.999,"(-0.1997,0.999)",0.6080923,0.1535728,0.0235846,0.711,0.999,0.5974,0.1615,0.4912
MOD13Q1_061__250m_16_days_NDVI_doy2021049000000_aid0009,_250m_16_days_NDVI,aid0009,2021-02-18,2015207.0,-0.2,0.9937,"(-0.2,0.9937)",0.5967485,0.1558856,0.0243003,0.6988,0.9937,0.584,0.1591,0.4829
MOD13Q1_061__250m_16_days_NDVI_doy2021065000000_aid0009,_250m_16_days_NDVI,aid0009,2021-03-06,2015365.0,-0.199,0.9803,"(-0.199,0.9803)",0.5881159,0.1490814,0.0222253,0.6787,0.963,0.5784,0.1992,0.4869
MOD13Q1_061__250m_16_days_NDVI_doy2021081000000_aid0009,_250m_16_days_NDVI,aid0009,2021-03-22,2014799.0,-0.2,0.9806,"(-0.2,0.9806)",0.5699008,0.1266389,0.0160374,0.6494,0.8939,0.5613,0.2419,0.4864
MOD13Q1_061__250m_16_days_NDVI_doy2021097000000_aid0009,_250m_16_days_NDVI,aid0009,2021-04-07,2015356.0,-0.199,0.9952,"(-0.199,0.9952)",0.5365564,0.1125409,0.0126655,0.6053,0.8106,0.5357,0.2631,0.4684
MOD13Q1_061__250m_16_days_NDVI_doy2021113000000_aid0009,_250m_16_days_NDVI,aid0009,2021-04-23,2015334.0,-0.2,0.9203,"(-0.2,0.9203)",0.4990922,0.1125311,0.0126633,0.5686,0.7768,0.5014,0.2216,0.4298
MOD13Q1_061__250m_16_days_NDVI_doy2021129000000_aid0009,_250m_16_days_NDVI,aid0009,2021-05-09,2015394.0,-0.1995,0.9198,"(-0.1995,0.9198)",0.4400325,0.1070423,0.0114581,0.5065,0.7136,0.4388,0.1613,0.3684
MOD13Q1_061__250m_16_days_NDVI_doy2021145000000_aid0009,_250m_16_days_NDVI,aid0009,2021-05-25,2015609.0,-0.2,0.9838,"(-0.2,0.9838)",0.4100892,0.0993429,0.009869,0.467,0.6512,0.4059,0.1601,0.3442
MOD13Q1_061__250m_16_days_NDVI_doy2021161000000_aid0009,_250m_16_days_NDVI,aid0009,2021-06-10,2015588.0,-0.2,0.9223,"(-0.2,0.9223)",0.4059395,0.0970109,0.0094111,0.4613,0.6393,0.402,0.1647,0.3426
MOD13Q1_061__250m_16_days_NDVI_doy2021177000000_aid0009,_250m_16_days_NDVI,aid0009,2021-06-26,2015262.0,-0.2,0.9927,"(-0.2,0.9927)",0.3826141,0.0969625,0.0094017,0.4307,0.5969,0.3719,0.1538,0.3199
MOD13Q1_061__250m_16_days_NDVI_doy2021193000000_aid0009,_250m_16_days_NDVI,aid0009,2021-07-12,2015401.0,-0.2,0.9195,"(-0.2,0.9195)",0.3463866,0.0850318,0.0072304,0.3878,0.5313,0.3363,0.1486,0.2921
MOD13Q1_061__250m_16_days_NDVI_doy2021209000000_aid0009,_250m_16_days_NDVI,aid0009,2021-07-28,2015489.0,-0.1998,0.9247,"(-0.1998,0.9247)",0.3299824,0.0805343,0.0064858,0.3661,0.4964,0.3187,0.1489,0.2792
MOD13Q1_061__250m_16_days_NDVI_doy2021225000000_aid0009,_250m_16_days_NDVI,aid0009,2021-08-13,2015746.0,-0.1993,0.9341,"(-0.1993,0.9341)",0.3219121,0.0772153,0.0059622,0.3541,0.4742,0.3108,0.1539,0.274
MOD13Q1_061__250m_16_days_NDVI_doy2021241000000_aid0009,_250m_16_days_NDVI,aid0009,2021-08-29,2015759.0,-0.2,0.9482,"(-0.2,0.9482)",0.330366,0.0866247,0.0075038,0.3642,0.495,0.3162,0.1462,0.277
MOD13Q1_061__250m_16_days_NDVI_doy2021257000000_aid0009,_250m_16_days_NDVI,aid0009,2021-09-14,2015677.0,-0.2,0.9345,"(-0.2,0.9345)",0.3562744,0.1048085,0.0109848,0.3981,0.5592,0.3395,0.1296,0.2907
MOD13Q1_061__250m_16_days_NDVI_doy2021273000000_aid0009,_250m_16_days_NDVI,aid0009,2021-09-30,2015956.0,-0.2,0.9307,"(-0.2,0.9307)",0.347455,0.097439,0.0094944,0.3949,0.5617,0.3352,0.1169,0.2837
MOD13Q1_061__250m_16_days_NDVI_doy2021289000000_aid0009,_250m_16_days_NDVI,aid0009,2021-10-16,2015891.0,-0.2,0.9317,"(-0.2,0.9317)",0.3595018,0.1030956,0.0106287,0.4141,0.6004,0.3511,0.1036,0.2899
MOD13Q1_061__250m_16_days_NDVI_doy2021305000000_aid0009,_250m_16_days_NDVI,aid0009,2021-11-01,2015804.0,-0.199,0.9707,"(-0.199,0.9707)",0.3974081,0.1264455,0.0159885,0.4709,0.7155,0.393,0.0637,0.3078
MOD13Q1_061__250m_16_days_NDVI_doy2021321000000_aid0009,_250m_16_days_NDVI,aid0009,2021-11-17,2015809.0,-0.1973,0.999,"(-0.1973,0.999)",0.4204595,0.1257102,0.0158031,0.4951,0.739,0.416,0.0886,0.3325
MOD13Q1_061__250m_16_days_NDVI_doy2021337000000_aid0009,_250m_16_days_NDVI,aid0009,2021-12-03,2015651.0,-0.2,0.9903,"(-0.2,0.9903)",0.4927702,0.1388556,0.0192809,0.582,0.8529,0.4943,0.1305,0.4014
MOD13Q1_061__250m_16_days_NDVI_doy2021353000000_aid0009,_250m_16_days_NDVI,aid0009,2021-12-19,2015823.0,-0.1987,0.987,"(-0.1987,0.987)",0.4989672,0.1223548,0.0149707,0.5718,0.7944,0.4911,0.2008,0.4234
MOD13Q1_061__250m_16_days_NDVI_doy2022001000000_aid0009,_250m_16_days_NDVI,aid0009,2022-01-01,2015901.0,-0.2,0.987,"(-0.2,0.987)",0.4936113,0.1176631,0.0138446,0.5597,0.7695,0.4818,0.21,0.4198
MOD13Q1_061__250m_16_days_NDVI_doy2022017000000_aid0009,_250m_16_days_NDVI,aid0009,2022-01-17,2015635.0,-0.2,0.9918,"(-0.2,0.9918)",0.5356124,0.1486561,0.0220986,0.6288,0.9205,0.5057,0.1426,0.4343
MOD13Q1_061__250m_16_days_NDVI_doy2022033000000_aid0009,_250m_16_days_NDVI,aid0009,2022-02-02,2015510.0,-0.1975,0.9622,"(-0.1975,0.9622)",0.570395,0.1627519,0.0264882,0.6843,0.9622,0.5291,0.1093,0.4543
MOD13Q1_061__250m_16_days_NDVI_doy2022049000000_aid0009,_250m_16_days_NDVI,aid0009,2022-02-18,2015347.0,-0.1997,0.9972,"(-0.1997,0.9972)",0.6252995,0.1511505,0.0228465,0.7359,0.9972,0.5952,0.1847,0.5154
MOD13Q1_061__250m_16_days_NDVI_doy2022065000000_aid0009,_250m_16_days_NDVI,aid0009,2022-03-06,2015460.0,-0.1987,0.9582,"(-0.1987,0.9582)",0.5985219,0.1512749,0.0228841,0.7019,0.9582,0.5687,0.1717,0.4898
MOD13Q1_061__250m_16_days_NDVI_doy2022081000000_aid0009,_250m_16_days_NDVI,aid0009,2022-03-22,2015905.0,-0.1979,0.9372,"(-0.1979,0.9372)",0.5309679,0.1336587,0.0178647,0.6146,0.8777,0.5062,0.1761,0.4392
MOD13Q1_061__250m_16_days_NDVI_doy2022097000000_aid0009,_250m_16_days_NDVI,aid0009,2022-04-07,2015874.0,-0.1993,0.9212,"(-0.1993,0.9212)",0.4296043,0.0996774,0.0099356,0.4881,0.6762,0.417,0.1746,0.3627
MOD13Q1_061__250m_16_days_NDVI_doy2022113000000_aid0009,_250m_16_days_NDVI,aid0009,2022-04-23,2015834.0,-0.2,0.885,"(-0.2,0.885)",0.3950353,0.0980461,0.009613,0.4529,0.6395,0.3835,0.1419,0.3285
MOD13Q1_061__250m_16_days_NDVI_doy2022129000000_aid0009,_250m_16_days_NDVI,aid0009,2022-05-09,2015841.0,-0.1981,0.9505,"(-0.1981,0.9505)",0.3719084,0.0959421,0.0092049,0.4288,0.6154,0.3601,0.1179,0.3044
MOD13Q1_061__250m_16_days_NDVI_doy2022145000000_aid0009,_250m_16_days_NDVI,aid0009,2022-05-25,2015862.0,-0.198,0.9963,"(-0.198,0.9963)",0.336318,0.0846172,0.0071601,0.3904,0.565,0.325,0.0994,0.274
MOD13Q1_061__250m_16_days_NDVI_doy2022161000000_aid0009,_250m_16_days_NDVI,aid0009,2022-06-10,2015801.0,-0.1995,0.9644,"(-0.1995,0.9644)",0.3249755,0.0838507,0.0070309,0.3788,0.5528,0.3115,0.0888,0.2628
MOD13Q1_061__250m_16_days_NDVI_doy2022177000000_aid0009,_250m_16_days_NDVI,aid0009,2022-06-26,2015876.0,-0.1983,0.9329,"(-0.1983,0.9329)",0.3145657,0.0782441,0.0061221,0.3641,0.5246,0.303,0.0966,0.2571
MOD13Q1_061__250m_16_days_NDVI_doy2022193000000_aid0009,_250m_16_days_NDVI,aid0009,2022-07-12,2015828.0,-0.2,0.9684,"(-0.2,0.9684)",0.2982095,0.0724141,0.0052438,0.3426,0.4893,0.2866,0.0981,0.2448
MOD13Q1_061__250m_16_days_NDVI_doy2022209000000_aid0009,_250m_16_days_NDVI,aid0009,2022-07-28,2015719.0,-0.199,0.9076,"(-0.199,0.9076)",0.2827152,0.0772112,0.0059616,0.3309,0.4941,0.2744,0.0589,0.2221
MOD13Q1_061__250m_16_days_NDVI_doy2022225000000_aid0009,_250m_16_days_NDVI,aid0009,2022-08-13,2015845.0,-0.1988,0.8871,"(-0.1988,0.8871)",0.2789093,0.0776995,0.0060372,0.3221,0.4745,0.2687,0.0681,0.2205
MOD13Q1_061__250m_16_days_NDVI_doy2022241000000_aid0009,_250m_16_days_NDVI,aid0009,2022-08-29,2015899.0,-0.1983,0.9008,"(-0.1983,0.9008)",0.2698626,0.0720346,0.005189,0.3066,0.4384,0.2592,0.0869,0.2187
MOD13Q1_061__250m_16_days_NDVI_doy2022257000000_aid0009,_250m_16_days_NDVI,aid0009,2022-09-14,2015863.0,-0.1986,0.9172,"(-0.1986,0.9172)",0.2747996,0.0678783,0.0046075,0.3071,0.4214,0.2633,0.1166,0.2309
MOD13Q1_061__250m_16_days_NDVI_doy2022273000000_aid0009,_250m_16_days_NDVI,aid0009,2022-09-30,2015918.0,-0.1988,0.9189,"(-0.1988,0.9189)",0.2774063,0.0695109,0.0048318,0.3128,0.4355,0.2664,0.1083,0.231
MOD13Q1_061__250m_16_days_NDVI_doy2022289000000_aid0009,_250m_16_days_NDVI,aid0009,2022-10-16,2015774.0,-0.2,0.9107,"(-0.2,0.9107)",0.2981946,0.0820087,0.0067254,0.3433,0.5017,0.288,0.0793,0.2377
MOD13Q1_061__250m_16_days_NDVI_doy2022305000000_aid0009,_250m_16_days_NDVI,aid0009,2022-11-01,2015962.0,-0.1991,0.8997,"(-0.1991,0.8997)",0.3183451,0.0917841,0.0084243,0.3658,0.539,0.3072,0.0772,0.2503
MOD13Q1_061__250m_16_days_NDVI_doy2022321000000_aid0009,_250m_16_days_NDVI,aid0009,2022-11-17,2015955.0,-0.2,0.9556,"(-0.2,0.9556)",0.3688053,0.1094039,0.0119692,0.4321,0.647,0.3612,0.0739,0.2888
MOD13Q1_061__250m_16_days_NDVI_doy2022337000000_aid0009,_250m_16_days_NDVI,aid0009,2022-12-03,2015917.0,-0.2,0.9167,"(-0.2,0.9167)",0.3897735,0.107059,0.0114616,0.4554,0.6711,0.379,0.0959,0.3116
MOD13Q1_061__250m_16_days_NDVI_doy2022353000000_aid0009,_250m_16_days_NDVI,aid0009,2022-12-19,2015873.0,-0.1978,0.9319,"(-0.1978,0.9319)",0.4096606,0.1129376,0.0127549,0.4802,0.7088,0.3935,0.0992,0.3278
MOD13Q1_061__250m_16_days_NDVI_doy2023001000000_aid0009,_250m_16_days_NDVI,aid0009,2023-01-01,2015944.0,-0.1979,0.9375,"(-0.1979,0.9375)",0.4624213,0.1383729,0.019147,0.559,0.8684,0.4526,0.0433,0.3527
MOD13Q1_061__250m_16_days_NDVI_doy2023017000000_aid0009,_250m_16_days_NDVI,aid0009,2023-01-17,2015645.0,-0.1996,0.9948,"(-0.1996,0.9948)",0.5519409,0.1616779,0.0261397,0.6617,0.9948,0.5369,0.0847,0.4309
MOD13Q1_061__250m_16_days_NDVI_doy2023033000000_aid0009,_250m_16_days_NDVI,aid0009,2023-02-02,2015286.0,-0.1994,0.9979,"(-0.1994,0.9979)",0.5966698,0.1580661,0.0249849,0.7049,0.9979,0.5829,0.1524,0.4839
MOD13Q1_061__250m_16_days_NDVI_doy2023049000000_aid0009,_250m_16_days_NDVI,aid0009,2023-02-18,2015785.0,-0.1986,0.9765,"(-0.1986,0.9765)",0.5594474,0.152307,0.0231974,0.6572,0.9598,0.5463,0.1447,0.4522
MOD13Q1_061__250m_16_days_NDVI_doy2023065000000_aid0009,_250m_16_days_NDVI,aid0009,2023-03-06,2015343.0,-0.1997,0.9401,"(-0.1997,0.9401)",0.5534778,0.1263533,0.0159652,0.6348,0.8794,0.5495,0.2271,0.4717
MOD13Q1_061__250m_16_days_NDVI_doy2023081000000_aid0009,_250m_16_days_NDVI,aid0009,2023-03-22,2014988.0,-0.2,0.9945,"(-0.2,0.9945)",0.5619332,0.1193438,0.0142429,0.6418,0.8714,0.5658,0.2591,0.4887
MOD13Q1_061__250m_16_days_NDVI_doy2023097000000_aid0009,_250m_16_days_NDVI,aid0009,2023-04-07,2015185.0,-0.2,0.9802,"(-0.2,0.9802)",0.5345794,0.1163963,0.0135481,0.6129,0.8431,0.5341,0.2292,0.4594
MOD13Q1_061__250m_16_days_NDVI_doy2023113000000_aid0009,_250m_16_days_NDVI,aid0009,2023-04-23,2015376.0,-0.2,0.8982,"(-0.2,0.8982)",0.4699769,0.1120109,0.0125464,0.5427,0.7677,0.4655,0.1678,0.3927
MOD13Q1_061__250m_16_days_NDVI_doy2023129000000_aid0009,_250m_16_days_NDVI,aid0009,2023-05-09,2015384.0,-0.1996,0.9639,"(-0.1996,0.9639)",0.442469,0.1080556,0.011676,0.5124,0.7378,0.4364,0.1367,0.3621
MOD13Q1_061__250m_16_days_NDVI_doy2023145000000_aid0009,_250m_16_days_NDVI,aid0009,2023-05-25,2015575.0,-0.2,0.9982,"(-0.2,0.9982)",0.4150206,0.1120551,0.0125563,0.4862,0.7179,0.4057,0.1,0.3317
MOD13Q1_061__250m_16_days_NDVI_doy2023161000000_aid0009,_250m_16_days_NDVI,aid0009,2023-06-10,2015408.0,-0.199,0.9121,"(-0.199,0.9121)",0.3814066,0.1009065,0.0101821,0.4423,0.6464,0.3709,0.1021,0.3062
MOD13Q1_061__250m_16_days_NDVI_doy2023177000000_aid0009,_250m_16_days_NDVI,aid0009,2023-06-26,2015643.0,-0.2,0.9941,"(-0.2,0.9941)",0.3568547,0.0965864,0.0093289,0.4143,0.61,0.3436,0.0881,0.2838
MOD13Q1_061__250m_16_days_NDVI_doy2023193000000_aid0009,_250m_16_days_NDVI,aid0009,2023-07-12,2015631.0,-0.2,0.9898,"(-0.2,0.9898)",0.3295353,0.0893304,0.0079799,0.376,0.5419,0.3147,0.0996,0.2654
MOD13Q1_061__250m_16_days_NDVI_doy2023209000000_aid0009,_250m_16_days_NDVI,aid0009,2023-07-28,2015862.0,-0.1963,0.9467,"(-0.1963,0.9467)",0.3257698,0.0912343,0.0083237,0.3701,0.5327,0.3105,0.0991,0.2617
MOD13Q1_061__250m_16_days_NDVI_doy2023225000000_aid0009,_250m_16_days_NDVI,aid0009,2023-08-13,2015879.0,-0.1991,0.9195,"(-0.1991,0.9195)",0.3275908,0.092889,0.0086284,0.3649,0.512,0.3107,0.1197,0.2668
MOD13Q1_061__250m_16_days_NDVI_doy2023241000000_aid0009,_250m_16_days_NDVI,aid0009,2023-08-29,2015835.0,-0.2,0.957,"(-0.2,0.957)",0.3083934,0.0897893,0.0080621,0.3413,0.4773,0.2894,0.1146,0.2506
MOD13Q1_061__250m_16_days_NDVI_doy2023257000000_aid0009,_250m_16_days_NDVI,aid0009,2023-09-14,2015876.0,-0.1984,0.9479,"(-0.1984,0.9479)",0.305241,0.0863983,0.0074647,0.3355,0.4619,0.2856,0.1248,0.2512
MOD13Q1_061__250m_16_days_NDVI_doy2023273000000_aid0009,_250m_16_days_NDVI,aid0009,2023-09-30,2015855.0,-0.1963,0.9427,"(-0.1963,0.9427)",0.3108159,0.0858853,0.0073763,0.3425,0.4724,0.2916,0.126,0.2559
MOD13Q1_061__250m_16_days_NDVI_doy2023289000000_aid0009,_250m_16_days_NDVI,aid0009,2023-10-16,2015886.0,-0.1995,0.9238,"(-0.1995,0.9238)",0.3197926,0.0918665,0.0084395,0.3609,0.5197,0.3019,0.0962,0.255
MOD13Q1_061__250m_16_days_NDVI_doy2023305000000_aid0009,_250m_16_days_NDVI,aid0009,2023-11-01,2015868.0,-0.198,0.9036,"(-0.198,0.9036)",0.3303128,0.0994079,0.0098819,0.3747,0.5479,0.3124,0.086,0.2592
MOD13Q1_061__250m_16_days_NDVI_doy2023321000000_aid0009,_250m_16_days_NDVI,aid0009,2023-11-17,2015893.0,-0.1997,0.8954,"(-0.1997,0.8954)",0.3437463,0.1055191,0.0111343,0.3939,0.5853,0.3264,0.0749,0.2663
MOD13Q1_061__250m_16_days_NDVI_doy2023337000000_aid0009,_250m_16_days_NDVI,aid0009,2023-12-03,2015700.0,-0.1988,0.9089,"(-0.1988,0.9089)",0.4045489,0.1207611,0.0145832,0.4705,0.6994,0.3868,0.089,0.3179
MOD13Q1_061__250m_16_days_NDVI_doy2023353000000_aid0009,_250m_16_days_NDVI,aid0009,2023-12-19,2015227.0,-0.2,0.9342,"(-0.2,0.9342)",0.4831901,0.1392656,0.0193949,0.5713,0.8519,0.4658,0.1036,0.3842
MOD13Q1_061__250m_16_days_NDVI_doy2015353000000_aid0010,_250m_16_days_NDVI,aid0010,2015-12-19,2817896.0,-0.2,0.9354,"(-0.2,0.9354)",0.4939456,0.1400279,0.0196078,0.5907,0.8878,0.4927,0.0954,0.392575
MOD13Q1_061__250m_16_days_NDVI_doy2016001000000_aid0010,_250m_16_days_NDVI,aid0010,2016-01-01,2816540.0,-0.2,0.9964,"(-0.2,0.9964)",0.5867931,0.1520817,0.0231288,0.6892,0.9964,0.5781,0.1727,0.4826
MOD13Q1_061__250m_16_days_NDVI_doy2016017000000_aid0010,_250m_16_days_NDVI,aid0010,2016-01-17,2819113.0,-0.2,0.9925,"(-0.2,0.9925)",0.6393662,0.1613343,0.0260288,0.7622,0.9925,0.6306,0.1762,0.5278
MOD13Q1_061__250m_16_days_NDVI_doy2016033000000_aid0010,_250m_16_days_NDVI,aid0010,2016-02-02,2816994.0,-0.2,0.9995,"(-0.2,0.9995)",0.6695886,0.1511237,0.0228384,0.7794,0.9995,0.6536,0.2599,0.5716
MOD13Q1_061__250m_16_days_NDVI_doy2016049000000_aid0010,_250m_16_days_NDVI,aid0010,2016-02-18,2819493.0,-0.2,0.9847,"(-0.2,0.9847)",0.6333787,0.1599717,0.0255909,0.7317,0.9847,0.6227,0.2505,0.5392
MOD13Q1_061__250m_16_days_NDVI_doy2016065000000_aid0010,_250m_16_days_NDVI,aid0010,2016-03-05,2816857.0,-0.2,0.9997,"(-0.2,0.9997)",0.6303573,0.1519596,0.0230917,0.727,0.9997,0.6206,0.246,0.5346
MOD13Q1_061__250m_16_days_NDVI_doy2016081000000_aid0010,_250m_16_days_NDVI,aid0010,2016-03-21,2818231.0,-0.2,0.9415,"(-0.2,0.9415)",0.5510228,0.1287977,0.0165888,0.6292,0.866,0.5516,0.2345,0.4713
MOD13Q1_061__250m_16_days_NDVI_doy2016097000000_aid0010,_250m_16_days_NDVI,aid0010,2016-04-06,2815118.0,-0.2,0.9911,"(-0.2,0.9911)",0.4967659,0.1189681,0.0141534,0.5849,0.8444,0.4994,0.1524,0.4119
MOD13Q1_061__250m_16_days_NDVI_doy2016113000000_aid0010,_250m_16_days_NDVI,aid0010,2016-04-22,2814257.0,-0.2,0.9785,"(-0.2,0.9785)",0.4733553,0.1199342,0.0143842,0.5614,0.8252,0.4742,0.1217,0.3855
MOD13Q1_061__250m_16_days_NDVI_doy2016129000000_aid0010,_250m_16_days_NDVI,aid0010,2016-05-08,2817204.0,-0.2,0.934,"(-0.2,0.934)",0.4233982,0.1208934,0.0146152,0.5095,0.779,0.4172,0.0603,0.3298
MOD13Q1_061__250m_16_days_NDVI_doy2016145000000_aid0010,_250m_16_days_NDVI,aid0010,2016-05-24,2817791.0,-0.2,0.9963,"(-0.2,0.9963)",0.4322867,0.1247771,0.0155693,0.5164,0.7835,0.4297,0.0712,0.3383
MOD13Q1_061__250m_16_days_NDVI_doy2016161000000_aid0010,_250m_16_days_NDVI,aid0010,2016-06-09,2810297.0,-0.2,0.9759,"(-0.2,0.9759)",0.4306534,0.119963,0.0143911,0.5089,0.7627,0.4281,0.0859,0.3397
MOD13Q1_061__250m_16_days_NDVI_doy2016177000000_aid0010,_250m_16_days_NDVI,aid0010,2016-06-25,2812718.0,-0.2,0.938,"(-0.2,0.938)",0.4262208,0.1208092,0.0145949,0.501,0.7449,0.423,0.0945,0.3384
MOD13Q1_061__250m_16_days_NDVI_doy2016193000000_aid0010,_250m_16_days_NDVI,aid0010,2016-07-11,2813329.0,-0.2,0.9853,"(-0.2,0.9853)",0.4196463,0.1173568,0.0137726,0.4877,0.7128,0.4116,0.1125,0.3376
MOD13Q1_061__250m_16_days_NDVI_doy2016209000000_aid0010,_250m_16_days_NDVI,aid0010,2016-07-27,2815169.0,-0.2,0.9914,"(-0.2,0.9914)",0.4238796,0.1170073,0.0136907,0.489,0.7033,0.4173,0.1318,0.3461
MOD13Q1_061__250m_16_days_NDVI_doy2016225000000_aid0010,_250m_16_days_NDVI,aid0010,2016-08-12,2812183.0,-0.2,0.9341,"(-0.2,0.9341)",0.4414814,0.1212728,0.0147071,0.505,0.7175,0.433,0.1508,0.3633
MOD13Q1_061__250m_16_days_NDVI_doy2016241000000_aid0010,_250m_16_days_NDVI,aid0010,2016-08-28,2812371.0,-0.2,0.934,"(-0.2,0.934)",0.4353258,0.1212199,0.0146943,0.4974,0.708,0.4259,0.1464,0.357
MOD13Q1_061__250m_16_days_NDVI_doy2016257000000_aid0010,_250m_16_days_NDVI,aid0010,2016-09-13,2815227.0,-0.2,0.9393,"(-0.2,0.9393)",0.4282161,0.1240344,0.0153845,0.4894,0.7007,0.4142,0.1372,0.3485
MOD13Q1_061__250m_16_days_NDVI_doy2016273000000_aid0010,_250m_16_days_NDVI,aid0010,2016-09-29,2815526.0,-0.2,0.946,"(-0.2,0.946)",0.4444757,0.1310587,0.0171764,0.5174,0.7554,0.4398,0.1207,0.3587
MOD13Q1_061__250m_16_days_NDVI_doy2016289000000_aid0010,_250m_16_days_NDVI,aid0010,2016-10-15,2815790.0,-0.2,0.9915,"(-0.2,0.9915)",0.505918,0.1488624,0.02216,0.5953,0.865,0.5118,0.1458,0.4155
MOD13Q1_061__250m_16_days_NDVI_doy2016305000000_aid0010,_250m_16_days_NDVI,aid0010,2016-10-31,2817009.0,-0.2,0.9908,"(-0.2,0.9908)",0.5129002,0.152245,0.0231785,0.6172,0.9247,0.5273,0.1042,0.412
MOD13Q1_061__250m_16_days_NDVI_doy2016321000000_aid0010,_250m_16_days_NDVI,aid0010,2016-11-16,2815979.0,-0.2,0.9872,"(-0.2,0.9872)",0.5082265,0.1439627,0.0207253,0.6111,0.9155,0.5177,0.1031,0.4079
MOD13Q1_061__250m_16_days_NDVI_doy2016337000000_aid0010,_250m_16_days_NDVI,aid0010,2016-12-02,2816940.0,-0.2,0.9356,"(-0.2,0.9356)",0.4703323,0.1377946,0.0189873,0.5648,0.854,0.4648,0.0828,0.372
MOD13Q1_061__250m_16_days_NDVI_doy2016353000000_aid0010,_250m_16_days_NDVI,aid0010,2016-12-18,2815771.0,-0.2,0.9703,"(-0.2,0.9703)",0.4640492,0.1403737,0.0197048,0.5587,0.8564,0.4517,0.0625,0.3602
MOD13Q1_061__250m_16_days_NDVI_doy2017001000000_aid0010,_250m_16_days_NDVI,aid0010,2017-01-01,2817101.0,-0.2,0.9737,"(-0.2,0.9737)",0.4960655,0.1609151,0.0258937,0.6038,0.9455,0.4816,0.0328,0.3754
MOD13Q1_061__250m_16_days_NDVI_doy2017017000000_aid0010,_250m_16_days_NDVI,aid0010,2017-01-17,2816859.0,-0.2,0.9969,"(-0.2,0.9969)",0.5284359,0.1832315,0.0335738,0.6625,0.9969,0.5065,-0.0255,0.3873
MOD13Q1_061__250m_16_days_NDVI_doy2017033000000_aid0010,_250m_16_days_NDVI,aid0010,2017-02-02,2816868.0,-0.2,0.9976,"(-0.2,0.9976)",0.5840378,0.1856325,0.0344594,0.7255,0.9976,0.5798,0.0245,0.4451
MOD13Q1_061__250m_16_days_NDVI_doy2017049000000_aid0010,_250m_16_days_NDVI,aid0010,2017-02-18,2816722.0,-0.2,0.9969,"(-0.2,0.9969)",0.6153877,0.1774228,0.0314788,0.7448,0.9969,0.6153,0.1118,0.4916
MOD13Q1_061__250m_16_days_NDVI_doy2017065000000_aid0010,_250m_16_days_NDVI,aid0010,2017-03-06,2817114.0,-0.2,0.9837,"(-0.2,0.9837)",0.5957156,0.1732377,0.0300113,0.7206,0.9837,0.5954,0.1086,0.4758
MOD13Q1_061__250m_16_days_NDVI_doy2017081000000_aid0010,_250m_16_days_NDVI,aid0010,2017-03-22,2816015.0,-0.2,0.9988,"(-0.2,0.9988)",0.5685114,0.1440236,0.0207428,0.663,0.9426,0.5705,0.1968,0.4765
MOD13Q1_061__250m_16_days_NDVI_doy2017097000000_aid0010,_250m_16_days_NDVI,aid0010,2017-04-07,2817482.0,-0.2,0.9237,"(-0.2,0.9237)",0.5288398,0.1344262,0.0180704,0.622,0.8879,0.5376,0.1788,0.4447
MOD13Q1_061__250m_16_days_NDVI_doy2017113000000_aid0010,_250m_16_days_NDVI,aid0010,2017-04-23,2814323.0,-0.2,0.924,"(-0.2,0.924)",0.5070716,0.1368002,0.0187143,0.6063,0.8959,0.5147,0.1236,0.4132
MOD13Q1_061__250m_16_days_NDVI_doy2017129000000_aid0010,_250m_16_days_NDVI,aid0010,2017-05-09,2813970.0,-0.2,0.9883,"(-0.2,0.9883)",0.5071748,0.1358472,0.0184545,0.6031,0.8869,0.5203,0.1301,0.4139
MOD13Q1_061__250m_16_days_NDVI_doy2017145000000_aid0010,_250m_16_days_NDVI,aid0010,2017-05-25,2808537.0,-0.2,0.9811,"(-0.2,0.9811)",0.4958894,0.137552,0.0189205,0.5948,0.894,0.5104,0.0961,0.3953
MOD13Q1_061__250m_16_days_NDVI_doy2017161000000_aid0010,_250m_16_days_NDVI,aid0010,2017-06-10,2812126.0,-0.2,0.91,"(-0.2,0.91)",0.4405777,0.1247092,0.0155524,0.5292,0.8011,0.4474,0.076,0.3479
MOD13Q1_061__250m_16_days_NDVI_doy2017177000000_aid0010,_250m_16_days_NDVI,aid0010,2017-06-26,2807655.0,-0.2,0.9649,"(-0.2,0.9649)",0.4490058,0.1252722,0.0156931,0.534,0.7947,0.4557,0.0995,0.3602
MOD13Q1_061__250m_16_days_NDVI_doy2017193000000_aid0010,_250m_16_days_NDVI,aid0010,2017-07-12,2806681.0,-0.2,0.9156,"(-0.2,0.9156)",0.4355474,0.121525,0.0147683,0.5142,0.757,0.4398,0.1095,0.3523
MOD13Q1_061__250m_16_days_NDVI_doy2017209000000_aid0010,_250m_16_days_NDVI,aid0010,2017-07-28,2808094.0,-0.2,0.9228,"(-0.2,0.9228)",0.4341958,0.115542,0.01335,0.5053,0.722,0.4358,0.1441,0.3608
MOD13Q1_061__250m_16_days_NDVI_doy2017225000000_aid0010,_250m_16_days_NDVI,aid0010,2017-08-13,2808186.0,-0.2,0.989,"(-0.2,0.989)",0.4426137,0.1208453,0.0146036,0.5145,0.7324,0.4442,0.1513,0.3692
MOD13Q1_061__250m_16_days_NDVI_doy2017241000000_aid0010,_250m_16_days_NDVI,aid0010,2017-08-29,2810540.0,-0.2,0.9468,"(-0.2,0.9468)",0.4743477,0.130158,0.0169411,0.5491,0.776,0.4729,0.1709,0.3978
MOD13Q1_061__250m_16_days_NDVI_doy2017257000000_aid0010,_250m_16_days_NDVI,aid0010,2017-09-14,2815061.0,-0.2,0.9293,"(-0.2,0.9293)",0.4798322,0.1326804,0.0176041,0.5571,0.7884,0.4808,0.1716,0.4029
MOD13Q1_061__250m_16_days_NDVI_doy2017273000000_aid0010,_250m_16_days_NDVI,aid0010,2017-09-30,2815632.0,-0.2,0.9569,"(-0.2,0.9569)",0.497824,0.1415038,0.0200233,0.5835,0.8355,0.499,0.1635,0.4155
MOD13Q1_061__250m_16_days_NDVI_doy2017289000000_aid0010,_250m_16_days_NDVI,aid0010,2017-10-16,2816364.0,-0.2,0.9981,"(-0.2,0.9981)",0.4987559,0.1461704,0.0213658,0.5915,0.87,0.5025,0.1273,0.4058
MOD13Q1_061__250m_16_days_NDVI_doy2017305000000_aid0010,_250m_16_days_NDVI,aid0010,2017-11-01,2814586.0,-0.2,0.9863,"(-0.2,0.9863)",0.5076379,0.1456215,0.0212056,0.6074,0.9033,0.5193,0.1142,0.4101
MOD13Q1_061__250m_16_days_NDVI_doy2017321000000_aid0010,_250m_16_days_NDVI,aid0010,2017-11-17,2815427.0,-0.2,0.908,"(-0.2,0.908)",0.4701517,0.1324947,0.0175548,0.5647,0.8428,0.4762,0.1012,0.3793
MOD13Q1_061__250m_16_days_NDVI_doy2017337000000_aid0010,_250m_16_days_NDVI,aid0010,2017-12-03,2815361.0,-0.2,0.996,"(-0.2,0.996)",0.4722904,0.1418585,0.0201238,0.5734,0.8809,0.4617,0.0609,0.3684
MOD13Q1_061__250m_16_days_NDVI_doy2017353000000_aid0010,_250m_16_days_NDVI,aid0010,2017-12-19,2817534.0,-0.2,0.9723,"(-0.2,0.9723)",0.4809728,0.152278,0.0231886,0.5906,0.9272,0.4694,0.0296,0.3662
MOD13Q1_061__250m_16_days_NDVI_doy2018001000000_aid0010,_250m_16_days_NDVI,aid0010,2018-01-01,2818278.0,-0.2,0.9656,"(-0.2,0.9656)",0.4779217,0.157213,0.0247159,0.5875,0.9313,0.4671,0.0145,0.3583
MOD13Q1_061__250m_16_days_NDVI_doy2018017000000_aid0010,_250m_16_days_NDVI,aid0010,2018-01-17,2817685.0,-0.2,0.9566,"(-0.2,0.9566)",0.5101581,0.1767976,0.0312574,0.633,0.9566,0.4988,-0.0165,0.3732
MOD13Q1_061__250m_16_days_NDVI_doy2018033000000_aid0010,_250m_16_days_NDVI,aid0010,2018-02-02,2819079.0,-0.2,0.9498,"(-0.2,0.9498)",0.5216056,0.1892863,0.0358293,0.6578,0.9498,0.5136,-0.0559,0.3723
MOD13Q1_061__250m_16_days_NDVI_doy2018049000000_aid0010,_250m_16_days_NDVI,aid0010,2018-02-18,2817233.0,-0.2,0.9789,"(-0.2,0.9789)",0.5188328,0.1880871,0.0353767,0.6469,0.9789,0.5099,-0.0373,0.3732
MOD13Q1_061__250m_16_days_NDVI_doy2018065000000_aid0010,_250m_16_days_NDVI,aid0010,2018-03-06,2815779.0,-0.2,0.9422,"(-0.2,0.9422)",0.4932224,0.1796295,0.0322668,0.6154,0.9422,0.4773,-0.0376,0.3542
MOD13Q1_061__250m_16_days_NDVI_doy2018081000000_aid0010,_250m_16_days_NDVI,aid0010,2018-03-22,2815286.0,-0.2,0.9509,"(-0.2,0.9509)",0.4520825,0.14899,0.022198,0.5557,0.8819,0.4381,0.012,0.3382
MOD13Q1_061__250m_16_days_NDVI_doy2018097000000_aid0010,_250m_16_days_NDVI,aid0010,2018-04-07,2817915.0,-0.2,0.8948,"(-0.2,0.8948)",0.4247152,0.1267925,0.0160763,0.5136,0.7876,0.4127,0.0569,0.3309
MOD13Q1_061__250m_16_days_NDVI_doy2018113000000_aid0010,_250m_16_days_NDVI,aid0010,2018-04-23,2820947.0,-0.2,0.999,"(-0.2,0.999)",0.3151278,0.1713084,0.0293466,0.4321,0.802,0.325,-0.1843,0.1855
MOD13Q1_061__250m_16_days_NDVI_doy2018129000000_aid0010,_250m_16_days_NDVI,aid0010,2018-05-09,2815728.0,-0.2,0.9715,"(-0.2,0.9715)",0.4633196,0.1265941,0.0160261,0.5503,0.8224,0.4609,0.0968,0.3689
MOD13Q1_061__250m_16_days_NDVI_doy2018145000000_aid0010,_250m_16_days_NDVI,aid0010,2018-05-25,2814818.0,-0.2,0.9729,"(-0.2,0.9729)",0.431168,0.1267961,0.0160773,0.5088,0.7662,0.4246,0.0798,0.3372
MOD13Q1_061__250m_16_days_NDVI_doy2018161000000_aid0010,_250m_16_days_NDVI,aid0010,2018-06-10,2813658.0,-0.2,0.937,"(-0.2,0.937)",0.420379,0.1197376,0.0143371,0.496,0.748,0.4163,0.076,0.328
MOD13Q1_061__250m_16_days_NDVI_doy2018177000000_aid0010,_250m_16_days_NDVI,aid0010,2018-06-26,2814611.0,-0.2,0.9981,"(-0.2,0.9981)",0.3904046,0.1120308,0.0125509,0.4627,0.7024,0.3851,0.0632,0.3029
MOD13Q1_061__250m_16_days_NDVI_doy2018193000000_aid0010,_250m_16_days_NDVI,aid0010,2018-07-12,2814758.0,-0.2,0.946,"(-0.2,0.946)",0.3962406,0.1107397,0.0122633,0.4657,0.6968,0.391,0.0805,0.3116
MOD13Q1_061__250m_16_days_NDVI_doy2018209000000_aid0010,_250m_16_days_NDVI,aid0010,2018-07-28,2815625.0,-0.2,0.9151,"(-0.2,0.9151)",0.3942426,0.1080281,0.0116701,0.4601,0.6752,0.3885,0.1016,0.3167
MOD13Q1_061__250m_16_days_NDVI_doy2018225000000_aid0010,_250m_16_days_NDVI,aid0010,2018-08-13,2812252.0,-0.2,0.9337,"(-0.2,0.9337)",0.4057753,0.1145737,0.0131271,0.4736,0.6965,0.3974,0.1021,0.325
MOD13Q1_061__250m_16_days_NDVI_doy2018241000000_aid0010,_250m_16_days_NDVI,aid0010,2018-08-29,2815142.0,-0.2,0.9214,"(-0.2,0.9214)",0.3958427,0.1118485,0.0125101,0.4595,0.669,0.3857,0.1103,0.3198
MOD13Q1_061__250m_16_days_NDVI_doy2018257000000_aid0010,_250m_16_days_NDVI,aid0010,2018-09-14,2815504.0,-0.2,0.9771,"(-0.2,0.9771)",0.4344447,0.1344882,0.0180871,0.5142,0.7732,0.4116,0.0825,0.3415
MOD13Q1_061__250m_16_days_NDVI_doy2018273000000_aid0010,_250m_16_days_NDVI,aid0010,2018-09-30,2814242.0,-0.2,0.9498,"(-0.2,0.9498)",0.4495368,0.1492599,0.0222785,0.5397,0.832,0.422,0.0525,0.3448
MOD13Q1_061__250m_16_days_NDVI_doy2018289000000_aid0010,_250m_16_days_NDVI,aid0010,2018-10-16,2817163.0,-0.2,0.9937,"(-0.2,0.9937)",0.473699,0.1489752,0.0221936,0.5697,0.871,0.4608,0.0675,0.3688
MOD13Q1_061__250m_16_days_NDVI_doy2018305000000_aid0010,_250m_16_days_NDVI,aid0010,2018-11-01,2816261.0,-0.2,0.972,"(-0.2,0.972)",0.4989429,0.1492436,0.0222737,0.5993,0.9018,0.4987,0.0951,0.3976
MOD13Q1_061__250m_16_days_NDVI_doy2018321000000_aid0010,_250m_16_days_NDVI,aid0010,2018-11-17,2816910.0,-0.2,0.9643,"(-0.2,0.9643)",0.4944754,0.1414084,0.0199963,0.5965,0.8945,0.4956,0.0998,0.3978
MOD13Q1_061__250m_16_days_NDVI_doy2018337000000_aid0010,_250m_16_days_NDVI,aid0010,2018-12-03,2816617.0,-0.2,0.9344,"(-0.2,0.9344)",0.4640891,0.1358229,0.0184479,0.5537,0.8364,0.4511,0.0825,0.3652
MOD13Q1_061__250m_16_days_NDVI_doy2018353000000_aid0010,_250m_16_days_NDVI,aid0010,2018-12-19,2816612.0,-0.2,0.9783,"(-0.2,0.9783)",0.4909283,0.1617522,0.0261638,0.6055,0.9643,0.4734,0.0058,0.3656
MOD13Q1_061__250m_16_days_NDVI_doy2019001000000_aid0010,_250m_16_days_NDVI,aid0010,2019-01-01,2816894.0,-0.2,0.9663,"(-0.2,0.9663)",0.5371162,0.1720097,0.0295873,0.6698,0.9663,0.5337,-0.0054,0.3997
MOD13Q1_061__250m_16_days_NDVI_doy2019017000000_aid0010,_250m_16_days_NDVI,aid0010,2019-01-17,2816016.0,-0.2,0.998,"(-0.2,0.998)",0.5835593,0.1891374,0.035773,0.7355,0.998,0.598,-0.0472,0.4224
MOD13Q1_061__250m_16_days_NDVI_doy2019033000000_aid0010,_250m_16_days_NDVI,aid0010,2019-02-02,2817029.0,-0.2,0.9901,"(-0.2,0.9901)",0.5743178,0.1929856,0.0372434,0.7255,0.9901,0.5801,-0.057,0.4125
MOD13Q1_061__250m_16_days_NDVI_doy2019049000000_aid0010,_250m_16_days_NDVI,aid0010,2019-02-18,2817567.0,-0.2,0.9924,"(-0.2,0.9924)",0.5480059,0.1999014,0.0399606,0.7024,0.9924,0.5363,-0.1051,0.3794
MOD13Q1_061__250m_16_days_NDVI_doy2019065000000_aid0010,_250m_16_days_NDVI,aid0010,2019-03-06,2816685.0,-0.2,0.9996,"(-0.2,0.9996)",0.5505249,0.1896293,0.0359593,0.6964,0.9996,0.5422,-0.0616,0.3932
MOD13Q1_061__250m_16_days_NDVI_doy2019081000000_aid0010,_250m_16_days_NDVI,aid0010,2019-03-22,2815833.0,-0.2,0.9418,"(-0.2,0.9418)",0.5276726,0.162053,0.0262612,0.643,0.9418,0.517,0.0438,0.4033
MOD13Q1_061__250m_16_days_NDVI_doy2019097000000_aid0010,_250m_16_days_NDVI,aid0010,2019-04-07,2816057.0,-0.2,0.9161,"(-0.2,0.9161)",0.4755666,0.1278664,0.0163498,0.5631,0.8316,0.4689,0.1156,0.3841
MOD13Q1_061__250m_16_days_NDVI_doy2019113000000_aid0010,_250m_16_days_NDVI,aid0010,2019-04-23,2818758.0,-0.2,0.9564,"(-0.2,0.9564)",0.4414373,0.1188393,0.0141228,0.523,0.7744,0.4329,0.104,0.3554
MOD13Q1_061__250m_16_days_NDVI_doy2019129000000_aid0010,_250m_16_days_NDVI,aid0010,2019-05-09,2814305.0,-0.2,0.9282,"(-0.2,0.9282)",0.4534249,0.1240996,0.0154007,0.5395,0.8078,0.4512,0.0923,0.3606
MOD13Q1_061__250m_16_days_NDVI_doy2019145000000_aid0010,_250m_16_days_NDVI,aid0010,2019-05-25,2815251.0,-0.2,0.9267,"(-0.2,0.9267)",0.4380399,0.1239136,0.0153546,0.5215,0.7921,0.44,0.0706,0.3411
MOD13Q1_061__250m_16_days_NDVI_doy2019161000000_aid0010,_250m_16_days_NDVI,aid0010,2019-06-10,2817057.0,-0.2,0.9853,"(-0.2,0.9853)",0.4412408,0.1275077,0.0162582,0.5279,0.8091,0.4482,0.0592,0.3404
MOD13Q1_061__250m_16_days_NDVI_doy2019177000000_aid0010,_250m_16_days_NDVI,aid0010,2019-06-26,2813361.0,-0.2,0.9339,"(-0.2,0.9339)",0.4330496,0.1214967,0.0147615,0.515,0.7814,0.4357,0.071,0.3374
MOD13Q1_061__250m_16_days_NDVI_doy2019193000000_aid0010,_250m_16_days_NDVI,aid0010,2019-07-12,2814929.0,-0.2,0.9095,"(-0.2,0.9095)",0.4055741,0.1134967,0.0128815,0.4847,0.738,0.4055,0.0625,0.3158
MOD13Q1_061__250m_16_days_NDVI_doy2019209000000_aid0010,_250m_16_days_NDVI,aid0010,2019-07-28,2814335.0,-0.2,0.9058,"(-0.2,0.9058)",0.3828716,0.1030295,0.0106151,0.4492,0.6647,0.3815,0.09,0.3055
MOD13Q1_061__250m_16_days_NDVI_doy2019225000000_aid0010,_250m_16_days_NDVI,aid0010,2019-08-13,2814086.0,-0.2,0.8811,"(-0.2,0.8811)",0.3717857,0.0948826,0.0090027,0.4306,0.6221,0.3682,0.1114,0.3029
MOD13Q1_061__250m_16_days_NDVI_doy2019241000000_aid0010,_250m_16_days_NDVI,aid0010,2019-08-29,2814503.0,-0.2,0.9264,"(-0.2,0.9264)",0.3756624,0.0964607,0.0093047,0.4286,0.6074,0.3714,0.1306,0.3094
MOD13Q1_061__250m_16_days_NDVI_doy2019257000000_aid0010,_250m_16_days_NDVI,aid0010,2019-09-14,2814357.0,-0.2,0.9447,"(-0.2,0.9447)",0.3619352,0.1025637,0.0105193,0.4072,0.5749,0.352,0.1277,0.2954
MOD13Q1_061__250m_16_days_NDVI_doy2019273000000_aid0010,_250m_16_days_NDVI,aid0010,2019-09-30,2816124.0,-0.2,0.933,"(-0.2,0.933)",0.3544371,0.0986806,0.0097379,0.3913,0.5366,0.3396,0.1491,0.2944
MOD13Q1_061__250m_16_days_NDVI_doy2019289000000_aid0010,_250m_16_days_NDVI,aid0010,2019-10-16,2815556.0,-0.2,0.9612,"(-0.2,0.9612)",0.3702273,0.1150861,0.0132448,0.4186,0.6023,0.3464,0.1124,0.2961
MOD13Q1_061__250m_16_days_NDVI_doy2019305000000_aid0010,_250m_16_days_NDVI,aid0010,2019-11-01,2817980.0,-0.2,0.9302,"(-0.2,0.9302)",0.38282,0.1098873,0.0120752,0.4464,0.6595,0.3649,0.0912,0.3043
MOD13Q1_061__250m_16_days_NDVI_doy2019321000000_aid0010,_250m_16_days_NDVI,aid0010,2019-11-17,2816904.0,-0.2,0.9039,"(-0.2,0.9039)",0.3853024,0.1201681,0.0144404,0.4588,0.7036,0.3638,0.0508,0.2956
MOD13Q1_061__250m_16_days_NDVI_doy2019337000000_aid0010,_250m_16_days_NDVI,aid0010,2019-12-03,2818106.0,-0.2,0.9141,"(-0.2,0.9141)",0.3938696,0.1288729,0.0166082,0.4722,0.7332,0.3718,0.0372,0.2982
MOD13Q1_061__250m_16_days_NDVI_doy2019353000000_aid0010,_250m_16_days_NDVI,aid0010,2019-12-19,2816549.0,-0.2,0.9692,"(-0.2,0.9692)",0.4328435,0.1497019,0.0224107,0.524,0.8283,0.405,0.0168,0.3211
MOD13Q1_061__250m_16_days_NDVI_doy2020001000000_aid0010,_250m_16_days_NDVI,aid0010,2020-01-01,2818416.0,-0.2,0.942,"(-0.2,0.942)",0.5138115,0.1796918,0.0322891,0.6522,0.942,0.4854,-0.0656,0.365
MOD13Q1_061__250m_16_days_NDVI_doy2020017000000_aid0010,_250m_16_days_NDVI,aid0010,2020-01-17,2818888.0,-0.2,0.9654,"(-0.2,0.9654)",0.5524874,0.1864231,0.0347536,0.6991,0.9654,0.5296,-0.0461,0.401
MOD13Q1_061__250m_16_days_NDVI_doy2020033000000_aid0010,_250m_16_days_NDVI,aid0010,2020-02-02,2819291.0,-0.2,0.9857,"(-0.2,0.9857)",0.5904368,0.1799321,0.0323756,0.7273,0.9857,0.578,0.0358,0.4507
MOD13Q1_061__250m_16_days_NDVI_doy2020049000000_aid0010,_250m_16_days_NDVI,aid0010,2020-02-18,2817237.0,-0.2,0.9655,"(-0.2,0.9655)",0.5641534,0.1752705,0.0307198,0.6817,0.9655,0.5472,0.0622,0.4339
MOD13Q1_061__250m_16_days_NDVI_doy2020065000000_aid0010,_250m_16_days_NDVI,aid0010,2020-03-05,2818968.0,-0.2,0.957,"(-0.2,0.957)",0.5479215,0.1598156,0.025541,0.6565,0.957,0.5369,0.0891,0.4295
MOD13Q1_061__250m_16_days_NDVI_doy2020081000000_aid0010,_250m_16_days_NDVI,aid0010,2020-03-21,2816086.0,-0.2,0.9406,"(-0.2,0.9406)",0.5410314,0.1458585,0.0212747,0.6437,0.9406,0.5373,0.1262,0.4367
MOD13Q1_061__250m_16_days_NDVI_doy2020097000000_aid0010,_250m_16_days_NDVI,aid0010,2020-04-06,2816375.0,-0.2,0.948,"(-0.2,0.948)",0.4953585,0.1299728,0.0168929,0.5867,0.861,0.4917,0.1295,0.4038
MOD13Q1_061__250m_16_days_NDVI_doy2020113000000_aid0010,_250m_16_days_NDVI,aid0010,2020-04-22,2813001.0,-0.2,0.9401,"(-0.2,0.9401)",0.4818378,0.134649,0.0181303,0.5771,0.8706,0.4803,0.0879,0.3814
MOD13Q1_061__250m_16_days_NDVI_doy2020129000000_aid0010,_250m_16_days_NDVI,aid0010,2020-05-08,2814533.0,-0.2,0.9764,"(-0.2,0.9764)",0.4426237,0.1333074,0.0177709,0.5344,0.8294,0.435,0.0427,0.3377
MOD13Q1_061__250m_16_days_NDVI_doy2020145000000_aid0010,_250m_16_days_NDVI,aid0010,2020-05-24,2813740.0,-0.2,0.9742,"(-0.2,0.9742)",0.4282951,0.1278584,0.0163478,0.5129,0.7919,0.4183,0.0479,0.3269
MOD13Q1_061__250m_16_days_NDVI_doy2020161000000_aid0010,_250m_16_days_NDVI,aid0010,2020-06-09,2814013.0,-0.2,0.9365,"(-0.2,0.9365)",0.4109096,0.1231815,0.0151737,0.4873,0.7457,0.3953,0.0566,0.315
MOD13Q1_061__250m_16_days_NDVI_doy2020177000000_aid0010,_250m_16_days_NDVI,aid0010,2020-06-25,2814234.0,-0.2,0.92,"(-0.2,0.92)",0.417092,0.114622,0.0131382,0.488,0.7239,0.405,0.0948,0.3307
MOD13Q1_061__250m_16_days_NDVI_doy2020193000000_aid0010,_250m_16_days_NDVI,aid0010,2020-07-11,2815214.0,-0.2,0.9827,"(-0.2,0.9827)",0.372495,0.1068102,0.0114084,0.4336,0.6415,0.359,0.0871,0.295
MOD13Q1_061__250m_16_days_NDVI_doy2020209000000_aid0010,_250m_16_days_NDVI,aid0010,2020-07-27,2814371.0,-0.2,0.9178,"(-0.2,0.9178)",0.3774431,0.1111101,0.0123455,0.4388,0.6509,0.3631,0.0853,0.2974
MOD13Q1_061__250m_16_days_NDVI_doy2020225000000_aid0010,_250m_16_days_NDVI,aid0010,2020-08-12,2814104.0,-0.2,0.902,"(-0.2,0.902)",0.3654692,0.1062635,0.0112919,0.4246,0.6281,0.3514,0.0854,0.2889
MOD13Q1_061__250m_16_days_NDVI_doy2020241000000_aid0010,_250m_16_days_NDVI,aid0010,2020-08-28,2815068.0,-0.2,0.9032,"(-0.2,0.9032)",0.3783438,0.1124449,0.0126439,0.4385,0.6479,0.3587,0.0895,0.2989
MOD13Q1_061__250m_16_days_NDVI_doy2020257000000_aid0010,_250m_16_days_NDVI,aid0010,2020-09-13,2815878.0,-0.2,0.925,"(-0.2,0.925)",0.3756101,0.1181623,0.0139623,0.4375,0.6593,0.3579,0.0678,0.2896
MOD13Q1_061__250m_16_days_NDVI_doy2020273000000_aid0010,_250m_16_days_NDVI,aid0010,2020-09-29,2815381.0,-0.2,0.9369,"(-0.2,0.9369)",0.4031381,0.1397798,0.0195384,0.4759,0.7364,0.3784,0.0417,0.3022
MOD13Q1_061__250m_16_days_NDVI_doy2020289000000_aid0010,_250m_16_days_NDVI,aid0010,2020-10-15,2815993.0,-0.2,0.9752,"(-0.2,0.9752)",0.4284049,0.1475011,0.0217566,0.5125,0.8008,0.4072,0.032,0.3203
MOD13Q1_061__250m_16_days_NDVI_doy2020305000000_aid0010,_250m_16_days_NDVI,aid0010,2020-10-31,2817526.0,-0.2,0.9868,"(-0.2,0.9868)",0.4327746,0.1334097,0.0177981,0.5196,0.7984,0.4266,0.0549,0.3337
MOD13Q1_061__250m_16_days_NDVI_doy2020321000000_aid0010,_250m_16_days_NDVI,aid0010,2020-11-16,2815771.0,-0.2,0.9752,"(-0.2,0.9752)",0.4375681,0.1238217,0.0153318,0.5255,0.7925,0.4318,0.0805,0.3475
MOD13Q1_061__250m_16_days_NDVI_doy2020337000000_aid0010,_250m_16_days_NDVI,aid0010,2020-12-02,2816736.0,-0.2,0.9061,"(-0.2,0.9061)",0.3878053,0.1210087,0.0146431,0.4631,0.7107,0.3691,0.0504,0.298
MOD13Q1_061__250m_16_days_NDVI_doy2020353000000_aid0010,_250m_16_days_NDVI,aid0010,2020-12-18,2816546.0,-0.2,0.9386,"(-0.2,0.9386)",0.4047323,0.1350439,0.0182369,0.4859,0.7575,0.3811,0.0332,0.3048
MOD13Q1_061__250m_16_days_NDVI_doy2021001000000_aid0010,_250m_16_days_NDVI,aid0010,2021-01-01,2816407.0,-0.2,0.9415,"(-0.2,0.9415)",0.4799692,0.1481346,0.0219439,0.5824,0.9055,0.4654,0.0439,0.367
MOD13Q1_061__250m_16_days_NDVI_doy2021017000000_aid0010,_250m_16_days_NDVI,aid0010,2021-01-17,2817544.0,-0.2,0.987,"(-0.2,0.987)",0.5157828,0.1677633,0.0281445,0.6323,0.987,0.5013,0.0103,0.3835
MOD13Q1_061__250m_16_days_NDVI_doy2021033000000_aid0010,_250m_16_days_NDVI,aid0010,2021-02-02,2816685.0,-0.2,0.9982,"(-0.2,0.9982)",0.5384058,0.1877788,0.0352609,0.6726,0.9982,0.5248,-0.0519,0.3828
MOD13Q1_061__250m_16_days_NDVI_doy2021049000000_aid0010,_250m_16_days_NDVI,aid0010,2021-02-18,2816291.0,-0.2,0.998,"(-0.2,0.998)",0.5200232,0.1829305,0.0334636,0.6438,0.998,0.5002,-0.0359,0.3719
MOD13Q1_061__250m_16_days_NDVI_doy2021065000000_aid0010,_250m_16_days_NDVI,aid0010,2021-03-06,2816999.0,-0.2,0.9984,"(-0.2,0.9984)",0.508048,0.169714,0.0288028,0.622,0.9793,0.4905,0.0103,0.3773
MOD13Q1_061__250m_16_days_NDVI_doy2021081000000_aid0010,_250m_16_days_NDVI,aid0010,2021-03-22,2815440.0,-0.2,0.9774,"(-0.2,0.9774)",0.5177544,0.1582659,0.0250481,0.6312,0.9774,0.5142,0.0435,0.3961
MOD13Q1_061__250m_16_days_NDVI_doy2021097000000_aid0010,_250m_16_days_NDVI,aid0010,2021-04-07,2815925.0,-0.2,0.9943,"(-0.2,0.9943)",0.5176564,0.1377301,0.0189696,0.6152,0.9062,0.5193,0.13,0.4211
MOD13Q1_061__250m_16_days_NDVI_doy2021113000000_aid0010,_250m_16_days_NDVI,aid0010,2021-04-23,2813950.0,-0.2,0.9209,"(-0.2,0.9209)",0.5091628,0.1358698,0.0184606,0.6044,0.8868,0.5096,0.1337,0.4161
MOD13Q1_061__250m_16_days_NDVI_doy2021129000000_aid0010,_250m_16_days_NDVI,aid0010,2021-05-09,2814512.0,-0.2,0.9399,"(-0.2,0.9399)",0.4588556,0.1373543,0.0188662,0.555,0.8652,0.4618,0.038,0.3482
MOD13Q1_061__250m_16_days_NDVI_doy2021145000000_aid0010,_250m_16_days_NDVI,aid0010,2021-05-25,2813448.0,-0.2,0.9399,"(-0.2,0.9399)",0.4406826,0.1392163,0.0193812,0.5341,0.8485,0.4438,0.0101,0.3245
MOD13Q1_061__250m_16_days_NDVI_doy2021161000000_aid0010,_250m_16_days_NDVI,aid0010,2021-06-10,2815077.0,-0.2,0.9408,"(-0.2,0.9408)",0.4344192,0.1374723,0.0188986,0.524,0.8292,0.4369,0.0153,0.3205
MOD13Q1_061__250m_16_days_NDVI_doy2021177000000_aid0010,_250m_16_days_NDVI,aid0010,2021-06-26,2813671.0,-0.2,0.9351,"(-0.2,0.9351)",0.4330991,0.1307291,0.0170901,0.5176,0.8051,0.4332,0.0384,0.3259
MOD13Q1_061__250m_16_days_NDVI_doy2021193000000_aid0010,_250m_16_days_NDVI,aid0010,2021-07-12,2815006.0,-0.2,0.9183,"(-0.2,0.9183)",0.3946253,0.1148351,0.0131871,0.4633,0.6968,0.3865,0.0741,0.3076
MOD13Q1_061__250m_16_days_NDVI_doy2021209000000_aid0010,_250m_16_days_NDVI,aid0010,2021-07-28,2813632.0,-0.2,0.9248,"(-0.2,0.9248)",0.3815367,0.1059067,0.0112162,0.4416,0.6454,0.3717,0.1019,0.3057
MOD13Q1_061__250m_16_days_NDVI_doy2021225000000_aid0010,_250m_16_days_NDVI,aid0010,2021-08-13,2814872.0,-0.2,0.9066,"(-0.2,0.9066)",0.3795952,0.1021628,0.0104372,0.4344,0.6226,0.37,0.1207,0.3089
MOD13Q1_061__250m_16_days_NDVI_doy2021241000000_aid0010,_250m_16_days_NDVI,aid0010,2021-08-29,2818691.0,-0.1994,0.9989,"(-0.1994,0.9989)",0.4132279,0.1210197,0.0146458,0.4797,0.7041,0.4038,0.1057,0.3301
MOD13Q1_061__250m_16_days_NDVI_doy2021257000000_aid0010,_250m_16_days_NDVI,aid0010,2021-09-14,2814948.0,-0.2,0.975,"(-0.2,0.975)",0.4639602,0.1466069,0.0214936,0.5418,0.8002,0.4445,0.1111,0.3695
MOD13Q1_061__250m_16_days_NDVI_doy2021273000000_aid0010,_250m_16_days_NDVI,aid0010,2021-09-30,2816114.0,-0.2,0.9705,"(-0.2,0.9705)",0.4553697,0.1509477,0.0227852,0.5366,0.8082,0.431,0.0839,0.3555
MOD13Q1_061__250m_16_days_NDVI_doy2021289000000_aid0010,_250m_16_days_NDVI,aid0010,2021-10-16,2816296.0,-0.2,0.9443,"(-0.2,0.9443)",0.4474869,0.1475063,0.0217581,0.5257,0.7963,0.4298,0.0747,0.3453
MOD13Q1_061__250m_16_days_NDVI_doy2021305000000_aid0010,_250m_16_days_NDVI,aid0010,2021-11-01,2815772.0,-0.2,0.9353,"(-0.2,0.9353)",0.4678238,0.1453793,0.0211351,0.5683,0.8759,0.4662,0.0556,0.3632
MOD13Q1_061__250m_16_days_NDVI_doy2021321000000_aid0010,_250m_16_days_NDVI,aid0010,2021-11-17,2815411.0,-0.2,0.9228,"(-0.2,0.9228)",0.4678168,0.1363061,0.0185794,0.5607,0.8418,0.4665,0.0922,0.3733
MOD13Q1_061__250m_16_days_NDVI_doy2021337000000_aid0010,_250m_16_days_NDVI,aid0010,2021-12-03,2815646.0,-0.2,0.983,"(-0.2,0.983)",0.5206542,0.1534416,0.0235443,0.631,0.9602,0.521,0.0808,0.4109
MOD13Q1_061__250m_16_days_NDVI_doy2021353000000_aid0010,_250m_16_days_NDVI,aid0010,2021-12-19,2816598.0,-0.2,0.9446,"(-0.2,0.9446)",0.542133,0.150374,0.0226123,0.6485,0.9446,0.5387,0.121,0.4375
MOD13Q1_061__250m_16_days_NDVI_doy2022001000000_aid0010,_250m_16_days_NDVI,aid0010,2022-01-01,2817762.0,-0.2,0.942,"(-0.2,0.942)",0.5277593,0.1475352,0.0217666,0.6328,0.942,0.5192,0.0924,0.4166
MOD13Q1_061__250m_16_days_NDVI_doy2022017000000_aid0010,_250m_16_days_NDVI,aid0010,2022-01-17,2816027.0,-0.2,0.9826,"(-0.2,0.9826)",0.5769588,0.1632918,0.0266642,0.6963,0.9826,0.564,0.0933,0.4551
MOD13Q1_061__250m_16_days_NDVI_doy2022033000000_aid0010,_250m_16_days_NDVI,aid0010,2022-02-02,2815491.0,-0.2,0.9988,"(-0.2,0.9988)",0.6028123,0.1727958,0.0298584,0.7328,0.9988,0.5926,0.0781,0.4709
MOD13Q1_061__250m_16_days_NDVI_doy2022049000000_aid0010,_250m_16_days_NDVI,aid0010,2022-02-18,2816870.0,-0.2,0.9805,"(-0.2,0.9805)",0.620031,0.1655091,0.0273932,0.7452,0.9805,0.612,0.1362,0.5016
MOD13Q1_061__250m_16_days_NDVI_doy2022065000000_aid0010,_250m_16_days_NDVI,aid0010,2022-03-06,2815314.0,-0.2,0.9703,"(-0.2,0.9703)",0.6132862,0.162074,0.026268,0.7313,0.9703,0.6006,0.1527,0.4998
MOD13Q1_061__250m_16_days_NDVI_doy2022081000000_aid0010,_250m_16_days_NDVI,aid0010,2022-03-22,2816631.0,-0.199,0.9531,"(-0.199,0.9531)",0.5593061,0.143698,0.0206491,0.6596,0.9523,0.5516,0.1709,0.4641
MOD13Q1_061__250m_16_days_NDVI_doy2022097000000_aid0010,_250m_16_days_NDVI,aid0010,2022-04-07,2814928.0,-0.2,0.931,"(-0.2,0.931)",0.4762798,0.1188314,0.0141209,0.5539,0.7919,0.4736,0.1572,0.3952
MOD13Q1_061__250m_16_days_NDVI_doy2022113000000_aid0010,_250m_16_days_NDVI,aid0010,2022-04-23,2815508.0,-0.2,0.9254,"(-0.2,0.9254)",0.434197,0.1203651,0.0144877,0.5117,0.7614,0.4283,0.0955,0.3452
MOD13Q1_061__250m_16_days_NDVI_doy2022129000000_aid0010,_250m_16_days_NDVI,aid0010,2022-05-09,2815044.0,-0.2,0.9865,"(-0.2,0.9865)",0.4100057,0.1163464,0.0135365,0.4849,0.7304,0.4002,0.0757,0.3212
MOD13Q1_061__250m_16_days_NDVI_doy2022145000000_aid0010,_250m_16_days_NDVI,aid0010,2022-05-25,2813411.0,-0.2,0.9105,"(-0.2,0.9105)",0.374805,0.1048782,0.0109994,0.4394,0.6575,0.3633,0.0759,0.294
MOD13Q1_061__250m_16_days_NDVI_doy2022161000000_aid0010,_250m_16_days_NDVI,aid0010,2022-06-10,2814676.0,-0.2,0.9528,"(-0.2,0.9528)",0.3476185,0.096595,0.0093306,0.406,0.602,0.3337,0.0793,0.2753
MOD13Q1_061__250m_16_days_NDVI_doy2022177000000_aid0010,_250m_16_days_NDVI,aid0010,2022-06-26,2815186.0,-0.2,0.907,"(-0.2,0.907)",0.3474842,0.0893513,0.0079837,0.3985,0.5711,0.3357,0.1108,0.2834
MOD13Q1_061__250m_16_days_NDVI_doy2022193000000_aid0010,_250m_16_days_NDVI,aid0010,2022-07-12,2816171.0,-0.2,0.8577,"(-0.2,0.8577)",0.3258048,0.0819624,0.0067178,0.37,0.5212,0.3135,0.118,0.2692
MOD13Q1_061__250m_16_days_NDVI_doy2022209000000_aid0010,_250m_16_days_NDVI,aid0010,2022-07-28,2813315.0,-0.2,0.8794,"(-0.2,0.8794)",0.3399385,0.0967207,0.0093549,0.3915,0.5712,0.3285,0.092,0.2717
MOD13Q1_061__250m_16_days_NDVI_doy2022225000000_aid0010,_250m_16_days_NDVI,aid0010,2022-08-13,2815558.0,-0.2,0.9097,"(-0.2,0.9097)",0.3443064,0.1041975,0.0108571,0.3956,0.5799,0.3292,0.0884,0.2727
MOD13Q1_061__250m_16_days_NDVI_doy2022241000000_aid0010,_250m_16_days_NDVI,aid0010,2022-08-29,2815767.0,-0.2,0.8875,"(-0.2,0.8875)",0.3387592,0.1028068,0.0105692,0.3856,0.5618,0.3244,0.0919,0.2681
MOD13Q1_061__250m_16_days_NDVI_doy2022257000000_aid0010,_250m_16_days_NDVI,aid0010,2022-09-14,2816305.0,-0.2,0.9118,"(-0.2,0.9118)",0.3586167,0.1154542,0.0133297,0.4063,0.5962,0.3378,0.0898,0.2797
MOD13Q1_061__250m_16_days_NDVI_doy2022273000000_aid0010,_250m_16_days_NDVI,aid0010,2022-09-30,2816805.0,-0.2,0.9252,"(-0.2,0.9252)",0.36936,0.1248325,0.0155832,0.4252,0.6377,0.3461,0.071,0.2835
MOD13Q1_061__250m_16_days_NDVI_doy2022289000000_aid0010,_250m_16_days_NDVI,aid0010,2022-10-16,2816884.0,-0.2,0.9293,"(-0.2,0.9293)",0.3708857,0.1225532,0.0150193,0.4292,0.6438,0.353,0.0715,0.2861
MOD13Q1_061__250m_16_days_NDVI_doy2022305000000_aid0010,_250m_16_days_NDVI,aid0010,2022-11-01,2816706.0,-0.2,0.8966,"(-0.2,0.8966)",0.4080714,0.1205201,0.0145251,0.4812,0.7192,0.4019,0.0845,0.3225
MOD13Q1_061__250m_16_days_NDVI_doy2022321000000_aid0010,_250m_16_days_NDVI,aid0010,2022-11-17,2816317.0,-0.2,0.9127,"(-0.2,0.9127)",0.4477058,0.1264304,0.0159847,0.5326,0.7933,0.4425,0.0981,0.3588
MOD13Q1_061__250m_16_days_NDVI_doy2022337000000_aid0010,_250m_16_days_NDVI,aid0010,2022-12-03,2817008.0,-0.2,0.9692,"(-0.2,0.9692)",0.4322969,0.13265,0.017596,0.5182,0.7955,0.4155,0.056,0.3333
MOD13Q1_061__250m_16_days_NDVI_doy2022353000000_aid0010,_250m_16_days_NDVI,aid0010,2022-12-19,2817378.0,-0.2,0.9316,"(-0.2,0.9316)",0.4247775,0.1376015,0.0189342,0.5106,0.7936,0.4018,0.0389,0.3219
MOD13Q1_061__250m_16_days_NDVI_doy2023001000000_aid0010,_250m_16_days_NDVI,aid0010,2023-01-01,2817729.0,-0.2,0.9414,"(-0.2,0.9414)",0.4655391,0.1627393,0.0264841,0.5762,0.935,0.4396,-0.0218,0.337
MOD13Q1_061__250m_16_days_NDVI_doy2023017000000_aid0010,_250m_16_days_NDVI,aid0010,2023-01-17,2818653.0,-0.2,0.9757,"(-0.2,0.9757)",0.5531678,0.182007,0.0331266,0.6953,0.9757,0.5433,-0.0307,0.4049
MOD13Q1_061__250m_16_days_NDVI_doy2023033000000_aid0010,_250m_16_days_NDVI,aid0010,2023-02-02,2818161.0,-0.2,0.961,"(-0.2,0.961)",0.598803,0.1815135,0.0329472,0.7363,0.961,0.5976,0.0383,0.4571
MOD13Q1_061__250m_16_days_NDVI_doy2023049000000_aid0010,_250m_16_days_NDVI,aid0010,2023-02-18,2818968.0,-0.2,0.975,"(-0.2,0.975)",0.5196928,0.1638646,0.0268516,0.6339,0.975,0.505,0.0379,0.3955
MOD13Q1_061__250m_16_days_NDVI_doy2023065000000_aid0010,_250m_16_days_NDVI,aid0010,2023-03-06,2816773.0,-0.2,0.9329,"(-0.2,0.9329)",0.5230758,0.1390474,0.0193342,0.6209,0.9128,0.5133,0.1344,0.4263
MOD13Q1_061__250m_16_days_NDVI_doy2023081000000_aid0010,_250m_16_days_NDVI,aid0010,2023-03-22,2816823.0,-0.2,0.9263,"(-0.2,0.9263)",0.5494652,0.130872,0.0171275,0.6427,0.909,0.5548,0.1987,0.4651
MOD13Q1_061__250m_16_days_NDVI_doy2023097000000_aid0010,_250m_16_days_NDVI,aid0010,2023-04-07,2817473.0,-0.2,0.913,"(-0.2,0.913)",0.5236943,0.1290124,0.0166442,0.6192,0.8941,0.5304,0.16,0.4355
MOD13Q1_061__250m_16_days_NDVI_doy2023113000000_aid0010,_250m_16_days_NDVI,aid0010,2023-04-23,2816647.0,-0.2,0.9091,"(-0.2,0.9091)",0.4553191,0.1287305,0.0165715,0.553,0.8545,0.4493,0.0505,0.352
MOD13Q1_061__250m_16_days_NDVI_doy2023129000000_aid0010,_250m_16_days_NDVI,aid0010,2023-05-09,2816280.0,-0.2,0.9681,"(-0.2,0.9681)",0.4354074,0.1277198,0.0163123,0.528,0.8224,0.4183,0.0375,0.3317
MOD13Q1_061__250m_16_days_NDVI_doy2023145000000_aid0010,_250m_16_days_NDVI,aid0010,2023-05-25,2816845.0,-0.2,0.9668,"(-0.2,0.9668)",0.4182561,0.1357221,0.0184205,0.5164,0.8345,0.4039,-0.0137,0.3043
MOD13Q1_061__250m_16_days_NDVI_doy2023161000000_aid0010,_250m_16_days_NDVI,aid0010,2023-06-10,2817256.0,-0.2,0.9898,"(-0.2,0.9898)",0.3735136,0.1183135,0.0139981,0.4524,0.7144,0.3534,0.0157,0.2777
MOD13Q1_061__250m_16_days_NDVI_doy2023177000000_aid0010,_250m_16_days_NDVI,aid0010,2023-06-26,2816302.0,-0.2,0.9973,"(-0.2,0.9973)",0.3840587,0.1167074,0.0136206,0.4516,0.6866,0.3663,0.0599,0.2949
MOD13Q1_061__250m_16_days_NDVI_doy2023193000000_aid0010,_250m_16_days_NDVI,aid0010,2023-07-12,2816160.0,-0.2,0.9496,"(-0.2,0.9496)",0.385729,0.1125697,0.0126719,0.4519,0.6832,0.3714,0.0664,0.2977
MOD13Q1_061__250m_16_days_NDVI_doy2023209000000_aid0010,_250m_16_days_NDVI,aid0010,2023-07-28,2816934.0,-0.2,0.9043,"(-0.2,0.9043)",0.3697625,0.1094528,0.0119799,0.433,0.652,0.3545,0.068,0.287
MOD13Q1_061__250m_16_days_NDVI_doy2023225000000_aid0010,_250m_16_days_NDVI,aid0010,2023-08-13,2816440.0,-0.2,0.9149,"(-0.2,0.9149)",0.3778841,0.1110414,0.0123302,0.4406,0.6563,0.3629,0.0811,0.2968
MOD13Q1_061__250m_16_days_NDVI_doy2023241000000_aid0010,_250m_16_days_NDVI,aid0010,2023-08-29,2817849.0,-0.2,0.9275,"(-0.2,0.9275)",0.3802961,0.1182781,0.0139897,0.4425,0.6628,0.3615,0.0753,0.2956
MOD13Q1_061__250m_16_days_NDVI_doy2023257000000_aid0010,_250m_16_days_NDVI,aid0010,2023-09-14,2817249.0,-0.2,0.9847,"(-0.2,0.9847)",0.3947846,0.1308971,0.0171341,0.4546,0.6823,0.3726,0.0751,0.3028
MOD13Q1_061__250m_16_days_NDVI_doy2023273000000_aid0010,_250m_16_days_NDVI,aid0010,2023-09-30,2817655.0,-0.2,0.9427,"(-0.2,0.9427)",0.3879233,0.1268295,0.0160857,0.442,0.652,0.3663,0.092,0.302
MOD13Q1_061__250m_16_days_NDVI_doy2023289000000_aid0010,_250m_16_days_NDVI,aid0010,2023-10-16,2817747.0,-0.2,0.9461,"(-0.2,0.9461)",0.3993305,0.1250319,0.015633,0.4652,0.6995,0.3849,0.0747,0.309
MOD13Q1_061__250m_16_days_NDVI_doy2023305000000_aid0010,_250m_16_days_NDVI,aid0010,2023-11-01,2817233.0,-0.2,0.9198,"(-0.2,0.9198)",0.4210398,0.1288377,0.0165992,0.504,0.7728,0.4112,0.056,0.3248
MOD13Q1_061__250m_16_days_NDVI_doy2023321000000_aid0010,_250m_16_days_NDVI,aid0010,2023-11-17,2817423.0,-0.2,0.9093,"(-0.2,0.9093)",0.4042719,0.1212748,0.0147076,0.4822,0.7403,0.3916,0.0521,0.3101
MOD13Q1_061__250m_16_days_NDVI_doy2023337000000_aid0010,_250m_16_days_NDVI,aid0010,2023-12-03,2817508.0,-0.2,0.9694,"(-0.2,0.9694)",0.445533,0.1436518,0.0206358,0.5442,0.8589,0.425,0.0198,0.3344
MOD13Q1_061__250m_16_days_NDVI_doy2023353000000_aid0010,_250m_16_days_NDVI,aid0010,2023-12-19,2817217.0,-0.2,0.9378,"(-0.2,0.9378)",0.5169142,0.1591743,0.0253365,0.6358,0.9378,0.5072,0.0413,0.398
MOD13Q1_061__250m_16_days_NDVI_doy2015353000000_aid0011,_250m_16_days_NDVI,aid0011,2015-12-19,2761700.0,-0.2,0.996,"(-0.2,0.996)",0.610826,0.1359574,0.0184844,0.7062,0.9716,0.6257,0.261,0.5281
MOD13Q1_061__250m_16_days_NDVI_doy2016001000000_aid0011,_250m_16_days_NDVI,aid0011,2016-01-01,2761052.0,-0.2,0.9917,"(-0.2,0.9917)",0.668056,0.1457123,0.0212321,0.7726,0.9917,0.6771,0.2871,0.5784
MOD13Q1_061__250m_16_days_NDVI_doy2016017000000_aid0011,_250m_16_days_NDVI,aid0011,2016-01-17,2761740.0,-0.2,0.9763,"(-0.2,0.9763)",0.6808929,0.1450622,0.021043,0.7915,0.9763,0.6794,0.277,0.5857
MOD13Q1_061__250m_16_days_NDVI_doy2016033000000_aid0011,_250m_16_days_NDVI,aid0011,2016-02-02,2759535.0,-0.2,0.9964,"(-0.2,0.9964)",0.7144938,0.1363818,0.0186,0.8211,0.9964,0.7092,0.3364,0.6272
MOD13Q1_061__250m_16_days_NDVI_doy2016049000000_aid0011,_250m_16_days_NDVI,aid0011,2016-02-18,2763451.0,-0.2,0.9926,"(-0.2,0.9926)",0.7273464,0.1332396,0.0177528,0.8223,0.9926,0.742,0.4103,0.6575
MOD13Q1_061__250m_16_days_NDVI_doy2016065000000_aid0011,_250m_16_days_NDVI,aid0011,2016-03-05,2760427.0,-0.2,0.9889,"(-0.2,0.9889)",0.6869537,0.1176233,0.0138352,0.7645,0.9639,0.6948,0.4148,0.6246
MOD13Q1_061__250m_16_days_NDVI_doy2016081000000_aid0011,_250m_16_days_NDVI,aid0011,2016-03-21,2761202.0,-0.2,0.9893,"(-0.2,0.9893)",0.5995666,0.1099443,0.0120878,0.6719,0.8735,0.6127,0.3359,0.5375
MOD13Q1_061__250m_16_days_NDVI_doy2016097000000_aid0011,_250m_16_days_NDVI,aid0011,2016-04-06,2761061.0,-0.2,0.9975,"(-0.2,0.9975)",0.5771161,0.133695,0.0178743,0.6771,0.9447,0.6008,0.1996,0.4861
MOD13Q1_061__250m_16_days_NDVI_doy2016113000000_aid0011,_250m_16_days_NDVI,aid0011,2016-04-22,2760301.0,-0.2,0.9982,"(-0.2,0.9982)",0.5349271,0.1352263,0.0182862,0.6363,0.936,0.5559,0.1352,0.4358
MOD13Q1_061__250m_16_days_NDVI_doy2016129000000_aid0011,_250m_16_days_NDVI,aid0011,2016-05-08,2759640.0,-0.2,0.9753,"(-0.2,0.9753)",0.4989512,0.1382007,0.0190994,0.6004,0.905,0.5152,0.0927,0.3973
MOD13Q1_061__250m_16_days_NDVI_doy2016145000000_aid0011,_250m_16_days_NDVI,aid0011,2016-05-24,2762739.0,-0.2,0.9868,"(-0.2,0.9868)",0.4993217,0.1347156,0.0181483,0.591,0.8607,0.5121,0.1415,0.4112
MOD13Q1_061__250m_16_days_NDVI_doy2016161000000_aid0011,_250m_16_days_NDVI,aid0011,2016-06-09,2756784.0,-0.2,0.952,"(-0.2,0.952)",0.4841561,0.1244551,0.0154891,0.5669,0.8133,0.4914,0.1562,0.4026
MOD13Q1_061__250m_16_days_NDVI_doy2016177000000_aid0011,_250m_16_days_NDVI,aid0011,2016-06-25,2759741.0,-0.2,0.941,"(-0.2,0.941)",0.4895003,0.1317455,0.0173569,0.5781,0.84,0.4977,0.1416,0.4035
MOD13Q1_061__250m_16_days_NDVI_doy2016193000000_aid0011,_250m_16_days_NDVI,aid0011,2016-07-11,2757826.0,-0.2,0.9878,"(-0.2,0.9878)",0.499205,0.1237104,0.0153043,0.5819,0.8262,0.5066,0.1747,0.419
MOD13Q1_061__250m_16_days_NDVI_doy2016209000000_aid0011,_250m_16_days_NDVI,aid0011,2016-07-27,2757045.0,-0.2,0.9231,"(-0.2,0.9231)",0.497893,0.1264074,0.0159788,0.5849,0.8412,0.5051,0.1577,0.414
MOD13Q1_061__250m_16_days_NDVI_doy2016225000000_aid0011,_250m_16_days_NDVI,aid0011,2016-08-12,2757277.0,-0.2,0.9429,"(-0.2,0.9429)",0.5182935,0.133195,0.0177409,0.6115,0.8839,0.5314,0.1575,0.4299
MOD13Q1_061__250m_16_days_NDVI_doy2016241000000_aid0011,_250m_16_days_NDVI,aid0011,2016-08-28,2758821.0,-0.2,0.954,"(-0.2,0.954)",0.5261126,0.1384962,0.0191812,0.6231,0.9078,0.5428,0.1486,0.4333
MOD13Q1_061__250m_16_days_NDVI_doy2016257000000_aid0011,_250m_16_days_NDVI,aid0011,2016-09-13,2759853.0,-0.2,0.9798,"(-0.2,0.9798)",0.5500683,0.1495878,0.0223765,0.6552,0.9588,0.5727,0.1475,0.4521
MOD13Q1_061__250m_16_days_NDVI_doy2016273000000_aid0011,_250m_16_days_NDVI,aid0011,2016-09-29,2759333.0,-0.2,0.9988,"(-0.2,0.9988)",0.5668227,0.1555754,0.0242037,0.6801,0.9988,0.5957,0.1329,0.4612
MOD13Q1_061__250m_16_days_NDVI_doy2016289000000_aid0011,_250m_16_days_NDVI,aid0011,2016-10-15,2759931.0,-0.2,0.9994,"(-0.2,0.9994)",0.5911829,0.1637704,0.0268207,0.7115,0.9994,0.6282,0.1313,0.4794
MOD13Q1_061__250m_16_days_NDVI_doy2016305000000_aid0011,_250m_16_days_NDVI,aid0011,2016-10-31,2760112.0,-0.2,0.9469,"(-0.2,0.9469)",0.6004723,0.1581427,0.0250091,0.7178,0.9469,0.6374,0.1666,0.4973
MOD13Q1_061__250m_16_days_NDVI_doy2016321000000_aid0011,_250m_16_days_NDVI,aid0011,2016-11-16,2760817.0,-0.2,0.9326,"(-0.2,0.9326)",0.5552098,0.1298488,0.0168607,0.649,0.91,0.5764,0.2135,0.4748
MOD13Q1_061__250m_16_days_NDVI_doy2016337000000_aid0011,_250m_16_days_NDVI,aid0011,2016-12-02,2760411.0,-0.2,0.9345,"(-0.2,0.9345)",0.501383,0.1195538,0.0142931,0.5844,0.832,0.5041,0.1717,0.4193
MOD13Q1_061__250m_16_days_NDVI_doy2016353000000_aid0011,_250m_16_days_NDVI,aid0011,2016-12-18,2759135.0,-0.2,0.9957,"(-0.2,0.9957)",0.5326056,0.141281,0.0199603,0.6284,0.917,0.5297,0.1474,0.436
MOD13Q1_061__250m_16_days_NDVI_doy2017001000000_aid0011,_250m_16_days_NDVI,aid0011,2017-01-01,2762363.0,-0.1997,0.9915,"(-0.1997,0.9915)",0.6151787,0.1558343,0.0242843,0.7368,0.9915,0.6286,0.1603,0.5062
MOD13Q1_061__250m_16_days_NDVI_doy2017017000000_aid0011,_250m_16_days_NDVI,aid0011,2017-01-17,2760616.0,-0.2,0.9984,"(-0.2,0.9984)",0.6312422,0.1638977,0.0268624,0.7596,0.9984,0.6465,0.1416,0.5124
MOD13Q1_061__250m_16_days_NDVI_doy2017033000000_aid0011,_250m_16_days_NDVI,aid0011,2017-02-02,2762124.0,-0.2,0.9989,"(-0.2,0.9989)",0.6695573,0.1504687,0.0226408,0.7808,0.9989,0.6833,0.2576,0.5715
MOD13Q1_061__250m_16_days_NDVI_doy2017049000000_aid0011,_250m_16_days_NDVI,aid0011,2017-02-18,2761305.0,-0.2,0.9993,"(-0.2,0.9993)",0.7248462,0.1249369,0.0156092,0.8071,0.9993,0.7323,0.4504,0.6644
MOD13Q1_061__250m_16_days_NDVI_doy2017065000000_aid0011,_250m_16_days_NDVI,aid0011,2017-03-06,2760932.0,-0.2,0.9975,"(-0.2,0.9975)",0.70755,0.1281328,0.016418,0.7902,0.9975,0.723,0.437,0.6489
MOD13Q1_061__250m_16_days_NDVI_doy2017081000000_aid0011,_250m_16_days_NDVI,aid0011,2017-03-22,2761284.0,-0.2,0.9906,"(-0.2,0.9906)",0.6444155,0.1257325,0.0158087,0.7272,0.9425,0.6678,0.3655,0.5825
MOD13Q1_061__250m_16_days_NDVI_doy2017097000000_aid0011,_250m_16_days_NDVI,aid0011,2017-04-07,2761600.0,-0.2,0.9752,"(-0.2,0.9752)",0.5749611,0.142182,0.0202157,0.6795,0.9294,0.6018,0.194,0.4853
MOD13Q1_061__250m_16_days_NDVI_doy2017113000000_aid0011,_250m_16_days_NDVI,aid0011,2017-04-23,2760019.0,-0.2,0.9098,"(-0.2,0.9098)",0.5262939,0.1444524,0.0208665,0.6362,0.9098,0.5491,0.0955,0.4199
MOD13Q1_061__250m_16_days_NDVI_doy2017129000000_aid0011,_250m_16_days_NDVI,aid0011,2017-05-09,2758841.0,-0.2,0.959,"(-0.2,0.959)",0.5460398,0.1480809,0.0219279,0.6562,0.959,0.5742,0.129,0.4453
MOD13Q1_061__250m_16_days_NDVI_doy2017145000000_aid0011,_250m_16_days_NDVI,aid0011,2017-05-25,2758606.0,-0.2,0.9649,"(-0.2,0.9649)",0.5293072,0.1428558,0.0204078,0.633,0.9289,0.5527,0.1375,0.4348
MOD13Q1_061__250m_16_days_NDVI_doy2017161000000_aid0011,_250m_16_days_NDVI,aid0011,2017-06-10,2759172.0,-0.2,0.9236,"(-0.2,0.9236)",0.4985425,0.1340494,0.0179692,0.5959,0.8775,0.5121,0.1262,0.408
MOD13Q1_061__250m_16_days_NDVI_doy2017177000000_aid0011,_250m_16_days_NDVI,aid0011,2017-06-26,2761552.0,-0.2,0.9177,"(-0.2,0.9177)",0.4902805,0.1372006,0.018824,0.588,0.8706,0.5004,0.1168,0.3995
MOD13Q1_061__250m_16_days_NDVI_doy2017193000000_aid0011,_250m_16_days_NDVI,aid0011,2017-07-12,2757631.0,-0.2,0.9297,"(-0.2,0.9297)",0.5111414,0.1356572,0.0184029,0.6077,0.8806,0.5246,0.1527,0.4257
MOD13Q1_061__250m_16_days_NDVI_doy2017209000000_aid0011,_250m_16_days_NDVI,aid0011,2017-07-28,2757811.0,-0.2,0.9945,"(-0.2,0.9945)",0.5250057,0.1335759,0.0178425,0.6202,0.8885,0.5419,0.1727,0.4412
MOD13Q1_061__250m_16_days_NDVI_doy2017225000000_aid0011,_250m_16_days_NDVI,aid0011,2017-08-13,2756088.0,-0.2,0.9529,"(-0.2,0.9529)",0.5240578,0.1493293,0.0222992,0.6272,0.9175,0.5442,0.1432,0.4336
MOD13Q1_061__250m_16_days_NDVI_doy2017241000000_aid0011,_250m_16_days_NDVI,aid0011,2017-08-29,2759302.0,-0.2,0.9603,"(-0.2,0.9603)",0.578128,0.1536781,0.0236169,0.6824,0.9603,0.6077,0.2117,0.4941
MOD13Q1_061__250m_16_days_NDVI_doy2017257000000_aid0011,_250m_16_days_NDVI,aid0011,2017-09-14,2760707.0,-0.2,0.9454,"(-0.2,0.9454)",0.5839206,0.1556264,0.0242196,0.69,0.9454,0.6176,0.2178,0.5011
MOD13Q1_061__250m_16_days_NDVI_doy2017273000000_aid0011,_250m_16_days_NDVI,aid0011,2017-09-30,2761283.0,-0.2,0.9406,"(-0.2,0.9406)",0.5929923,0.1565852,0.0245189,0.7026,0.9406,0.6289,0.2114,0.5061
MOD13Q1_061__250m_16_days_NDVI_doy2017289000000_aid0011,_250m_16_days_NDVI,aid0011,2017-10-16,2761202.0,-0.2,0.9824,"(-0.2,0.9824)",0.6012995,0.1591554,0.0253304,0.7174,0.9824,0.6418,0.1939,0.508
MOD13Q1_061__250m_16_days_NDVI_doy2017305000000_aid0011,_250m_16_days_NDVI,aid0011,2017-11-01,2759771.0,-0.2,0.9714,"(-0.2,0.9714)",0.6143135,0.1559326,0.024315,0.7311,0.9714,0.6592,0.2024,0.5196
MOD13Q1_061__250m_16_days_NDVI_doy2017321000000_aid0011,_250m_16_days_NDVI,aid0011,2017-11-17,2760239.0,-0.2,0.9892,"(-0.2,0.9892)",0.5547344,0.1455432,0.0211828,0.6677,0.9892,0.5768,0.13,0.4526
MOD13Q1_061__250m_16_days_NDVI_doy2017337000000_aid0011,_250m_16_days_NDVI,aid0011,2017-12-03,2761248.0,-0.2,0.9949,"(-0.2,0.9949)",0.5343293,0.1274696,0.0162485,0.6245,0.8795,0.5479,0.1995,0.4545
MOD13Q1_061__250m_16_days_NDVI_doy2017353000000_aid0011,_250m_16_days_NDVI,aid0011,2017-12-19,2761314.0,-0.2,0.9671,"(-0.2,0.9671)",0.5441406,0.1280148,0.0163878,0.6309,0.8811,0.5536,0.2139,0.4641
MOD13Q1_061__250m_16_days_NDVI_doy2018001000000_aid0011,_250m_16_days_NDVI,aid0011,2018-01-01,2761527.0,-0.2,0.9813,"(-0.2,0.9813)",0.5425081,0.134653,0.0181314,0.6296,0.8939,0.544,0.1891,0.4534
MOD13Q1_061__250m_16_days_NDVI_doy2018017000000_aid0011,_250m_16_days_NDVI,aid0011,2018-01-17,2762084.0,-0.2,0.9794,"(-0.2,0.9794)",0.5943774,0.1487056,0.0221133,0.6954,0.9794,0.5967,0.1994,0.497
MOD13Q1_061__250m_16_days_NDVI_doy2018033000000_aid0011,_250m_16_days_NDVI,aid0011,2018-02-02,2762938.0,-0.2,0.9484,"(-0.2,0.9484)",0.5967082,0.157152,0.0246968,0.7076,0.9484,0.5986,0.1624,0.4895
MOD13Q1_061__250m_16_days_NDVI_doy2018049000000_aid0011,_250m_16_days_NDVI,aid0011,2018-02-18,2761526.0,-0.2,0.9996,"(-0.2,0.9996)",0.5807441,0.1566142,0.024528,0.6877,0.9996,0.5744,0.1491,0.4722
MOD13Q1_061__250m_16_days_NDVI_doy2018065000000_aid0011,_250m_16_days_NDVI,aid0011,2018-03-06,2760986.0,-0.2,0.9493,"(-0.2,0.9493)",0.5613931,0.1500207,0.0225062,0.6608,0.9493,0.5542,0.1516,0.4571
MOD13Q1_061__250m_16_days_NDVI_doy2018081000000_aid0011,_250m_16_days_NDVI,aid0011,2018-03-22,2761108.0,-0.2,0.9932,"(-0.2,0.9932)",0.5371255,0.1228111,0.0150826,0.6183,0.8611,0.5395,0.2136,0.4564
MOD13Q1_061__250m_16_days_NDVI_doy2018097000000_aid0011,_250m_16_days_NDVI,aid0011,2018-04-07,2762084.0,-0.2,0.9853,"(-0.2,0.9853)",0.5584071,0.1176396,0.0138391,0.6405,0.8733,0.5716,0.2525,0.4853
MOD13Q1_061__250m_16_days_NDVI_doy2018113000000_aid0011,_250m_16_days_NDVI,aid0011,2018-04-23,2763637.0,-0.2,0.9992,"(-0.2,0.9992)",0.5575627,0.1540919,0.0237443,0.6731,0.9957,0.5782,0.1341,0.4575
MOD13Q1_061__250m_16_days_NDVI_doy2018129000000_aid0011,_250m_16_days_NDVI,aid0011,2018-05-09,2761731.0,-0.2,0.9899,"(-0.2,0.9899)",0.6373935,0.1510246,0.0228084,0.7562,0.9899,0.6696,0.2035,0.5351
MOD13Q1_061__250m_16_days_NDVI_doy2018145000000_aid0011,_250m_16_days_NDVI,aid0011,2018-05-25,2762005.0,-0.2,0.9395,"(-0.2,0.9395)",0.5863753,0.1517888,0.0230398,0.7041,0.9395,0.6151,0.1456,0.4807
MOD13Q1_061__250m_16_days_NDVI_doy2018161000000_aid0011,_250m_16_days_NDVI,aid0011,2018-06-10,2760979.0,-0.2,0.969,"(-0.2,0.969)",0.5649443,0.1492513,0.022276,0.6822,0.969,0.5863,0.1202,0.4574
MOD13Q1_061__250m_16_days_NDVI_doy2018177000000_aid0011,_250m_16_days_NDVI,aid0011,2018-06-26,2762275.0,-0.2,0.9316,"(-0.2,0.9316)",0.4840869,0.1378082,0.0189911,0.5902,0.9077,0.4892,0.0602,0.3782
MOD13Q1_061__250m_16_days_NDVI_doy2018193000000_aid0011,_250m_16_days_NDVI,aid0011,2018-07-12,2762700.0,-0.2,0.9314,"(-0.2,0.9314)",0.4928762,0.1356854,0.0184105,0.5975,0.9067,0.4984,0.077,0.3893
MOD13Q1_061__250m_16_days_NDVI_doy2018209000000_aid0011,_250m_16_days_NDVI,aid0011,2018-07-28,2761216.0,-0.2,0.9279,"(-0.2,0.9279)",0.5035989,0.1336747,0.0178689,0.6049,0.9008,0.5135,0.1117,0.4076
MOD13Q1_061__250m_16_days_NDVI_doy2018225000000_aid0011,_250m_16_days_NDVI,aid0011,2018-08-13,2758694.0,-0.2,0.9219,"(-0.2,0.9219)",0.5288497,0.1340916,0.0179806,0.6292,0.916,0.5458,0.1507,0.4378
MOD13Q1_061__250m_16_days_NDVI_doy2018241000000_aid0011,_250m_16_days_NDVI,aid0011,2018-08-29,2760678.0,-0.2,0.9286,"(-0.2,0.9286)",0.5315407,0.1327519,0.0176231,0.6289,0.9051,0.5514,0.1682,0.4446
MOD13Q1_061__250m_16_days_NDVI_doy2018257000000_aid0011,_250m_16_days_NDVI,aid0011,2018-09-14,2759469.0,-0.2,0.9777,"(-0.2,0.9777)",0.6132877,0.159598,0.0254715,0.7336,0.9777,0.6522,0.1826,0.5132
MOD13Q1_061__250m_16_days_NDVI_doy2018273000000_aid0011,_250m_16_days_NDVI,aid0011,2018-09-30,2760752.0,-0.2,0.9968,"(-0.2,0.9968)",0.6269832,0.1695743,0.0287554,0.7505,0.9968,0.673,0.1933,0.5276
MOD13Q1_061__250m_16_days_NDVI_doy2018289000000_aid0011,_250m_16_days_NDVI,aid0011,2018-10-16,2760758.0,-0.2,0.9965,"(-0.2,0.9965)",0.6216521,0.1624714,0.0263969,0.7444,0.9965,0.6651,0.1819,0.5194
MOD13Q1_061__250m_16_days_NDVI_doy2018305000000_aid0011,_250m_16_days_NDVI,aid0011,2018-11-01,2760347.0,-0.2,0.9846,"(-0.2,0.9846)",0.639023,0.1557299,0.0242518,0.7567,0.9846,0.6807,0.2332,0.5473
MOD13Q1_061__250m_16_days_NDVI_doy2018321000000_aid0011,_250m_16_days_NDVI,aid0011,2018-11-17,2759944.0,-0.2,0.9821,"(-0.2,0.9821)",0.623907,0.1467037,0.021522,0.7344,0.9821,0.6556,0.2427,0.5377
MOD13Q1_061__250m_16_days_NDVI_doy2018337000000_aid0011,_250m_16_days_NDVI,aid0011,2018-12-03,2761197.0,-0.2,0.9711,"(-0.2,0.9711)",0.5816029,0.1321213,0.017456,0.6786,0.9366,0.6023,0.2364,0.5017
MOD13Q1_061__250m_16_days_NDVI_doy2018353000000_aid0011,_250m_16_days_NDVI,aid0011,2018-12-19,2760913.0,-0.2,0.9989,"(-0.2,0.9989)",0.6103141,0.1420229,0.0201705,0.7093,0.986,0.6314,0.2461,0.524
MOD13Q1_061__250m_16_days_NDVI_doy2019001000000_aid0011,_250m_16_days_NDVI,aid0011,2019-01-01,2761808.0,-0.2,0.9927,"(-0.2,0.9927)",0.6677721,0.1393165,0.0194091,0.7614,0.9927,0.6857,0.3429,0.594
MOD13Q1_061__250m_16_days_NDVI_doy2019017000000_aid0011,_250m_16_days_NDVI,aid0011,2019-01-17,2761155.0,-0.2,0.9935,"(-0.2,0.9935)",0.6978027,0.1280988,0.0164093,0.7832,0.9935,0.7099,0.3992,0.6296
MOD13Q1_061__250m_16_days_NDVI_doy2019033000000_aid0011,_250m_16_days_NDVI,aid0011,2019-02-02,2760878.0,-0.2,0.9978,"(-0.2,0.9978)",0.7080875,0.1313234,0.0172458,0.7932,0.9978,0.7203,0.4162,0.6424
MOD13Q1_061__250m_16_days_NDVI_doy2019049000000_aid0011,_250m_16_days_NDVI,aid0011,2019-02-18,2760749.0,-0.2,0.9732,"(-0.2,0.9732)",0.6838538,0.1330556,0.0177038,0.7705,0.9732,0.6952,0.3845,0.6161
MOD13Q1_061__250m_16_days_NDVI_doy2019065000000_aid0011,_250m_16_days_NDVI,aid0011,2019-03-06,2762033.0,-0.2,0.9856,"(-0.2,0.9856)",0.6762523,0.127477,0.0162504,0.7571,0.9699,0.6952,0.4001,0.6143
MOD13Q1_061__250m_16_days_NDVI_doy2019081000000_aid0011,_250m_16_days_NDVI,aid0011,2019-03-22,2759543.0,-0.2,0.9928,"(-0.2,0.9928)",0.6438069,0.1185827,0.0140618,0.7203,0.9227,0.6604,0.3818,0.5849
MOD13Q1_061__250m_16_days_NDVI_doy2019097000000_aid0011,_250m_16_days_NDVI,aid0011,2019-04-07,2760394.0,-0.2,0.9737,"(-0.2,0.9737)",0.5949009,0.1221975,0.0149322,0.6781,0.8994,0.6194,0.3089,0.5304
MOD13Q1_061__250m_16_days_NDVI_doy2019113000000_aid0011,_250m_16_days_NDVI,aid0011,2019-04-23,2761461.0,-0.2,0.9789,"(-0.2,0.9789)",0.5412891,0.1225605,0.0150211,0.6277,0.8734,0.5607,0.2182,0.4639
MOD13Q1_061__250m_16_days_NDVI_doy2019129000000_aid0011,_250m_16_days_NDVI,aid0011,2019-05-09,2760123.0,-0.2,0.9306,"(-0.2,0.9306)",0.5294293,0.1267963,0.0160773,0.6142,0.8567,0.5465,0.21,0.4525
MOD13Q1_061__250m_16_days_NDVI_doy2019145000000_aid0011,_250m_16_days_NDVI,aid0011,2019-05-25,2760665.0,-0.2,0.9877,"(-0.2,0.9877)",0.5062852,0.1236464,0.0152884,0.5865,0.8187,0.5178,0.1995,0.4317
MOD13Q1_061__250m_16_days_NDVI_doy2019161000000_aid0011,_250m_16_days_NDVI,aid0011,2019-06-10,2761739.0,-0.2,0.9938,"(-0.2,0.9938)",0.5045846,0.1259479,0.0158629,0.5849,0.8181,0.5126,0.1962,0.4294
MOD13Q1_061__250m_16_days_NDVI_doy2019177000000_aid0011,_250m_16_days_NDVI,aid0011,2019-06-26,2760017.0,-0.2,0.965,"(-0.2,0.965)",0.478326,0.1192311,0.0142161,0.5551,0.7829,0.4804,0.1754,0.4032
MOD13Q1_061__250m_16_days_NDVI_doy2019193000000_aid0011,_250m_16_days_NDVI,aid0011,2019-07-12,2758759.0,-0.2,0.9247,"(-0.2,0.9247)",0.466569,0.1150894,0.0132456,0.5401,0.7592,0.4677,0.1749,0.394
MOD13Q1_061__250m_16_days_NDVI_doy2019209000000_aid0011,_250m_16_days_NDVI,aid0011,2019-07-28,2758560.0,-0.2,0.9419,"(-0.2,0.9419)",0.4567959,0.1169643,0.0136806,0.5317,0.7589,0.4559,0.153,0.3802
MOD13Q1_061__250m_16_days_NDVI_doy2019225000000_aid0011,_250m_16_days_NDVI,aid0011,2019-08-13,2758683.0,-0.2,0.9056,"(-0.2,0.9056)",0.4424903,0.1076876,0.0115966,0.5096,0.7136,0.4395,0.1696,0.3736
MOD13Q1_061__250m_16_days_NDVI_doy2019241000000_aid0011,_250m_16_days_NDVI,aid0011,2019-08-29,2760858.0,-0.1995,0.9861,"(-0.1995,0.9861)",0.4623074,0.1169978,0.0136885,0.5361,0.7582,0.4592,0.1659,0.388
MOD13Q1_061__250m_16_days_NDVI_doy2019257000000_aid0011,_250m_16_days_NDVI,aid0011,2019-09-14,2759546.0,-0.2,0.9538,"(-0.2,0.9538)",0.4770628,0.1280794,0.0164043,0.5579,0.8018,0.4755,0.1514,0.3953
MOD13Q1_061__250m_16_days_NDVI_doy2019273000000_aid0011,_250m_16_days_NDVI,aid0011,2019-09-30,2760676.0,-0.2,0.939,"(-0.2,0.939)",0.4945987,0.1316952,0.0173436,0.579,0.8338,0.4947,0.1543,0.4091
MOD13Q1_061__250m_16_days_NDVI_doy2019289000000_aid0011,_250m_16_days_NDVI,aid0011,2019-10-16,2761301.0,-0.2,0.9648,"(-0.2,0.9648)",0.5596296,0.1519167,0.0230787,0.6703,0.9648,0.5794,0.1468,0.4609
MOD13Q1_061__250m_16_days_NDVI_doy2019305000000_aid0011,_250m_16_days_NDVI,aid0011,2019-11-01,2762373.0,-0.2,0.9436,"(-0.2,0.9436)",0.5689848,0.1505156,0.022655,0.6884,0.9436,0.5871,0.1157,0.4593
MOD13Q1_061__250m_16_days_NDVI_doy2019321000000_aid0011,_250m_16_days_NDVI,aid0011,2019-11-17,2761800.0,-0.2,0.9614,"(-0.2,0.9614)",0.5429307,0.1354624,0.0183501,0.6478,0.9402,0.5516,0.1418,0.4454
MOD13Q1_061__250m_16_days_NDVI_doy2019337000000_aid0011,_250m_16_days_NDVI,aid0011,2019-12-03,2761731.0,-0.2,0.9441,"(-0.2,0.9441)",0.5080949,0.1293287,0.0167259,0.6041,0.8885,0.5098,0.1301,0.4145
MOD13Q1_061__250m_16_days_NDVI_doy2019353000000_aid0011,_250m_16_days_NDVI,aid0011,2019-12-19,2761355.0,-0.2,0.9877,"(-0.2,0.9877)",0.5523305,0.1487662,0.0221314,0.6554,0.9738,0.56,0.1199,0.4412
MOD13Q1_061__250m_16_days_NDVI_doy2020001000000_aid0011,_250m_16_days_NDVI,aid0011,2020-01-01,2763248.0,-0.2,0.9845,"(-0.2,0.9845)",0.6373726,0.143974,0.0207285,0.737,0.9845,0.6543,0.253,0.5434
MOD13Q1_061__250m_16_days_NDVI_doy2020017000000_aid0011,_250m_16_days_NDVI,aid0011,2020-01-17,2762767.0,-0.2,0.9589,"(-0.2,0.9589)",0.6691547,0.1429844,0.0204445,0.7727,0.9589,0.6798,0.2842,0.5773
MOD13Q1_061__250m_16_days_NDVI_doy2020033000000_aid0011,_250m_16_days_NDVI,aid0011,2020-02-02,2761633.0,-0.2,0.9939,"(-0.2,0.9939)",0.685389,0.1376445,0.018946,0.7874,0.9939,0.6872,0.3154,0.5986
MOD13Q1_061__250m_16_days_NDVI_doy2020049000000_aid0011,_250m_16_days_NDVI,aid0011,2020-02-18,2761472.0,-0.2,0.999,"(-0.2,0.999)",0.6900902,0.1345163,0.0180946,0.7818,0.999,0.6926,0.3476,0.6081
MOD13Q1_061__250m_16_days_NDVI_doy2020065000000_aid0011,_250m_16_days_NDVI,aid0011,2020-03-05,2763212.0,-0.2,0.9905,"(-0.2,0.9905)",0.6461678,0.1305997,0.0170563,0.7285,0.9611,0.6444,0.3358,0.5714
MOD13Q1_061__250m_16_days_NDVI_doy2020081000000_aid0011,_250m_16_days_NDVI,aid0011,2020-03-21,2761285.0,-0.2,0.9843,"(-0.2,0.9843)",0.6548231,0.1256084,0.0157775,0.7351,0.944,0.6753,0.3869,0.5958
MOD13Q1_061__250m_16_days_NDVI_doy2020097000000_aid0011,_250m_16_days_NDVI,aid0011,2020-04-06,2761412.0,-0.2,0.9176,"(-0.2,0.9176)",0.6130038,0.1345227,0.0180964,0.7082,0.9176,0.6418,0.2842,0.5386
MOD13Q1_061__250m_16_days_NDVI_doy2020113000000_aid0011,_250m_16_days_NDVI,aid0011,2020-04-22,2760823.0,-0.2,0.9659,"(-0.2,0.9659)",0.5682794,0.1463888,0.0214297,0.6785,0.9659,0.5995,0.1518,0.4678
MOD13Q1_061__250m_16_days_NDVI_doy2020129000000_aid0011,_250m_16_days_NDVI,aid0011,2020-05-08,2760889.0,-0.2,0.9271,"(-0.2,0.9271)",0.5258596,0.1429884,0.0204457,0.6345,0.9271,0.5507,0.1008,0.421
MOD13Q1_061__250m_16_days_NDVI_doy2020145000000_aid0011,_250m_16_days_NDVI,aid0011,2020-05-24,2760089.0,-0.2,0.9243,"(-0.2,0.9243)",0.5132461,0.1361301,0.0185314,0.6139,0.9117,0.5303,0.1172,0.4152
MOD13Q1_061__250m_16_days_NDVI_doy2020161000000_aid0011,_250m_16_days_NDVI,aid0011,2020-06-09,2758809.0,-0.2,0.9378,"(-0.2,0.9378)",0.5071695,0.1279504,0.0163713,0.5992,0.869,0.519,0.1495,0.4193
MOD13Q1_061__250m_16_days_NDVI_doy2020177000000_aid0011,_250m_16_days_NDVI,aid0011,2020-06-25,2758564.0,-0.2,0.9392,"(-0.2,0.9392)",0.4893623,0.1279438,0.0163696,0.5809,0.8521,0.4974,0.1289,0.4001
MOD13Q1_061__250m_16_days_NDVI_doy2020193000000_aid0011,_250m_16_days_NDVI,aid0011,2020-07-11,2760651.0,-0.2,0.9948,"(-0.2,0.9948)",0.4792659,0.1216081,0.0147885,0.5639,0.8124,0.4846,0.1497,0.3982
MOD13Q1_061__250m_16_days_NDVI_doy2020209000000_aid0011,_250m_16_days_NDVI,aid0011,2020-07-27,2760910.0,-0.2,0.9339,"(-0.2,0.9339)",0.4927382,0.1262534,0.0159399,0.5821,0.8437,0.5024,0.1461,0.4077
MOD13Q1_061__250m_16_days_NDVI_doy2020225000000_aid0011,_250m_16_days_NDVI,aid0011,2020-08-12,2761964.0,-0.2,0.9326,"(-0.2,0.9326)",0.4792795,0.1256468,0.0157871,0.568,0.8321,0.4873,0.1278,0.3919
MOD13Q1_061__250m_16_days_NDVI_doy2020241000000_aid0011,_250m_16_days_NDVI,aid0011,2020-08-28,2761799.0,-0.2,0.9349,"(-0.2,0.9349)",0.4958043,0.1255002,0.0157503,0.5796,0.8275,0.5049,0.1664,0.4143
MOD13Q1_061__250m_16_days_NDVI_doy2020257000000_aid0011,_250m_16_days_NDVI,aid0011,2020-09-13,2762133.0,-0.2,0.938,"(-0.2,0.938)",0.4923431,0.1339327,0.017938,0.5803,0.8468,0.5018,0.1361,0.4026
MOD13Q1_061__250m_16_days_NDVI_doy2020273000000_aid0011,_250m_16_days_NDVI,aid0011,2020-09-29,2761896.0,-0.2,0.9684,"(-0.2,0.9684)",0.5463806,0.1520178,0.0231094,0.645,0.9345,0.563,0.1625,0.452
MOD13Q1_061__250m_16_days_NDVI_doy2020289000000_aid0011,_250m_16_days_NDVI,aid0011,2020-10-15,2762414.0,-0.2,0.9986,"(-0.2,0.9986)",0.605292,0.1587457,0.0252002,0.7165,0.9986,0.6378,0.2008,0.5102
MOD13Q1_061__250m_16_days_NDVI_doy2020305000000_aid0011,_250m_16_days_NDVI,aid0011,2020-10-31,2760665.0,-0.2,0.9961,"(-0.2,0.9961)",0.5939554,0.1555187,0.0241861,0.7083,0.9961,0.6271,0.1666,0.4916
MOD13Q1_061__250m_16_days_NDVI_doy2020321000000_aid0011,_250m_16_days_NDVI,aid0011,2020-11-16,2760258.0,-0.2,0.9987,"(-0.2,0.9987)",0.5997343,0.1388906,0.0192906,0.7057,0.9812,0.6241,0.218,0.5106
MOD13Q1_061__250m_16_days_NDVI_doy2020337000000_aid0011,_250m_16_days_NDVI,aid0011,2020-12-02,2760167.0,-0.2,0.9853,"(-0.2,0.9853)",0.5229864,0.1288821,0.0166106,0.6185,0.9019,0.5291,0.146,0.4295
MOD13Q1_061__250m_16_days_NDVI_doy2020353000000_aid0011,_250m_16_days_NDVI,aid0011,2020-12-18,2759611.0,-0.2,0.9869,"(-0.2,0.9869)",0.4962516,0.1302802,0.0169729,0.578,0.834,0.4912,0.1513,0.4073
MOD13Q1_061__250m_16_days_NDVI_doy2021001000000_aid0011,_250m_16_days_NDVI,aid0011,2021-01-01,2760199.0,-0.2,0.9852,"(-0.2,0.9852)",0.5594987,0.1453551,0.0211281,0.6543,0.9384,0.5525,0.1771,0.4634
MOD13Q1_061__250m_16_days_NDVI_doy2021017000000_aid0011,_250m_16_days_NDVI,aid0011,2021-01-17,2761352.0,-0.2,0.9648,"(-0.2,0.9648)",0.6268922,0.1398317,0.0195529,0.7191,0.9648,0.6289,0.2759,0.5418
MOD13Q1_061__250m_16_days_NDVI_doy2021033000000_aid0011,_250m_16_days_NDVI,aid0011,2021-02-02,2761157.0,-0.2,0.9996,"(-0.2,0.9996)",0.6781193,0.1376399,0.0189447,0.7757,0.9996,0.681,0.3182,0.5927
MOD13Q1_061__250m_16_days_NDVI_doy2021049000000_aid0011,_250m_16_days_NDVI,aid0011,2021-02-18,2759437.0,-0.2,0.9844,"(-0.2,0.9844)",0.6594035,0.1414792,0.0200164,0.7582,0.9844,0.6657,0.2857,0.5692
MOD13Q1_061__250m_16_days_NDVI_doy2021065000000_aid0011,_250m_16_days_NDVI,aid0011,2021-03-06,2760083.0,-0.1997,0.9738,"(-0.1997,0.9738)",0.6191011,0.1402863,0.0196803,0.7183,0.9738,0.6147,0.2371,0.5258
MOD13Q1_061__250m_16_days_NDVI_doy2021081000000_aid0011,_250m_16_days_NDVI,aid0011,2021-03-22,2759058.0,-0.2,0.9801,"(-0.2,0.9801)",0.6157154,0.1224564,0.0149956,0.6937,0.9137,0.6206,0.327,0.547
MOD13Q1_061__250m_16_days_NDVI_doy2021097000000_aid0011,_250m_16_days_NDVI,aid0011,2021-04-07,2759249.0,-0.2,0.9973,"(-0.2,0.9973)",0.6197936,0.1301572,0.0169409,0.7145,0.9724,0.6449,0.282,0.5415
MOD13Q1_061__250m_16_days_NDVI_doy2021113000000_aid0011,_250m_16_days_NDVI,aid0011,2021-04-23,2758861.0,-0.2,0.9957,"(-0.2,0.9957)",0.60025,0.1473884,0.0217233,0.717,0.9957,0.6305,0.158,0.4934
MOD13Q1_061__250m_16_days_NDVI_doy2021129000000_aid0011,_250m_16_days_NDVI,aid0011,2021-05-09,2758302.0,-0.2,0.9645,"(-0.2,0.9645)",0.5362064,0.153942,0.0236981,0.663,0.9645,0.5568,0.0304,0.4099
MOD13Q1_061__250m_16_days_NDVI_doy2021145000000_aid0011,_250m_16_days_NDVI,aid0011,2021-05-25,2758326.0,-0.2,0.9239,"(-0.2,0.9239)",0.4908254,0.1482573,0.0219802,0.6086,0.9239,0.5001,0.0082,0.3684
MOD13Q1_061__250m_16_days_NDVI_doy2021161000000_aid0011,_250m_16_days_NDVI,aid0011,2021-06-10,2758709.0,-0.2,0.9294,"(-0.2,0.9294)",0.4878835,0.1460656,0.0213352,0.6032,0.9294,0.4953,0.0152,0.368
MOD13Q1_061__250m_16_days_NDVI_doy2021177000000_aid0011,_250m_16_days_NDVI,aid0011,2021-06-26,2757902.0,-0.2,0.9225,"(-0.2,0.9225)",0.4667617,0.129648,0.0168086,0.566,0.8706,0.4698,0.0584,0.3629
MOD13Q1_061__250m_16_days_NDVI_doy2021193000000_aid0011,_250m_16_days_NDVI,aid0011,2021-07-12,2758898.0,-0.2,0.9316,"(-0.2,0.9316)",0.4660774,0.1241475,0.0154126,0.5604,0.8452,0.4692,0.0857,0.3705
MOD13Q1_061__250m_16_days_NDVI_doy2021209000000_aid0011,_250m_16_days_NDVI,aid0011,2021-07-28,2758138.0,-0.2,0.9183,"(-0.2,0.9183)",0.4664833,0.11885,0.0141253,0.5524,0.8111,0.472,0.1212,0.3799
MOD13Q1_061__250m_16_days_NDVI_doy2021225000000_aid0011,_250m_16_days_NDVI,aid0011,2021-08-13,2759674.0,-0.2,0.9184,"(-0.2,0.9184)",0.4863695,0.127066,0.0161458,0.5758,0.8438,0.4968,0.1291,0.3971
MOD13Q1_061__250m_16_days_NDVI_doy2021241000000_aid0011,_250m_16_days_NDVI,aid0011,2021-08-29,2762283.0,-0.2,0.9754,"(-0.2,0.9754)",0.5307188,0.1396984,0.0195156,0.6283,0.9121,0.5447,0.1553,0.4391
MOD13Q1_061__250m_16_days_NDVI_doy2021257000000_aid0011,_250m_16_days_NDVI,aid0011,2021-09-14,2759997.0,-0.2,0.9995,"(-0.2,0.9995)",0.5862962,0.1638993,0.026863,0.7024,0.9995,0.6126,0.1572,0.4843
MOD13Q1_061__250m_16_days_NDVI_doy2021273000000_aid0011,_250m_16_days_NDVI,aid0011,2021-09-30,2761484.0,-0.2,0.9622,"(-0.2,0.9622)",0.6031854,0.1649413,0.0272056,0.7197,0.9622,0.6403,0.165,0.4978
MOD13Q1_061__250m_16_days_NDVI_doy2021289000000_aid0011,_250m_16_days_NDVI,aid0011,2021-10-16,2760975.0,-0.2,0.9633,"(-0.2,0.9633)",0.5941678,0.1659822,0.0275501,0.7155,0.9633,0.631,0.1298,0.4812
MOD13Q1_061__250m_16_days_NDVI_doy2021305000000_aid0011,_250m_16_days_NDVI,aid0011,2021-11-01,2759861.0,-0.2,0.9613,"(-0.2,0.9613)",0.6126164,0.1533214,0.0235075,0.7303,0.9613,0.6454,0.1866,0.5128
MOD13Q1_061__250m_16_days_NDVI_doy2021321000000_aid0011,_250m_16_days_NDVI,aid0011,2021-11-17,2758747.0,-0.2,0.9509,"(-0.2,0.9509)",0.5598551,0.1272137,0.0161833,0.6508,0.9013,0.5802,0.2333,0.4838
MOD13Q1_061__250m_16_days_NDVI_doy2021337000000_aid0011,_250m_16_days_NDVI,aid0011,2021-12-03,2759070.0,-0.1992,0.9692,"(-0.1992,0.9692)",0.5712032,0.1334587,0.0178112,0.6572,0.9014,0.5865,0.2502,0.4944
MOD13Q1_061__250m_16_days_NDVI_doy2021353000000_aid0011,_250m_16_days_NDVI,aid0011,2021-12-19,2759653.0,-0.2,0.9742,"(-0.2,0.9742)",0.5909801,0.13852,0.0191878,0.6799,0.9366,0.6002,0.2517,0.5086
MOD13Q1_061__250m_16_days_NDVI_doy2022001000000_aid0011,_250m_16_days_NDVI,aid0011,2022-01-01,2761894.0,-0.2,0.9487,"(-0.2,0.9487)",0.5517959,0.1401171,0.0196328,0.6422,0.9215,0.5414,0.1767,0.456
MOD13Q1_061__250m_16_days_NDVI_doy2022017000000_aid0011,_250m_16_days_NDVI,aid0011,2022-01-17,2760258.0,-0.2,0.9759,"(-0.2,0.9759)",0.6402256,0.1347541,0.0181587,0.7287,0.9759,0.6411,0.2977,0.5563
MOD13Q1_061__250m_16_days_NDVI_doy2022033000000_aid0011,_250m_16_days_NDVI,aid0011,2022-02-02,2759761.0,-0.2,0.9983,"(-0.2,0.9983)",0.698255,0.120424,0.014502,0.7733,0.9792,0.7045,0.4291,0.6356
MOD13Q1_061__250m_16_days_NDVI_doy2022049000000_aid0011,_250m_16_days_NDVI,aid0011,2022-02-18,2761180.0,-0.2,0.9872,"(-0.2,0.9872)",0.7273195,0.1210335,0.0146491,0.8055,0.9872,0.7397,0.4655,0.6695
MOD13Q1_061__250m_16_days_NDVI_doy2022065000000_aid0011,_250m_16_days_NDVI,aid0011,2022-03-06,2761220.0,-0.2,0.9976,"(-0.2,0.9976)",0.7144062,0.120566,0.0145361,0.7927,0.9881,0.7301,0.4655,0.6618
MOD13Q1_061__250m_16_days_NDVI_doy2022081000000_aid0011,_250m_16_days_NDVI,aid0011,2022-03-22,2761484.0,-0.2,0.9582,"(-0.2,0.9582)",0.6702877,0.1258662,0.0158423,0.7526,0.9582,0.693,0.4084,0.6149
MOD13Q1_061__250m_16_days_NDVI_doy2022097000000_aid0011,_250m_16_days_NDVI,aid0011,2022-04-07,2758966.0,-0.2,0.9301,"(-0.2,0.9301)",0.5913604,0.1262804,0.0159467,0.6801,0.9198,0.6165,0.2799,0.52
MOD13Q1_061__250m_16_days_NDVI_doy2022113000000_aid0011,_250m_16_days_NDVI,aid0011,2022-04-23,2758701.0,-0.2,0.938,"(-0.2,0.938)",0.5482271,0.1372175,0.0188286,0.6506,0.938,0.5736,0.1521,0.4512
MOD13Q1_061__250m_16_days_NDVI_doy2022129000000_aid0011,_250m_16_days_NDVI,aid0011,2022-05-09,2758382.0,-0.2,0.9695,"(-0.2,0.9695)",0.4899137,0.1309401,0.0171453,0.5844,0.874,0.504,0.1017,0.3913
MOD13Q1_061__250m_16_days_NDVI_doy2022145000000_aid0011,_250m_16_days_NDVI,aid0011,2022-05-25,2757169.0,-0.2,0.9093,"(-0.2,0.9093)",0.4571953,0.1202594,0.0144623,0.5397,0.7996,0.4669,0.1065,0.3664
MOD13Q1_061__250m_16_days_NDVI_doy2022161000000_aid0011,_250m_16_days_NDVI,aid0011,2022-06-10,2759116.0,-0.2,0.8682,"(-0.2,0.8682)",0.4064366,0.1013106,0.0102638,0.4713,0.6781,0.4087,0.1266,0.3334
MOD13Q1_061__250m_16_days_NDVI_doy2022177000000_aid0011,_250m_16_days_NDVI,aid0011,2022-06-26,2760153.0,-0.2,0.8957,"(-0.2,0.8957)",0.3894427,0.0874991,0.0076561,0.4405,0.6047,0.3881,0.1668,0.331
MOD13Q1_061__250m_16_days_NDVI_doy2022193000000_aid0011,_250m_16_days_NDVI,aid0011,2022-07-12,2759384.0,-0.2,0.889,"(-0.2,0.889)",0.3868324,0.0865623,0.007493,0.4372,0.5984,0.3857,0.1685,0.3297
MOD13Q1_061__250m_16_days_NDVI_doy2022209000000_aid0011,_250m_16_days_NDVI,aid0011,2022-07-28,2757786.0,-0.2,0.8912,"(-0.2,0.8912)",0.4304402,0.1035342,0.0107193,0.4928,0.6854,0.4308,0.1718,0.3644
MOD13Q1_061__250m_16_days_NDVI_doy2022225000000_aid0011,_250m_16_days_NDVI,aid0011,2022-08-13,2761114.0,-0.2,0.9086,"(-0.2,0.9086)",0.4656469,0.1189274,0.0141437,0.5413,0.7709,0.469,0.1586,0.3882
MOD13Q1_061__250m_16_days_NDVI_doy2022241000000_aid0011,_250m_16_days_NDVI,aid0011,2022-08-29,2759406.0,-0.2,0.9257,"(-0.2,0.9257)",0.4710013,0.1284364,0.0164959,0.5562,0.8211,0.4764,0.1147,0.3796
MOD13Q1_061__250m_16_days_NDVI_doy2022257000000_aid0011,_250m_16_days_NDVI,aid0011,2022-09-14,2759801.0,-0.2,0.9703,"(-0.2,0.9703)",0.4829708,0.1363199,0.0185831,0.5745,0.8661,0.489,0.0885,0.3801
MOD13Q1_061__250m_16_days_NDVI_doy2022273000000_aid0011,_250m_16_days_NDVI,aid0011,2022-09-30,2762317.0,-0.2,0.929,"(-0.2,0.929)",0.472618,0.1309813,0.0171561,0.5578,0.8315,0.4785,0.1016,0.3753
MOD13Q1_061__250m_16_days_NDVI_doy2022289000000_aid0011,_250m_16_days_NDVI,aid0011,2022-10-16,2762295.0,-0.2,0.9926,"(-0.2,0.9926)",0.4858975,0.1375963,0.0189328,0.5764,0.86,0.4931,0.1037,0.3873
MOD13Q1_061__250m_16_days_NDVI_doy2022305000000_aid0011,_250m_16_days_NDVI,aid0011,2022-11-01,2762182.0,-0.2,0.9322,"(-0.2,0.9322)",0.4841135,0.1303051,0.0169794,0.5745,0.8544,0.4983,0.108,0.3879
MOD13Q1_061__250m_16_days_NDVI_doy2022321000000_aid0011,_250m_16_days_NDVI,aid0011,2022-11-17,2760453.0,-0.2,0.9204,"(-0.2,0.9204)",0.5128159,0.1451015,0.0210544,0.6302,0.9204,0.5242,0.0437,0.3956
MOD13Q1_061__250m_16_days_NDVI_doy2022337000000_aid0011,_250m_16_days_NDVI,aid0011,2022-12-03,2759487.0,-0.2,0.9378,"(-0.2,0.9378)",0.5100787,0.1329262,0.0176694,0.6119,0.9134,0.5169,0.1084,0.4105
MOD13Q1_061__250m_16_days_NDVI_doy2022353000000_aid0011,_250m_16_days_NDVI,aid0011,2022-12-19,2760458.0,-0.2,0.9648,"(-0.2,0.9648)",0.5035094,0.1331267,0.0177227,0.593,0.8663,0.5058,0.1375,0.4108
MOD13Q1_061__250m_16_days_NDVI_doy2023001000000_aid0011,_250m_16_days_NDVI,aid0011,2023-01-01,2760708.0,-0.2,0.9816,"(-0.2,0.9816)",0.5321323,0.1430474,0.0204626,0.6231,0.9076,0.5254,0.1489,0.4334
MOD13Q1_061__250m_16_days_NDVI_doy2023017000000_aid0011,_250m_16_days_NDVI,aid0011,2023-01-17,2761677.0,-0.2,0.9909,"(-0.2,0.9909)",0.6173481,0.143007,0.020451,0.7185,0.9909,0.6044,0.2293,0.5228
MOD13Q1_061__250m_16_days_NDVI_doy2023033000000_aid0011,_250m_16_days_NDVI,aid0011,2023-02-02,2762335.0,-0.2,0.9985,"(-0.2,0.9985)",0.6701541,0.135893,0.0184669,0.7639,0.9985,0.6713,0.3227,0.5874
MOD13Q1_061__250m_16_days_NDVI_doy2023049000000_aid0011,_250m_16_days_NDVI,aid0011,2023-02-18,2762110.0,-0.2,0.9376,"(-0.2,0.9376)",0.6160139,0.1337062,0.0178773,0.7033,0.9376,0.6167,0.2728,0.5311
MOD13Q1_061__250m_16_days_NDVI_doy2023065000000_aid0011,_250m_16_days_NDVI,aid0011,2023-03-06,2760498.0,-0.2,0.9668,"(-0.2,0.9668)",0.5820413,0.1296658,0.0168132,0.673,0.9393,0.5904,0.2175,0.4908
MOD13Q1_061__250m_16_days_NDVI_doy2023081000000_aid0011,_250m_16_days_NDVI,aid0011,2023-03-22,2761841.0,-0.1995,0.9983,"(-0.1995,0.9983)",0.5860091,0.1250475,0.0156369,0.6777,0.9362,0.5996,0.2397,0.5025
MOD13Q1_061__250m_16_days_NDVI_doy2023097000000_aid0011,_250m_16_days_NDVI,aid0011,2023-04-07,2760592.0,-0.2,0.9497,"(-0.2,0.9497)",0.5391638,0.1284249,0.0164929,0.6383,0.9283,0.5442,0.1536,0.4444
MOD13Q1_061__250m_16_days_NDVI_doy2023113000000_aid0011,_250m_16_days_NDVI,aid0011,2023-04-23,2759895.0,-0.2,0.9233,"(-0.2,0.9233)",0.4774845,0.1332462,0.0177545,0.581,0.8986,0.4673,0.0516,0.3692
MOD13Q1_061__250m_16_days_NDVI_doy2023129000000_aid0011,_250m_16_days_NDVI,aid0011,2023-05-09,2759772.0,-0.2,0.9884,"(-0.2,0.9884)",0.4604816,0.1315348,0.0173014,0.5573,0.8603,0.4501,0.0523,0.3553
MOD13Q1_061__250m_16_days_NDVI_doy2023145000000_aid0011,_250m_16_days_NDVI,aid0011,2023-05-25,2759851.0,-0.2,0.9761,"(-0.2,0.9761)",0.4858697,0.143142,0.0204896,0.595,0.9293,0.4866,0.0378,0.3721
MOD13Q1_061__250m_16_days_NDVI_doy2023161000000_aid0011,_250m_16_days_NDVI,aid0011,2023-06-10,2760255.0,-0.2,0.9263,"(-0.2,0.9263)",0.4505538,0.1336702,0.0178677,0.5474,0.8571,0.4449,0.0313,0.3409
MOD13Q1_061__250m_16_days_NDVI_doy2023177000000_aid0011,_250m_16_days_NDVI,aid0011,2023-06-26,2760285.0,-0.2,0.9896,"(-0.2,0.9896)",0.450932,0.1238344,0.0153349,0.5399,0.8196,0.4448,0.0737,0.3534
MOD13Q1_061__250m_16_days_NDVI_doy2023193000000_aid0011,_250m_16_days_NDVI,aid0011,2023-07-12,2761107.0,-0.2,0.9191,"(-0.2,0.9191)",0.4759401,0.1274048,0.016232,0.5649,0.8419,0.4761,0.1034,0.3802
MOD13Q1_061__250m_16_days_NDVI_doy2023209000000_aid0011,_250m_16_days_NDVI,aid0011,2023-07-28,2761594.0,-0.2,0.9333,"(-0.2,0.9333)",0.4792239,0.1294248,0.0167508,0.571,0.8519,0.4851,0.1028,0.3837
MOD13Q1_061__250m_16_days_NDVI_doy2023225000000_aid0011,_250m_16_days_NDVI,aid0011,2023-08-13,2761698.0,-0.2,0.9509,"(-0.2,0.9509)",0.493471,0.1403529,0.0196989,0.5897,0.8888,0.5058,0.0912,0.3903
MOD13Q1_061__250m_16_days_NDVI_doy2023241000000_aid0011,_250m_16_days_NDVI,aid0011,2023-08-29,2764232.0,-0.2,0.9757,"(-0.2,0.9757)",0.5124997,0.1410513,0.0198955,0.6084,0.9009,0.5234,0.1209,0.4134
MOD13Q1_061__250m_16_days_NDVI_doy2023257000000_aid0011,_250m_16_days_NDVI,aid0011,2023-09-14,2762356.0,-0.2,0.9674,"(-0.2,0.9674)",0.553613,0.1587584,0.0252042,0.6621,0.9674,0.5755,0.1114,0.4418
MOD13Q1_061__250m_16_days_NDVI_doy2023273000000_aid0011,_250m_16_days_NDVI,aid0011,2023-09-30,2761568.0,-0.2,0.963,"(-0.2,0.963)",0.5485328,0.1681262,0.0282664,0.6725,0.963,0.5693,0.0311,0.4159
MOD13Q1_061__250m_16_days_NDVI_doy2023289000000_aid0011,_250m_16_days_NDVI,aid0011,2023-10-16,2761745.0,-0.2,0.9577,"(-0.2,0.9577)",0.5436707,0.1609164,0.0258941,0.6602,0.9577,0.5635,0.0607,0.4204
MOD13Q1_061__250m_16_days_NDVI_doy2023305000000_aid0011,_250m_16_days_NDVI,aid0011,2023-11-01,2761033.0,-0.2,0.9773,"(-0.2,0.9773)",0.5913054,0.164022,0.0269032,0.7173,0.9773,0.6311,0.0978,0.4695
MOD13Q1_061__250m_16_days_NDVI_doy2023321000000_aid0011,_250m_16_days_NDVI,aid0011,2023-11-17,2761698.0,-0.2,0.9378,"(-0.2,0.9378)",0.5748662,0.1506179,0.0226857,0.6951,0.9378,0.6,0.1164,0.4636
MOD13Q1_061__250m_16_days_NDVI_doy2023337000000_aid0011,_250m_16_days_NDVI,aid0011,2023-12-03,2761738.0,-0.2,0.9982,"(-0.2,0.9982)",0.5851038,0.1475881,0.0217823,0.703,0.9982,0.6106,0.1338,0.4753
MOD13Q1_061__250m_16_days_NDVI_doy2023353000000_aid0011,_250m_16_days_NDVI,aid0011,2023-12-19,2761272.0,-0.2,0.9966,"(-0.2,0.9966)",0.6333677,0.1405541,0.0197555,0.7308,0.9891,0.6602,0.2983,0.5578
MOD13Q1_061__250m_16_days_NDVI_doy2015353000000_aid0012,_250m_16_days_NDVI,aid0012,2015-12-19,1439861.0,-0.1997,0.9968,"(-0.1997,0.9968)",0.6052621,0.1290259,0.0166477,0.6937,0.9216,0.6287,0.3135,0.5416
MOD13Q1_061__250m_16_days_NDVI_doy2016001000000_aid0012,_250m_16_days_NDVI,aid0012,2016-01-01,1440772.0,-0.2,0.9954,"(-0.2,0.9954)",0.634222,0.1386551,0.0192252,0.731,0.9862,0.657,0.305,0.5606
MOD13Q1_061__250m_16_days_NDVI_doy2016017000000_aid0012,_250m_16_days_NDVI,aid0012,2016-01-17,1440240.0,-0.2,0.9962,"(-0.2,0.9962)",0.6014972,0.1362634,0.0185677,0.6967,0.963,0.6152,0.2525,0.519
MOD13Q1_061__250m_16_days_NDVI_doy2016033000000_aid0012,_250m_16_days_NDVI,aid0012,2016-02-02,1439914.0,-0.2,0.9593,"(-0.2,0.9593)",0.6863319,0.1189322,0.0141449,0.7549,0.9377,0.6972,0.4502,0.633
MOD13Q1_061__250m_16_days_NDVI_doy2016049000000_aid0012,_250m_16_days_NDVI,aid0012,2016-02-18,1439732.0,-0.2,0.9864,"(-0.2,0.9864)",0.7262913,0.1127276,0.0127075,0.7923,0.9518,0.7476,0.5263,0.6859
MOD13Q1_061__250m_16_days_NDVI_doy2016065000000_aid0012,_250m_16_days_NDVI,aid0012,2016-03-05,1439414.0,-0.2,0.9943,"(-0.2,0.9943)",0.6774136,0.1099602,0.0120913,0.7441,0.9133,0.6942,0.4621,0.6313
MOD13Q1_061__250m_16_days_NDVI_doy2016081000000_aid0012,_250m_16_days_NDVI,aid0012,2016-03-21,1438780.0,-0.2,0.9945,"(-0.2,0.9945)",0.6418057,0.1018922,0.010382,0.7052,0.8643,0.6602,0.44,0.5991
MOD13Q1_061__250m_16_days_NDVI_doy2016097000000_aid0012,_250m_16_days_NDVI,aid0012,2016-04-06,1440702.0,-0.1992,0.9915,"(-0.1992,0.9915)",0.655039,0.115851,0.0134215,0.7278,0.895,0.6846,0.4491,0.6163
MOD13Q1_061__250m_16_days_NDVI_doy2016113000000_aid0012,_250m_16_days_NDVI,aid0012,2016-04-22,1438972.0,-0.2,0.9974,"(-0.2,0.9974)",0.6164924,0.1258286,0.0158328,0.6982,0.8933,0.6471,0.373,0.5681
MOD13Q1_061__250m_16_days_NDVI_doy2016129000000_aid0012,_250m_16_days_NDVI,aid0012,2016-05-08,1440512.0,-0.2,0.9984,"(-0.2,0.9984)",0.575646,0.1316548,0.017333,0.6602,0.8712,0.5993,0.3085,0.5195
MOD13Q1_061__250m_16_days_NDVI_doy2016145000000_aid0012,_250m_16_days_NDVI,aid0012,2016-05-24,1439974.0,-0.1998,0.9821,"(-0.1998,0.9821)",0.5623998,0.1197494,0.0143399,0.6385,0.8408,0.5763,0.3013,0.5036
MOD13Q1_061__250m_16_days_NDVI_doy2016161000000_aid0012,_250m_16_days_NDVI,aid0012,2016-06-09,1438536.0,-0.2,0.9835,"(-0.2,0.9835)",0.548839,0.1133035,0.0128377,0.6206,0.8172,0.5585,0.2929,0.4895
MOD13Q1_061__250m_16_days_NDVI_doy2016177000000_aid0012,_250m_16_days_NDVI,aid0012,2016-06-25,1438825.0,-0.2,0.9925,"(-0.2,0.9925)",0.5462649,0.1215838,0.0147826,0.6241,0.8362,0.5582,0.2706,0.4827
MOD13Q1_061__250m_16_days_NDVI_doy2016193000000_aid0012,_250m_16_days_NDVI,aid0012,2016-07-11,1440294.0,-0.2,0.981,"(-0.2,0.981)",0.5369237,0.1192877,0.0142296,0.6145,0.8267,0.5488,0.2608,0.473
MOD13Q1_061__250m_16_days_NDVI_doy2016209000000_aid0012,_250m_16_days_NDVI,aid0012,2016-07-27,1438762.0,-0.2,0.9476,"(-0.2,0.9476)",0.5408822,0.1230484,0.0151409,0.6222,0.8418,0.5556,0.2562,0.4758
MOD13Q1_061__250m_16_days_NDVI_doy2016225000000_aid0012,_250m_16_days_NDVI,aid0012,2016-08-12,1439219.0,-0.2,0.9622,"(-0.2,0.9622)",0.5540483,0.1213933,0.0147363,0.6346,0.8516,0.5699,0.2729,0.4899
MOD13Q1_061__250m_16_days_NDVI_doy2016241000000_aid0012,_250m_16_days_NDVI,aid0012,2016-08-28,1440059.0,-0.2,0.9376,"(-0.2,0.9376)",0.5756094,0.124565,0.0155164,0.6595,0.8791,0.5959,0.2935,0.5131
MOD13Q1_061__250m_16_days_NDVI_doy2016257000000_aid0012,_250m_16_days_NDVI,aid0012,2016-09-13,1440101.0,-0.1992,0.9988,"(-0.1992,0.9988)",0.6074467,0.128664,0.0165544,0.6939,0.9141,0.6319,0.3269,0.5471
MOD13Q1_061__250m_16_days_NDVI_doy2016273000000_aid0012,_250m_16_days_NDVI,aid0012,2016-09-29,1441155.0,-0.2,0.998,"(-0.2,0.998)",0.6308107,0.130842,0.0171196,0.7182,0.9332,0.661,0.359,0.5745
MOD13Q1_061__250m_16_days_NDVI_doy2016289000000_aid0012,_250m_16_days_NDVI,aid0012,2016-10-15,1440726.0,-0.2,0.991,"(-0.2,0.991)",0.6427755,0.1491695,0.0222515,0.7443,0.991,0.6833,0.3321,0.5794
MOD13Q1_061__250m_16_days_NDVI_doy2016305000000_aid0012,_250m_16_days_NDVI,aid0012,2016-10-31,1440703.0,-0.2,0.9544,"(-0.2,0.9544)",0.6679042,0.1420653,0.0201825,0.7609,0.9544,0.7071,0.4004,0.6167
MOD13Q1_061__250m_16_days_NDVI_doy2016321000000_aid0012,_250m_16_days_NDVI,aid0012,2016-11-16,1440615.0,-0.1993,0.9638,"(-0.1993,0.9638)",0.5934398,0.1214918,0.0147603,0.673,0.8686,0.6174,0.347,0.5426
MOD13Q1_061__250m_16_days_NDVI_doy2016337000000_aid0012,_250m_16_days_NDVI,aid0012,2016-12-02,1440128.0,-0.2,0.9942,"(-0.2,0.9942)",0.5273974,0.1076736,0.0115936,0.597,0.7837,0.5421,0.2858,0.4725
MOD13Q1_061__250m_16_days_NDVI_doy2016353000000_aid0012,_250m_16_days_NDVI,aid0012,2016-12-18,1439997.0,-0.2,0.9561,"(-0.2,0.9561)",0.523469,0.116651,0.0136074,0.5969,0.8078,0.5274,0.2454,0.4563
MOD13Q1_061__250m_16_days_NDVI_doy2017001000000_aid0012,_250m_16_days_NDVI,aid0012,2017-01-01,1440158.0,-0.2,0.966,"(-0.2,0.966)",0.5675384,0.1367766,0.0187078,0.6665,0.9364,0.5799,0.1928,0.477
MOD13Q1_061__250m_16_days_NDVI_doy2017017000000_aid0012,_250m_16_days_NDVI,aid0012,2017-01-17,1439745.0,-0.2,0.9973,"(-0.2,0.9973)",0.5931184,0.140143,0.01964,0.6936,0.9667,0.6136,0.2376,0.5112
MOD13Q1_061__250m_16_days_NDVI_doy2017033000000_aid0012,_250m_16_days_NDVI,aid0012,2017-02-02,1439924.0,-0.2,0.9931,"(-0.2,0.9931)",0.6820673,0.1272132,0.0161832,0.7664,0.9702,0.7088,0.4229,0.629
MOD13Q1_061__250m_16_days_NDVI_doy2017049000000_aid0012,_250m_16_days_NDVI,aid0012,2017-02-18,1440578.0,-0.2,0.9662,"(-0.2,0.9662)",0.7118314,0.1134901,0.01288,0.7805,0.9429,0.7344,0.5095,0.6721
MOD13Q1_061__250m_16_days_NDVI_doy2017065000000_aid0012,_250m_16_days_NDVI,aid0012,2017-03-06,1439892.0,-0.2,0.9937,"(-0.2,0.9937)",0.7281016,0.1106532,0.0122441,0.7942,0.9487,0.7491,0.5365,0.6911
MOD13Q1_061__250m_16_days_NDVI_doy2017081000000_aid0012,_250m_16_days_NDVI,aid0012,2017-03-22,1440240.0,-0.2,0.9957,"(-0.2,0.9957)",0.6849609,0.1139482,0.0129842,0.7583,0.9383,0.7065,0.4576,0.638
MOD13Q1_061__250m_16_days_NDVI_doy2017097000000_aid0012,_250m_16_days_NDVI,aid0012,2017-04-07,1439786.0,-0.2,0.9912,"(-0.2,0.9912)",0.6555588,0.1189027,0.0141379,0.7338,0.9209,0.6823,0.4216,0.6089
MOD13Q1_061__250m_16_days_NDVI_doy2017113000000_aid0012,_250m_16_days_NDVI,aid0012,2017-04-23,1439261.0,-0.2,0.9383,"(-0.2,0.9383)",0.6283389,0.1258966,0.01585,0.7112,0.911,0.6532,0.378,0.5779
MOD13Q1_061__250m_16_days_NDVI_doy2017129000000_aid0012,_250m_16_days_NDVI,aid0012,2017-05-09,1439136.0,-0.2,0.9955,"(-0.2,0.9955)",0.628763,0.1318599,0.017387,0.7141,0.9137,0.6581,0.3814,0.581
MOD13Q1_061__250m_16_days_NDVI_doy2017145000000_aid0012,_250m_16_days_NDVI,aid0012,2017-05-25,1438910.0,-0.2,0.975,"(-0.2,0.975)",0.6098482,0.1293228,0.0167244,0.6931,0.8932,0.6341,0.3591,0.5595
MOD13Q1_061__250m_16_days_NDVI_doy2017161000000_aid0012,_250m_16_days_NDVI,aid0012,2017-06-10,1439168.0,-0.2,0.927,"(-0.2,0.927)",0.5764799,0.1251114,0.0156529,0.657,0.8572,0.5986,0.3233,0.5235
MOD13Q1_061__250m_16_days_NDVI_doy2017177000000_aid0012,_250m_16_days_NDVI,aid0012,2017-06-26,1439969.0,-0.2,0.9666,"(-0.2,0.9666)",0.5654038,0.1288611,0.0166052,0.6501,0.8691,0.5846,0.2851,0.5041
MOD13Q1_061__250m_16_days_NDVI_doy2017193000000_aid0012,_250m_16_days_NDVI,aid0012,2017-07-12,1439612.0,-0.2,0.9529,"(-0.2,0.9529)",0.5755502,0.1272858,0.0162017,0.6578,0.8667,0.5956,0.3096,0.5185
MOD13Q1_061__250m_16_days_NDVI_doy2017209000000_aid0012,_250m_16_days_NDVI,aid0012,2017-07-28,1440901.0,-0.2,0.9918,"(-0.2,0.9918)",0.5739645,0.1258197,0.0158306,0.6559,0.8645,0.5939,0.3082,0.5168
MOD13Q1_061__250m_16_days_NDVI_doy2017225000000_aid0012,_250m_16_days_NDVI,aid0012,2017-08-13,1439794.0,-0.2,0.922,"(-0.2,0.922)",0.5852675,0.1347425,0.0181555,0.672,0.8875,0.6098,0.3128,0.5283
MOD13Q1_061__250m_16_days_NDVI_doy2017241000000_aid0012,_250m_16_days_NDVI,aid0012,2017-08-29,1438846.0,-0.2,0.9384,"(-0.2,0.9384)",0.6312762,0.1355791,0.0183817,0.7135,0.9023,0.6604,0.3988,0.5876
MOD13Q1_061__250m_16_days_NDVI_doy2017257000000_aid0012,_250m_16_days_NDVI,aid0012,2017-09-14,1438785.0,-0.2,0.9928,"(-0.2,0.9928)",0.637733,0.13556,0.0183765,0.7201,0.9086,0.667,0.4059,0.5944
MOD13Q1_061__250m_16_days_NDVI_doy2017273000000_aid0012,_250m_16_days_NDVI,aid0012,2017-09-30,1440574.0,-0.2,0.9988,"(-0.2,0.9988)",0.6459524,0.1344681,0.0180817,0.7293,0.9189,0.6763,0.4131,0.6028
MOD13Q1_061__250m_16_days_NDVI_doy2017289000000_aid0012,_250m_16_days_NDVI,aid0012,2017-10-16,1440886.0,-0.2,0.981,"(-0.2,0.981)",0.646976,0.1396689,0.0195074,0.7355,0.9394,0.6804,0.3945,0.5991
MOD13Q1_061__250m_16_days_NDVI_doy2017305000000_aid0012,_250m_16_days_NDVI,aid0012,2017-11-01,1439809.0,-0.2,0.998,"(-0.2,0.998)",0.6578033,0.1372494,0.0188374,0.7488,0.9595,0.6978,0.3973,0.6082
MOD13Q1_061__250m_16_days_NDVI_doy2017321000000_aid0012,_250m_16_days_NDVI,aid0012,2017-11-17,1440543.0,-0.1997,0.9921,"(-0.1997,0.9921)",0.6392169,0.1307234,0.0170886,0.7275,0.9385,0.6714,0.3745,0.5863
MOD13Q1_061__250m_16_days_NDVI_doy2017337000000_aid0012,_250m_16_days_NDVI,aid0012,2017-12-03,1439845.0,-0.2,0.9949,"(-0.2,0.9949)",0.5908905,0.1130333,0.0127765,0.6653,0.8537,0.611,0.3513,0.5397
MOD13Q1_061__250m_16_days_NDVI_doy2017353000000_aid0012,_250m_16_days_NDVI,aid0012,2017-12-19,1440139.0,-0.2,0.9959,"(-0.2,0.9959)",0.6093152,0.1197507,0.0143402,0.689,0.8918,0.6297,0.351,0.5538
MOD13Q1_061__250m_16_days_NDVI_doy2018001000000_aid0012,_250m_16_days_NDVI,aid0012,2018-01-01,1439903.0,-0.2,0.9572,"(-0.2,0.9572)",0.5982578,0.1156391,0.0133724,0.6706,0.8653,0.6079,0.3461,0.5408
MOD13Q1_061__250m_16_days_NDVI_doy2018017000000_aid0012,_250m_16_days_NDVI,aid0012,2018-01-17,1440437.0,-0.2,0.9846,"(-0.2,0.9846)",0.6475473,0.1200304,0.0144073,0.7251,0.9316,0.6619,0.3809,0.5874
MOD13Q1_061__250m_16_days_NDVI_doy2018033000000_aid0012,_250m_16_days_NDVI,aid0012,2018-02-02,1439044.0,-0.2,0.95,"(-0.2,0.95)",0.6326616,0.1172468,0.0137468,0.7072,0.916,0.642,0.3592,0.568
MOD13Q1_061__250m_16_days_NDVI_doy2018049000000_aid0012,_250m_16_days_NDVI,aid0012,2018-02-18,1438834.0,-0.2,0.9935,"(-0.2,0.9935)",0.6149938,0.1137799,0.0129459,0.6862,0.8918,0.6213,0.3435,0.5491
MOD13Q1_061__250m_16_days_NDVI_doy2018065000000_aid0012,_250m_16_days_NDVI,aid0012,2018-03-06,1439792.0,-0.2,0.9791,"(-0.2,0.9791)",0.6168061,0.1166643,0.0136106,0.691,0.9035,0.6242,0.3368,0.5493
MOD13Q1_061__250m_16_days_NDVI_doy2018081000000_aid0012,_250m_16_days_NDVI,aid0012,2018-03-22,1439047.0,-0.2,0.9884,"(-0.2,0.9884)",0.6261634,0.1010151,0.0102041,0.6861,0.8418,0.6375,0.4266,0.5823
MOD13Q1_061__250m_16_days_NDVI_doy2018097000000_aid0012,_250m_16_days_NDVI,aid0012,2018-04-07,1439573.0,-0.2,0.9853,"(-0.2,0.9853)",0.6392713,0.1107443,0.0122643,0.7083,0.8748,0.6617,0.4306,0.5972
MOD13Q1_061__250m_16_days_NDVI_doy2018113000000_aid0012,_250m_16_days_NDVI,aid0012,2018-04-23,1439479.0,-0.2,0.9996,"(-0.2,0.9996)",0.65111,0.1426177,0.0203398,0.7526,0.9996,0.688,0.3159,0.5779
MOD13Q1_061__250m_16_days_NDVI_doy2018129000000_aid0012,_250m_16_days_NDVI,aid0012,2018-05-09,1438899.0,-0.2,0.9826,"(-0.2,0.9826)",0.6909363,0.1330975,0.017715,0.7774,0.9653,0.7258,0.4437,0.6439
MOD13Q1_061__250m_16_days_NDVI_doy2018145000000_aid0012,_250m_16_days_NDVI,aid0012,2018-05-25,1440151.0,-0.2,0.9937,"(-0.2,0.9937)",0.6425235,0.1300905,0.0169235,0.7272,0.9271,0.6748,0.3937,0.5938
MOD13Q1_061__250m_16_days_NDVI_doy2018161000000_aid0012,_250m_16_days_NDVI,aid0012,2018-06-10,1438759.0,-0.2,0.969,"(-0.2,0.969)",0.6257104,0.1317669,0.0173625,0.7113,0.9206,0.6542,0.3623,0.5717
MOD13Q1_061__250m_16_days_NDVI_doy2018177000000_aid0012,_250m_16_days_NDVI,aid0012,2018-06-26,1438908.0,-0.2,0.9892,"(-0.2,0.9892)",0.5600626,0.119926,0.0143822,0.6367,0.833,0.5799,0.3095,0.5058
MOD13Q1_061__250m_16_days_NDVI_doy2018193000000_aid0012,_250m_16_days_NDVI,aid0012,2018-07-12,1438968.0,-0.2,0.9786,"(-0.2,0.9786)",0.5515575,0.1282869,0.0164575,0.6347,0.8472,0.5734,0.2805,0.493
MOD13Q1_061__250m_16_days_NDVI_doy2018209000000_aid0012,_250m_16_days_NDVI,aid0012,2018-07-28,1439530.0,-0.2,0.9189,"(-0.2,0.9189)",0.542841,0.1243821,0.0154709,0.625,0.8366,0.5637,0.2723,0.4839
MOD13Q1_061__250m_16_days_NDVI_doy2018225000000_aid0012,_250m_16_days_NDVI,aid0012,2018-08-13,1439852.0,-0.2,0.9687,"(-0.2,0.9687)",0.5810947,0.1245229,0.015506,0.6616,0.8633,0.6037,0.3254,0.5271
MOD13Q1_061__250m_16_days_NDVI_doy2018241000000_aid0012,_250m_16_days_NDVI,aid0012,2018-08-29,1440179.0,-0.2,0.9985,"(-0.2,0.9985)",0.5870551,0.1198461,0.0143631,0.6641,0.8594,0.6069,0.3386,0.5339
MOD13Q1_061__250m_16_days_NDVI_doy2018257000000_aid0012,_250m_16_days_NDVI,aid0012,2018-09-14,1440137.0,-0.2,0.988,"(-0.2,0.988)",0.6726794,0.1373193,0.0188566,0.7603,0.9664,0.7057,0.4143,0.6219
MOD13Q1_061__250m_16_days_NDVI_doy2018273000000_aid0012,_250m_16_days_NDVI,aid0012,2018-09-30,1439796.0,-0.2,0.9968,"(-0.2,0.9968)",0.6693359,0.1502308,0.0225693,0.7647,0.9692,0.7071,0.3972,0.6177
MOD13Q1_061__250m_16_days_NDVI_doy2018289000000_aid0012,_250m_16_days_NDVI,aid0012,2018-10-16,1441491.0,-0.2,0.9993,"(-0.2,0.9993)",0.6615955,0.140348,0.0196976,0.7533,0.9673,0.6999,0.3966,0.6106
MOD13Q1_061__250m_16_days_NDVI_doy2018305000000_aid0012,_250m_16_days_NDVI,aid0012,2018-11-01,1440376.0,-0.2,0.9767,"(-0.2,0.9767)",0.6894252,0.1376347,0.0189433,0.7772,0.9527,0.7296,0.45,0.6463
MOD13Q1_061__250m_16_days_NDVI_doy2018321000000_aid0012,_250m_16_days_NDVI,aid0012,2018-11-17,1441203.0,-0.2,0.9985,"(-0.2,0.9985)",0.691735,0.139712,0.0195194,0.7846,0.9952,0.7336,0.4321,0.6436
MOD13Q1_061__250m_16_days_NDVI_doy2018337000000_aid0012,_250m_16_days_NDVI,aid0012,2018-12-03,1440022.0,-0.2,0.9972,"(-0.2,0.9972)",0.6311948,0.122167,0.0149248,0.7132,0.9066,0.6599,0.386,0.5823
MOD13Q1_061__250m_16_days_NDVI_doy2018353000000_aid0012,_250m_16_days_NDVI,aid0012,2018-12-19,1440057.0,-0.2,0.9727,"(-0.2,0.9727)",0.6434799,0.1228052,0.0150811,0.7189,0.8932,0.6721,0.4284,0.6027
MOD13Q1_061__250m_16_days_NDVI_doy2019001000000_aid0012,_250m_16_days_NDVI,aid0012,2019-01-01,1440221.0,-0.2,0.9991,"(-0.2,0.9991)",0.6876345,0.1190023,0.0141616,0.7567,0.9113,0.7128,0.499,0.6536
MOD13Q1_061__250m_16_days_NDVI_doy2019017000000_aid0012,_250m_16_days_NDVI,aid0012,2019-01-17,1441753.0,-0.2,0.9891,"(-0.2,0.9891)",0.6957812,0.1206944,0.0145671,0.7649,0.9228,0.7207,0.5017,0.6596
MOD13Q1_061__250m_16_days_NDVI_doy2019033000000_aid0012,_250m_16_days_NDVI,aid0012,2019-02-02,1439105.0,-0.2,0.9679,"(-0.2,0.9679)",0.6747546,0.1104897,0.012208,0.7404,0.9064,0.6934,0.4637,0.6297
MOD13Q1_061__250m_16_days_NDVI_doy2019049000000_aid0012,_250m_16_days_NDVI,aid0012,2019-02-18,1439201.0,-0.2,0.9714,"(-0.2,0.9714)",0.6761661,0.1073282,0.0115193,0.7356,0.8865,0.6904,0.4841,0.635
MOD13Q1_061__250m_16_days_NDVI_doy2019065000000_aid0012,_250m_16_days_NDVI,aid0012,2019-03-06,1439830.0,-0.1997,0.9949,"(-0.1997,0.9949)",0.6874889,0.1050923,0.0110444,0.7439,0.879,0.704,0.5187,0.6538
MOD13Q1_061__250m_16_days_NDVI_doy2019081000000_aid0012,_250m_16_days_NDVI,aid0012,2019-03-22,1439479.0,-0.2,0.9972,"(-0.2,0.9972)",0.6743592,0.1057782,0.011189,0.7337,0.8742,0.6912,0.4995,0.64
MOD13Q1_061__250m_16_days_NDVI_doy2019097000000_aid0012,_250m_16_days_NDVI,aid0012,2019-04-07,1439632.0,-0.2,0.9569,"(-0.2,0.9569)",0.6462702,0.1053854,0.0111061,0.7071,0.8526,0.6636,0.4646,0.6101
MOD13Q1_061__250m_16_days_NDVI_doy2019113000000_aid0012,_250m_16_days_NDVI,aid0012,2019-04-23,1439696.0,-0.2,0.9783,"(-0.2,0.9783)",0.6096898,0.1119605,0.0125351,0.6778,0.847,0.6268,0.3958,0.565
MOD13Q1_061__250m_16_days_NDVI_doy2019129000000_aid0012,_250m_16_days_NDVI,aid0012,2019-05-09,1438750.0,-0.2,0.9551,"(-0.2,0.9551)",0.5934264,0.116545,0.0135827,0.662,0.8298,0.6092,0.3823,0.5501
MOD13Q1_061__250m_16_days_NDVI_doy2019145000000_aid0012,_250m_16_days_NDVI,aid0012,2019-05-25,1439254.0,-0.2,0.9536,"(-0.2,0.9536)",0.5572805,0.116639,0.0136047,0.6271,0.803,0.5731,0.3339,0.5098
MOD13Q1_061__250m_16_days_NDVI_doy2019161000000_aid0012,_250m_16_days_NDVI,aid0012,2019-06-10,1441032.0,-0.2,0.9639,"(-0.2,0.9639)",0.5526125,0.1380987,0.0190713,0.6395,0.8615,0.5739,0.2695,0.4915
MOD13Q1_061__250m_16_days_NDVI_doy2019177000000_aid0012,_250m_16_days_NDVI,aid0012,2019-06-26,1440058.0,-0.2,0.987,"(-0.2,0.987)",0.5526325,0.1270311,0.0161369,0.6308,0.8325,0.569,0.2946,0.4963
MOD13Q1_061__250m_16_days_NDVI_doy2019193000000_aid0012,_250m_16_days_NDVI,aid0012,2019-07-12,1438448.0,-0.2,0.9441,"(-0.2,0.9441)",0.5442375,0.1156649,0.0133784,0.6149,0.8003,0.5569,0.3059,0.4913
MOD13Q1_061__250m_16_days_NDVI_doy2019209000000_aid0012,_250m_16_days_NDVI,aid0012,2019-07-28,1439259.0,-0.2,0.9418,"(-0.2,0.9418)",0.5347078,0.1177163,0.0138571,0.6082,0.8032,0.5466,0.2832,0.4782
MOD13Q1_061__250m_16_days_NDVI_doy2019225000000_aid0012,_250m_16_days_NDVI,aid0012,2019-08-13,1439283.0,-0.1993,0.943,"(-0.1993,0.943)",0.5143706,0.1094576,0.011981,0.5822,0.764,0.5245,0.2792,0.461
MOD13Q1_061__250m_16_days_NDVI_doy2019241000000_aid0012,_250m_16_days_NDVI,aid0012,2019-08-29,1440898.0,-0.2,0.9715,"(-0.2,0.9715)",0.5367246,0.1171076,0.0137142,0.6095,0.8081,0.5465,0.2785,0.4771
MOD13Q1_061__250m_16_days_NDVI_doy2019257000000_aid0012,_250m_16_days_NDVI,aid0012,2019-09-14,1439367.0,-0.2,0.9476,"(-0.2,0.9476)",0.5537801,0.1224058,0.0149832,0.6291,0.8353,0.5638,0.2854,0.4916
MOD13Q1_061__250m_16_days_NDVI_doy2019273000000_aid0012,_250m_16_days_NDVI,aid0012,2019-09-30,1439599.0,-0.2,0.9544,"(-0.2,0.9544)",0.56456,0.1264717,0.0159951,0.6425,0.8534,0.5748,0.291,0.5019
MOD13Q1_061__250m_16_days_NDVI_doy2019289000000_aid0012,_250m_16_days_NDVI,aid0012,2019-10-16,1439776.0,-0.2,0.9949,"(-0.2,0.9949)",0.6262558,0.1357772,0.0184354,0.7138,0.9286,0.6539,0.3558,0.5706
MOD13Q1_061__250m_16_days_NDVI_doy2019305000000_aid0012,_250m_16_days_NDVI,aid0012,2019-11-01,1441199.0,-0.2,0.999,"(-0.2,0.999)",0.6486729,0.139532,0.0194692,0.7416,0.9504,0.6838,0.3726,0.594
MOD13Q1_061__250m_16_days_NDVI_doy2019321000000_aid0012,_250m_16_days_NDVI,aid0012,2019-11-17,1440684.0,-0.2,0.9962,"(-0.2,0.9962)",0.6386082,0.1262397,0.0159365,0.7219,0.9217,0.6697,0.3887,0.5886
MOD13Q1_061__250m_16_days_NDVI_doy2019337000000_aid0012,_250m_16_days_NDVI,aid0012,2019-12-03,1440930.0,-0.2,0.9961,"(-0.2,0.9961)",0.5801655,0.1155282,0.0133468,0.6581,0.8592,0.6022,0.3229,0.524
MOD13Q1_061__250m_16_days_NDVI_doy2019353000000_aid0012,_250m_16_days_NDVI,aid0012,2019-12-19,1440561.0,-0.1998,0.9919,"(-0.1998,0.9919)",0.5843444,0.1187063,0.0140912,0.6556,0.8423,0.5998,0.3444,0.5311
MOD13Q1_061__250m_16_days_NDVI_doy2020001000000_aid0012,_250m_16_days_NDVI,aid0012,2020-01-01,1442847.0,-0.2,0.9966,"(-0.2,0.9966)",0.6382313,0.1168667,0.0136578,0.7072,0.8758,0.6635,0.4262,0.5948
MOD13Q1_061__250m_16_days_NDVI_doy2020017000000_aid0012,_250m_16_days_NDVI,aid0012,2020-01-17,1441657.0,-0.2,0.9822,"(-0.2,0.9822)",0.6499244,0.1159909,0.0134539,0.7197,0.8934,0.6691,0.4302,0.6039
MOD13Q1_061__250m_16_days_NDVI_doy2020033000000_aid0012,_250m_16_days_NDVI,aid0012,2020-02-02,1441682.0,-0.1997,0.9958,"(-0.1997,0.9958)",0.6510214,0.1062349,0.0112859,0.7071,0.8566,0.6603,0.4579,0.6074
MOD13Q1_061__250m_16_days_NDVI_doy2020049000000_aid0012,_250m_16_days_NDVI,aid0012,2020-02-18,1441138.0,-0.2,0.9961,"(-0.2,0.9961)",0.6902578,0.1087968,0.0118368,0.7499,0.8991,0.7069,0.5012,0.6504
MOD13Q1_061__250m_16_days_NDVI_doy2020065000000_aid0012,_250m_16_days_NDVI,aid0012,2020-03-05,1440141.0,-0.2,0.9975,"(-0.2,0.9975)",0.6591153,0.1144525,0.0130994,0.7313,0.9206,0.6773,0.4156,0.605
MOD13Q1_061__250m_16_days_NDVI_doy2020081000000_aid0012,_250m_16_days_NDVI,aid0012,2020-03-21,1441084.0,-0.2,0.9985,"(-0.2,0.9985)",0.6976517,0.1040271,0.0108216,0.7559,0.888,0.7187,0.5357,0.6678
MOD13Q1_061__250m_16_days_NDVI_doy2020097000000_aid0012,_250m_16_days_NDVI,aid0012,2020-04-06,1440094.0,-0.2,0.995,"(-0.2,0.995)",0.6829369,0.1106038,0.0122332,0.7488,0.8976,0.7071,0.5008,0.6496
MOD13Q1_061__250m_16_days_NDVI_doy2020113000000_aid0012,_250m_16_days_NDVI,aid0012,2020-04-22,1440619.0,-0.2,0.9962,"(-0.2,0.9962)",0.6499213,0.1196011,0.0143044,0.7244,0.8954,0.6788,0.4394,0.6104
MOD13Q1_061__250m_16_days_NDVI_doy2020129000000_aid0012,_250m_16_days_NDVI,aid0012,2020-05-08,1440471.0,-0.2,0.9815,"(-0.2,0.9815)",0.6104181,0.124249,0.0154378,0.6894,0.879,0.6368,0.3734,0.563
MOD13Q1_061__250m_16_days_NDVI_doy2020145000000_aid0012,_250m_16_days_NDVI,aid0012,2020-05-24,1439993.0,-0.2,0.9206,"(-0.2,0.9206)",0.593798,0.1226044,0.0150318,0.6714,0.8616,0.6155,0.3544,0.5446
MOD13Q1_061__250m_16_days_NDVI_doy2020161000000_aid0012,_250m_16_days_NDVI,aid0012,2020-06-09,1440260.0,-0.2,0.956,"(-0.2,0.956)",0.5746118,0.12066,0.0145588,0.6519,0.8472,0.5924,0.3264,0.5217
MOD13Q1_061__250m_16_days_NDVI_doy2020177000000_aid0012,_250m_16_days_NDVI,aid0012,2020-06-25,1441216.0,-0.1996,0.9841,"(-0.1996,0.9841)",0.5586426,0.1187106,0.0140922,0.6359,0.8363,0.5738,0.3019,0.5023
MOD13Q1_061__250m_16_days_NDVI_doy2020193000000_aid0012,_250m_16_days_NDVI,aid0012,2020-07-11,1441249.0,-0.2,0.9948,"(-0.2,0.9948)",0.5304428,0.1172732,0.013753,0.6063,0.8091,0.5419,0.2683,0.4711
MOD13Q1_061__250m_16_days_NDVI_doy2020209000000_aid0012,_250m_16_days_NDVI,aid0012,2020-07-27,1440461.0,-0.2,0.9845,"(-0.2,0.9845)",0.5445312,0.1171042,0.0137134,0.6193,0.817,0.5559,0.2898,0.4875
MOD13Q1_061__250m_16_days_NDVI_doy2020225000000_aid0012,_250m_16_days_NDVI,aid0012,2020-08-12,1440151.0,-0.2,0.9192,"(-0.2,0.9192)",0.5403016,0.1168768,0.0136602,0.6154,0.8179,0.5513,0.2779,0.4804
MOD13Q1_061__250m_16_days_NDVI_doy2020241000000_aid0012,_250m_16_days_NDVI,aid0012,2020-08-28,1439176.0,-0.2,0.9852,"(-0.2,0.9852)",0.5535297,0.1192127,0.0142117,0.6305,0.8387,0.5651,0.2835,0.4917
MOD13Q1_061__250m_16_days_NDVI_doy2020257000000_aid0012,_250m_16_days_NDVI,aid0012,2020-09-13,1440613.0,-0.2,0.9404,"(-0.2,0.9404)",0.5529593,0.1225611,0.0150212,0.6326,0.8471,0.5664,0.2751,0.4896
MOD13Q1_061__250m_16_days_NDVI_doy2020273000000_aid0012,_250m_16_days_NDVI,aid0012,2020-09-29,1439853.0,-0.2,0.9542,"(-0.2,0.9542)",0.6006735,0.1330494,0.0177021,0.6849,0.9025,0.6205,0.3222,0.5398
MOD13Q1_061__250m_16_days_NDVI_doy2020289000000_aid0012,_250m_16_days_NDVI,aid0012,2020-10-15,1440421.0,-0.2,0.9906,"(-0.2,0.9906)",0.6481611,0.1411939,0.0199357,0.7389,0.9566,0.6767,0.3689,0.5909
MOD13Q1_061__250m_16_days_NDVI_doy2020305000000_aid0012,_250m_16_days_NDVI,aid0012,2020-10-31,1440252.0,-0.2,0.9989,"(-0.2,0.9989)",0.6362016,0.1480007,0.0219042,0.7326,0.9644,0.6715,0.3461,0.578
MOD13Q1_061__250m_16_days_NDVI_doy2020321000000_aid0012,_250m_16_days_NDVI,aid0012,2020-11-16,1440551.0,-0.2,0.9897,"(-0.2,0.9897)",0.6585031,0.1310396,0.0171714,0.7462,0.9558,0.6906,0.3947,0.6056
MOD13Q1_061__250m_16_days_NDVI_doy2020337000000_aid0012,_250m_16_days_NDVI,aid0012,2020-12-02,1440928.0,-0.2,0.9982,"(-0.2,0.9982)",0.6027317,0.1174164,0.0137866,0.6812,0.8798,0.6243,0.3502,0.5488
MOD13Q1_061__250m_16_days_NDVI_doy2020353000000_aid0012,_250m_16_days_NDVI,aid0012,2020-12-18,1439792.0,-0.2,0.9466,"(-0.2,0.9466)",0.5297501,0.1115972,0.0124539,0.5975,0.788,0.5379,0.28,0.4705
MOD13Q1_061__250m_16_days_NDVI_doy2021001000000_aid0012,_250m_16_days_NDVI,aid0012,2021-01-01,1440452.0,-0.2,0.9956,"(-0.2,0.9956)",0.5659813,0.1252902,0.0156976,0.6366,0.8403,0.5722,0.2971,0.5008
MOD13Q1_061__250m_16_days_NDVI_doy2021017000000_aid0012,_250m_16_days_NDVI,aid0012,2021-01-17,1440778.0,-0.2,0.9395,"(-0.2,0.9395)",0.6179856,0.1182833,0.0139909,0.6893,0.882,0.6313,0.3681,0.5608
MOD13Q1_061__250m_16_days_NDVI_doy2021033000000_aid0012,_250m_16_days_NDVI,aid0012,2021-02-02,1440890.0,-0.1996,0.9608,"(-0.1996,0.9608)",0.6370271,0.1247374,0.0155594,0.7172,0.9272,0.655,0.3672,0.5772
MOD13Q1_061__250m_16_days_NDVI_doy2021049000000_aid0012,_250m_16_days_NDVI,aid0012,2021-02-18,1438653.0,-0.2,0.9935,"(-0.2,0.9935)",0.7120152,0.1111084,0.0123451,0.7787,0.9425,0.7294,0.5055,0.6694
MOD13Q1_061__250m_16_days_NDVI_doy2021065000000_aid0012,_250m_16_days_NDVI,aid0012,2021-03-06,1439185.0,-0.2,0.9869,"(-0.2,0.9869)",0.6709727,0.1192225,0.014214,0.7507,0.9506,0.6903,0.407,0.6132
MOD13Q1_061__250m_16_days_NDVI_doy2021081000000_aid0012,_250m_16_days_NDVI,aid0012,2021-03-22,1439671.0,-0.2,0.9993,"(-0.2,0.9993)",0.6785257,0.1104324,0.0121953,0.7456,0.9085,0.6967,0.4741,0.637
MOD13Q1_061__250m_16_days_NDVI_doy2021097000000_aid0012,_250m_16_days_NDVI,aid0012,2021-04-07,1439179.0,-0.2,0.9714,"(-0.2,0.9714)",0.6946206,0.11703,0.013696,0.7666,0.922,0.7261,0.5041,0.6616
MOD13Q1_061__250m_16_days_NDVI_doy2021113000000_aid0012,_250m_16_days_NDVI,aid0012,2021-04-23,1438502.0,-0.2,0.9957,"(-0.2,0.9957)",0.6791963,0.130207,0.0169539,0.7616,0.9431,0.717,0.4566,0.6396
MOD13Q1_061__250m_16_days_NDVI_doy2021129000000_aid0012,_250m_16_days_NDVI,aid0012,2021-05-09,1439425.0,-0.2,0.9662,"(-0.2,0.9662)",0.6295101,0.1305448,0.0170419,0.7134,0.9067,0.6635,0.3912,0.5845
MOD13Q1_061__250m_16_days_NDVI_doy2021145000000_aid0012,_250m_16_days_NDVI,aid0012,2021-05-25,1440328.0,-0.2,0.9727,"(-0.2,0.9727)",0.5859196,0.1277696,0.0163251,0.6677,0.8661,0.6137,0.337,0.5354
MOD13Q1_061__250m_16_days_NDVI_doy2021161000000_aid0012,_250m_16_days_NDVI,aid0012,2021-06-10,1439260.0,-0.2,0.9984,"(-0.2,0.9984)",0.5791351,0.1240051,0.0153773,0.6591,0.8593,0.6001,0.3254,0.5256
MOD13Q1_061__250m_16_days_NDVI_doy2021177000000_aid0012,_250m_16_days_NDVI,aid0012,2021-06-26,1439139.0,-0.2,0.9626,"(-0.2,0.9626)",0.540059,0.116467,0.0135646,0.6136,0.8053,0.5543,0.2941,0.4858
MOD13Q1_061__250m_16_days_NDVI_doy2021193000000_aid0012,_250m_16_days_NDVI,aid0012,2021-07-12,1440641.0,-0.2,0.9764,"(-0.2,0.9764)",0.5257587,0.1101061,0.0121234,0.5945,0.7805,0.5364,0.2845,0.4705
MOD13Q1_061__250m_16_days_NDVI_doy2021209000000_aid0012,_250m_16_days_NDVI,aid0012,2021-07-28,1439291.0,-0.2,0.9593,"(-0.2,0.9593)",0.5358964,0.111888,0.0125189,0.6054,0.7923,0.5462,0.2939,0.4808
MOD13Q1_061__250m_16_days_NDVI_doy2021225000000_aid0012,_250m_16_days_NDVI,aid0012,2021-08-13,1439170.0,-0.2,0.9337,"(-0.2,0.9337)",0.5515939,0.1181063,0.0139491,0.6248,0.8192,0.5643,0.3008,0.4952
MOD13Q1_061__250m_16_days_NDVI_doy2021241000000_aid0012,_250m_16_days_NDVI,aid0012,2021-08-29,1439783.0,-0.2,0.9889,"(-0.2,0.9889)",0.5805696,0.1234651,0.0152436,0.6563,0.8562,0.5961,0.3231,0.523
MOD13Q1_061__250m_16_days_NDVI_doy2021257000000_aid0012,_250m_16_days_NDVI,aid0012,2021-09-14,1440097.0,-0.2,0.9889,"(-0.2,0.9889)",0.6053551,0.149737,0.0224212,0.7006,0.9426,0.6317,0.2971,0.5392
MOD13Q1_061__250m_16_days_NDVI_doy2021273000000_aid0012,_250m_16_days_NDVI,aid0012,2021-09-30,1439510.0,-0.2,0.9653,"(-0.2,0.9653)",0.660779,0.1389863,0.0193172,0.7465,0.9511,0.6886,0.4053,0.61
MOD13Q1_061__250m_16_days_NDVI_doy2021289000000_aid0012,_250m_16_days_NDVI,aid0012,2021-10-16,1440338.0,-0.2,0.9745,"(-0.2,0.9745)",0.6499993,0.141722,0.0200851,0.7374,0.9433,0.6789,0.3942,0.6001
MOD13Q1_061__250m_16_days_NDVI_doy2021305000000_aid0012,_250m_16_days_NDVI,aid0012,2021-11-01,1440275.0,-0.2,0.9927,"(-0.2,0.9927)",0.6287462,0.1381916,0.0190969,0.7233,0.9614,0.6525,0.3241,0.5636
MOD13Q1_061__250m_16_days_NDVI_doy2021321000000_aid0012,_250m_16_days_NDVI,aid0012,2021-11-17,1439661.0,-0.2,0.9245,"(-0.2,0.9245)",0.5689902,0.1122907,0.0126092,0.642,0.8347,0.585,0.3208,0.5135
MOD13Q1_061__250m_16_days_NDVI_doy2021337000000_aid0012,_250m_16_days_NDVI,aid0012,2021-12-03,1440587.0,-0.2,0.998,"(-0.2,0.998)",0.5502795,0.1194409,0.0142661,0.6322,0.857,0.5656,0.2575,0.4823
MOD13Q1_061__250m_16_days_NDVI_doy2021353000000_aid0012,_250m_16_days_NDVI,aid0012,2021-12-19,1440687.0,-0.2,0.9933,"(-0.2,0.9933)",0.556604,0.1316977,0.0173443,0.6464,0.9064,0.5707,0.2127,0.4729
MOD13Q1_061__250m_16_days_NDVI_doy2022001000000_aid0012,_250m_16_days_NDVI,aid0012,2022-01-01,1439363.0,-0.2,0.9629,"(-0.2,0.9629)",0.5087845,0.1306934,0.0170808,0.5925,0.8532,0.5132,0.1581,0.4187
MOD13Q1_061__250m_16_days_NDVI_doy2022017000000_aid0012,_250m_16_days_NDVI,aid0012,2022-01-17,1439406.0,-0.2,0.9934,"(-0.2,0.9934)",0.6444235,0.1227884,0.015077,0.7239,0.9346,0.6634,0.3727,0.5834
MOD13Q1_061__250m_16_days_NDVI_doy2022033000000_aid0012,_250m_16_days_NDVI,aid0012,2022-02-02,1439521.0,-0.1995,0.9928,"(-0.1995,0.9928)",0.6911196,0.1124107,0.0126362,0.76,0.9311,0.7115,0.4748,0.6459
MOD13Q1_061__250m_16_days_NDVI_doy2022049000000_aid0012,_250m_16_days_NDVI,aid0012,2022-02-18,1440166.0,-0.2,0.9968,"(-0.2,0.9968)",0.7217471,0.1117527,0.0124887,0.7895,0.9527,0.7431,0.5175,0.6807
MOD13Q1_061__250m_16_days_NDVI_doy2022065000000_aid0012,_250m_16_days_NDVI,aid0012,2022-03-06,1438405.0,-0.2,0.9456,"(-0.2,0.9456)",0.7079002,0.112428,0.0126401,0.7765,0.9359,0.7302,0.5045,0.6677
MOD13Q1_061__250m_16_days_NDVI_doy2022081000000_aid0012,_250m_16_days_NDVI,aid0012,2022-03-22,1440627.0,-0.2,0.973,"(-0.2,0.973)",0.6954656,0.1140161,0.0129997,0.7659,0.9281,0.7209,0.4942,0.6572
MOD13Q1_061__250m_16_days_NDVI_doy2022097000000_aid0012,_250m_16_days_NDVI,aid0012,2022-04-07,1439442.0,-0.2,0.9369,"(-0.2,0.9369)",0.6473678,0.1135188,0.0128865,0.7183,0.8918,0.6685,0.4291,0.6026
MOD13Q1_061__250m_16_days_NDVI_doy2022113000000_aid0012,_250m_16_days_NDVI,aid0012,2022-04-23,1439661.0,-0.1993,0.9503,"(-0.1993,0.9503)",0.6157707,0.118552,0.0140546,0.6933,0.8893,0.6376,0.3666,0.5626
MOD13Q1_061__250m_16_days_NDVI_doy2022129000000_aid0012,_250m_16_days_NDVI,aid0012,2022-05-09,1439621.0,-0.2,0.9651,"(-0.2,0.9651)",0.5727922,0.1143318,0.0130718,0.6441,0.8331,0.5839,0.3291,0.5181
MOD13Q1_061__250m_16_days_NDVI_doy2022145000000_aid0012,_250m_16_days_NDVI,aid0012,2022-05-25,1438791.0,-0.2,0.954,"(-0.2,0.954)",0.5193515,0.1130072,0.0127706,0.5875,0.7768,0.5272,0.272,0.4613
MOD13Q1_061__250m_16_days_NDVI_doy2022161000000_aid0012,_250m_16_days_NDVI,aid0012,2022-06-10,1440945.0,-0.2,0.9734,"(-0.2,0.9734)",0.463945,0.1038005,0.0107746,0.523,0.6958,0.4657,0.235,0.4078
MOD13Q1_061__250m_16_days_NDVI_doy2022177000000_aid0012,_250m_16_days_NDVI,aid0012,2022-06-26,1439000.0,-0.2,0.9812,"(-0.2,0.9812)",0.4385394,0.0951139,0.0090467,0.4897,0.6469,0.4348,0.2277,0.3849
MOD13Q1_061__250m_16_days_NDVI_doy2022193000000_aid0012,_250m_16_days_NDVI,aid0012,2022-07-12,1439910.0,-0.2,0.9873,"(-0.2,0.9873)",0.4261076,0.093247,0.008695,0.4744,0.626,0.4208,0.2217,0.3733
MOD13Q1_061__250m_16_days_NDVI_doy2022209000000_aid0012,_250m_16_days_NDVI,aid0012,2022-07-28,1440498.0,-0.2,0.9832,"(-0.2,0.9832)",0.476295,0.1094536,0.0119801,0.541,0.7339,0.4746,0.2195,0.4124
MOD13Q1_061__250m_16_days_NDVI_doy2022225000000_aid0012,_250m_16_days_NDVI,aid0012,2022-08-13,1440793.0,-0.2,0.9821,"(-0.2,0.9821)",0.5064255,0.1187273,0.0140962,0.5804,0.7958,0.5064,0.2214,0.4368
MOD13Q1_061__250m_16_days_NDVI_doy2022241000000_aid0012,_250m_16_days_NDVI,aid0012,2022-08-29,1440539.0,-0.2,0.9257,"(-0.2,0.9257)",0.5375312,0.1226181,0.0150352,0.613,0.8323,0.54,0.2475,0.4668
MOD13Q1_061__250m_16_days_NDVI_doy2022257000000_aid0012,_250m_16_days_NDVI,aid0012,2022-09-14,1440308.0,-0.2,0.9703,"(-0.2,0.9703)",0.5603192,0.1330599,0.0177049,0.6386,0.8673,0.5639,0.2574,0.4861
MOD13Q1_061__250m_16_days_NDVI_doy2022273000000_aid0012,_250m_16_days_NDVI,aid0012,2022-09-30,1439356.0,-0.2,0.9965,"(-0.2,0.9965)",0.528232,0.1254338,0.0157336,0.5976,0.8031,0.531,0.2551,0.4606
MOD13Q1_061__250m_16_days_NDVI_doy2022289000000_aid0012,_250m_16_days_NDVI,aid0012,2022-10-16,1437820.0,-0.1995,0.9995,"(-0.1995,0.9995)",0.4986568,0.150347,0.0226042,0.5921,0.8586,0.5132,0.1479,0.4144
MOD13Q1_061__250m_16_days_NDVI_doy2022305000000_aid0012,_250m_16_days_NDVI,aid0012,2022-11-01,1440511.0,-0.2,0.9315,"(-0.2,0.9315)",0.5174426,0.1194239,0.0142621,0.5867,0.7913,0.5253,0.2457,0.4503
MOD13Q1_061__250m_16_days_NDVI_doy2022321000000_aid0012,_250m_16_days_NDVI,aid0012,2022-11-17,1440490.0,-0.2,0.9954,"(-0.2,0.9954)",0.5286234,0.1246527,0.0155383,0.6223,0.893,0.5465,0.1683,0.4407
MOD13Q1_061__250m_16_days_NDVI_doy2022337000000_aid0012,_250m_16_days_NDVI,aid0012,2022-12-03,1440731.0,-0.1997,0.9943,"(-0.1997,0.9943)",0.5748687,0.1313317,0.017248,0.6696,0.9262,0.5925,0.2419,0.4985
MOD13Q1_061__250m_16_days_NDVI_doy2022353000000_aid0012,_250m_16_days_NDVI,aid0012,2022-12-19,1441523.0,-0.2,0.9846,"(-0.2,0.9846)",0.5554919,0.1276373,0.0162913,0.6401,0.8804,0.5654,0.2396,0.4799
MOD13Q1_061__250m_16_days_NDVI_doy2023001000000_aid0012,_250m_16_days_NDVI,aid0012,2023-01-01,1441406.0,-0.2,0.9874,"(-0.2,0.9874)",0.5737845,0.1319066,0.0173993,0.6626,0.9255,0.5817,0.2244,0.4873
MOD13Q1_061__250m_16_days_NDVI_doy2023017000000_aid0012,_250m_16_days_NDVI,aid0012,2023-01-17,1439466.0,-0.2,0.9909,"(-0.2,0.9909)",0.5733188,0.1248471,0.0155868,0.6503,0.8834,0.5711,0.2618,0.4949
MOD13Q1_061__250m_16_days_NDVI_doy2023033000000_aid0012,_250m_16_days_NDVI,aid0012,2023-02-02,1439545.0,-0.2,0.9858,"(-0.2,0.9858)",0.5947773,0.1263063,0.0159533,0.6749,0.9129,0.593,0.2782,0.5162
MOD13Q1_061__250m_16_days_NDVI_doy2023049000000_aid0012,_250m_16_days_NDVI,aid0012,2023-02-18,1440789.0,-0.1995,0.9785,"(-0.1995,0.9785)",0.6035848,0.1388723,0.0192855,0.6979,0.9581,0.6112,0.2534,0.5201
MOD13Q1_061__250m_16_days_NDVI_doy2023065000000_aid0012,_250m_16_days_NDVI,aid0012,2023-03-06,1441595.0,-0.2,0.9939,"(-0.2,0.9939)",0.6110675,0.1496233,0.0223871,0.7219,0.9939,0.6371,0.1967,0.5118
MOD13Q1_061__250m_16_days_NDVI_doy2023081000000_aid0012,_250m_16_days_NDVI,aid0012,2023-03-22,1440400.0,-0.2,0.9751,"(-0.2,0.9751)",0.6541177,0.1249882,0.0156221,0.7425,0.9751,0.6733,0.3458,0.5838
MOD13Q1_061__250m_16_days_NDVI_doy2023097000000_aid0012,_250m_16_days_NDVI,aid0012,2023-04-07,1439637.0,-0.2,0.9497,"(-0.2,0.9497)",0.6310168,0.1093368,0.0119545,0.7054,0.8992,0.6481,0.3824,0.5762
MOD13Q1_061__250m_16_days_NDVI_doy2023113000000_aid0012,_250m_16_days_NDVI,aid0012,2023-04-23,1440146.0,-0.1989,0.9635,"(-0.1989,0.9635)",0.600271,0.1147609,0.0131701,0.6787,0.8861,0.6199,0.333,0.5404
MOD13Q1_061__250m_16_days_NDVI_doy2023129000000_aid0012,_250m_16_days_NDVI,aid0012,2023-05-09,1439765.0,-0.1997,0.9935,"(-0.1997,0.9935)",0.5690927,0.1161499,0.0134908,0.6461,0.8501,0.5855,0.3061,0.5101
MOD13Q1_061__250m_16_days_NDVI_doy2023145000000_aid0012,_250m_16_days_NDVI,aid0012,2023-05-25,1439983.0,-0.2,0.9705,"(-0.2,0.9705)",0.5889591,0.1215781,0.0147812,0.6668,0.8654,0.6105,0.3358,0.5344
MOD13Q1_061__250m_16_days_NDVI_doy2023161000000_aid0012,_250m_16_days_NDVI,aid0012,2023-06-10,1440685.0,-0.2,0.9992,"(-0.2,0.9992)",0.5579109,0.1253832,0.0157209,0.6377,0.8477,0.578,0.2877,0.4977
MOD13Q1_061__250m_16_days_NDVI_doy2023177000000_aid0012,_250m_16_days_NDVI,aid0012,2023-06-26,1441181.0,-0.2,0.9515,"(-0.2,0.9515)",0.5425996,0.1210812,0.0146607,0.6201,0.8301,0.559,0.2701,0.4801
MOD13Q1_061__250m_16_days_NDVI_doy2023193000000_aid0012,_250m_16_days_NDVI,aid0012,2023-07-12,1440560.0,-0.2,0.9755,"(-0.2,0.9755)",0.5569514,0.1193616,0.0142472,0.632,0.8351,0.5726,0.2935,0.4966
MOD13Q1_061__250m_16_days_NDVI_doy2023209000000_aid0012,_250m_16_days_NDVI,aid0012,2023-07-28,1440611.0,-0.1994,0.9991,"(-0.1994,0.9991)",0.5646975,0.1187224,0.014095,0.6401,0.8421,0.5798,0.3034,0.5054
MOD13Q1_061__250m_16_days_NDVI_doy2023225000000_aid0012,_250m_16_days_NDVI,aid0012,2023-08-13,1440616.0,-0.2,0.9416,"(-0.2,0.9416)",0.5694809,0.1165872,0.0135926,0.6433,0.8386,0.5857,0.3178,0.5131
MOD13Q1_061__250m_16_days_NDVI_doy2023241000000_aid0012,_250m_16_days_NDVI,aid0012,2023-08-29,1440260.0,-0.2,0.9453,"(-0.2,0.9453)",0.5857112,0.1246809,0.0155453,0.665,0.8754,0.6025,0.3143,0.5247
MOD13Q1_061__250m_16_days_NDVI_doy2023257000000_aid0012,_250m_16_days_NDVI,aid0012,2023-09-14,1440184.0,-0.2,0.994,"(-0.2,0.994)",0.6291885,0.1304163,0.0170084,0.7111,0.9179,0.6516,0.3664,0.5732
MOD13Q1_061__250m_16_days_NDVI_doy2023273000000_aid0012,_250m_16_days_NDVI,aid0012,2023-09-30,1440760.0,-0.2,0.9801,"(-0.2,0.9801)",0.6477039,0.1355495,0.0183737,0.7325,0.9437,0.6725,0.3805,0.5917
MOD13Q1_061__250m_16_days_NDVI_doy2023289000000_aid0012,_250m_16_days_NDVI,aid0012,2023-10-16,1441383.0,-0.1997,0.9861,"(-0.1997,0.9861)",0.6209515,0.133812,0.0179057,0.7027,0.91,0.6431,0.3572,0.5645
MOD13Q1_061__250m_16_days_NDVI_doy2023305000000_aid0012,_250m_16_days_NDVI,aid0012,2023-11-01,1441818.0,-0.2,0.9894,"(-0.2,0.9894)",0.657882,0.1401246,0.0196349,0.7494,0.9624,0.6926,0.3834,0.603
MOD13Q1_061__250m_16_days_NDVI_doy2023321000000_aid0012,_250m_16_days_NDVI,aid0012,2023-11-17,1441143.0,-0.1992,0.9758,"(-0.1992,0.9758)",0.6421888,0.1312459,0.0172255,0.7332,0.9557,0.6728,0.3557,0.5822
MOD13Q1_061__250m_16_days_NDVI_doy2023337000000_aid0012,_250m_16_days_NDVI,aid0012,2023-12-03,1440029.0,-0.2,0.9951,"(-0.2,0.9951)",0.6486229,0.1263051,0.015953,0.7359,0.9493,0.6828,0.3802,0.5936
MOD13Q1_061__250m_16_days_NDVI_doy2023353000000_aid0012,_250m_16_days_NDVI,aid0012,2023-12-19,1440236.0,-0.2,0.9852,"(-0.2,0.9852)",0.6644327,0.1260584,0.0158907,0.7442,0.9256,0.698,0.44,0.6225
MOD13Q1_061__250m_16_days_NDVI_doy2015353000000_aid0013,_250m_16_days_NDVI,aid0013,2015-12-19,1913108.0,-0.1996,0.9364,"(-0.1996,0.9364)",0.5219196,0.1404824,0.0197353,0.6305,0.9364,0.534,0.0873,0.4132
MOD13Q1_061__250m_16_days_NDVI_doy2016001000000_aid0013,_250m_16_days_NDVI,aid0013,2016-01-01,1913676.0,-0.2,0.9784,"(-0.2,0.9784)",0.5600776,0.1504763,0.0226431,0.6704,0.9784,0.5665,0.1254,0.4524
MOD13Q1_061__250m_16_days_NDVI_doy2016017000000_aid0013,_250m_16_days_NDVI,aid0013,2016-01-17,1913793.0,-0.2,0.9962,"(-0.2,0.9962)",0.5694855,0.1451074,0.0210561,0.6663,0.958,0.5678,0.1796,0.4716
MOD13Q1_061__250m_16_days_NDVI_doy2016033000000_aid0013,_250m_16_days_NDVI,aid0013,2016-02-02,1913234.0,-0.2,0.9984,"(-0.2,0.9984)",0.6694778,0.1355586,0.0183761,0.7602,0.9984,0.6717,0.3292,0.5878
MOD13Q1_061__250m_16_days_NDVI_doy2016049000000_aid0013,_250m_16_days_NDVI,aid0013,2016-02-18,1913125.0,-0.2,0.9959,"(-0.2,0.9959)",0.7029447,0.1319803,0.0174188,0.794,0.9959,0.7203,0.386,0.6308
MOD13Q1_061__250m_16_days_NDVI_doy2016065000000_aid0013,_250m_16_days_NDVI,aid0013,2016-03-05,1913124.0,-0.2,0.9943,"(-0.2,0.9943)",0.673395,0.1232401,0.0151881,0.7555,0.9754,0.6852,0.389,0.6089
MOD13Q1_061__250m_16_days_NDVI_doy2016081000000_aid0013,_250m_16_days_NDVI,aid0013,2016-03-21,1912535.0,-0.1993,0.9852,"(-0.1993,0.9852)",0.615554,0.1142437,0.0130516,0.6943,0.9064,0.631,0.3408,0.5529
MOD13Q1_061__250m_16_days_NDVI_doy2016097000000_aid0013,_250m_16_days_NDVI,aid0013,2016-04-06,1913268.0,-0.2,0.9915,"(-0.2,0.9915)",0.6087949,0.1333165,0.0177733,0.7052,0.9623,0.6399,0.27,0.5311
MOD13Q1_061__250m_16_days_NDVI_doy2016113000000_aid0013,_250m_16_days_NDVI,aid0013,2016-04-22,1912474.0,-0.2,0.9983,"(-0.2,0.9983)",0.5635718,0.1440825,0.0207598,0.6724,0.9877,0.5941,0.1469,0.4622
MOD13Q1_061__250m_16_days_NDVI_doy2016129000000_aid0013,_250m_16_days_NDVI,aid0013,2016-05-08,1913520.0,-0.2,0.9984,"(-0.2,0.9984)",0.548563,0.1443584,0.0208394,0.652,0.9566,0.5795,0.144,0.4488
MOD13Q1_061__250m_16_days_NDVI_doy2016145000000_aid0013,_250m_16_days_NDVI,aid0013,2016-05-24,1913657.0,-0.2,0.9972,"(-0.2,0.9972)",0.5384941,0.1355479,0.0183732,0.6328,0.9082,0.5619,0.1738,0.4492
MOD13Q1_061__250m_16_days_NDVI_doy2016161000000_aid0013,_250m_16_days_NDVI,aid0013,2016-06-09,1912289.0,-0.2,0.9835,"(-0.2,0.9835)",0.5311632,0.1287218,0.0165693,0.6182,0.8687,0.5502,0.2007,0.4512
MOD13Q1_061__250m_16_days_NDVI_doy2016177000000_aid0013,_250m_16_days_NDVI,aid0013,2016-06-25,1912569.0,-0.2,0.9665,"(-0.2,0.9665)",0.5243777,0.1299365,0.0168835,0.6137,0.8726,0.5436,0.1823,0.4411
MOD13Q1_061__250m_16_days_NDVI_doy2016193000000_aid0013,_250m_16_days_NDVI,aid0013,2016-07-11,1913223.0,-0.2,0.993,"(-0.2,0.993)",0.516102,0.1271598,0.0161696,0.6049,0.8624,0.5353,0.1757,0.4332
MOD13Q1_061__250m_16_days_NDVI_doy2016209000000_aid0013,_250m_16_days_NDVI,aid0013,2016-07-27,1912265.0,-0.2,0.9675,"(-0.2,0.9675)",0.5134177,0.1308786,0.0171292,0.606,0.8721,0.5337,0.1625,0.4286
MOD13Q1_061__250m_16_days_NDVI_doy2016225000000_aid0013,_250m_16_days_NDVI,aid0013,2016-08-12,1912561.0,-0.2,0.9622,"(-0.2,0.9622)",0.5295812,0.1325754,0.0175762,0.6244,0.8942,0.5529,0.1744,0.4444
MOD13Q1_061__250m_16_days_NDVI_doy2016241000000_aid0013,_250m_16_days_NDVI,aid0013,2016-08-28,1913352.0,-0.2,0.9376,"(-0.2,0.9376)",0.5359342,0.1330975,0.0177149,0.6318,0.9034,0.5614,0.1788,0.4506
MOD13Q1_061__250m_16_days_NDVI_doy2016257000000_aid0013,_250m_16_days_NDVI,aid0013,2016-09-13,1913264.0,-0.1992,0.9988,"(-0.1992,0.9988)",0.5656524,0.1357359,0.0184242,0.6623,0.923,0.5902,0.2236,0.4868
MOD13Q1_061__250m_16_days_NDVI_doy2016273000000_aid0013,_250m_16_days_NDVI,aid0013,2016-09-29,1913721.0,-0.1996,0.9988,"(-0.1996,0.9988)",0.5980099,0.1409599,0.0198697,0.6968,0.9562,0.6282,0.2618,0.5228
MOD13Q1_061__250m_16_days_NDVI_doy2016289000000_aid0013,_250m_16_days_NDVI,aid0013,2016-10-15,1913959.0,-0.2,0.9988,"(-0.2,0.9988)",0.6091832,0.1617987,0.0261788,0.7246,0.9988,0.6462,0.2149,0.5207
MOD13Q1_061__250m_16_days_NDVI_doy2016305000000_aid0013,_250m_16_days_NDVI,aid0013,2016-10-31,1913132.0,-0.2,0.9661,"(-0.2,0.9661)",0.6230411,0.1591069,0.025315,0.7384,0.9661,0.658,0.2404,0.5392
MOD13Q1_061__250m_16_days_NDVI_doy2016321000000_aid0013,_250m_16_days_NDVI,aid0013,2016-11-16,1913519.0,-0.2,0.9262,"(-0.2,0.9262)",0.5379768,0.1362998,0.0185776,0.6381,0.9152,0.5559,0.1749,0.4528
MOD13Q1_061__250m_16_days_NDVI_doy2016337000000_aid0013,_250m_16_days_NDVI,aid0013,2016-12-02,1912949.0,-0.2,0.9101,"(-0.2,0.9101)",0.4540303,0.1144846,0.0131067,0.5378,0.7872,0.4547,0.1221,0.3715
MOD13Q1_061__250m_16_days_NDVI_doy2016353000000_aid0013,_250m_16_days_NDVI,aid0013,2016-12-18,1913231.0,-0.2,0.9145,"(-0.2,0.9145)",0.4355337,0.1194941,0.0142788,0.5133,0.7615,0.4317,0.0996,0.3478
MOD13Q1_061__250m_16_days_NDVI_doy2017001000000_aid0013,_250m_16_days_NDVI,aid0013,2017-01-01,1913314.0,-0.2,0.9579,"(-0.2,0.9579)",0.4614486,0.1349234,0.0182043,0.5516,0.8351,0.4542,0.0792,0.3626
MOD13Q1_061__250m_16_days_NDVI_doy2017017000000_aid0013,_250m_16_days_NDVI,aid0013,2017-01-17,1912888.0,-0.1996,0.9575,"(-0.1996,0.9575)",0.4823267,0.1486069,0.022084,0.5904,0.9264,0.4733,0.0307,0.3664
MOD13Q1_061__250m_16_days_NDVI_doy2017033000000_aid0013,_250m_16_days_NDVI,aid0013,2017-02-02,1912282.0,-0.1997,0.9978,"(-0.1997,0.9978)",0.5846073,0.1565392,0.0245045,0.7116,0.9978,0.5889,0.1014,0.4675
MOD13Q1_061__250m_16_days_NDVI_doy2017049000000_aid0013,_250m_16_days_NDVI,aid0013,2017-02-18,1913891.0,-0.2,0.9861,"(-0.2,0.9861)",0.6689032,0.1313753,0.0172595,0.7625,0.9861,0.6891,0.3548,0.5994
MOD13Q1_061__250m_16_days_NDVI_doy2017065000000_aid0013,_250m_16_days_NDVI,aid0013,2017-03-06,1913542.0,-0.2,0.9965,"(-0.2,0.9965)",0.702516,0.1246326,0.0155333,0.7878,0.9965,0.7241,0.4303,0.6448
MOD13Q1_061__250m_16_days_NDVI_doy2017081000000_aid0013,_250m_16_days_NDVI,aid0013,2017-03-22,1913296.0,-0.2,0.9957,"(-0.2,0.9957)",0.6834906,0.1198741,0.0143698,0.7633,0.9583,0.7081,0.4346,0.6318
MOD13Q1_061__250m_16_days_NDVI_doy2017097000000_aid0013,_250m_16_days_NDVI,aid0013,2017-04-07,1913058.0,-0.2,0.9923,"(-0.2,0.9923)",0.6314064,0.1354233,0.0183395,0.7294,0.988,0.6657,0.2962,0.5561
MOD13Q1_061__250m_16_days_NDVI_doy2017113000000_aid0013,_250m_16_days_NDVI,aid0013,2017-04-23,1912926.0,-0.1997,0.9383,"(-0.1997,0.9383)",0.6037121,0.1389238,0.0192998,0.7058,0.9383,0.6368,0.2308,0.5158
MOD13Q1_061__250m_16_days_NDVI_doy2017129000000_aid0013,_250m_16_days_NDVI,aid0013,2017-05-09,1913542.0,-0.2,0.9955,"(-0.2,0.9955)",0.59669,0.1442154,0.0207981,0.7042,0.9955,0.6365,0.1925,0.4995
MOD13Q1_061__250m_16_days_NDVI_doy2017145000000_aid0013,_250m_16_days_NDVI,aid0013,2017-05-25,1912893.0,-0.2,0.9674,"(-0.2,0.9674)",0.5858876,0.1427538,0.0203786,0.6887,0.9674,0.6222,0.207,0.496
MOD13Q1_061__250m_16_days_NDVI_doy2017161000000_aid0013,_250m_16_days_NDVI,aid0013,2017-06-10,1913583.0,-0.2,0.9626,"(-0.2,0.9626)",0.5516382,0.1379597,0.0190329,0.6513,0.934,0.5847,0.1688,0.4583
MOD13Q1_061__250m_16_days_NDVI_doy2017177000000_aid0013,_250m_16_days_NDVI,aid0013,2017-06-26,1913130.0,-0.2,0.9666,"(-0.2,0.9666)",0.5389428,0.1405804,0.0197628,0.6411,0.9399,0.5683,0.1431,0.4419
MOD13Q1_061__250m_16_days_NDVI_doy2017193000000_aid0013,_250m_16_days_NDVI,aid0013,2017-07-12,1913084.0,-0.1994,0.9529,"(-0.1994,0.9529)",0.5586385,0.1327055,0.0176107,0.6535,0.9176,0.5871,0.2113,0.4766
MOD13Q1_061__250m_16_days_NDVI_doy2017209000000_aid0013,_250m_16_days_NDVI,aid0013,2017-07-28,1913684.0,-0.2,0.9945,"(-0.2,0.9945)",0.5596727,0.1307397,0.0170929,0.6529,0.9056,0.5857,0.2299,0.4837
MOD13Q1_061__250m_16_days_NDVI_doy2017225000000_aid0013,_250m_16_days_NDVI,aid0013,2017-08-13,1913304.0,-0.2,0.9376,"(-0.2,0.9376)",0.5539372,0.1391922,0.0193745,0.6535,0.922,0.5801,0.194,0.4697
MOD13Q1_061__250m_16_days_NDVI_doy2017241000000_aid0013,_250m_16_days_NDVI,aid0013,2017-08-29,1912490.0,-0.2,0.9358,"(-0.2,0.9358)",0.6041097,0.1388844,0.0192889,0.6978,0.9358,0.6344,0.2933,0.536
MOD13Q1_061__250m_16_days_NDVI_doy2017257000000_aid0013,_250m_16_days_NDVI,aid0013,2017-09-14,1912200.0,-0.2,0.9928,"(-0.2,0.9928)",0.6155043,0.1384237,0.0191611,0.7057,0.935,0.6435,0.323,0.5526
MOD13Q1_061__250m_16_days_NDVI_doy2017273000000_aid0013,_250m_16_days_NDVI,aid0013,2017-09-30,1913267.0,-0.2,0.9988,"(-0.2,0.9988)",0.626351,0.1417089,0.0200814,0.7187,0.9493,0.657,0.3342,0.5649
MOD13Q1_061__250m_16_days_NDVI_doy2017289000000_aid0013,_250m_16_days_NDVI,aid0013,2017-10-16,1913752.0,-0.2,0.9692,"(-0.2,0.9692)",0.6310598,0.1500037,0.0225011,0.7318,0.9692,0.666,0.3071,0.5619
MOD13Q1_061__250m_16_days_NDVI_doy2017305000000_aid0013,_250m_16_days_NDVI,aid0013,2017-11-01,1913418.0,-0.2,0.999,"(-0.2,0.999)",0.634383,0.1488008,0.0221417,0.7412,0.999,0.6773,0.2857,0.559
MOD13Q1_061__250m_16_days_NDVI_doy2017321000000_aid0013,_250m_16_days_NDVI,aid0013,2017-11-17,1913697.0,-0.1997,0.9921,"(-0.1997,0.9921)",0.6076523,0.1472126,0.0216715,0.7163,0.9921,0.6425,0.2418,0.5265
MOD13Q1_061__250m_16_days_NDVI_doy2017337000000_aid0013,_250m_16_days_NDVI,aid0013,2017-12-03,1912980.0,-0.1989,0.9726,"(-0.1989,0.9726)",0.5577257,0.1277144,0.016311,0.652,0.907,0.5813,0.2195,0.479
MOD13Q1_061__250m_16_days_NDVI_doy2017353000000_aid0013,_250m_16_days_NDVI,aid0013,2017-12-19,1913751.0,-0.2,0.984,"(-0.2,0.984)",0.5398645,0.1410644,0.0198992,0.648,0.9383,0.5519,0.1288,0.4403
MOD13Q1_061__250m_16_days_NDVI_doy2018001000000_aid0013,_250m_16_days_NDVI,aid0013,2018-01-01,1913031.0,-0.2,0.9327,"(-0.2,0.9327)",0.5237759,0.1417738,0.0200998,0.6287,0.9327,0.5259,0.11,0.4212
MOD13Q1_061__250m_16_days_NDVI_doy2018017000000_aid0013,_250m_16_days_NDVI,aid0013,2018-01-17,1913083.0,-0.2,0.9846,"(-0.2,0.9846)",0.5752768,0.1530658,0.0234291,0.6981,0.9846,0.5837,0.0976,0.4579
MOD13Q1_061__250m_16_days_NDVI_doy2018033000000_aid0013,_250m_16_days_NDVI,aid0013,2018-02-02,1912719.0,-0.2,0.9582,"(-0.2,0.9582)",0.5699607,0.1518615,0.0230619,0.6868,0.9582,0.5797,0.0938,0.4496
MOD13Q1_061__250m_16_days_NDVI_doy2018049000000_aid0013,_250m_16_days_NDVI,aid0013,2018-02-18,1912549.0,-0.2,0.9935,"(-0.2,0.9935)",0.5632484,0.1481198,0.0219395,0.6744,0.9935,0.5713,0.1064,0.4472
MOD13Q1_061__250m_16_days_NDVI_doy2018065000000_aid0013,_250m_16_days_NDVI,aid0013,2018-03-06,1913598.0,-0.2,0.9791,"(-0.2,0.9791)",0.5677602,0.1481282,0.021942,0.6812,0.9791,0.5793,0.1077,0.4518
MOD13Q1_061__250m_16_days_NDVI_doy2018081000000_aid0013,_250m_16_days_NDVI,aid0013,2018-03-22,1912674.0,-0.2,0.9884,"(-0.2,0.9884)",0.5628781,0.1308178,0.0171133,0.6623,0.9505,0.575,0.1723,0.4663
MOD13Q1_061__250m_16_days_NDVI_doy2018097000000_aid0013,_250m_16_days_NDVI,aid0013,2018-04-07,1912980.0,-0.2,0.9853,"(-0.2,0.9853)",0.5674379,0.125196,0.015674,0.6652,0.9324,0.5771,0.1983,0.4784
MOD13Q1_061__250m_16_days_NDVI_doy2018113000000_aid0013,_250m_16_days_NDVI,aid0013,2018-04-23,1912672.0,-0.2,0.9996,"(-0.2,0.9996)",0.5789531,0.1447454,0.0209512,0.6907,0.9996,0.60315,0.151,0.4748
MOD13Q1_061__250m_16_days_NDVI_doy2018129000000_aid0013,_250m_16_days_NDVI,aid0013,2018-05-09,1913103.0,-0.2,0.9964,"(-0.2,0.9964)",0.6447373,0.1546794,0.0239257,0.7623,0.9964,0.6899,0.2216,0.546
MOD13Q1_061__250m_16_days_NDVI_doy2018145000000_aid0013,_250m_16_days_NDVI,aid0013,2018-05-25,1913589.0,-0.2,0.9945,"(-0.2,0.9945)",0.6003872,0.1508465,0.0227547,0.7143,0.9945,0.641,0.1788,0.5001
MOD13Q1_061__250m_16_days_NDVI_doy2018161000000_aid0013,_250m_16_days_NDVI,aid0013,2018-06-10,1912310.0,-0.2,0.9571,"(-0.2,0.9571)",0.60169,0.1475186,0.0217617,0.7112,0.9571,0.6385,0.2012,0.5072
MOD13Q1_061__250m_16_days_NDVI_doy2018177000000_aid0013,_250m_16_days_NDVI,aid0013,2018-06-26,1912405.0,-0.2,0.9706,"(-0.2,0.9706)",0.5356212,0.1384512,0.0191687,0.6373,0.9316,0.5656,0.1468,0.4411
MOD13Q1_061__250m_16_days_NDVI_doy2018193000000_aid0013,_250m_16_days_NDVI,aid0013,2018-07-12,1912482.0,-0.2,0.9786,"(-0.2,0.9786)",0.5298184,0.1435797,0.0206151,0.6374,0.9314,0.561,0.1122,0.4273
MOD13Q1_061__250m_16_days_NDVI_doy2018209000000_aid0013,_250m_16_days_NDVI,aid0013,2018-07-28,1912993.0,-0.2,0.9286,"(-0.2,0.9286)",0.5235101,0.1385953,0.0192087,0.628,0.9286,0.5513,0.123,0.426
MOD13Q1_061__250m_16_days_NDVI_doy2018225000000_aid0013,_250m_16_days_NDVI,aid0013,2018-08-13,1913655.0,-0.2,0.9687,"(-0.2,0.9687)",0.561857,0.1324137,0.0175334,0.6579,0.9188,0.59,0.2222,0.4836
MOD13Q1_061__250m_16_days_NDVI_doy2018241000000_aid0013,_250m_16_days_NDVI,aid0013,2018-08-29,1913027.0,-0.2,0.9985,"(-0.2,0.9985)",0.5761897,0.1290939,0.0166652,0.6642,0.8979,0.6015,0.2747,0.5084
MOD13Q1_061__250m_16_days_NDVI_doy2018257000000_aid0013,_250m_16_days_NDVI,aid0013,2018-09-14,1913375.0,-0.2,0.9907,"(-0.2,0.9907)",0.6659626,0.1476317,0.0217951,0.7657,0.9907,0.7023,0.3537,0.6009
MOD13Q1_061__250m_16_days_NDVI_doy2018273000000_aid0013,_250m_16_days_NDVI,aid0013,2018-09-30,1913198.0,-0.2,0.9968,"(-0.2,0.9968)",0.6722436,0.1529915,0.0234064,0.7741,0.9968,0.7076,0.3556,0.6067
MOD13Q1_061__250m_16_days_NDVI_doy2018289000000_aid0013,_250m_16_days_NDVI,aid0013,2018-10-16,1914428.0,-0.2,0.9994,"(-0.2,0.9994)",0.654793,0.1506023,0.0226811,0.7593,0.9994,0.6897,0.3076,0.5786
MOD13Q1_061__250m_16_days_NDVI_doy2018305000000_aid0013,_250m_16_days_NDVI,aid0013,2018-11-01,1913159.0,-0.2,0.9846,"(-0.2,0.9846)",0.6716234,0.1535395,0.0235744,0.7794,0.9846,0.7095,0.3402,0.6037
MOD13Q1_061__250m_16_days_NDVI_doy2018321000000_aid0013,_250m_16_days_NDVI,aid0013,2018-11-17,1914602.0,-0.2,0.9952,"(-0.2,0.9952)",0.6498521,0.1492517,0.0222761,0.7615,0.9952,0.6859,0.2985,0.5763
MOD13Q1_061__250m_16_days_NDVI_doy2018337000000_aid0013,_250m_16_days_NDVI,aid0013,2018-12-03,1913152.0,-0.2,0.9972,"(-0.2,0.9972)",0.5708683,0.1351736,0.0182719,0.6747,0.9234,0.5913,0.2045,0.4866
MOD13Q1_061__250m_16_days_NDVI_doy2018353000000_aid0013,_250m_16_days_NDVI,aid0013,2018-12-19,1913169.0,-0.2,0.9722,"(-0.2,0.9722)",0.5476265,0.1523142,0.0231996,0.6718,0.9722,0.5641,0.0736,0.4325
MOD13Q1_061__250m_16_days_NDVI_doy2019001000000_aid0013,_250m_16_days_NDVI,aid0013,2019-01-01,1913242.0,-0.1997,0.9991,"(-0.1997,0.9991)",0.6048587,0.1521537,0.0231507,0.7198,0.9991,0.6302,0.1956,0.5101
MOD13Q1_061__250m_16_days_NDVI_doy2019017000000_aid0013,_250m_16_days_NDVI,aid0013,2019-01-17,1914802.0,-0.2,0.9811,"(-0.2,0.9811)",0.6360274,0.1408855,0.0198487,0.739,0.9811,0.6562,0.2683,0.5507
MOD13Q1_061__250m_16_days_NDVI_doy2019033000000_aid0013,_250m_16_days_NDVI,aid0013,2019-02-02,1912957.0,-0.2,0.9695,"(-0.2,0.9695)",0.6264401,0.1304226,0.0170101,0.7152,0.9695,0.6417,0.2875,0.5441
MOD13Q1_061__250m_16_days_NDVI_doy2019049000000_aid0013,_250m_16_days_NDVI,aid0013,2019-02-18,1913339.0,-0.2,0.9875,"(-0.2,0.9875)",0.6295797,0.1312501,0.0172266,0.7169,0.9609,0.6448,0.2972,0.549
MOD13Q1_061__250m_16_days_NDVI_doy2019065000000_aid0013,_250m_16_days_NDVI,aid0013,2019-03-06,1913644.0,-0.1993,0.9909,"(-0.1993,0.9909)",0.6492937,0.1293895,0.0167416,0.7345,0.9575,0.6704,0.3385,0.5761
MOD13Q1_061__250m_16_days_NDVI_doy2019081000000_aid0013,_250m_16_days_NDVI,aid0013,2019-03-22,1912924.0,-0.2,0.9972,"(-0.2,0.9972)",0.6417577,0.1216759,0.014805,0.7251,0.9489,0.6604,0.3499,0.575
MOD13Q1_061__250m_16_days_NDVI_doy2019097000000_aid0013,_250m_16_days_NDVI,aid0013,2019-04-07,1913405.0,-0.2,0.9569,"(-0.2,0.9569)",0.6115326,0.1187506,0.0141017,0.6954,0.9252,0.6305,0.3102,0.5413
MOD13Q1_061__250m_16_days_NDVI_doy2019113000000_aid0013,_250m_16_days_NDVI,aid0013,2019-04-23,1912861.0,-0.2,0.9783,"(-0.2,0.9783)",0.5619487,0.1325406,0.017567,0.662,0.9473,0.582,0.1815,0.4698
MOD13Q1_061__250m_16_days_NDVI_doy2019129000000_aid0013,_250m_16_days_NDVI,aid0013,2019-05-09,1912094.0,-0.2,0.9551,"(-0.2,0.9551)",0.5389702,0.1376219,0.0189398,0.639,0.9272,0.5568,0.1528,0.4445
MOD13Q1_061__250m_16_days_NDVI_doy2019145000000_aid0013,_250m_16_days_NDVI,aid0013,2019-05-25,1912947.0,-0.1995,0.9536,"(-0.1995,0.9536)",0.5133287,0.1312119,0.0172166,0.6042,0.8766,0.5333,0.1502,0.4226
MOD13Q1_061__250m_16_days_NDVI_doy2019161000000_aid0013,_250m_16_days_NDVI,aid0013,2019-06-10,1914007.0,-0.1995,0.9639,"(-0.1995,0.9639)",0.5086604,0.1432355,0.0205164,0.6088,0.9139,0.5305,0.1001,0.4053
MOD13Q1_061__250m_16_days_NDVI_doy2019177000000_aid0013,_250m_16_days_NDVI,aid0013,2019-06-26,1913535.0,-0.1993,0.987,"(-0.1993,0.987)",0.5078962,0.1356839,0.0184101,0.6024,0.8808,0.5237,0.1384,0.4168
MOD13Q1_061__250m_16_days_NDVI_doy2019193000000_aid0013,_250m_16_days_NDVI,aid0013,2019-07-12,1912416.0,-0.2,0.9572,"(-0.2,0.9572)",0.4960415,0.1266965,0.016052,0.5841,0.8439,0.51,0.1511,0.4109
MOD13Q1_061__250m_16_days_NDVI_doy2019209000000_aid0013,_250m_16_days_NDVI,aid0013,2019-07-28,1912896.0,-0.2,0.9442,"(-0.2,0.9442)",0.4863196,0.1262992,0.0159515,0.5737,0.832,0.4972,0.1432,0.4015
MOD13Q1_061__250m_16_days_NDVI_doy2019225000000_aid0013,_250m_16_days_NDVI,aid0013,2019-08-13,1912550.0,-0.2,0.943,"(-0.2,0.943)",0.4702666,0.1137075,0.0129294,0.5475,0.7761,0.4763,0.1665,0.3951
MOD13Q1_061__250m_16_days_NDVI_doy2019241000000_aid0013,_250m_16_days_NDVI,aid0013,2019-08-29,1913517.0,-0.2,0.9715,"(-0.2,0.9715)",0.5108005,0.121659,0.0148009,0.5893,0.8182,0.5162,0.2078,0.4367
MOD13Q1_061__250m_16_days_NDVI_doy2019257000000_aid0013,_250m_16_days_NDVI,aid0013,2019-09-14,1912765.0,-0.2,0.9476,"(-0.2,0.9476)",0.5219104,0.1290208,0.0166464,0.6029,0.8414,0.5245,0.2054,0.4439
MOD13Q1_061__250m_16_days_NDVI_doy2019273000000_aid0013,_250m_16_days_NDVI,aid0013,2019-09-30,1913221.0,-0.2,0.985,"(-0.2,0.985)",0.5365826,0.1375053,0.0189077,0.6202,0.8684,0.5379,0.2065,0.4547
MOD13Q1_061__250m_16_days_NDVI_doy2019289000000_aid0013,_250m_16_days_NDVI,aid0013,2019-10-16,1912921.0,-0.2,0.9814,"(-0.2,0.9814)",0.59273,0.1498228,0.0224469,0.6931,0.9675,0.6131,0.2336,0.5093
MOD13Q1_061__250m_16_days_NDVI_doy2019305000000_aid0013,_250m_16_days_NDVI,aid0013,2019-11-01,1914354.0,-0.2,0.999,"(-0.2,0.999)",0.5925217,0.1538542,0.0236711,0.7071,0.999,0.6172,0.1699,0.4922
MOD13Q1_061__250m_16_days_NDVI_doy2019321000000_aid0013,_250m_16_days_NDVI,aid0013,2019-11-17,1913925.0,-0.1993,0.9886,"(-0.1993,0.9886)",0.5657772,0.1459937,0.0213142,0.6828,0.9886,0.5822,0.1296,0.4615
MOD13Q1_061__250m_16_days_NDVI_doy2019337000000_aid0013,_250m_16_days_NDVI,aid0013,2019-12-03,1913709.0,-0.1994,0.9866,"(-0.1994,0.9866)",0.4930511,0.140657,0.0197844,0.6108,0.9266,0.4869,0.0358,0.3807
MOD13Q1_061__250m_16_days_NDVI_doy2019353000000_aid0013,_250m_16_days_NDVI,aid0013,2019-12-19,1913431.0,-0.1998,0.9629,"(-0.1998,0.9629)",0.4999393,0.1551814,0.0240813,0.6233,0.9629,0.4983,-0.0019,0.3732
MOD13Q1_061__250m_16_days_NDVI_doy2020001000000_aid0013,_250m_16_days_NDVI,aid0013,2020-01-01,1914953.0,-0.2,0.9966,"(-0.2,0.9966)",0.5479942,0.153308,0.0235033,0.6689,0.9966,0.5635,0.0764,0.4319
MOD13Q1_061__250m_16_days_NDVI_doy2020017000000_aid0013,_250m_16_days_NDVI,aid0013,2020-01-17,1914830.0,-0.2,0.9822,"(-0.2,0.9822)",0.5588324,0.1481919,0.0219608,0.6713,0.9822,0.5774,0.1116,0.4474
MOD13Q1_061__250m_16_days_NDVI_doy2020033000000_aid0013,_250m_16_days_NDVI,aid0013,2020-02-02,1914885.0,-0.2,0.9958,"(-0.2,0.9958)",0.6006864,0.1381891,0.0190962,0.693,0.966,0.6178,0.2365,0.5104
MOD13Q1_061__250m_16_days_NDVI_doy2020049000000_aid0013,_250m_16_days_NDVI,aid0013,2020-02-18,1914495.0,-0.2,0.999,"(-0.2,0.999)",0.6465553,0.1314826,0.0172877,0.7378,0.9867,0.6648,0.3113,0.5672
MOD13Q1_061__250m_16_days_NDVI_doy2020065000000_aid0013,_250m_16_days_NDVI,aid0013,2020-03-05,1913249.0,-0.2,0.9975,"(-0.2,0.9975)",0.6183368,0.1365915,0.0186572,0.7188,0.9975,0.6391,0.2496,0.5311
MOD13Q1_061__250m_16_days_NDVI_doy2020081000000_aid0013,_250m_16_days_NDVI,aid0013,2020-03-21,1913971.0,-0.2,0.9985,"(-0.2,0.9985)",0.6496419,0.127267,0.0161969,0.7385,0.9539,0.6782,0.3563,0.5856
MOD13Q1_061__250m_16_days_NDVI_doy2020097000000_aid0013,_250m_16_days_NDVI,aid0013,2020-04-06,1913395.0,-0.2,0.995,"(-0.2,0.995)",0.633443,0.130368,0.0169958,0.7259,0.9546,0.6631,0.3219,0.5643
MOD13Q1_061__250m_16_days_NDVI_doy2020113000000_aid0013,_250m_16_days_NDVI,aid0013,2020-04-22,1913998.0,-0.2,0.9962,"(-0.2,0.9962)",0.6001584,0.1373712,0.0188709,0.7,0.9759,0.6351,0.2345,0.5138
MOD13Q1_061__250m_16_days_NDVI_doy2020129000000_aid0013,_250m_16_days_NDVI,aid0013,2020-05-08,1914092.0,-0.2,0.985,"(-0.2,0.985)",0.5815534,0.1393715,0.0194244,0.6814,0.9642,0.6154,0.2069,0.4916
MOD13Q1_061__250m_16_days_NDVI_doy2020145000000_aid0013,_250m_16_days_NDVI,aid0013,2020-05-24,1913562.0,-0.2,0.9922,"(-0.2,0.9922)",0.5647113,0.140985,0.0198768,0.6652,0.9434,0.5962,0.184,0.4727
MOD13Q1_061__250m_16_days_NDVI_doy2020161000000_aid0013,_250m_16_days_NDVI,aid0013,2020-06-09,1913710.0,-0.2,0.956,"(-0.2,0.956)",0.5589421,0.1403856,0.0197081,0.659,0.9417,0.5903,0.1845,0.4692
MOD13Q1_061__250m_16_days_NDVI_doy2020177000000_aid0013,_250m_16_days_NDVI,aid0013,2020-06-25,1914125.0,-0.2,0.9841,"(-0.2,0.9841)",0.5402086,0.1368466,0.018727,0.6395,0.9235,0.5683,0.1648,0.4496
MOD13Q1_061__250m_16_days_NDVI_doy2020193000000_aid0013,_250m_16_days_NDVI,aid0013,2020-07-11,1914749.0,-0.2,0.9788,"(-0.2,0.9788)",0.5164093,0.1297521,0.0168356,0.6089,0.8712,0.5374,0.1717,0.434
MOD13Q1_061__250m_16_days_NDVI_doy2020209000000_aid0013,_250m_16_days_NDVI,aid0013,2020-07-27,1913457.0,-0.2,0.9845,"(-0.2,0.9845)",0.5339606,0.1286741,0.016557,0.6253,0.8804,0.5566,0.2001,0.4552
MOD13Q1_061__250m_16_days_NDVI_doy2020225000000_aid0013,_250m_16_days_NDVI,aid0013,2020-08-12,1913293.0,-0.2,0.9487,"(-0.2,0.9487)",0.5272619,0.1256516,0.0157883,0.6149,0.8604,0.5471,0.2057,0.4512
MOD13Q1_061__250m_16_days_NDVI_doy2020241000000_aid0013,_250m_16_days_NDVI,aid0013,2020-08-28,1912840.0,-0.2,0.9852,"(-0.2,0.9852)",0.5419974,0.1218833,0.0148555,0.6238,0.8474,0.5589,0.2511,0.4747
MOD13Q1_061__250m_16_days_NDVI_doy2020257000000_aid0013,_250m_16_days_NDVI,aid0013,2020-09-13,1913810.0,-0.2,0.9404,"(-0.2,0.9404)",0.5412358,0.1221088,0.0149106,0.6197,0.8337,0.5561,0.263,0.477
MOD13Q1_061__250m_16_days_NDVI_doy2020273000000_aid0013,_250m_16_days_NDVI,aid0013,2020-09-29,1913222.0,-0.2,0.956,"(-0.2,0.956)",0.5917055,0.1398855,0.019568,0.6784,0.905,0.611,0.3007,0.5273
MOD13Q1_061__250m_16_days_NDVI_doy2020289000000_aid0013,_250m_16_days_NDVI,aid0013,2020-10-15,1913542.0,-0.2,0.9906,"(-0.2,0.9906)",0.6491708,0.1517312,0.0230224,0.7457,0.9818,0.6777,0.3422,0.5843
MOD13Q1_061__250m_16_days_NDVI_doy2020305000000_aid0013,_250m_16_days_NDVI,aid0013,2020-10-31,1913251.0,-0.2,0.9877,"(-0.2,0.9877)",0.6235836,0.1602387,0.0256764,0.7334,0.9877,0.6575,0.2529,0.5412
MOD13Q1_061__250m_16_days_NDVI_doy2020321000000_aid0013,_250m_16_days_NDVI,aid0013,2020-11-16,1913337.0,-0.2,0.9987,"(-0.2,0.9987)",0.6235246,0.1479805,0.0218982,0.7362,0.9987,0.6527,0.2305,0.5339
MOD13Q1_061__250m_16_days_NDVI_doy2020337000000_aid0013,_250m_16_days_NDVI,aid0013,2020-12-02,1913432.0,-0.1989,0.9982,"(-0.1989,0.9982)",0.5160069,0.1335787,0.0178433,0.6227,0.9356,0.5234,0.0957,0.4119
MOD13Q1_061__250m_16_days_NDVI_doy2020353000000_aid0013,_250m_16_days_NDVI,aid0013,2020-12-18,1913068.0,-0.2,0.9466,"(-0.2,0.9466)",0.4666076,0.1332985,0.0177685,0.5549,0.8345,0.4657,0.0889,0.3685
MOD13Q1_061__250m_16_days_NDVI_doy2021001000000_aid0013,_250m_16_days_NDVI,aid0013,2021-01-01,1913469.0,-0.2,0.9863,"(-0.2,0.9863)",0.5383901,0.1466058,0.0214933,0.6285,0.8968,0.5392,0.1813,0.4496
MOD13Q1_061__250m_16_days_NDVI_doy2021017000000_aid0013,_250m_16_days_NDVI,aid0013,2021-01-17,1913573.0,-0.2,0.9424,"(-0.2,0.9424)",0.5935789,0.1361081,0.0185254,0.6871,0.9424,0.6039,0.2414,0.5088
MOD13Q1_061__250m_16_days_NDVI_doy2021033000000_aid0013,_250m_16_days_NDVI,aid0013,2021-02-02,1914507.0,-0.1996,0.9518,"(-0.1996,0.9518)",0.5979437,0.1351149,0.018256,0.6948,0.9518,0.6042,0.2318,0.5096
MOD13Q1_061__250m_16_days_NDVI_doy2021049000000_aid0013,_250m_16_days_NDVI,aid0013,2021-02-18,1912886.0,-0.2,0.9684,"(-0.2,0.9684)",0.6356443,0.1447891,0.0209639,0.7449,0.9684,0.656,0.2314,0.5395
MOD13Q1_061__250m_16_days_NDVI_doy2021065000000_aid0013,_250m_16_days_NDVI,aid0013,2021-03-06,1912604.0,-0.2,0.9869,"(-0.2,0.9869)",0.6006059,0.1407709,0.0198164,0.7109,0.9869,0.6088,0.1924,0.5035
MOD13Q1_061__250m_16_days_NDVI_doy2021081000000_aid0013,_250m_16_days_NDVI,aid0013,2021-03-22,1912842.0,-0.2,0.9852,"(-0.2,0.9852)",0.6306062,0.128038,0.0163937,0.7213,0.9571,0.6457,0.3246,0.5626
MOD13Q1_061__250m_16_days_NDVI_doy2021097000000_aid0013,_250m_16_days_NDVI,aid0013,2021-04-07,1912597.0,-0.2,0.9924,"(-0.2,0.9924)",0.6468964,0.1322402,0.0174875,0.7421,0.9724,0.6797,0.3351,0.5793
MOD13Q1_061__250m_16_days_NDVI_doy2021113000000_aid0013,_250m_16_days_NDVI,aid0013,2021-04-23,1912258.0,-0.2,0.9957,"(-0.2,0.9957)",0.6375212,0.1458799,0.021281,0.7461,0.9957,0.6807,0.2524,0.5486
MOD13Q1_061__250m_16_days_NDVI_doy2021129000000_aid0013,_250m_16_days_NDVI,aid0013,2021-05-09,1913252.0,-0.2,0.9662,"(-0.2,0.9662)",0.5975685,0.1495726,0.0223719,0.7096,0.9662,0.6417,0.1684,0.4931
MOD13Q1_061__250m_16_days_NDVI_doy2021145000000_aid0013,_250m_16_days_NDVI,aid0013,2021-05-25,1913880.0,-0.2,0.9727,"(-0.2,0.9727)",0.5578437,0.1498831,0.022465,0.6698,0.9727,0.5998,0.1089,0.4454
MOD13Q1_061__250m_16_days_NDVI_doy2021161000000_aid0013,_250m_16_days_NDVI,aid0013,2021-06-10,1912458.0,-0.2,0.9984,"(-0.2,0.9984)",0.5563774,0.145471,0.0211618,0.6643,0.9829,0.5944,0.1303,0.4507
MOD13Q1_061__250m_16_days_NDVI_doy2021177000000_aid0013,_250m_16_days_NDVI,aid0013,2021-06-26,1912373.0,-0.2,0.9626,"(-0.2,0.9626)",0.5265148,0.13314,0.0177263,0.6222,0.9011,0.5569,0.153,0.4345
MOD13Q1_061__250m_16_days_NDVI_doy2021193000000_aid0013,_250m_16_days_NDVI,aid0013,2021-07-12,1913784.0,-0.2,0.9771,"(-0.2,0.9771)",0.5145881,0.1223681,0.0149739,0.6014,0.8498,0.5371,0.1874,0.4358
MOD13Q1_061__250m_16_days_NDVI_doy2021209000000_aid0013,_250m_16_days_NDVI,aid0013,2021-07-28,1912665.0,-0.2,0.9222,"(-0.2,0.9222)",0.5220859,0.1191105,0.0141873,0.6012,0.8194,0.5407,0.2375,0.4557
MOD13Q1_061__250m_16_days_NDVI_doy2021225000000_aid0013,_250m_16_days_NDVI,aid0013,2021-08-13,1912304.0,-0.2,0.9337,"(-0.2,0.9337)",0.5315394,0.1221422,0.0149187,0.6104,0.8267,0.5455,0.2499,0.4662
MOD13Q1_061__250m_16_days_NDVI_doy2021241000000_aid0013,_250m_16_days_NDVI,aid0013,2021-08-29,1912851.0,-0.1995,0.9686,"(-0.1995,0.9686)",0.5852554,0.1308427,0.0171198,0.6655,0.8888,0.6002,0.2933,0.5166
MOD13Q1_061__250m_16_days_NDVI_doy2021257000000_aid0013,_250m_16_days_NDVI,aid0013,2021-09-14,1913165.0,-0.2,0.9918,"(-0.2,0.9918)",0.6210271,0.1531591,0.0234577,0.7188,0.9666,0.6418,0.2853,0.5454
MOD13Q1_061__250m_16_days_NDVI_doy2021273000000_aid0013,_250m_16_days_NDVI,aid0013,2021-09-30,1912461.0,-0.1994,0.9935,"(-0.1994,0.9935)",0.6586778,0.1534988,0.0235619,0.7555,0.9935,0.6863,0.355,0.5953
MOD13Q1_061__250m_16_days_NDVI_doy2021289000000_aid0013,_250m_16_days_NDVI,aid0013,2021-10-16,1912889.0,-0.2,0.9745,"(-0.2,0.9745)",0.6514536,0.1595123,0.0254442,0.7565,0.9745,0.6846,0.3128,0.579
MOD13Q1_061__250m_16_days_NDVI_doy2021305000000_aid0013,_250m_16_days_NDVI,aid0013,2021-11-01,1912865.0,-0.2,0.9927,"(-0.2,0.9927)",0.6279952,0.154593,0.023899,0.7388,0.9927,0.6605,0.2523,0.5442
MOD13Q1_061__250m_16_days_NDVI_doy2021321000000_aid0013,_250m_16_days_NDVI,aid0013,2021-11-17,1912747.0,-0.2,0.9245,"(-0.2,0.9245)",0.5474574,0.1307209,0.017088,0.6417,0.9046,0.5661,0.2035,0.4664
MOD13Q1_061__250m_16_days_NDVI_doy2021337000000_aid0013,_250m_16_days_NDVI,aid0013,2021-12-03,1913629.0,-0.2,0.9622,"(-0.2,0.9622)",0.5074387,0.1356489,0.0184006,0.6067,0.8978,0.5239,0.1215,0.4126
MOD13Q1_061__250m_16_days_NDVI_doy2021353000000_aid0013,_250m_16_days_NDVI,aid0013,2021-12-19,1913666.0,-0.2,0.9966,"(-0.2,0.9966)",0.5308029,0.1454978,0.0211696,0.6331,0.9326,0.5447,0.1214,0.4284
MOD13Q1_061__250m_16_days_NDVI_doy2022001000000_aid0013,_250m_16_days_NDVI,aid0013,2022-01-01,1912472.0,-0.2,0.9572,"(-0.2,0.9572)",0.4830036,0.1375106,0.0189092,0.5738,0.8645,0.4801,0.0893,0.38
MOD13Q1_061__250m_16_days_NDVI_doy2022017000000_aid0013,_250m_16_days_NDVI,aid0013,2022-01-17,1912483.0,-0.2,0.9916,"(-0.2,0.9916)",0.590804,0.1463696,0.0214241,0.7018,0.9916,0.6048,0.1728,0.4902
MOD13Q1_061__250m_16_days_NDVI_doy2022033000000_aid0013,_250m_16_days_NDVI,aid0013,2022-02-02,1912662.0,-0.1995,0.9979,"(-0.1995,0.9979)",0.6521017,0.1271511,0.0161674,0.7406,0.9783,0.6713,0.3409,0.5807
MOD13Q1_061__250m_16_days_NDVI_doy2022049000000_aid0013,_250m_16_days_NDVI,aid0013,2022-02-18,1912877.0,-0.2,0.9968,"(-0.2,0.9968)",0.6737859,0.1256489,0.0157876,0.7574,0.9623,0.6933,0.3879,0.6096
MOD13Q1_061__250m_16_days_NDVI_doy2022065000000_aid0013,_250m_16_days_NDVI,aid0013,2022-03-06,1912215.0,-0.2,0.9719,"(-0.2,0.9719)",0.6674464,0.1235092,0.0152545,0.7501,0.9628,0.6907,0.3889,0.6056
MOD13Q1_061__250m_16_days_NDVI_doy2022081000000_aid0013,_250m_16_days_NDVI,aid0013,2022-03-22,1913797.0,-0.2,0.9352,"(-0.2,0.9352)",0.6537966,0.128519,0.0165171,0.7409,0.9352,0.6818,0.3757,0.5948
MOD13Q1_061__250m_16_days_NDVI_doy2022097000000_aid0013,_250m_16_days_NDVI,aid0013,2022-04-07,1913304.0,-0.1998,0.9436,"(-0.1998,0.9436)",0.6236727,0.1263196,0.0159567,0.7084,0.924,0.6498,0.3489,0.5646
MOD13Q1_061__250m_16_days_NDVI_doy2022113000000_aid0013,_250m_16_days_NDVI,aid0013,2022-04-23,1913384.0,-0.2,0.9503,"(-0.2,0.9503)",0.5914995,0.1351044,0.0182532,0.6882,0.9503,0.6206,0.2435,0.5103
MOD13Q1_061__250m_16_days_NDVI_doy2022129000000_aid0013,_250m_16_days_NDVI,aid0013,2022-05-09,1912777.0,-0.2,0.9651,"(-0.2,0.9651)",0.5545766,0.1344773,0.0180841,0.6481,0.9195,0.5783,0.1946,0.4667
MOD13Q1_061__250m_16_days_NDVI_doy2022145000000_aid0013,_250m_16_days_NDVI,aid0013,2022-05-25,1912218.0,-0.2,0.954,"(-0.2,0.954)",0.5089552,0.1299341,0.0168829,0.5964,0.861,0.5277,0.1554,0.42
MOD13Q1_061__250m_16_days_NDVI_doy2022161000000_aid0013,_250m_16_days_NDVI,aid0013,2022-06-10,1914502.0,-0.1996,0.9906,"(-0.1996,0.9906)",0.4539501,0.1166966,0.0136181,0.5283,0.7615,0.4633,0.1396,0.3728
MOD13Q1_061__250m_16_days_NDVI_doy2022177000000_aid0013,_250m_16_days_NDVI,aid0013,2022-06-26,1912655.0,-0.2,0.9812,"(-0.2,0.9812)",0.4299353,0.1060536,0.0112474,0.4936,0.6959,0.4333,0.1564,0.3587
MOD13Q1_061__250m_16_days_NDVI_doy2022193000000_aid0013,_250m_16_days_NDVI,aid0013,2022-07-12,1912948.0,-0.2,0.9873,"(-0.2,0.9873)",0.4189784,0.1009659,0.0101941,0.4769,0.6636,0.4214,0.1657,0.3524
MOD13Q1_061__250m_16_days_NDVI_doy2022209000000_aid0013,_250m_16_days_NDVI,aid0013,2022-07-28,1913914.0,-0.2,0.9832,"(-0.2,0.9832)",0.4661405,0.1097154,0.0120375,0.5324,0.7322,0.4688,0.1994,0.3992
MOD13Q1_061__250m_16_days_NDVI_doy2022225000000_aid0013,_250m_16_days_NDVI,aid0013,2022-08-13,1913882.0,-0.2,0.9821,"(-0.2,0.9821)",0.5049638,0.1173369,0.0137679,0.5783,0.7914,0.5116,0.2231,0.4362
MOD13Q1_061__250m_16_days_NDVI_doy2022241000000_aid0013,_250m_16_days_NDVI,aid0013,2022-08-29,1913824.0,-0.2,0.9282,"(-0.2,0.9282)",0.5408597,0.1272523,0.0161932,0.6189,0.8431,0.5432,0.2452,0.4694
MOD13Q1_061__250m_16_days_NDVI_doy2022257000000_aid0013,_250m_16_days_NDVI,aid0013,2022-09-14,1913335.0,-0.2,0.9703,"(-0.2,0.9703)",0.5627318,0.1417315,0.0200878,0.6492,0.897,0.5612,0.2362,0.484
MOD13Q1_061__250m_16_days_NDVI_doy2022273000000_aid0013,_250m_16_days_NDVI,aid0013,2022-09-30,1912879.0,-0.1995,0.9965,"(-0.1995,0.9965)",0.5284432,0.1354112,0.0183362,0.6052,0.8327,0.5264,0.226,0.4535
MOD13Q1_061__250m_16_days_NDVI_doy2022289000000_aid0013,_250m_16_days_NDVI,aid0013,2022-10-16,1910444.0,-0.1995,0.9995,"(-0.1995,0.9995)",0.5170013,0.1500578,0.0225173,0.6094,0.8767,0.5237,0.1639,0.4312
MOD13Q1_061__250m_16_days_NDVI_doy2022305000000_aid0013,_250m_16_days_NDVI,aid0013,2022-11-01,1913175.0,-0.2,0.9315,"(-0.2,0.9315)",0.5187716,0.1280137,0.0163875,0.5971,0.8204,0.5286,0.2249,0.4482
MOD13Q1_061__250m_16_days_NDVI_doy2022321000000_aid0013,_250m_16_days_NDVI,aid0013,2022-11-17,1913772.0,-0.2,0.9954,"(-0.2,0.9954)",0.5468676,0.1317246,0.0173514,0.6436,0.9133,0.5719,0.1926,0.4632
MOD13Q1_061__250m_16_days_NDVI_doy2022337000000_aid0013,_250m_16_days_NDVI,aid0013,2022-12-03,1913179.0,-0.2,0.9943,"(-0.2,0.9943)",0.5220388,0.1464552,0.0214491,0.6378,0.9772,0.5378,0.0612,0.4071
MOD13Q1_061__250m_16_days_NDVI_doy2022353000000_aid0013,_250m_16_days_NDVI,aid0013,2022-12-19,1914277.0,-0.2,0.9963,"(-0.2,0.9963)",0.4969441,0.1522899,0.0231922,0.6114,0.962,0.4998,0.0147,0.3727
MOD13Q1_061__250m_16_days_NDVI_doy2023001000000_aid0013,_250m_16_days_NDVI,aid0013,2023-01-01,1914160.0,-0.2,0.9833,"(-0.2,0.9833)",0.5219929,0.1612556,0.0260034,0.641,0.9833,0.5306,0.0115,0.3892
MOD13Q1_061__250m_16_days_NDVI_doy2023017000000_aid0013,_250m_16_days_NDVI,aid0013,2023-01-17,1912494.0,-0.1996,0.9921,"(-0.1996,0.9921)",0.5514328,0.1502173,0.0225653,0.6524,0.9606,0.5502,0.1387,0.4469
MOD13Q1_061__250m_16_days_NDVI_doy2023033000000_aid0013,_250m_16_days_NDVI,aid0013,2023-02-02,1913074.0,-0.2,0.9985,"(-0.2,0.9985)",0.6000181,0.1438686,0.0206982,0.6988,0.9858,0.6059,0.2126,0.5043
MOD13Q1_061__250m_16_days_NDVI_doy2023049000000_aid0013,_250m_16_days_NDVI,aid0013,2023-02-18,1913481.0,-0.1995,0.9785,"(-0.1995,0.9785)",0.6258923,0.1367502,0.0187006,0.7186,0.9681,0.6347,0.2869,0.5459
MOD13Q1_061__250m_16_days_NDVI_doy2023065000000_aid0013,_250m_16_days_NDVI,aid0013,2023-03-06,1913679.0,-0.1995,0.9939,"(-0.1995,0.9939)",0.6678734,0.1205897,0.0145419,0.748,0.9567,0.6823,0.3938,0.6063
MOD13Q1_061__250m_16_days_NDVI_doy2023081000000_aid0013,_250m_16_days_NDVI,aid0013,2023-03-22,1913636.0,-0.2,0.9872,"(-0.2,0.9872)",0.68277,0.118474,0.0140361,0.7615,0.9589,0.7021,0.4323,0.6298
MOD13Q1_061__250m_16_days_NDVI_doy2023097000000_aid0013,_250m_16_days_NDVI,aid0013,2023-04-07,1913056.0,-0.2,0.9582,"(-0.2,0.9582)",0.6423826,0.1179512,0.0139125,0.7229,0.9297,0.6653,0.3777,0.5848
MOD13Q1_061__250m_16_days_NDVI_doy2023113000000_aid0013,_250m_16_days_NDVI,aid0013,2023-04-23,1913705.0,-0.1988,0.9635,"(-0.1988,0.9635)",0.5889208,0.1314481,0.0172786,0.6826,0.9367,0.6141,0.2441,0.5072
MOD13Q1_061__250m_16_days_NDVI_doy2023129000000_aid0013,_250m_16_days_NDVI,aid0013,2023-05-09,1913403.0,-0.1996,0.9983,"(-0.1996,0.9983)",0.5568315,0.1359122,0.0184721,0.6549,0.9391,0.5795,0.1789,0.4645
MOD13Q1_061__250m_16_days_NDVI_doy2023145000000_aid0013,_250m_16_days_NDVI,aid0013,2023-05-25,1913418.0,-0.2,0.9705,"(-0.2,0.9705)",0.5700477,0.1377391,0.0189721,0.6665,0.9464,0.5961,0.1995,0.4797
MOD13Q1_061__250m_16_days_NDVI_doy2023161000000_aid0013,_250m_16_days_NDVI,aid0013,2023-06-10,1914127.0,-0.2,0.9992,"(-0.2,0.9992)",0.5329779,0.1406652,0.0197867,0.6334,0.934,0.5597,0.1297,0.4319
MOD13Q1_061__250m_16_days_NDVI_doy2023177000000_aid0013,_250m_16_days_NDVI,aid0013,2023-06-26,1914448.0,-0.2,0.9686,"(-0.2,0.9686)",0.5153569,0.1320099,0.0174266,0.6088,0.8884,0.5391,0.1428,0.4224
MOD13Q1_061__250m_16_days_NDVI_doy2023193000000_aid0013,_250m_16_days_NDVI,aid0013,2023-07-12,1913690.0,-0.2,0.9755,"(-0.2,0.9755)",0.5285734,0.1276053,0.0162831,0.6171,0.8763,0.5501,0.1851,0.4443
MOD13Q1_061__250m_16_days_NDVI_doy2023209000000_aid0013,_250m_16_days_NDVI,aid0013,2023-07-28,1913819.0,-0.1991,0.9991,"(-0.1991,0.9991)",0.5315189,0.1214924,0.0147604,0.6144,0.8502,0.5509,0.2214,0.4572
MOD13Q1_061__250m_16_days_NDVI_doy2023225000000_aid0013,_250m_16_days_NDVI,aid0013,2023-08-13,1913532.0,-0.2,0.9181,"(-0.2,0.9181)",0.5366188,0.1214385,0.0147473,0.6181,0.8455,0.5557,0.2391,0.4665
MOD13Q1_061__250m_16_days_NDVI_doy2023241000000_aid0013,_250m_16_days_NDVI,aid0013,2023-08-29,1913599.0,-0.2,0.9401,"(-0.2,0.9401)",0.5613234,0.1260103,0.0158786,0.6393,0.8577,0.5745,0.2753,0.4937
MOD13Q1_061__250m_16_days_NDVI_doy2023257000000_aid0013,_250m_16_days_NDVI,aid0013,2023-09-14,1913171.0,-0.1997,0.994,"(-0.1997,0.994)",0.6073111,0.1366252,0.0186665,0.6899,0.9137,0.6243,0.3169,0.5407
MOD13Q1_061__250m_16_days_NDVI_doy2023273000000_aid0013,_250m_16_days_NDVI,aid0013,2023-09-30,1913485.0,-0.1991,0.9801,"(-0.1991,0.9801)",0.6287564,0.1473283,0.0217056,0.7181,0.9586,0.6478,0.3169,0.5576
MOD13Q1_061__250m_16_days_NDVI_doy2023289000000_aid0013,_250m_16_days_NDVI,aid0013,2023-10-16,1913578.0,-0.1997,0.9861,"(-0.1997,0.9861)",0.6277786,0.1527033,0.0233183,0.7226,0.9613,0.6493,0.2986,0.553
MOD13Q1_061__250m_16_days_NDVI_doy2023305000000_aid0013,_250m_16_days_NDVI,aid0013,2023-11-01,1914140.0,-0.2,0.9844,"(-0.2,0.9844)",0.6335048,0.1573825,0.0247693,0.7411,0.9844,0.6719,0.2674,0.5516
MOD13Q1_061__250m_16_days_NDVI_doy2023321000000_aid0013,_250m_16_days_NDVI,aid0013,2023-11-17,1913736.0,-0.1991,0.9821,"(-0.1991,0.9821)",0.6082429,0.1531843,0.0234654,0.7221,0.9821,0.6418,0.2099,0.5172
MOD13Q1_061__250m_16_days_NDVI_doy2023337000000_aid0013,_250m_16_days_NDVI,aid0013,2023-12-03,1913277.0,-0.2,0.9776,"(-0.2,0.9776)",0.5624812,0.1603278,0.025705,0.6974,0.9776,0.5972,0.0374,0.4333
MOD13Q1_061__250m_16_days_NDVI_doy2023353000000_aid0013,_250m_16_days_NDVI,aid0013,2023-12-19,1913191.0,-0.2,0.9852,"(-0.2,0.9852)",0.5719836,0.1659526,0.0275403,0.7049,0.9852,0.6117,0.0687,0.4504
MOD13Q1_061__250m_16_days_NDVI_doy2015353000000_aid0014,_250m_16_days_NDVI,aid0014,2015-12-19,3293914.0,-0.2,0.9148,"(-0.2,0.9148)",0.3941039,0.1313527,0.0172535,0.4831,0.7631,0.3859,0.0164,0.2964
MOD13Q1_061__250m_16_days_NDVI_doy2016001000000_aid0014,_250m_16_days_NDVI,aid0014,2016-01-01,3292905.0,-0.2,0.9357,"(-0.2,0.9357)",0.4100224,0.1367032,0.0186878,0.4973,0.776,0.4029,0.0328,0.3115
MOD13Q1_061__250m_16_days_NDVI_doy2016017000000_aid0014,_250m_16_days_NDVI,aid0014,2016-01-17,3292513.0,-0.2,0.9439,"(-0.2,0.9439)",0.4490336,0.1452565,0.0210994,0.5416,0.8323,0.4489,0.0571,0.3478
MOD13Q1_061__250m_16_days_NDVI_doy2016033000000_aid0014,_250m_16_days_NDVI,aid0014,2016-02-02,3288850.0,-0.2,0.9958,"(-0.2,0.9958)",0.4861484,0.1484476,0.0220367,0.5852,0.8841,0.5029,0.087,0.3859
MOD13Q1_061__250m_16_days_NDVI_doy2016049000000_aid0014,_250m_16_days_NDVI,aid0014,2016-02-18,3293789.0,-0.2,0.937,"(-0.2,0.937)",0.4722196,0.1469572,0.0215964,0.5725,0.8785,0.4902,0.0625,0.3685
MOD13Q1_061__250m_16_days_NDVI_doy2016065000000_aid0014,_250m_16_days_NDVI,aid0014,2016-03-05,3289724.0,-0.2,0.9889,"(-0.2,0.9889)",0.4697444,0.1361293,0.0185312,0.5592,0.825,0.481,0.1162,0.382
MOD13Q1_061__250m_16_days_NDVI_doy2016081000000_aid0014,_250m_16_days_NDVI,aid0014,2016-03-21,3293003.0,-0.2,0.9415,"(-0.2,0.9415)",0.4324375,0.1236889,0.0152989,0.518,0.77,0.4389,0.098,0.35
MOD13Q1_061__250m_16_days_NDVI_doy2016097000000_aid0014,_250m_16_days_NDVI,aid0014,2016-04-06,3291235.0,-0.2,0.9911,"(-0.2,0.9911)",0.4462627,0.1284698,0.0165045,0.5357,0.7997,0.45,0.0957,0.3597
MOD13Q1_061__250m_16_days_NDVI_doy2016113000000_aid0014,_250m_16_days_NDVI,aid0014,2016-04-22,3289395.0,-0.2,0.9886,"(-0.2,0.9886)",0.4525807,0.1210025,0.0146416,0.5354,0.7766,0.4585,0.1334,0.3746
MOD13Q1_061__250m_16_days_NDVI_doy2016129000000_aid0014,_250m_16_days_NDVI,aid0014,2016-05-08,3294255.0,-0.2,0.9744,"(-0.2,0.9744)",0.4505768,0.1124697,0.0126494,0.5201,0.7194,0.4552,0.1879,0.3872
MOD13Q1_061__250m_16_days_NDVI_doy2016145000000_aid0014,_250m_16_days_NDVI,aid0014,2016-05-24,3295209.0,-0.2,0.998,"(-0.2,0.998)",0.4510896,0.1130845,0.0127881,0.5174,0.7025,0.4592,0.2089,0.394
MOD13Q1_061__250m_16_days_NDVI_doy2016161000000_aid0014,_250m_16_days_NDVI,aid0014,2016-06-09,3279028.0,-0.2,0.934,"(-0.2,0.934)",0.4517553,0.1041931,0.0108562,0.5133,0.6873,0.4585,0.2233,0.3973
MOD13Q1_061__250m_16_days_NDVI_doy2016177000000_aid0014,_250m_16_days_NDVI,aid0014,2016-06-25,3280806.0,-0.2,0.9443,"(-0.2,0.9443)",0.4377953,0.1024963,0.0105055,0.4991,0.6762,0.4405,0.2039,0.381
MOD13Q1_061__250m_16_days_NDVI_doy2016193000000_aid0014,_250m_16_days_NDVI,aid0014,2016-07-11,3282579.0,-0.2,0.9576,"(-0.2,0.9576)",0.4347216,0.0996455,0.0099292,0.4923,0.6594,0.437,0.2138,0.3809
MOD13Q1_061__250m_16_days_NDVI_doy2016209000000_aid0014,_250m_16_days_NDVI,aid0014,2016-07-27,3285061.0,-0.2,0.9292,"(-0.2,0.9292)",0.4225059,0.1037,0.0107537,0.4822,0.6548,0.4215,0.1945,0.3671
MOD13Q1_061__250m_16_days_NDVI_doy2016225000000_aid0014,_250m_16_days_NDVI,aid0014,2016-08-12,3282369.0,-0.2,0.9178,"(-0.2,0.9178)",0.4341626,0.1040993,0.0108367,0.4932,0.6687,0.4307,0.2007,0.3762
MOD13Q1_061__250m_16_days_NDVI_doy2016241000000_aid0014,_250m_16_days_NDVI,aid0014,2016-08-28,3281081.0,-0.2,0.9826,"(-0.2,0.9826)",0.4349994,0.1048659,0.0109968,0.4957,0.6773,0.4302,0.193,0.3746
MOD13Q1_061__250m_16_days_NDVI_doy2016257000000_aid0014,_250m_16_days_NDVI,aid0014,2016-09-13,3286765.0,-0.2,0.977,"(-0.2,0.977)",0.4227664,0.1094201,0.0119728,0.4838,0.6695,0.4131,0.1743,0.36
MOD13Q1_061__250m_16_days_NDVI_doy2016273000000_aid0014,_250m_16_days_NDVI,aid0014,2016-09-29,3286527.0,-0.2,0.9336,"(-0.2,0.9336)",0.4534155,0.1178838,0.0138966,0.5216,0.7262,0.4457,0.1806,0.3852
MOD13Q1_061__250m_16_days_NDVI_doy2016289000000_aid0014,_250m_16_days_NDVI,aid0014,2016-10-15,3289002.0,-0.2,0.9879,"(-0.2,0.9879)",0.4815708,0.1287596,0.016579,0.5575,0.7925,0.4785,0.1658,0.4008
MOD13Q1_061__250m_16_days_NDVI_doy2016305000000_aid0014,_250m_16_days_NDVI,aid0014,2016-10-31,3288903.0,-0.2,0.9689,"(-0.2,0.9689)",0.4763261,0.1329229,0.0176685,0.5621,0.8234,0.4733,0.1266,0.3879
MOD13Q1_061__250m_16_days_NDVI_doy2016321000000_aid0014,_250m_16_days_NDVI,aid0014,2016-11-16,3288416.0,-0.2,0.9898,"(-0.2,0.9898)",0.4431119,0.1299562,0.0168886,0.5333,0.803,0.4332,0.0838,0.3535
MOD13Q1_061__250m_16_days_NDVI_doy2016337000000_aid0014,_250m_16_days_NDVI,aid0014,2016-12-02,3292732.0,-0.2,0.9782,"(-0.2,0.9782)",0.3893313,0.1120169,0.0125478,0.462,0.6823,0.382,0.0948,0.3151
MOD13Q1_061__250m_16_days_NDVI_doy2016353000000_aid0014,_250m_16_days_NDVI,aid0014,2016-12-18,3293661.0,-0.2,0.9358,"(-0.2,0.9358)",0.3456302,0.103534,0.0107193,0.4065,0.6007,0.3312,0.0828,0.277
MOD13Q1_061__250m_16_days_NDVI_doy2017001000000_aid0014,_250m_16_days_NDVI,aid0014,2017-01-01,3293898.0,-0.2,0.9254,"(-0.2,0.9254)",0.323251,0.1153258,0.0133,0.3872,0.5996,0.2999,0.0332,0.2456
MOD13Q1_061__250m_16_days_NDVI_doy2017017000000_aid0014,_250m_16_days_NDVI,aid0014,2017-01-17,3294643.0,-0.2,0.9222,"(-0.2,0.9222)",0.3196539,0.1183857,0.0140152,0.3803,0.5892,0.2924,0.0321,0.241
MOD13Q1_061__250m_16_days_NDVI_doy2017033000000_aid0014,_250m_16_days_NDVI,aid0014,2017-02-02,3292276.0,-0.2,0.9794,"(-0.2,0.9794)",0.3595477,0.1391935,0.0193748,0.4402,0.7105,0.3315,-0.0103,0.26
MOD13Q1_061__250m_16_days_NDVI_doy2017049000000_aid0014,_250m_16_days_NDVI,aid0014,2017-02-18,3293395.0,-0.2,0.9694,"(-0.2,0.9694)",0.4037968,0.1607996,0.0258565,0.5083,0.8524,0.3835,-0.0652,0.2789
MOD13Q1_061__250m_16_days_NDVI_doy2017065000000_aid0014,_250m_16_days_NDVI,aid0014,2017-03-06,3292102.0,-0.2,0.9304,"(-0.2,0.9304)",0.4105832,0.1577967,0.0248998,0.5192,0.8744,0.4012,-0.0728,0.2824
MOD13Q1_061__250m_16_days_NDVI_doy2017081000000_aid0014,_250m_16_days_NDVI,aid0014,2017-03-22,3289873.0,-0.2,0.953,"(-0.2,0.953)",0.4679905,0.1442733,0.0208148,0.5691,0.8746,0.4728,0.0599,0.3654
MOD13Q1_061__250m_16_days_NDVI_doy2017097000000_aid0014,_250m_16_days_NDVI,aid0014,2017-04-07,3289203.0,-0.2,0.9961,"(-0.2,0.9961)",0.5057475,0.1354195,0.0183384,0.6005,0.8708,0.5129,0.15,0.4203
MOD13Q1_061__250m_16_days_NDVI_doy2017113000000_aid0014,_250m_16_days_NDVI,aid0014,2017-04-23,3285294.0,-0.2,0.921,"(-0.2,0.921)",0.5021729,0.1302695,0.0169701,0.592,0.8453,0.5062,0.1698,0.4231
MOD13Q1_061__250m_16_days_NDVI_doy2017129000000_aid0014,_250m_16_days_NDVI,aid0014,2017-05-09,3290555.0,-0.2,0.9654,"(-0.2,0.9654)",0.5158359,0.1291693,0.0166847,0.6033,0.8494,0.5194,0.1931,0.4392
MOD13Q1_061__250m_16_days_NDVI_doy2017145000000_aid0014,_250m_16_days_NDVI,aid0014,2017-05-25,3283057.0,-0.2,0.9653,"(-0.2,0.9653)",0.5342467,0.1235158,0.0152561,0.6107,0.8184,0.5398,0.2645,0.4722
MOD13Q1_061__250m_16_days_NDVI_doy2017161000000_aid0014,_250m_16_days_NDVI,aid0014,2017-06-10,3286352.0,-0.2,0.9907,"(-0.2,0.9907)",0.4991154,0.117394,0.0137813,0.5665,0.7496,0.504,0.2613,0.4444
MOD13Q1_061__250m_16_days_NDVI_doy2017177000000_aid0014,_250m_16_days_NDVI,aid0014,2017-06-26,3283848.0,-0.2,0.9778,"(-0.2,0.9778)",0.5073781,0.1207933,0.014591,0.578,0.7718,0.5111,0.255,0.4488
MOD13Q1_061__250m_16_days_NDVI_doy2017193000000_aid0014,_250m_16_days_NDVI,aid0014,2017-07-12,3283788.0,-0.2,0.9439,"(-0.2,0.9439)",0.4957867,0.1198351,0.0143605,0.5657,0.7616,0.4985,0.2392,0.4351
MOD13Q1_061__250m_16_days_NDVI_doy2017209000000_aid0014,_250m_16_days_NDVI,aid0014,2017-07-28,3281256.0,-0.2,0.8997,"(-0.2,0.8997)",0.4695617,0.1138425,0.0129601,0.5358,0.7287,0.4654,0.2143,0.4072
MOD13Q1_061__250m_16_days_NDVI_doy2017225000000_aid0014,_250m_16_days_NDVI,aid0014,2017-08-13,3284730.0,-0.2,0.989,"(-0.2,0.989)",0.4742689,0.1195136,0.0142835,0.5443,0.7477,0.4698,0.2053,0.4087
MOD13Q1_061__250m_16_days_NDVI_doy2017241000000_aid0014,_250m_16_days_NDVI,aid0014,2017-08-29,3284839.0,-0.2,0.931,"(-0.2,0.931)",0.5039584,0.1292422,0.0167035,0.5846,0.8165,0.4996,0.1981,0.43
MOD13Q1_061__250m_16_days_NDVI_doy2017257000000_aid0014,_250m_16_days_NDVI,aid0014,2017-09-14,3287642.0,-0.2,0.9198,"(-0.2,0.9198)",0.4990505,0.1363261,0.0185848,0.5872,0.8441,0.4933,0.159,0.4159
MOD13Q1_061__250m_16_days_NDVI_doy2017273000000_aid0014,_250m_16_days_NDVI,aid0014,2017-09-30,3288577.0,-0.2,0.9347,"(-0.2,0.9347)",0.4884583,0.1419477,0.0201491,0.5875,0.883,0.4821,0.095,0.3905
MOD13Q1_061__250m_16_days_NDVI_doy2017289000000_aid0014,_250m_16_days_NDVI,aid0014,2017-10-16,3291242.0,-0.2,0.9981,"(-0.2,0.9981)",0.4749069,0.1493944,0.0223187,0.5798,0.9,0.4646,0.0461,0.3663
MOD13Q1_061__250m_16_days_NDVI_doy2017305000000_aid0014,_250m_16_days_NDVI,aid0014,2017-11-01,3285850.0,-0.2,0.9863,"(-0.2,0.9863)",0.4750719,0.1420759,0.0201856,0.5715,0.8638,0.4654,0.0843,0.3766
MOD13Q1_061__250m_16_days_NDVI_doy2017321000000_aid0014,_250m_16_days_NDVI,aid0014,2017-11-17,3289039.0,-0.2,0.9375,"(-0.2,0.9375)",0.4108529,0.1240238,0.0153819,0.4912,0.736,0.4014,0.0832,0.328
MOD13Q1_061__250m_16_days_NDVI_doy2017337000000_aid0014,_250m_16_days_NDVI,aid0014,2017-12-03,3291447.0,-0.2,0.996,"(-0.2,0.996)",0.3611637,0.1052544,0.0110785,0.4209,0.6115,0.349,0.1032,0.2938
MOD13Q1_061__250m_16_days_NDVI_doy2017353000000_aid0014,_250m_16_days_NDVI,aid0014,2017-12-19,3293074.0,-0.2,0.9622,"(-0.2,0.9622)",0.3363755,0.1023207,0.0104695,0.3899,0.5642,0.3195,0.0994,0.2737
MOD13Q1_061__250m_16_days_NDVI_doy2018001000000_aid0014,_250m_16_days_NDVI,aid0014,2018-01-01,3296179.0,-0.2,0.8747,"(-0.2,0.8747)",0.3275377,0.1011696,0.0102353,0.3779,0.5466,0.3096,0.0967,0.2654
MOD13Q1_061__250m_16_days_NDVI_doy2018017000000_aid0014,_250m_16_days_NDVI,aid0014,2018-01-17,3295497.0,-0.2,0.9984,"(-0.2,0.9984)",0.322515,0.1018053,0.0103643,0.3711,0.5389,0.3023,0.0914,0.2592
MOD13Q1_061__250m_16_days_NDVI_doy2018033000000_aid0014,_250m_16_days_NDVI,aid0014,2018-02-02,3297300.0,-0.2,0.9305,"(-0.2,0.9305)",0.3214294,0.1076928,0.0115977,0.3692,0.5423,0.2995,0.0807,0.2538
MOD13Q1_061__250m_16_days_NDVI_doy2018049000000_aid0014,_250m_16_days_NDVI,aid0014,2018-02-18,3295682.0,-0.2,0.9321,"(-0.2,0.9321)",0.3239068,0.1094097,0.0119705,0.3724,0.5485,0.3011,0.0789,0.255
MOD13Q1_061__250m_16_days_NDVI_doy2018065000000_aid0014,_250m_16_days_NDVI,aid0014,2018-03-06,3292488.0,-0.2,0.9299,"(-0.2,0.9299)",0.3246098,0.1076531,0.0115892,0.377,0.561,0.3037,0.0703,0.2543
MOD13Q1_061__250m_16_days_NDVI_doy2018081000000_aid0014,_250m_16_days_NDVI,aid0014,2018-03-22,3292213.0,-0.2,0.885,"(-0.2,0.885)",0.3486207,0.1076397,0.0115863,0.4125,0.6183,0.3329,0.0695,0.2753
MOD13Q1_061__250m_16_days_NDVI_doy2018097000000_aid0014,_250m_16_days_NDVI,aid0014,2018-04-07,3296038.0,-0.2,0.9613,"(-0.2,0.9613)",0.3519535,0.1052042,0.0110679,0.4165,0.6205,0.3375,0.0765,0.2805
MOD13Q1_061__250m_16_days_NDVI_doy2018113000000_aid0014,_250m_16_days_NDVI,aid0014,2018-04-23,3295657.0,-0.2,0.9992,"(-0.2,0.9992)",0.3914749,0.1261765,0.0159205,0.4739,0.7292,0.3819,0.0484,0.3037
MOD13Q1_061__250m_16_days_NDVI_doy2018129000000_aid0014,_250m_16_days_NDVI,aid0014,2018-05-09,3288464.0,-0.2,0.9929,"(-0.2,0.9929)",0.4801599,0.1298771,0.0168681,0.5625,0.8092,0.4752,0.1513,0.398
MOD13Q1_061__250m_16_days_NDVI_doy2018145000000_aid0014,_250m_16_days_NDVI,aid0014,2018-05-25,3287021.0,-0.2,0.9729,"(-0.2,0.9729)",0.4825826,0.1259614,0.0158663,0.5607,0.7891,0.4815,0.18,0.4084
MOD13Q1_061__250m_16_days_NDVI_doy2018161000000_aid0014,_250m_16_days_NDVI,aid0014,2018-06-10,3286660.0,-0.2,0.9482,"(-0.2,0.9482)",0.478018,0.1196148,0.0143077,0.5497,0.755,0.4801,0.2075,0.4128
MOD13Q1_061__250m_16_days_NDVI_doy2018177000000_aid0014,_250m_16_days_NDVI,aid0014,2018-06-26,3289795.0,-0.2,0.9049,"(-0.2,0.9049)",0.4538801,0.1150934,0.0132465,0.5244,0.7213,0.4609,0.1962,0.3931
MOD13Q1_061__250m_16_days_NDVI_doy2018193000000_aid0014,_250m_16_days_NDVI,aid0014,2018-07-12,3287089.0,-0.2,0.9102,"(-0.2,0.9102)",0.4553274,0.1123807,0.0126294,0.5219,0.7074,0.4604,0.2127,0.3982
MOD13Q1_061__250m_16_days_NDVI_doy2018209000000_aid0014,_250m_16_days_NDVI,aid0014,2018-07-28,3289553.0,-0.2,0.9255,"(-0.2,0.9255)",0.4392479,0.1124069,0.0126353,0.5062,0.6962,0.444,0.1895,0.3795
MOD13Q1_061__250m_16_days_NDVI_doy2018225000000_aid0014,_250m_16_days_NDVI,aid0014,2018-08-13,3283014.0,-0.2,0.9183,"(-0.2,0.9183)",0.4462925,0.117646,0.0138406,0.5219,0.7394,0.4439,0.1594,0.3769
MOD13Q1_061__250m_16_days_NDVI_doy2018241000000_aid0014,_250m_16_days_NDVI,aid0014,2018-08-29,3284285.0,-0.2,0.9164,"(-0.2,0.9164)",0.4338101,0.1114808,0.012428,0.504,0.7065,0.4292,0.1665,0.369
MOD13Q1_061__250m_16_days_NDVI_doy2018257000000_aid0014,_250m_16_days_NDVI,aid0014,2018-09-14,3287162.0,-0.2,0.9627,"(-0.2,0.9627)",0.4698486,0.1352702,0.018298,0.5613,0.8289,0.4571,0.1153,0.3829
MOD13Q1_061__250m_16_days_NDVI_doy2018273000000_aid0014,_250m_16_days_NDVI,aid0014,2018-09-30,3287027.0,-0.2,0.9484,"(-0.2,0.9484)",0.4859132,0.1480039,0.0219052,0.583,0.8741,0.4688,0.0978,0.3889
MOD13Q1_061__250m_16_days_NDVI_doy2018289000000_aid0014,_250m_16_days_NDVI,aid0014,2018-10-16,3289663.0,-0.2,0.9994,"(-0.2,0.9994)",0.5077739,0.1399447,0.0195845,0.5889,0.838,0.4991,0.1737,0.4228
MOD13Q1_061__250m_16_days_NDVI_doy2018305000000_aid0014,_250m_16_days_NDVI,aid0014,2018-11-01,3289320.0,-0.2,0.9592,"(-0.2,0.9592)",0.5072014,0.1413562,0.0199816,0.5896,0.8444,0.5018,0.1649,0.4197
MOD13Q1_061__250m_16_days_NDVI_doy2018321000000_aid0014,_250m_16_days_NDVI,aid0014,2018-11-17,3291410.0,-0.2,0.957,"(-0.2,0.957)",0.4616686,0.1305536,0.0170442,0.539,0.7722,0.4549,0.1503,0.3835
MOD13Q1_061__250m_16_days_NDVI_doy2018337000000_aid0014,_250m_16_days_NDVI,aid0014,2018-12-03,3291683.0,-0.2,0.9277,"(-0.2,0.9277)",0.4008625,0.1101905,0.012142,0.4645,0.6581,0.3947,0.1418,0.3354
MOD13Q1_061__250m_16_days_NDVI_doy2018353000000_aid0014,_250m_16_days_NDVI,aid0014,2018-12-19,3292534.0,-0.2,0.9375,"(-0.2,0.9375)",0.3671256,0.1009715,0.0101953,0.4224,0.5943,0.3613,0.1359,0.3078
MOD13Q1_061__250m_16_days_NDVI_doy2019001000000_aid0014,_250m_16_days_NDVI,aid0014,2019-01-01,3294221.0,-0.2,0.9275,"(-0.2,0.9275)",0.3592673,0.11185,0.0125104,0.4137,0.5976,0.347,0.1072,0.2911
MOD13Q1_061__250m_16_days_NDVI_doy2019017000000_aid0014,_250m_16_days_NDVI,aid0014,2019-01-17,3294519.0,-0.2,0.9331,"(-0.2,0.9331)",0.3577935,0.1188444,0.014124,0.41,0.5967,0.3386,0.0988,0.2855
MOD13Q1_061__250m_16_days_NDVI_doy2019033000000_aid0014,_250m_16_days_NDVI,aid0014,2019-02-02,3295656.0,-0.2,0.9312,"(-0.2,0.9312)",0.3451757,0.1177154,0.0138569,0.3959,0.5801,0.3238,0.0889,0.2731
MOD13Q1_061__250m_16_days_NDVI_doy2019049000000_aid0014,_250m_16_days_NDVI,aid0014,2019-02-18,3295803.0,-0.2,0.9711,"(-0.2,0.9711)",0.3357365,0.1130213,0.0127738,0.384,0.5586,0.3147,0.093,0.2676
MOD13Q1_061__250m_16_days_NDVI_doy2019065000000_aid0014,_250m_16_days_NDVI,aid0014,2019-03-06,3294774.0,-0.2,0.9475,"(-0.2,0.9475)",0.3407012,0.1094165,0.011972,0.3885,0.5616,0.3209,0.1,0.2731
MOD13Q1_061__250m_16_days_NDVI_doy2019081000000_aid0014,_250m_16_days_NDVI,aid0014,2019-03-22,3292826.0,-0.2,0.9095,"(-0.2,0.9095)",0.3798671,0.1150721,0.0132416,0.4442,0.6533,0.3642,0.0957,0.3048
MOD13Q1_061__250m_16_days_NDVI_doy2019097000000_aid0014,_250m_16_days_NDVI,aid0014,2019-04-07,3293538.0,-0.2,0.9168,"(-0.2,0.9168)",0.3835735,0.1180222,0.0139292,0.4525,0.6737,0.3657,0.0838,0.305
MOD13Q1_061__250m_16_days_NDVI_doy2019113000000_aid0014,_250m_16_days_NDVI,aid0014,2019-04-23,3295943.0,-0.2,0.9564,"(-0.2,0.9564)",0.3895395,0.1077874,0.0116181,0.4507,0.6445,0.3765,0.1277,0.3215
MOD13Q1_061__250m_16_days_NDVI_doy2019129000000_aid0014,_250m_16_days_NDVI,aid0014,2019-05-09,3289127.0,-0.2,0.9249,"(-0.2,0.9249)",0.4337831,0.1103192,0.0121703,0.4971,0.6874,0.4297,0.1799,0.3702
MOD13Q1_061__250m_16_days_NDVI_doy2019145000000_aid0014,_250m_16_days_NDVI,aid0014,2019-05-25,3291761.0,-0.2,0.9267,"(-0.2,0.9267)",0.4357153,0.1113427,0.0123972,0.5012,0.6965,0.4351,0.1757,0.371
MOD13Q1_061__250m_16_days_NDVI_doy2019161000000_aid0014,_250m_16_days_NDVI,aid0014,2019-06-10,3293355.0,-0.2,0.9838,"(-0.2,0.9838)",0.4593092,0.1138031,0.0129512,0.5242,0.7058,0.4658,0.2215,0.4031
MOD13Q1_061__250m_16_days_NDVI_doy2019177000000_aid0014,_250m_16_days_NDVI,aid0014,2019-06-26,3286852.0,-0.2,0.9339,"(-0.2,0.9339)",0.4683002,0.1113334,0.0123951,0.5324,0.7091,0.4773,0.2379,0.4146
MOD13Q1_061__250m_16_days_NDVI_doy2019193000000_aid0014,_250m_16_days_NDVI,aid0014,2019-07-12,3285957.0,-0.2,0.9095,"(-0.2,0.9095)",0.4379951,0.1055562,0.0111421,0.5,0.6758,0.4396,0.207,0.3828
MOD13Q1_061__250m_16_days_NDVI_doy2019209000000_aid0014,_250m_16_days_NDVI,aid0014,2019-07-28,3286578.0,-0.2,0.9933,"(-0.2,0.9933)",0.4148549,0.1006706,0.0101346,0.4714,0.6337,0.4185,0.2009,0.3632
MOD13Q1_061__250m_16_days_NDVI_doy2019225000000_aid0014,_250m_16_days_NDVI,aid0014,2019-08-13,3286015.0,-0.2,0.8644,"(-0.2,0.8644)",0.4074828,0.0926713,0.008588,0.4589,0.605,0.4125,0.2154,0.3615
MOD13Q1_061__250m_16_days_NDVI_doy2019241000000_aid0014,_250m_16_days_NDVI,aid0014,2019-08-29,3287532.0,-0.2,0.9979,"(-0.2,0.9979)",0.4043524,0.088461,0.0078253,0.4494,0.5802,0.4073,0.2314,0.3622
MOD13Q1_061__250m_16_days_NDVI_doy2019257000000_aid0014,_250m_16_days_NDVI,aid0014,2019-09-14,3287692.0,-0.2,0.9291,"(-0.2,0.9291)",0.3773536,0.0913119,0.0083379,0.4197,0.5512,0.374,0.2005,0.332
MOD13Q1_061__250m_16_days_NDVI_doy2019273000000_aid0014,_250m_16_days_NDVI,aid0014,2019-09-30,3291028.0,-0.2,0.9546,"(-0.2,0.9546)",0.3599057,0.0883973,0.0078141,0.396,0.5151,0.3521,0.1975,0.3166
MOD13Q1_061__250m_16_days_NDVI_doy2019289000000_aid0014,_250m_16_days_NDVI,aid0014,2019-10-16,3290977.0,-0.2,0.9477,"(-0.2,0.9477)",0.3834873,0.1003987,0.0100799,0.425,0.5703,0.3736,0.1828,0.3281
MOD13Q1_061__250m_16_days_NDVI_doy2019305000000_aid0014,_250m_16_days_NDVI,aid0014,2019-11-01,3293562.0,-0.2,0.9436,"(-0.2,0.9436)",0.371001,0.1018198,0.0103673,0.4234,0.5932,0.3577,0.1404,0.3102
MOD13Q1_061__250m_16_days_NDVI_doy2019321000000_aid0014,_250m_16_days_NDVI,aid0014,2019-11-17,3294023.0,-0.2,0.9661,"(-0.2,0.9661)",0.3471899,0.0983783,0.0096783,0.4016,0.5763,0.3347,0.1104,0.2851
MOD13Q1_061__250m_16_days_NDVI_doy2019337000000_aid0014,_250m_16_days_NDVI,aid0014,2019-12-03,3296234.0,-0.2,0.9404,"(-0.2,0.9404)",0.3251788,0.095864,0.0091899,0.3796,0.5533,0.313,0.0901,0.2638
MOD13Q1_061__250m_16_days_NDVI_doy2019353000000_aid0014,_250m_16_days_NDVI,aid0014,2019-12-19,3295006.0,-0.2,0.9264,"(-0.2,0.9264)",0.3176598,0.0963223,0.009278,0.3691,0.5399,0.3034,0.0844,0.2552
MOD13Q1_061__250m_16_days_NDVI_doy2020001000000_aid0014,_250m_16_days_NDVI,aid0014,2020-01-01,3298329.0,-0.2,0.9418,"(-0.2,0.9418)",0.3262017,0.1029418,0.010597,0.376,0.5489,0.3092,0.0878,0.2607
MOD13Q1_061__250m_16_days_NDVI_doy2020017000000_aid0014,_250m_16_days_NDVI,aid0014,2020-01-17,3298438.0,-0.2,0.9248,"(-0.2,0.9248)",0.3376481,0.1190671,0.014177,0.3947,0.5969,0.3139,0.0577,0.2599
MOD13Q1_061__250m_16_days_NDVI_doy2020033000000_aid0014,_250m_16_days_NDVI,aid0014,2020-02-02,3293531.0,-0.2,0.9356,"(-0.2,0.9356)",0.3680023,0.1353711,0.0183253,0.441,0.6951,0.3466,0.0175,0.2716
MOD13Q1_061__250m_16_days_NDVI_doy2020049000000_aid0014,_250m_16_days_NDVI,aid0014,2020-02-18,3293680.0,-0.2,0.9383,"(-0.2,0.9383)",0.367548,0.1349101,0.0182007,0.4403,0.6945,0.3487,0.0166,0.2708
MOD13Q1_061__250m_16_days_NDVI_doy2020065000000_aid0014,_250m_16_days_NDVI,aid0014,2020-03-05,3296920.0,-0.2,0.9363,"(-0.2,0.9363)",0.3662362,0.1266384,0.0160373,0.442,0.6941,0.3514,0.0218,0.2739
MOD13Q1_061__250m_16_days_NDVI_doy2020081000000_aid0014,_250m_16_days_NDVI,aid0014,2020-03-21,3293781.0,-0.2,0.9301,"(-0.2,0.9301)",0.3846244,0.1336373,0.0178589,0.4728,0.7612,0.3737,-0.0079,0.2805
MOD13Q1_061__250m_16_days_NDVI_doy2020097000000_aid0014,_250m_16_days_NDVI,aid0014,2020-04-06,3292442.0,-0.2,0.9534,"(-0.2,0.9534)",0.3949023,0.133348,0.0177817,0.4863,0.7813,0.388,-0.0054,0.2896
MOD13Q1_061__250m_16_days_NDVI_doy2020113000000_aid0014,_250m_16_days_NDVI,aid0014,2020-04-22,3286683.0,-0.2,0.9775,"(-0.2,0.9775)",0.45774,0.137073,0.018789,0.5487,0.8325,0.4509,0.0757,0.3595
MOD13Q1_061__250m_16_days_NDVI_doy2020129000000_aid0014,_250m_16_days_NDVI,aid0014,2020-05-08,3289361.0,-0.2,0.9764,"(-0.2,0.9764)",0.4597367,0.1358851,0.0184648,0.5458,0.8114,0.4518,0.1031,0.3687
MOD13Q1_061__250m_16_days_NDVI_doy2020145000000_aid0014,_250m_16_days_NDVI,aid0014,2020-05-24,3285981.0,-0.2,0.9722,"(-0.2,0.9722)",0.4825867,0.1275019,0.0162567,0.5562,0.7764,0.4769,0.1892,0.4094
MOD13Q1_061__250m_16_days_NDVI_doy2020161000000_aid0014,_250m_16_days_NDVI,aid0014,2020-06-09,3286628.0,-0.2,0.9365,"(-0.2,0.9365)",0.4738598,0.131807,0.0173731,0.5547,0.8016,0.4666,0.1432,0.3901
MOD13Q1_061__250m_16_days_NDVI_doy2020177000000_aid0014,_250m_16_days_NDVI,aid0014,2020-06-25,3286797.0,-0.2,0.9963,"(-0.2,0.9963)",0.4754388,0.1208131,0.0145958,0.5445,0.7497,0.4708,0.2025,0.4077
MOD13Q1_061__250m_16_days_NDVI_doy2020193000000_aid0014,_250m_16_days_NDVI,aid0014,2020-07-11,3291467.0,-0.2,0.9113,"(-0.2,0.9113)",0.4345569,0.1188154,0.0141171,0.5052,0.7152,0.4303,0.1552,0.3652
MOD13Q1_061__250m_16_days_NDVI_doy2020209000000_aid0014,_250m_16_days_NDVI,aid0014,2020-07-27,3287260.0,-0.2,0.9377,"(-0.2,0.9377)",0.4543762,0.121012,0.0146439,0.5259,0.7387,0.4482,0.1712,0.384
MOD13Q1_061__250m_16_days_NDVI_doy2020225000000_aid0014,_250m_16_days_NDVI,aid0014,2020-08-12,3286558.0,-0.2,0.9365,"(-0.2,0.9365)",0.4311058,0.1195429,0.0142905,0.5041,0.7234,0.4208,0.1386,0.3579
MOD13Q1_061__250m_16_days_NDVI_doy2020241000000_aid0014,_250m_16_days_NDVI,aid0014,2020-08-28,3288462.0,-0.2,0.9336,"(-0.2,0.9336)",0.4499275,0.130548,0.0170428,0.5371,0.7972,0.4369,0.1036,0.3637
MOD13Q1_061__250m_16_days_NDVI_doy2020257000000_aid0014,_250m_16_days_NDVI,aid0014,2020-09-13,3289580.0,-0.2,0.9289,"(-0.2,0.9289)",0.4464255,0.1366284,0.0186673,0.5386,0.812,0.4317,0.0829,0.3563
MOD13Q1_061__250m_16_days_NDVI_doy2020273000000_aid0014,_250m_16_days_NDVI,aid0014,2020-09-29,3288929.0,-0.2,0.9621,"(-0.2,0.9621)",0.4505253,0.1521776,0.023158,0.5531,0.8664,0.427,0.0309,0.3442
MOD13Q1_061__250m_16_days_NDVI_doy2020289000000_aid0014,_250m_16_days_NDVI,aid0014,2020-10-15,3290411.0,-0.2,0.9983,"(-0.2,0.9983)",0.4425528,0.1602976,0.0256953,0.5494,0.8848,0.4156,-0.0096,0.3258
MOD13Q1_061__250m_16_days_NDVI_doy2020305000000_aid0014,_250m_16_days_NDVI,aid0014,2020-10-31,3293261.0,-0.2,0.9363,"(-0.2,0.9363)",0.4122421,0.1365112,0.0186353,0.4933,0.758,0.403,0.0521,0.3168
MOD13Q1_061__250m_16_days_NDVI_doy2020321000000_aid0014,_250m_16_days_NDVI,aid0014,2020-11-16,3290588.0,-0.2,0.9248,"(-0.2,0.9248)",0.3936449,0.1242108,0.0154283,0.4698,0.7162,0.3862,0.0591,0.3055
MOD13Q1_061__250m_16_days_NDVI_doy2020337000000_aid0014,_250m_16_days_NDVI,aid0014,2020-12-02,3294794.0,-0.2,0.8925,"(-0.2,0.8925)",0.3247612,0.100246,0.0100493,0.3798,0.5625,0.3116,0.0753,0.258
MOD13Q1_061__250m_16_days_NDVI_doy2020353000000_aid0014,_250m_16_days_NDVI,aid0014,2020-12-18,3293147.0,-0.2,0.9386,"(-0.2,0.9386)",0.3238774,0.1056918,0.0111708,0.3798,0.57,0.3074,0.0628,0.253
MOD13Q1_061__250m_16_days_NDVI_doy2021001000000_aid0014,_250m_16_days_NDVI,aid0014,2021-01-01,3293110.0,-0.2,0.9384,"(-0.2,0.9384)",0.353293,0.1290838,0.0166626,0.4268,0.6789,0.335,0.0066,0.2587
MOD13Q1_061__250m_16_days_NDVI_doy2021017000000_aid0014,_250m_16_days_NDVI,aid0014,2021-01-17,3295158.0,-0.2,0.9581,"(-0.2,0.9581)",0.3550711,0.134972,0.0182174,0.4298,0.6848,0.3303,0.0048,0.2598
MOD13Q1_061__250m_16_days_NDVI_doy2021033000000_aid0014,_250m_16_days_NDVI,aid0014,2021-02-02,3294922.0,-0.2,0.9982,"(-0.2,0.9982)",0.3403425,0.131315,0.0172436,0.4008,0.6249,0.3139,0.0273,0.2514
MOD13Q1_061__250m_16_days_NDVI_doy2021049000000_aid0014,_250m_16_days_NDVI,aid0014,2021-02-18,3293818.0,-0.2,0.9383,"(-0.2,0.9383)",0.3275599,0.1194219,0.0142616,0.3815,0.5814,0.3041,0.0483,0.2482
MOD13Q1_061__250m_16_days_NDVI_doy2021065000000_aid0014,_250m_16_days_NDVI,aid0014,2021-03-06,3293944.0,-0.2,0.9612,"(-0.2,0.9612)",0.3444525,0.1159734,0.0134498,0.4043,0.6123,0.3263,0.0576,0.2656
MOD13Q1_061__250m_16_days_NDVI_doy2021081000000_aid0014,_250m_16_days_NDVI,aid0014,2021-03-22,3293118.0,-0.2,0.9319,"(-0.2,0.9319)",0.3582086,0.1208006,0.0145928,0.4226,0.6446,0.3415,0.0526,0.2746
MOD13Q1_061__250m_16_days_NDVI_doy2021097000000_aid0014,_250m_16_days_NDVI,aid0014,2021-04-07,3293350.0,-0.2,0.9987,"(-0.2,0.9987)",0.3963437,0.1275983,0.0162813,0.4709,0.7188,0.3852,0.0577,0.3056
MOD13Q1_061__250m_16_days_NDVI_doy2021113000000_aid0014,_250m_16_days_NDVI,aid0014,2021-04-23,3288935.0,-0.2,0.9165,"(-0.2,0.9165)",0.442938,0.1298232,0.0168541,0.5224,0.7756,0.4328,0.1004,0.3536
MOD13Q1_061__250m_16_days_NDVI_doy2021129000000_aid0014,_250m_16_days_NDVI,aid0014,2021-05-09,3289398.0,-0.2,0.9279,"(-0.2,0.9279)",0.4620954,0.1238502,0.0153389,0.5343,0.7492,0.4614,0.1761,0.391
MOD13Q1_061__250m_16_days_NDVI_doy2021145000000_aid0014,_250m_16_days_NDVI,aid0014,2021-05-25,3287754.0,-0.2,0.9623,"(-0.2,0.9623)",0.4692052,0.1207916,0.0145906,0.5329,0.7262,0.463,0.2107,0.404
MOD13Q1_061__250m_16_days_NDVI_doy2021161000000_aid0014,_250m_16_days_NDVI,aid0014,2021-06-10,3289987.0,-0.2,0.9595,"(-0.2,0.9595)",0.4624916,0.1217156,0.0148147,0.5269,0.7222,0.4603,0.2014,0.3967
MOD13Q1_061__250m_16_days_NDVI_doy2021177000000_aid0014,_250m_16_days_NDVI,aid0014,2021-06-26,3287787.0,-0.2,0.9535,"(-0.2,0.9535)",0.4543798,0.118382,0.0140143,0.5177,0.7112,0.4514,0.1952,0.3887
MOD13Q1_061__250m_16_days_NDVI_doy2021193000000_aid0014,_250m_16_days_NDVI,aid0014,2021-07-12,3290020.0,-0.2,0.9988,"(-0.2,0.9988)",0.4190344,0.1081532,0.0116971,0.4752,0.6492,0.4152,0.1852,0.3592
MOD13Q1_061__250m_16_days_NDVI_doy2021209000000_aid0014,_250m_16_days_NDVI,aid0014,2021-07-28,3289306.0,-0.2,0.9248,"(-0.2,0.9248)",0.3987356,0.1009459,0.0101901,0.4502,0.6098,0.3943,0.1842,0.3438
MOD13Q1_061__250m_16_days_NDVI_doy2021225000000_aid0014,_250m_16_days_NDVI,aid0014,2021-08-13,3290863.0,-0.2,0.9066,"(-0.2,0.9066)",0.3711613,0.095815,0.0091805,0.4185,0.5725,0.3632,0.1618,0.3158
MOD13Q1_061__250m_16_days_NDVI_doy2021241000000_aid0014,_250m_16_days_NDVI,aid0014,2021-08-29,3294618.0,-0.2,0.997,"(-0.2,0.997)",0.388242,0.1099415,0.0120871,0.447,0.6391,0.3771,0.1268,0.3189
MOD13Q1_061__250m_16_days_NDVI_doy2021257000000_aid0014,_250m_16_days_NDVI,aid0014,2021-09-14,3290448.0,-0.2,0.952,"(-0.2,0.952)",0.4138237,0.1428306,0.0204006,0.4949,0.7728,0.39,0.0317,0.3096
MOD13Q1_061__250m_16_days_NDVI_doy2021273000000_aid0014,_250m_16_days_NDVI,aid0014,2021-09-30,3292931.0,-0.2,0.9705,"(-0.2,0.9705)",0.4224228,0.1577209,0.0248759,0.5134,0.8273,0.3992,-0.0098,0.3041
MOD13Q1_061__250m_16_days_NDVI_doy2021289000000_aid0014,_250m_16_days_NDVI,aid0014,2021-10-16,3294079.0,-0.2,0.9415,"(-0.2,0.9415)",0.37816,0.15126,0.0228796,0.4489,0.725,0.3548,-0.0113,0.2648
MOD13Q1_061__250m_16_days_NDVI_doy2021305000000_aid0014,_250m_16_days_NDVI,aid0014,2021-11-01,3292816.0,-0.2,0.9455,"(-0.2,0.9455)",0.384826,0.1353813,0.0183281,0.4569,0.6973,0.3575,0.0562,0.2966
MOD13Q1_061__250m_16_days_NDVI_doy2021321000000_aid0014,_250m_16_days_NDVI,aid0014,2021-11-17,3290535.0,-0.2,0.9152,"(-0.2,0.9152)",0.367026,0.1245131,0.0155035,0.4442,0.6924,0.3505,0.0305,0.2787
MOD13Q1_061__250m_16_days_NDVI_doy2021337000000_aid0014,_250m_16_days_NDVI,aid0014,2021-12-03,3290031.0,-0.2,0.9825,"(-0.2,0.9825)",0.3878207,0.1227089,0.0150575,0.469,0.7198,0.38,0.051,0.3018
MOD13Q1_061__250m_16_days_NDVI_doy2021353000000_aid0014,_250m_16_days_NDVI,aid0014,2021-12-19,3293128.0,-0.2,0.9316,"(-0.2,0.9316)",0.395311,0.1320893,0.0174476,0.4836,0.7567,0.3822,0.0284,0.3015
MOD13Q1_061__250m_16_days_NDVI_doy2022001000000_aid0014,_250m_16_days_NDVI,aid0014,2022-01-01,3296736.0,-0.2,0.9089,"(-0.2,0.9089)",0.3446421,0.1157442,0.0133967,0.4094,0.6209,0.3271,0.0569,0.2684
MOD13Q1_061__250m_16_days_NDVI_doy2022017000000_aid0014,_250m_16_days_NDVI,aid0014,2022-01-17,3289635.0,-0.2,0.9383,"(-0.2,0.9383)",0.3769122,0.1258437,0.0158366,0.4464,0.6799,0.3581,0.0572,0.2907
MOD13Q1_061__250m_16_days_NDVI_doy2022033000000_aid0014,_250m_16_days_NDVI,aid0014,2022-02-02,3290682.0,-0.2,0.9428,"(-0.2,0.9428)",0.3961894,0.1346869,0.0181406,0.4741,0.7363,0.3803,0.0371,0.2993
MOD13Q1_061__250m_16_days_NDVI_doy2022049000000_aid0014,_250m_16_days_NDVI,aid0014,2022-02-18,3289447.0,-0.2,0.9829,"(-0.2,0.9829)",0.4180313,0.1369149,0.0187457,0.5067,0.7926,0.4066,0.0302,0.3161
MOD13Q1_061__250m_16_days_NDVI_doy2022065000000_aid0014,_250m_16_days_NDVI,aid0014,2022-03-06,3289618.0,-0.2,0.9644,"(-0.2,0.9644)",0.4218292,0.1325731,0.0175756,0.5002,0.7508,0.4103,0.0825,0.3331
MOD13Q1_061__250m_16_days_NDVI_doy2022081000000_aid0014,_250m_16_days_NDVI,aid0014,2022-03-22,3290544.0,-0.2,0.9104,"(-0.2,0.9104)",0.4312893,0.1201878,0.0144451,0.502,0.7228,0.4266,0.134,0.3548
MOD13Q1_061__250m_16_days_NDVI_doy2022097000000_aid0014,_250m_16_days_NDVI,aid0014,2022-04-07,3288153.0,-0.2,0.9277,"(-0.2,0.9277)",0.4612222,0.109127,0.0119087,0.5197,0.6905,0.4613,0.235,0.4058
MOD13Q1_061__250m_16_days_NDVI_doy2022113000000_aid0014,_250m_16_days_NDVI,aid0014,2022-04-23,3290211.0,-0.2,0.9376,"(-0.2,0.9376)",0.4499425,0.1173851,0.0137793,0.5138,0.7059,0.448,0.1936,0.3857
MOD13Q1_061__250m_16_days_NDVI_doy2022129000000_aid0014,_250m_16_days_NDVI,aid0014,2022-05-09,3288202.0,-0.2,0.9563,"(-0.2,0.9563)",0.46002,0.117977,0.0139186,0.5268,0.7254,0.4623,0.1958,0.3944
MOD13Q1_061__250m_16_days_NDVI_doy2022145000000_aid0014,_250m_16_days_NDVI,aid0014,2022-05-25,3285723.0,-0.2,0.9829,"(-0.2,0.9829)",0.4463275,0.118603,0.0140667,0.5125,0.7141,0.444,0.1765,0.3781
MOD13Q1_061__250m_16_days_NDVI_doy2022161000000_aid0014,_250m_16_days_NDVI,aid0014,2022-06-10,3288720.0,-0.2,0.9769,"(-0.2,0.9769)",0.425393,0.1139188,0.0129775,0.4915,0.6877,0.4259,0.1645,0.3607
MOD13Q1_061__250m_16_days_NDVI_doy2022177000000_aid0014,_250m_16_days_NDVI,aid0014,2022-06-26,3290430.0,-0.2,0.9184,"(-0.2,0.9184)",0.4087143,0.1061898,0.0112763,0.4683,0.6474,0.4088,0.1698,0.3489
MOD13Q1_061__250m_16_days_NDVI_doy2022193000000_aid0014,_250m_16_days_NDVI,aid0014,2022-07-12,3292406.0,-0.2,0.9889,"(-0.2,0.9889)",0.3885602,0.1015607,0.0103146,0.4439,0.615,0.3871,0.1587,0.3298
MOD13Q1_061__250m_16_days_NDVI_doy2022209000000_aid0014,_250m_16_days_NDVI,aid0014,2022-07-28,3285980.0,-0.2,0.9626,"(-0.2,0.9626)",0.4086753,0.1074804,0.011552,0.46,0.631,0.3967,0.175,0.346
MOD13Q1_061__250m_16_days_NDVI_doy2022225000000_aid0014,_250m_16_days_NDVI,aid0014,2022-08-13,3290306.0,-0.2,0.9141,"(-0.2,0.9141)",0.3888443,0.1126933,0.0126998,0.444,0.628,0.3725,0.1373,0.3213
MOD13Q1_061__250m_16_days_NDVI_doy2022241000000_aid0014,_250m_16_days_NDVI,aid0014,2022-08-29,3290349.0,-0.2,0.95,"(-0.2,0.95)",0.3783591,0.1159211,0.0134377,0.4376,0.6341,0.3553,0.1101,0.3066
MOD13Q1_061__250m_16_days_NDVI_doy2022257000000_aid0014,_250m_16_days_NDVI,aid0014,2022-09-14,3290964.0,-0.2,0.9501,"(-0.2,0.9501)",0.4057436,0.1296213,0.0168017,0.4695,0.6892,0.3715,0.1033,0.323
MOD13Q1_061__250m_16_days_NDVI_doy2022273000000_aid0014,_250m_16_days_NDVI,aid0014,2022-09-30,3291816.0,-0.2,0.9605,"(-0.2,0.9605)",0.4174848,0.1382506,0.0191132,0.4937,0.749,0.3851,0.0682,0.3235
MOD13Q1_061__250m_16_days_NDVI_doy2022289000000_aid0014,_250m_16_days_NDVI,aid0014,2022-10-16,3286608.0,-0.2,0.9389,"(-0.2,0.9389)",0.3907381,0.1392487,0.0193902,0.4607,0.7058,0.3556,0.0522,0.2973
MOD13Q1_061__250m_16_days_NDVI_doy2022305000000_aid0014,_250m_16_days_NDVI,aid0014,2022-11-01,3291633.0,-0.2,0.9932,"(-0.2,0.9932)",0.3958311,0.1262512,0.0159394,0.4685,0.7109,0.3758,0.0645,0.3069
MOD13Q1_061__250m_16_days_NDVI_doy2022321000000_aid0014,_250m_16_days_NDVI,aid0014,2022-11-17,3292620.0,-0.2,0.923,"(-0.2,0.923)",0.3953243,0.1234416,0.0152378,0.4777,0.7396,0.3864,0.0412,0.3031
MOD13Q1_061__250m_16_days_NDVI_doy2022337000000_aid0014,_250m_16_days_NDVI,aid0014,2022-12-03,3294091.0,-0.2,0.9692,"(-0.2,0.9692)",0.3428695,0.1084571,0.011763,0.4118,0.6317,0.3295,0.0453,0.2652
MOD13Q1_061__250m_16_days_NDVI_doy2022353000000_aid0014,_250m_16_days_NDVI,aid0014,2022-12-19,3296110.0,-0.2,0.9316,"(-0.2,0.9316)",0.3293063,0.1021467,0.0104339,0.3843,0.5697,0.3131,0.0753,0.2607
MOD13Q1_061__250m_16_days_NDVI_doy2023001000000_aid0014,_250m_16_days_NDVI,aid0014,2023-01-01,3296737.0,-0.2,0.9202,"(-0.2,0.9202)",0.3207586,0.1104783,0.0122055,0.3737,0.5634,0.2993,0.0575,0.2472
MOD13Q1_061__250m_16_days_NDVI_doy2023017000000_aid0014,_250m_16_days_NDVI,aid0014,2023-01-17,3293649.0,-0.2,0.9757,"(-0.2,0.9757)",0.3630474,0.1281359,0.0164188,0.427,0.6539,0.3389,0.0488,0.2757
MOD13Q1_061__250m_16_days_NDVI_doy2023033000000_aid0014,_250m_16_days_NDVI,aid0014,2023-02-02,3296381.0,-0.2,0.9969,"(-0.2,0.9969)",0.3675021,0.134335,0.0180459,0.4403,0.6936,0.3456,0.0181,0.2714
MOD13Q1_061__250m_16_days_NDVI_doy2023049000000_aid0014,_250m_16_days_NDVI,aid0014,2023-02-18,3296803.0,-0.2,0.909,"(-0.2,0.909)",0.3439186,0.116534,0.0135802,0.4064,0.6221,0.3264,0.0469,0.2626
MOD13Q1_061__250m_16_days_NDVI_doy2023065000000_aid0014,_250m_16_days_NDVI,aid0014,2023-03-06,3294181.0,-0.2,0.9191,"(-0.2,0.9191)",0.3824545,0.134218,0.0180145,0.4723,0.7634,0.3646,-0.0129,0.2782
MOD13Q1_061__250m_16_days_NDVI_doy2023081000000_aid0014,_250m_16_days_NDVI,aid0014,2023-03-22,3293425.0,-0.2,0.9414,"(-0.2,0.9414)",0.4155831,0.1540241,0.0237234,0.5321,0.898,0.398,-0.0779,0.2881
MOD13Q1_061__250m_16_days_NDVI_doy2023097000000_aid0014,_250m_16_days_NDVI,aid0014,2023-04-07,3293606.0,-0.2,0.9985,"(-0.2,0.9985)",0.4205746,0.1505313,0.0226597,0.5345,0.8882,0.4024,-0.055,0.2987
MOD13Q1_061__250m_16_days_NDVI_doy2023113000000_aid0014,_250m_16_days_NDVI,aid0014,2023-04-23,3293138.0,-0.2,0.9121,"(-0.2,0.9121)",0.3950462,0.1408716,0.0198448,0.4911,0.7998,0.374,-0.0234,0.2853
MOD13Q1_061__250m_16_days_NDVI_doy2023129000000_aid0014,_250m_16_days_NDVI,aid0014,2023-05-09,3295140.0,-0.2,0.9681,"(-0.2,0.9681)",0.3993559,0.1410003,0.0198811,0.4895,0.7842,0.3777,-0.0017,0.293
MOD13Q1_061__250m_16_days_NDVI_doy2023145000000_aid0014,_250m_16_days_NDVI,aid0014,2023-05-25,3292619.0,-0.2,0.9694,"(-0.2,0.9694)",0.3925206,0.1400189,0.0196053,0.4792,0.7655,0.3679,0.002,0.2883
MOD13Q1_061__250m_16_days_NDVI_doy2023161000000_aid0014,_250m_16_days_NDVI,aid0014,2023-06-10,3296493.0,-0.2,0.9946,"(-0.2,0.9946)",0.3509533,0.1190577,0.0141747,0.4164,0.6367,0.3325,0.0492,0.2695
MOD13Q1_061__250m_16_days_NDVI_doy2023177000000_aid0014,_250m_16_days_NDVI,aid0014,2023-06-26,3292893.0,-0.2,0.9973,"(-0.2,0.9973)",0.3828022,0.1159898,0.0134536,0.4478,0.6638,0.3673,0.0878,0.3038
MOD13Q1_061__250m_16_days_NDVI_doy2023193000000_aid0014,_250m_16_days_NDVI,aid0014,2023-07-12,3291590.0,-0.2,0.9826,"(-0.2,0.9826)",0.3694298,0.1144591,0.0131009,0.4333,0.6442,0.354,0.0818,0.2927
MOD13Q1_061__250m_16_days_NDVI_doy2023209000000_aid0014,_250m_16_days_NDVI,aid0014,2023-07-28,3293834.0,-0.2,0.9375,"(-0.2,0.9375)",0.3467111,0.1100882,0.0121194,0.406,0.6026,0.3319,0.0783,0.2749
MOD13Q1_061__250m_16_days_NDVI_doy2023225000000_aid0014,_250m_16_days_NDVI,aid0014,2023-08-13,3293082.0,-0.2,0.9067,"(-0.2,0.9067)",0.329368,0.1140861,0.0130156,0.3923,0.6044,0.3075,0.0388,0.2509
MOD13Q1_061__250m_16_days_NDVI_doy2023241000000_aid0014,_250m_16_days_NDVI,aid0014,2023-08-29,3294691.0,-0.2,0.9295,"(-0.2,0.9295)",0.3466906,0.124939,0.0156097,0.4124,0.6401,0.3215,0.0329,0.2606
MOD13Q1_061__250m_16_days_NDVI_doy2023257000000_aid0014,_250m_16_days_NDVI,aid0014,2023-09-14,3293433.0,-0.2,0.9674,"(-0.2,0.9674)",0.3618446,0.1457573,0.0212452,0.428,0.675,0.3254,0.0163,0.2633
MOD13Q1_061__250m_16_days_NDVI_doy2023273000000_aid0014,_250m_16_days_NDVI,aid0014,2023-09-30,3295938.0,-0.2,0.9529,"(-0.2,0.9529)",0.3397184,0.1474131,0.0217306,0.391,0.6095,0.2963,0.0268,0.2453
MOD13Q1_061__250m_16_days_NDVI_doy2023289000000_aid0014,_250m_16_days_NDVI,aid0014,2023-10-16,3295857.0,-0.2,0.9577,"(-0.2,0.9577)",0.3329235,0.1486726,0.0221035,0.3899,0.6221,0.2863,0.0029,0.2351
MOD13Q1_061__250m_16_days_NDVI_doy2023305000000_aid0014,_250m_16_days_NDVI,aid0014,2023-11-01,3295408.0,-0.2,0.9556,"(-0.2,0.9556)",0.3220737,0.1381992,0.019099,0.3866,0.6234,0.2808,-0.0081,0.2287
MOD13Q1_061__250m_16_days_NDVI_doy2023321000000_aid0014,_250m_16_days_NDVI,aid0014,2023-11-17,3294542.0,-0.2,0.9191,"(-0.2,0.9191)",0.2964184,0.1088657,0.0118517,0.3556,0.5563,0.2704,0.0211,0.2218
MOD13Q1_061__250m_16_days_NDVI_doy2023337000000_aid0014,_250m_16_days_NDVI,aid0014,2023-12-03,3294744.0,-0.2,0.9435,"(-0.2,0.9435)",0.3048347,0.1041066,0.0108382,0.3595,0.5464,0.2844,0.048,0.2349
MOD13Q1_061__250m_16_days_NDVI_doy2023353000000_aid0014,_250m_16_days_NDVI,aid0014,2023-12-19,3292943.0,-0.2,0.9073,"(-0.2,0.9073)",0.3418439,0.1161869,0.0134994,0.4057,0.6208,0.3262,0.0472,0.2623
MOD13Q1_061__250m_16_days_NDVI_doy2015353000000_aid0015,_250m_16_days_NDVI,aid0015,2015-12-19,3407432.0,-0.2,0.9996,"(-0.2,0.9996)",0.6588632,0.1548597,0.0239815,0.7514,0.9702,0.684,0.3867,0.6055
MOD13Q1_061__250m_16_days_NDVI_doy2016001000000_aid0015,_250m_16_days_NDVI,aid0015,2016-01-01,3397341.0,-0.2,0.9992,"(-0.2,0.9992)",0.7182112,0.133628,0.0178564,0.808,0.9992,0.7276,0.4325,0.6578
MOD13Q1_061__250m_16_days_NDVI_doy2016017000000_aid0015,_250m_16_days_NDVI,aid0015,2016-01-17,3404331.0,-0.2,0.994,"(-0.2,0.994)",0.7197077,0.1346636,0.0181343,0.8033,0.994,0.7355,0.4511,0.6624
MOD13Q1_061__250m_16_days_NDVI_doy2016033000000_aid0015,_250m_16_days_NDVI,aid0015,2016-02-02,3407294.0,-0.2,0.9992,"(-0.2,0.9992)",0.7417254,0.1329164,0.0176668,0.835,0.9992,0.7471,0.443,0.6782
MOD13Q1_061__250m_16_days_NDVI_doy2016049000000_aid0015,_250m_16_days_NDVI,aid0015,2016-02-18,3408775.0,-0.2,0.9994,"(-0.2,0.9994)",0.7625563,0.1130159,0.0127726,0.8283,0.9884,0.7764,0.5611,0.7214
MOD13Q1_061__250m_16_days_NDVI_doy2016065000000_aid0015,_250m_16_days_NDVI,aid0015,2016-03-05,3400185.0,-0.2,0.9995,"(-0.2,0.9995)",0.731359,0.1165986,0.0135952,0.8075,0.999,0.7383,0.4883,0.6798
MOD13Q1_061__250m_16_days_NDVI_doy2016081000000_aid0015,_250m_16_days_NDVI,aid0015,2016-03-21,3403693.0,-0.2,0.9988,"(-0.2,0.9988)",0.6680805,0.1310745,0.0171805,0.7452,0.9399,0.6824,0.4207,0.6154
MOD13Q1_061__250m_16_days_NDVI_doy2016097000000_aid0015,_250m_16_days_NDVI,aid0015,2016-04-06,3405316.0,-0.2,0.9993,"(-0.2,0.9993)",0.6674929,0.1390403,0.0193322,0.7516,0.9525,0.6952,0.4164,0.6175
MOD13Q1_061__250m_16_days_NDVI_doy2016113000000_aid0015,_250m_16_days_NDVI,aid0015,2016-04-22,3402851.0,-0.2,0.9992,"(-0.2,0.9992)",0.6482783,0.1476514,0.0218009,0.7375,0.9618,0.678,0.3608,0.5868
MOD13Q1_061__250m_16_days_NDVI_doy2016129000000_aid0015,_250m_16_days_NDVI,aid0015,2016-05-08,3432285.0,-0.2,0.9986,"(-0.2,0.9986)",0.635967,0.1458986,0.0212864,0.7218,0.9294,0.661,0.3758,0.5834
MOD13Q1_061__250m_16_days_NDVI_doy2016145000000_aid0015,_250m_16_days_NDVI,aid0015,2016-05-24,3410173.0,-0.2,0.9992,"(-0.2,0.9992)",0.6177142,0.1367755,0.0187075,0.6935,0.8874,0.6249,0.3703,0.5642
MOD13Q1_061__250m_16_days_NDVI_doy2016161000000_aid0015,_250m_16_days_NDVI,aid0015,2016-06-09,3400037.0,-0.2,0.9951,"(-0.2,0.9951)",0.6076263,0.1319751,0.0174174,0.6835,0.8935,0.6118,0.3335,0.5435
MOD13Q1_061__250m_16_days_NDVI_doy2016177000000_aid0015,_250m_16_days_NDVI,aid0015,2016-06-25,3400863.0,-0.2,0.9871,"(-0.2,0.9871)",0.5875268,0.136426,0.018612,0.6701,0.9006,0.5824,0.2859,0.5164
MOD13Q1_061__250m_16_days_NDVI_doy2016193000000_aid0015,_250m_16_days_NDVI,aid0015,2016-07-11,3401026.0,-0.2,0.9993,"(-0.2,0.9993)",0.601079,0.1383527,0.0191415,0.6961,0.9637,0.59,0.2499,0.5176
MOD13Q1_061__250m_16_days_NDVI_doy2016209000000_aid0015,_250m_16_days_NDVI,aid0015,2016-07-27,3402336.0,-0.2,0.9964,"(-0.2,0.9964)",0.5970403,0.1374715,0.0188984,0.6917,0.9511,0.5789,0.2442,0.5127
MOD13Q1_061__250m_16_days_NDVI_doy2016225000000_aid0015,_250m_16_days_NDVI,aid0015,2016-08-12,3405386.0,-0.2,0.9884,"(-0.2,0.9884)",0.5956136,0.1390519,0.0193354,0.693,0.9643,0.5779,0.2333,0.5091
MOD13Q1_061__250m_16_days_NDVI_doy2016241000000_aid0015,_250m_16_days_NDVI,aid0015,2016-08-28,3404584.0,-0.2,0.9912,"(-0.2,0.9912)",0.5991428,0.1444393,0.0208627,0.6967,0.9566,0.5849,0.2282,0.5093
MOD13Q1_061__250m_16_days_NDVI_doy2016257000000_aid0015,_250m_16_days_NDVI,aid0015,2016-09-13,3401214.0,-0.2,0.9722,"(-0.2,0.9722)",0.6075425,0.1368003,0.0187143,0.7001,0.955,0.5963,0.2576,0.5231
MOD13Q1_061__250m_16_days_NDVI_doy2016273000000_aid0015,_250m_16_days_NDVI,aid0015,2016-09-29,3408115.0,-0.2,0.9931,"(-0.2,0.9931)",0.5939597,0.1284332,0.0164951,0.6724,0.8953,0.5873,0.3009,0.5238
MOD13Q1_061__250m_16_days_NDVI_doy2016289000000_aid0015,_250m_16_days_NDVI,aid0015,2016-10-15,3407762.0,-0.2,0.9968,"(-0.2,0.9968)",0.5971936,0.1526645,0.0233064,0.6905,0.9403,0.6019,0.2695,0.5221
MOD13Q1_061__250m_16_days_NDVI_doy2016305000000_aid0015,_250m_16_days_NDVI,aid0015,2016-10-31,3410265.0,-0.2,0.9916,"(-0.2,0.9916)",0.6197659,0.1582014,0.0250277,0.7247,0.9916,0.6459,0.2552,0.5369
MOD13Q1_061__250m_16_days_NDVI_doy2016321000000_aid0015,_250m_16_days_NDVI,aid0015,2016-11-16,3410873.0,-0.2,0.9987,"(-0.2,0.9987)",0.6123246,0.1539636,0.0237048,0.7086,0.9501,0.6259,0.2851,0.5392
MOD13Q1_061__250m_16_days_NDVI_doy2016337000000_aid0015,_250m_16_days_NDVI,aid0015,2016-12-02,3414898.0,-0.2,0.9986,"(-0.2,0.9986)",0.650579,0.1417793,0.0201014,0.7428,0.9908,0.6627,0.3293,0.5774
MOD13Q1_061__250m_16_days_NDVI_doy2016353000000_aid0015,_250m_16_days_NDVI,aid0015,2016-12-18,3415682.0,-0.2,0.9995,"(-0.2,0.9995)",0.6603918,0.1453249,0.0211193,0.7618,0.9995,0.6668,0.2943,0.5748
MOD13Q1_061__250m_16_days_NDVI_doy2017001000000_aid0015,_250m_16_days_NDVI,aid0015,2017-01-01,3414805.0,-0.2,0.9994,"(-0.2,0.9994)",0.7385269,0.1219533,0.0148726,0.8221,0.9994,0.7446,0.4656,0.6795
MOD13Q1_061__250m_16_days_NDVI_doy2017017000000_aid0015,_250m_16_days_NDVI,aid0015,2017-01-17,3412867.0,-0.2,0.9994,"(-0.2,0.9994)",0.7495331,0.1172504,0.0137477,0.8305,0.9994,0.7523,0.475,0.6883
MOD13Q1_061__250m_16_days_NDVI_doy2017033000000_aid0015,_250m_16_days_NDVI,aid0015,2017-02-02,3424580.0,-0.2,0.9996,"(-0.2,0.9996)",0.7511772,0.1317729,0.0173641,0.839,0.9996,0.7582,0.4635,0.6888
MOD13Q1_061__250m_16_days_NDVI_doy2017049000000_aid0015,_250m_16_days_NDVI,aid0015,2017-02-18,3410934.0,-0.2,0.9993,"(-0.2,0.9993)",0.7514449,0.1249069,0.0156017,0.8422,0.9993,0.7545,0.4502,0.6854
MOD13Q1_061__250m_16_days_NDVI_doy2017065000000_aid0015,_250m_16_days_NDVI,aid0015,2017-03-06,3404301.0,-0.2,0.9993,"(-0.2,0.9993)",0.7489304,0.1136652,0.0129198,0.8252,0.9993,0.756,0.4995,0.6949
MOD13Q1_061__250m_16_days_NDVI_doy2017081000000_aid0015,_250m_16_days_NDVI,aid0015,2017-03-22,3407981.0,-0.2,0.9898,"(-0.2,0.9898)",0.6828985,0.1265015,0.0160026,0.7572,0.9488,0.6992,0.4372,0.6292
MOD13Q1_061__250m_16_days_NDVI_doy2017097000000_aid0015,_250m_16_days_NDVI,aid0015,2017-04-07,3409804.0,-0.2,0.9991,"(-0.2,0.9991)",0.6359906,0.1588582,0.0252359,0.7359,0.9991,0.6716,0.2904,0.5577
MOD13Q1_061__250m_16_days_NDVI_doy2017113000000_aid0015,_250m_16_days_NDVI,aid0015,2017-04-23,3396052.0,-0.2,0.9992,"(-0.2,0.9992)",0.6380496,0.1550737,0.0240478,0.732,0.9845,0.6637,0.3075,0.5622
MOD13Q1_061__250m_16_days_NDVI_doy2017129000000_aid0015,_250m_16_days_NDVI,aid0015,2017-05-09,3397910.0,-0.2,0.9992,"(-0.2,0.9992)",0.6465065,0.1467607,0.0215387,0.7312,0.9442,0.6703,0.3762,0.5892
MOD13Q1_061__250m_16_days_NDVI_doy2017145000000_aid0015,_250m_16_days_NDVI,aid0015,2017-05-25,3437279.0,-0.2,0.9993,"(-0.2,0.9993)",0.499707,0.2451437,0.0600954,0.6862,0.9993,0.5733,-0.2,0.3133
MOD13Q1_061__250m_16_days_NDVI_doy2017161000000_aid0015,_250m_16_days_NDVI,aid0015,2017-06-10,3376397.0,-0.2,0.9991,"(-0.2,0.9991)",0.6468186,0.1399669,0.0195907,0.7312,0.947,0.6539,0.3715,0.5873
MOD13Q1_061__250m_16_days_NDVI_doy2017177000000_aid0015,_250m_16_days_NDVI,aid0015,2017-06-26,3406719.0,-0.2,0.9968,"(-0.2,0.9968)",0.617682,0.1326626,0.0175994,0.6961,0.904,0.6216,0.3496,0.5575
MOD13Q1_061__250m_16_days_NDVI_doy2017193000000_aid0015,_250m_16_days_NDVI,aid0015,2017-07-12,3397935.0,-0.2,0.9957,"(-0.2,0.9957)",0.6143769,0.1218366,0.0148442,0.685,0.8837,0.6131,0.3538,0.5525
MOD13Q1_061__250m_16_days_NDVI_doy2017209000000_aid0015,_250m_16_days_NDVI,aid0015,2017-07-28,3398912.0,-0.2,0.9214,"(-0.2,0.9214)",0.5714509,0.1201853,0.0144445,0.6387,0.8398,0.568,0.3035,0.5046
MOD13Q1_061__250m_16_days_NDVI_doy2017225000000_aid0015,_250m_16_days_NDVI,aid0015,2017-08-13,3399001.0,-0.2,0.9839,"(-0.2,0.9839)",0.5950793,0.1251446,0.0156612,0.6705,0.8854,0.5885,0.3123,0.5272
MOD13Q1_061__250m_16_days_NDVI_doy2017241000000_aid0015,_250m_16_days_NDVI,aid0015,2017-08-29,3408891.0,-0.2,0.9977,"(-0.2,0.9977)",0.6094588,0.1251052,0.0156513,0.6872,0.9036,0.6106,0.3265,0.5429
MOD13Q1_061__250m_16_days_NDVI_doy2017257000000_aid0015,_250m_16_days_NDVI,aid0015,2017-09-14,3440086.0,-0.2,0.9944,"(-0.2,0.9944)",0.6216291,0.1367199,0.0186923,0.703,0.9104,0.6314,0.3573,0.5647
MOD13Q1_061__250m_16_days_NDVI_doy2017273000000_aid0015,_250m_16_days_NDVI,aid0015,2017-09-30,3428243.0,-0.2,0.9993,"(-0.2,0.9993)",0.6201619,0.1388551,0.0192807,0.7057,0.9347,0.6298,0.3237,0.5529
MOD13Q1_061__250m_16_days_NDVI_doy2017289000000_aid0015,_250m_16_days_NDVI,aid0015,2017-10-16,3410293.0,-0.2,0.9983,"(-0.2,0.9983)",0.6131778,0.1443088,0.020825,0.7028,0.9442,0.6297,0.3003,0.5418
MOD13Q1_061__250m_16_days_NDVI_doy2017305000000_aid0015,_250m_16_days_NDVI,aid0015,2017-11-01,3404754.0,-0.2,0.9945,"(-0.2,0.9945)",0.6063459,0.1533209,0.0235073,0.704,0.9639,0.6215,0.269,0.53
MOD13Q1_061__250m_16_days_NDVI_doy2017321000000_aid0015,_250m_16_days_NDVI,aid0015,2017-11-17,3404536.0,-0.2,0.9975,"(-0.2,0.9975)",0.5917784,0.1500978,0.0225294,0.686,0.9395,0.6031,0.2635,0.517
MOD13Q1_061__250m_16_days_NDVI_doy2017337000000_aid0015,_250m_16_days_NDVI,aid0015,2017-12-03,3406115.0,-0.2,0.9993,"(-0.2,0.9993)",0.6020936,0.1423539,0.0202646,0.6952,0.965,0.6043,0.2455,0.5153
MOD13Q1_061__250m_16_days_NDVI_doy2017353000000_aid0015,_250m_16_days_NDVI,aid0015,2017-12-19,3410086.0,-0.2,0.9992,"(-0.2,0.9992)",0.6447497,0.1358735,0.0184616,0.7386,0.9992,0.6493,0.2921,0.56
MOD13Q1_061__250m_16_days_NDVI_doy2018001000000_aid0015,_250m_16_days_NDVI,aid0015,2018-01-01,3412646.0,-0.2,0.9993,"(-0.2,0.9993)",0.6746413,0.1513915,0.0229194,0.7945,0.9993,0.677,0.2445,0.5745
MOD13Q1_061__250m_16_days_NDVI_doy2018017000000_aid0015,_250m_16_days_NDVI,aid0015,2018-01-17,3429588.0,-0.2,0.9991,"(-0.2,0.9991)",0.7192446,0.1477786,0.0218385,0.822,0.9991,0.7278,0.3713,0.6417
MOD13Q1_061__250m_16_days_NDVI_doy2018033000000_aid0015,_250m_16_days_NDVI,aid0015,2018-02-02,3405639.0,-0.2,0.9997,"(-0.2,0.9997)",0.7332622,0.1327597,0.0176251,0.8344,0.9997,0.7365,0.3859,0.655
MOD13Q1_061__250m_16_days_NDVI_doy2018049000000_aid0015,_250m_16_days_NDVI,aid0015,2018-02-18,3408143.0,-0.2,0.9987,"(-0.2,0.9987)",0.7273324,0.1304171,0.0170086,0.825,0.9987,0.735,0.3898,0.6509
MOD13Q1_061__250m_16_days_NDVI_doy2018065000000_aid0015,_250m_16_days_NDVI,aid0015,2018-03-06,3407772.0,-0.2,0.995,"(-0.2,0.995)",0.6918758,0.1218837,0.0148556,0.7751,0.995,0.6983,0.3971,0.6239
MOD13Q1_061__250m_16_days_NDVI_doy2018081000000_aid0015,_250m_16_days_NDVI,aid0015,2018-03-22,3419539.0,-0.2,0.9992,"(-0.2,0.9992)",0.668584,0.1422286,0.020229,0.7563,0.9703,0.6944,0.3996,0.6136
MOD13Q1_061__250m_16_days_NDVI_doy2018097000000_aid0015,_250m_16_days_NDVI,aid0015,2018-04-07,3405879.0,-0.2,0.9993,"(-0.2,0.9993)",0.6508536,0.1461343,0.0213552,0.7442,0.9761,0.6819,0.353,0.5877
MOD13Q1_061__250m_16_days_NDVI_doy2018113000000_aid0015,_250m_16_days_NDVI,aid0015,2018-04-23,3414062.0,-0.2,0.9944,"(-0.2,0.9944)",0.6640969,0.132495,0.0175549,0.7461,0.9483,0.69,0.4091,0.6113
MOD13Q1_061__250m_16_days_NDVI_doy2018129000000_aid0015,_250m_16_days_NDVI,aid0015,2018-05-09,3404918.0,-0.2,0.9984,"(-0.2,0.9984)",0.6777629,0.1337956,0.0179013,0.7605,0.9597,0.7077,0.4285,0.6277
MOD13Q1_061__250m_16_days_NDVI_doy2018145000000_aid0015,_250m_16_days_NDVI,aid0015,2018-05-25,3403749.0,-0.2,0.9873,"(-0.2,0.9873)",0.660479,0.1269242,0.0161097,0.7351,0.9224,0.6788,0.4229,0.6102
MOD13Q1_061__250m_16_days_NDVI_doy2018161000000_aid0015,_250m_16_days_NDVI,aid0015,2018-06-10,3407739.0,-0.2,0.9941,"(-0.2,0.9941)",0.6415441,0.1266151,0.0160314,0.7126,0.8912,0.6564,0.4149,0.5935
MOD13Q1_061__250m_16_days_NDVI_doy2018177000000_aid0015,_250m_16_days_NDVI,aid0015,2018-06-26,3436927.0,-0.2,0.9995,"(-0.2,0.9995)",0.5687566,0.1514927,0.02295,0.6563,0.8825,0.5939,0.2793,0.5055
MOD13Q1_061__250m_16_days_NDVI_doy2018193000000_aid0015,_250m_16_days_NDVI,aid0015,2018-07-12,3411039.0,-0.2,0.9892,"(-0.2,0.9892)",0.6333436,0.1302108,0.0169549,0.7153,0.9327,0.6304,0.3528,0.5703
MOD13Q1_061__250m_16_days_NDVI_doy2018209000000_aid0015,_250m_16_days_NDVI,aid0015,2018-07-28,3405343.0,-0.2,0.9991,"(-0.2,0.9991)",0.6381573,0.1353138,0.0183098,0.7312,0.9866,0.6254,0.299,0.5583
MOD13Q1_061__250m_16_days_NDVI_doy2018225000000_aid0015,_250m_16_days_NDVI,aid0015,2018-08-13,3412892.0,-0.2,0.998,"(-0.2,0.998)",0.6112496,0.1424175,0.0202827,0.7079,0.9797,0.5948,0.2512,0.5252
MOD13Q1_061__250m_16_days_NDVI_doy2018241000000_aid0015,_250m_16_days_NDVI,aid0015,2018-08-29,3411156.0,-0.2,0.9991,"(-0.2,0.9991)",0.600616,0.1374651,0.0188967,0.6916,0.9524,0.5902,0.2534,0.5163
MOD13Q1_061__250m_16_days_NDVI_doy2018257000000_aid0015,_250m_16_days_NDVI,aid0015,2018-09-14,3426320.0,-0.2,0.997,"(-0.2,0.997)",0.6292056,0.1298012,0.0168483,0.7128,0.9367,0.6393,0.3388,0.5632
MOD13Q1_061__250m_16_days_NDVI_doy2018273000000_aid0015,_250m_16_days_NDVI,aid0015,2018-09-30,3426074.0,-0.2,0.9993,"(-0.2,0.9993)",0.6381406,0.135071,0.0182442,0.724,0.9395,0.6583,0.3648,0.5803
MOD13Q1_061__250m_16_days_NDVI_doy2018289000000_aid0015,_250m_16_days_NDVI,aid0015,2018-10-16,3407415.0,-0.2,0.9987,"(-0.2,0.9987)",0.629267,0.1485254,0.0220598,0.7287,0.9791,0.6462,0.286,0.5516
MOD13Q1_061__250m_16_days_NDVI_doy2018305000000_aid0015,_250m_16_days_NDVI,aid0015,2018-11-01,3409064.0,-0.2,0.9987,"(-0.2,0.9987)",0.6223311,0.1638926,0.0268608,0.734,0.9987,0.6515,0.2375,0.5354
MOD13Q1_061__250m_16_days_NDVI_doy2018321000000_aid0015,_250m_16_days_NDVI,aid0015,2018-11-17,3406814.0,-0.2,0.9984,"(-0.2,0.9984)",0.6327226,0.1644818,0.0270543,0.7442,0.9984,0.6662,0.2665,0.5531
MOD13Q1_061__250m_16_days_NDVI_doy2018337000000_aid0015,_250m_16_days_NDVI,aid0015,2018-12-03,3408754.0,-0.2,0.9922,"(-0.2,0.9922)",0.6377598,0.1384517,0.0191689,0.7269,0.965,0.6534,0.3299,0.5681
MOD13Q1_061__250m_16_days_NDVI_doy2018353000000_aid0015,_250m_16_days_NDVI,aid0015,2018-12-19,3418340.0,-0.2,0.999,"(-0.2,0.999)",0.6983213,0.1303814,0.0169993,0.778,0.9845,0.7107,0.433,0.64
MOD13Q1_061__250m_16_days_NDVI_doy2019001000000_aid0015,_250m_16_days_NDVI,aid0015,2019-01-01,3443415.0,-0.2,0.9995,"(-0.2,0.9995)",0.7038923,0.1364129,0.0186085,0.7888,0.9958,0.7193,0.4438,0.6508
MOD13Q1_061__250m_16_days_NDVI_doy2019017000000_aid0015,_250m_16_days_NDVI,aid0015,2019-01-17,3433412.0,-0.2,0.998,"(-0.2,0.998)",0.7345909,0.1483489,0.0220074,0.8263,0.998,0.756,0.4636,0.6812
MOD13Q1_061__250m_16_days_NDVI_doy2019033000000_aid0015,_250m_16_days_NDVI,aid0015,2019-02-02,3436416.0,-0.2,0.9995,"(-0.2,0.9995)",0.7417968,0.1432546,0.0205219,0.8371,0.9995,0.7545,0.4429,0.6794
MOD13Q1_061__250m_16_days_NDVI_doy2019049000000_aid0015,_250m_16_days_NDVI,aid0015,2019-02-18,3426640.0,-0.2,0.999,"(-0.2,0.999)",0.7329583,0.1369518,0.0187558,0.8278,0.999,0.7414,0.4323,0.6696
MOD13Q1_061__250m_16_days_NDVI_doy2019065000000_aid0015,_250m_16_days_NDVI,aid0015,2019-03-06,3426654.0,-0.2,0.9993,"(-0.2,0.9993)",0.7036871,0.1339758,0.0179495,0.7863,0.99,0.7129,0.4468,0.6505
MOD13Q1_061__250m_16_days_NDVI_doy2019081000000_aid0015,_250m_16_days_NDVI,aid0015,2019-03-22,3417476.0,-0.2,0.9905,"(-0.2,0.9905)",0.6596948,0.1389617,0.0193103,0.7421,0.9537,0.6771,0.3891,0.6009
MOD13Q1_061__250m_16_days_NDVI_doy2019097000000_aid0015,_250m_16_days_NDVI,aid0015,2019-04-07,3406489.0,-0.2,0.9992,"(-0.2,0.9992)",0.6558157,0.1479953,0.0219026,0.7469,0.9735,0.6883,0.3674,0.5951
MOD13Q1_061__250m_16_days_NDVI_doy2019113000000_aid0015,_250m_16_days_NDVI,aid0015,2019-04-23,3416955.0,-0.2,0.9992,"(-0.2,0.9992)",0.6464535,0.1465922,0.0214893,0.7356,0.9618,0.6729,0.3586,0.5848
MOD13Q1_061__250m_16_days_NDVI_doy2019129000000_aid0015,_250m_16_days_NDVI,aid0015,2019-05-09,3401916.0,-0.2,0.9969,"(-0.2,0.9969)",0.6611817,0.1358507,0.0184554,0.7402,0.941,0.6785,0.4055,0.6063
MOD13Q1_061__250m_16_days_NDVI_doy2019145000000_aid0015,_250m_16_days_NDVI,aid0015,2019-05-25,3414543.0,-0.2,0.9984,"(-0.2,0.9984)",0.6637386,0.1318373,0.0173811,0.7415,0.9354,0.6761,0.4183,0.6122
MOD13Q1_061__250m_16_days_NDVI_doy2019161000000_aid0015,_250m_16_days_NDVI,aid0015,2019-06-10,3414999.0,-0.2,0.9984,"(-0.2,0.9984)",0.6467815,0.1303654,0.0169951,0.7242,0.9187,0.6561,0.4,0.5945
MOD13Q1_061__250m_16_days_NDVI_doy2019177000000_aid0015,_250m_16_days_NDVI,aid0015,2019-06-26,3405585.0,-0.2,0.997,"(-0.2,0.997)",0.6409396,0.1197992,0.0143519,0.7088,0.8883,0.6436,0.4096,0.5891
MOD13Q1_061__250m_16_days_NDVI_doy2019193000000_aid0015,_250m_16_days_NDVI,aid0015,2019-07-12,3411255.0,-0.2,0.9957,"(-0.2,0.9957)",0.6035516,0.1326469,0.0175952,0.6855,0.9066,0.601,0.317,0.5381
MOD13Q1_061__250m_16_days_NDVI_doy2019209000000_aid0015,_250m_16_days_NDVI,aid0015,2019-07-28,3399999.0,-0.2,0.9697,"(-0.2,0.9697)",0.618996,0.1345452,0.0181024,0.7125,0.9697,0.6035,0.2788,0.539
MOD13Q1_061__250m_16_days_NDVI_doy2019225000000_aid0015,_250m_16_days_NDVI,aid0015,2019-08-13,3405359.0,-0.2,0.9574,"(-0.2,0.9574)",0.6024683,0.1396055,0.0194897,0.7,0.9574,0.5805,0.2345,0.5138
MOD13Q1_061__250m_16_days_NDVI_doy2019241000000_aid0015,_250m_16_days_NDVI,aid0015,2019-08-29,3427580.0,-0.2,0.9978,"(-0.2,0.9978)",0.5878533,0.1395464,0.0194732,0.6729,0.9144,0.578,0.2704,0.5119
MOD13Q1_061__250m_16_days_NDVI_doy2019257000000_aid0015,_250m_16_days_NDVI,aid0015,2019-09-14,3434459.0,-0.2,0.9975,"(-0.2,0.9975)",0.595198,0.1447751,0.0209598,0.6859,0.9365,0.5918,0.2674,0.5185
MOD13Q1_061__250m_16_days_NDVI_doy2019273000000_aid0015,_250m_16_days_NDVI,aid0015,2019-09-30,3441865.0,-0.2,0.997,"(-0.2,0.997)",0.5956113,0.1374495,0.0188924,0.6752,0.894,0.5983,0.3105,0.5293
MOD13Q1_061__250m_16_days_NDVI_doy2019289000000_aid0015,_250m_16_days_NDVI,aid0015,2019-10-16,3439572.0,-0.2,0.9993,"(-0.2,0.9993)",0.600574,0.155061,0.0240439,0.694,0.9425,0.6129,0.2793,0.5281
MOD13Q1_061__250m_16_days_NDVI_doy2019305000000_aid0015,_250m_16_days_NDVI,aid0015,2019-11-01,3436910.0,-0.2,0.9966,"(-0.2,0.9966)",0.6176214,0.1739283,0.0302511,0.7327,0.9966,0.6486,0.237,0.5344
MOD13Q1_061__250m_16_days_NDVI_doy2019321000000_aid0015,_250m_16_days_NDVI,aid0015,2019-11-17,3443490.0,-0.2,0.9988,"(-0.2,0.9988)",0.6278803,0.1693199,0.0286692,0.7375,0.9988,0.6592,0.2763,0.553
MOD13Q1_061__250m_16_days_NDVI_doy2019337000000_aid0015,_250m_16_days_NDVI,aid0015,2019-12-03,3430558.0,-0.2,0.9971,"(-0.2,0.9971)",0.6381442,0.1592522,0.0253613,0.7393,0.9971,0.6542,0.3001,0.5636
MOD13Q1_061__250m_16_days_NDVI_doy2019353000000_aid0015,_250m_16_days_NDVI,aid0015,2019-12-19,3430373.0,-0.2,0.9995,"(-0.2,0.9995)",0.6619616,0.137792,0.0189866,0.7465,0.9763,0.6646,0.3605,0.5921
MOD13Q1_061__250m_16_days_NDVI_doy2020001000000_aid0015,_250m_16_days_NDVI,aid0015,2020-01-01,3439399.0,-0.2,0.9995,"(-0.2,0.9995)",0.6557287,0.1356799,0.018409,0.7408,0.9739,0.6581,0.3523,0.5854
MOD13Q1_061__250m_16_days_NDVI_doy2020017000000_aid0015,_250m_16_days_NDVI,aid0015,2020-01-17,3418472.0,-0.2,0.9994,"(-0.2,0.9994)",0.7182036,0.1342651,0.0180271,0.8204,0.9994,0.7198,0.3677,0.6393
MOD13Q1_061__250m_16_days_NDVI_doy2020033000000_aid0015,_250m_16_days_NDVI,aid0015,2020-02-02,3416456.0,-0.2,0.9995,"(-0.2,0.9995)",0.7165229,0.1369629,0.0187588,0.8195,0.9995,0.7227,0.3658,0.638
MOD13Q1_061__250m_16_days_NDVI_doy2020049000000_aid0015,_250m_16_days_NDVI,aid0015,2020-02-18,3414150.0,-0.2,0.9986,"(-0.2,0.9986)",0.7276736,0.1289766,0.016635,0.8242,0.9986,0.7308,0.4005,0.6547
MOD13Q1_061__250m_16_days_NDVI_doy2020065000000_aid0015,_250m_16_days_NDVI,aid0015,2020-03-05,3441939.0,-0.2,0.9902,"(-0.2,0.9902)",0.652156,0.1432098,0.0205091,0.7399,0.9704,0.665,0.3557,0.5862
MOD13Q1_061__250m_16_days_NDVI_doy2020081000000_aid0015,_250m_16_days_NDVI,aid0015,2020-03-21,3433878.0,-0.2,0.9943,"(-0.2,0.9943)",0.6274955,0.1510236,0.0228081,0.726,0.991,0.6488,0.2835,0.549
MOD13Q1_061__250m_16_days_NDVI_doy2020097000000_aid0015,_250m_16_days_NDVI,aid0015,2020-04-06,3427972.0,-0.2,0.9849,"(-0.2,0.9849)",0.6151658,0.160586,0.0257879,0.7197,0.9849,0.6394,0.2525,0.5328
MOD13Q1_061__250m_16_days_NDVI_doy2020113000000_aid0015,_250m_16_days_NDVI,aid0015,2020-04-22,3431738.0,-0.2,0.9903,"(-0.2,0.9903)",0.586672,0.1586445,0.0251681,0.6852,0.9619,0.6031,0.2117,0.4958
MOD13Q1_061__250m_16_days_NDVI_doy2020129000000_aid0015,_250m_16_days_NDVI,aid0015,2020-05-08,3427837.0,-0.2,0.9977,"(-0.2,0.9977)",0.6016301,0.1470804,0.0216326,0.6881,0.9273,0.6091,0.2894,0.5286
MOD13Q1_061__250m_16_days_NDVI_doy2020145000000_aid0015,_250m_16_days_NDVI,aid0015,2020-05-24,3408585.0,-0.2,0.9984,"(-0.2,0.9984)",0.6157462,0.1400544,0.0196152,0.6999,0.9321,0.6171,0.3129,0.5451
MOD13Q1_061__250m_16_days_NDVI_doy2020161000000_aid0015,_250m_16_days_NDVI,aid0015,2020-06-09,3412148.0,-0.2,0.9973,"(-0.2,0.9973)",0.6227966,0.1323834,0.0175254,0.7103,0.9429,0.623,0.3216,0.5548
MOD13Q1_061__250m_16_days_NDVI_doy2020177000000_aid0015,_250m_16_days_NDVI,aid0015,2020-06-25,3412355.0,-0.2,0.999,"(-0.2,0.999)",0.6474765,0.1350589,0.0182409,0.7399,0.9824,0.6469,0.3357,0.5782
MOD13Q1_061__250m_16_days_NDVI_doy2020193000000_aid0015,_250m_16_days_NDVI,aid0015,2020-07-11,3409390.0,-0.2,0.9982,"(-0.2,0.9982)",0.642679,0.1313613,0.0172558,0.7315,0.9652,0.6419,0.3408,0.5752
MOD13Q1_061__250m_16_days_NDVI_doy2020209000000_aid0015,_250m_16_days_NDVI,aid0015,2020-07-27,3407674.0,-0.2,0.9957,"(-0.2,0.9957)",0.6243413,0.1435879,0.0206175,0.7336,0.9957,0.6143,0.2311,0.5326
MOD13Q1_061__250m_16_days_NDVI_doy2020225000000_aid0015,_250m_16_days_NDVI,aid0015,2020-08-12,3422524.0,-0.2,0.9982,"(-0.2,0.9982)",0.6095897,0.1486572,0.022099,0.7166,0.9982,0.6029,0.2229,0.5191
MOD13Q1_061__250m_16_days_NDVI_doy2020241000000_aid0015,_250m_16_days_NDVI,aid0015,2020-08-28,3434439.0,-0.2,0.9994,"(-0.2,0.9994)",0.5887839,0.152612,0.0232904,0.6935,0.9824,0.5883,0.209,0.4997
MOD13Q1_061__250m_16_days_NDVI_doy2020257000000_aid0015,_250m_16_days_NDVI,aid0015,2020-09-13,3420234.0,-0.2,0.9956,"(-0.2,0.9956)",0.5967851,0.1415246,0.0200292,0.6933,0.9588,0.6013,0.2498,0.5159
MOD13Q1_061__250m_16_days_NDVI_doy2020273000000_aid0015,_250m_16_days_NDVI,aid0015,2020-09-29,3429937.0,-0.2,0.9988,"(-0.2,0.9988)",0.594654,0.1417614,0.0200963,0.6904,0.9533,0.5997,0.2514,0.5148
MOD13Q1_061__250m_16_days_NDVI_doy2020289000000_aid0015,_250m_16_days_NDVI,aid0015,2020-10-15,3441405.0,-0.2,0.9841,"(-0.2,0.9841)",0.5714133,0.1532071,0.0234724,0.6667,0.9353,0.5847,0.2187,0.4875
MOD13Q1_061__250m_16_days_NDVI_doy2020305000000_aid0015,_250m_16_days_NDVI,aid0015,2020-10-31,3439684.0,-0.2,0.9978,"(-0.2,0.9978)",0.5520689,0.1660771,0.0275816,0.6534,0.9363,0.5686,0.1819,0.4648
MOD13Q1_061__250m_16_days_NDVI_doy2020321000000_aid0015,_250m_16_days_NDVI,aid0015,2020-11-16,3440260.0,-0.2,0.9975,"(-0.2,0.9975)",0.5374291,0.1566034,0.0245246,0.63,0.8965,0.5421,0.1858,0.4523
MOD13Q1_061__250m_16_days_NDVI_doy2020337000000_aid0015,_250m_16_days_NDVI,aid0015,2020-12-02,3436399.0,-0.2,0.9988,"(-0.2,0.9988)",0.6016203,0.1593801,0.025402,0.7004,0.9593,0.6175,0.2684,0.5276
MOD13Q1_061__250m_16_days_NDVI_doy2020353000000_aid0015,_250m_16_days_NDVI,aid0015,2020-12-18,3433609.0,-0.2,0.9979,"(-0.2,0.9979)",0.6554444,0.1445609,0.0208978,0.7464,0.9814,0.6726,0.3534,0.5892
MOD13Q1_061__250m_16_days_NDVI_doy2021001000000_aid0015,_250m_16_days_NDVI,aid0015,2021-01-01,3437925.0,-0.2,0.9989,"(-0.2,0.9989)",0.6909746,0.1377252,0.0189682,0.7788,0.9989,0.7003,0.3916,0.6239
MOD13Q1_061__250m_16_days_NDVI_doy2021017000000_aid0015,_250m_16_days_NDVI,aid0015,2021-01-17,3435198.0,-0.2,0.999,"(-0.2,0.999)",0.72811,0.1413079,0.0199679,0.8264,0.999,0.7376,0.4134,0.6612
MOD13Q1_061__250m_16_days_NDVI_doy2021033000000_aid0015,_250m_16_days_NDVI,aid0015,2021-02-02,3408963.0,-0.2,0.9994,"(-0.2,0.9994)",0.7605559,0.120133,0.0144319,0.8477,0.9994,0.7622,0.4715,0.6972
MOD13Q1_061__250m_16_days_NDVI_doy2021049000000_aid0015,_250m_16_days_NDVI,aid0015,2021-02-18,3409609.0,-0.2,0.9984,"(-0.2,0.9984)",0.753913,0.1246617,0.0155405,0.8449,0.9984,0.7571,0.4552,0.689
MOD13Q1_061__250m_16_days_NDVI_doy2021065000000_aid0015,_250m_16_days_NDVI,aid0015,2021-03-06,3416140.0,-0.2,0.9969,"(-0.2,0.9969)",0.7169751,0.130893,0.017133,0.8072,0.9969,0.7248,0.4125,0.6493
MOD13Q1_061__250m_16_days_NDVI_doy2021081000000_aid0015,_250m_16_days_NDVI,aid0015,2021-03-22,3412176.0,-0.2,0.9993,"(-0.2,0.9993)",0.6719285,0.1337728,0.0178952,0.755,0.9696,0.6906,0.397,0.6118
MOD13Q1_061__250m_16_days_NDVI_doy2021097000000_aid0015,_250m_16_days_NDVI,aid0015,2021-04-07,3419749.0,-0.2,0.9904,"(-0.2,0.9904)",0.6618166,0.1512936,0.0228898,0.7605,0.9904,0.6988,0.345,0.5943
MOD13Q1_061__250m_16_days_NDVI_doy2021113000000_aid0015,_250m_16_days_NDVI,aid0015,2021-04-23,3418108.0,-0.2,0.996,"(-0.2,0.996)",0.6567706,0.1466894,0.0215178,0.7516,0.9868,0.6912,0.3559,0.5933
MOD13Q1_061__250m_16_days_NDVI_doy2021129000000_aid0015,_250m_16_days_NDVI,aid0015,2021-05-09,3417434.0,-0.2,0.9994,"(-0.2,0.9994)",0.6524363,0.1407951,0.0198233,0.7398,0.9559,0.6769,0.3788,0.5954
MOD13Q1_061__250m_16_days_NDVI_doy2021145000000_aid0015,_250m_16_days_NDVI,aid0015,2021-05-25,3431810.0,-0.2,0.9987,"(-0.2,0.9987)",0.6350887,0.1436909,0.0206471,0.7226,0.9392,0.6528,0.3616,0.5782
MOD13Q1_061__250m_16_days_NDVI_doy2021161000000_aid0015,_250m_16_days_NDVI,aid0015,2021-06-10,3423353.0,-0.2,0.9988,"(-0.2,0.9988)",0.6373413,0.1410099,0.0198838,0.7259,0.9485,0.648,0.3547,0.5774
MOD13Q1_061__250m_16_days_NDVI_doy2021177000000_aid0015,_250m_16_days_NDVI,aid0015,2021-06-26,3410376.0,-0.2,0.9991,"(-0.2,0.9991)",0.6234312,0.1363996,0.0186048,0.7102,0.9433,0.6283,0.3215,0.5547
MOD13Q1_061__250m_16_days_NDVI_doy2021193000000_aid0015,_250m_16_days_NDVI,aid0015,2021-07-12,3409924.0,-0.2,0.9938,"(-0.2,0.9938)",0.6235394,0.1274634,0.0162469,0.7081,0.9403,0.622,0.3209,0.5532
MOD13Q1_061__250m_16_days_NDVI_doy2021209000000_aid0015,_250m_16_days_NDVI,aid0015,2021-07-28,3420359.0,-0.2,0.9552,"(-0.2,0.9552)",0.5981439,0.1398485,0.0195576,0.6936,0.9552,0.5905,0.2556,0.5184
MOD13Q1_061__250m_16_days_NDVI_doy2021225000000_aid0015,_250m_16_days_NDVI,aid0015,2021-08-13,3414845.0,-0.2,0.9906,"(-0.2,0.9906)",0.6016461,0.1335498,0.0178355,0.693,0.952,0.592,0.2605,0.52
MOD13Q1_061__250m_16_days_NDVI_doy2021241000000_aid0015,_250m_16_days_NDVI,aid0015,2021-08-29,3412598.0,-0.2,0.998,"(-0.2,0.998)",0.6236542,0.1393659,0.0194228,0.722,0.998,0.6194,0.2598,0.5371
MOD13Q1_061__250m_16_days_NDVI_doy2021257000000_aid0015,_250m_16_days_NDVI,aid0015,2021-09-14,3431861.0,-0.2,0.9761,"(-0.2,0.9761)",0.6308204,0.142386,0.0202738,0.7268,0.9761,0.6391,0.3006,0.5563
MOD13Q1_061__250m_16_days_NDVI_doy2021273000000_aid0015,_250m_16_days_NDVI,aid0015,2021-09-30,3431819.0,-0.2,0.9993,"(-0.2,0.9993)",0.6293463,0.1397255,0.0195232,0.7213,0.9665,0.6392,0.3126,0.5578
MOD13Q1_061__250m_16_days_NDVI_doy2021289000000_aid0015,_250m_16_days_NDVI,aid0015,2021-10-16,3410669.0,-0.2,0.9943,"(-0.2,0.9943)",0.6125049,0.1486842,0.022107,0.7079,0.9639,0.624,0.2712,0.5332
MOD13Q1_061__250m_16_days_NDVI_doy2021305000000_aid0015,_250m_16_days_NDVI,aid0015,2021-11-01,3414566.0,-0.2,0.9994,"(-0.2,0.9994)",0.6038667,0.164894,0.02719,0.7152,0.9994,0.6313,0.2087,0.5126
MOD13Q1_061__250m_16_days_NDVI_doy2021321000000_aid0015,_250m_16_days_NDVI,aid0015,2021-11-17,3410799.0,-0.2,0.9962,"(-0.2,0.9962)",0.6125166,0.1534143,0.0235359,0.7144,0.9909,0.6344,0.2532,0.5299
MOD13Q1_061__250m_16_days_NDVI_doy2021337000000_aid0015,_250m_16_days_NDVI,aid0015,2021-12-03,3415623.0,-0.2,0.998,"(-0.2,0.998)",0.6131762,0.1467432,0.0215336,0.7087,0.9692,0.6299,0.27,0.5332
MOD13Q1_061__250m_16_days_NDVI_doy2021353000000_aid0015,_250m_16_days_NDVI,aid0015,2021-12-19,3430341.0,-0.2,0.9913,"(-0.2,0.9913)",0.61047,0.1484915,0.0220497,0.7064,0.9755,0.6242,0.2574,0.5268
MOD13Q1_061__250m_16_days_NDVI_doy2022001000000_aid0015,_250m_16_days_NDVI,aid0015,2022-01-01,3434322.0,-0.2,0.9984,"(-0.2,0.9984)",0.5713521,0.1500938,0.0225282,0.6672,0.9539,0.5697,0.189,0.4759
MOD13Q1_061__250m_16_days_NDVI_doy2022017000000_aid0015,_250m_16_days_NDVI,aid0015,2022-01-17,3438622.0,-0.2,0.9978,"(-0.2,0.9978)",0.5388705,0.1571798,0.0247055,0.6441,0.9665,0.5283,0.1044,0.4282
MOD13Q1_061__250m_16_days_NDVI_doy2022033000000_aid0015,_250m_16_days_NDVI,aid0015,2022-02-02,3442687.0,-0.2,0.9977,"(-0.2,0.9977)",0.5252106,0.1651683,0.0272806,0.6466,0.9977,0.5135,0.0284,0.3993
MOD13Q1_061__250m_16_days_NDVI_doy2022049000000_aid0015,_250m_16_days_NDVI,aid0015,2022-02-18,3439907.0,-0.2,0.9972,"(-0.2,0.9972)",0.5394806,0.1715857,0.0294417,0.6687,0.9972,0.5272,0.022,0.41
MOD13Q1_061__250m_16_days_NDVI_doy2022065000000_aid0015,_250m_16_days_NDVI,aid0015,2022-03-06,3426351.0,-0.2,0.9994,"(-0.2,0.9994)",0.6126012,0.1517505,0.0230282,0.7202,0.9994,0.6164,0.2142,0.5178
MOD13Q1_061__250m_16_days_NDVI_doy2022081000000_aid0015,_250m_16_days_NDVI,aid0015,2022-03-22,3422198.0,-0.2,0.9978,"(-0.2,0.9978)",0.6463735,0.1389303,0.0193016,0.7365,0.9802,0.657,0.3278,0.573
MOD13Q1_061__250m_16_days_NDVI_doy2022097000000_aid0015,_250m_16_days_NDVI,aid0015,2022-04-07,3408458.0,-0.2,0.9963,"(-0.2,0.9963)",0.6690421,0.1371045,0.0187976,0.7572,0.9826,0.6897,0.3795,0.6061
MOD13Q1_061__250m_16_days_NDVI_doy2022113000000_aid0015,_250m_16_days_NDVI,aid0015,2022-04-23,3418608.0,-0.2,0.9993,"(-0.2,0.9993)",0.6718,0.1373265,0.0188586,0.7591,0.974,0.6967,0.4009,0.6158
MOD13Q1_061__250m_16_days_NDVI_doy2022129000000_aid0015,_250m_16_days_NDVI,aid0015,2022-05-09,3408586.0,-0.2,0.9987,"(-0.2,0.9987)",0.6721772,0.1293215,0.0167241,0.7541,0.9586,0.691,0.4131,0.6177
MOD13Q1_061__250m_16_days_NDVI_doy2022145000000_aid0015,_250m_16_days_NDVI,aid0015,2022-05-25,3428252.0,-0.2,0.9993,"(-0.2,0.9993)",0.6428354,0.1443786,0.0208452,0.7333,0.9494,0.6689,0.3718,0.5887
MOD13Q1_061__250m_16_days_NDVI_doy2022161000000_aid0015,_250m_16_days_NDVI,aid0015,2022-06-10,3406996.0,-0.2,0.9993,"(-0.2,0.9993)",0.6431631,0.1330461,0.0177013,0.7274,0.9408,0.658,0.3717,0.5851
MOD13Q1_061__250m_16_days_NDVI_doy2022177000000_aid0015,_250m_16_days_NDVI,aid0015,2022-06-26,3419931.0,-0.2,0.9985,"(-0.2,0.9985)",0.633934,0.1365112,0.0186353,0.7191,0.9289,0.6557,0.3694,0.5792
MOD13Q1_061__250m_16_days_NDVI_doy2022193000000_aid0015,_250m_16_days_NDVI,aid0015,2022-07-12,3411887.0,-0.2,0.9966,"(-0.2,0.9966)",0.6613389,0.1185186,0.0140467,0.7376,0.9313,0.6768,0.4146,0.6084
MOD13Q1_061__250m_16_days_NDVI_doy2022209000000_aid0015,_250m_16_days_NDVI,aid0015,2022-07-28,3414323.0,-0.2,0.9975,"(-0.2,0.9975)",0.7129289,0.1126825,0.0126974,0.7812,0.946,0.7289,0.5065,0.6713
MOD13Q1_061__250m_16_days_NDVI_doy2022225000000_aid0015,_250m_16_days_NDVI,aid0015,2022-08-13,3413751.0,-0.2,0.9928,"(-0.2,0.9928)",0.6789419,0.1239673,0.0153679,0.7583,0.9657,0.6897,0.4098,0.6189
MOD13Q1_061__250m_16_days_NDVI_doy2022241000000_aid0015,_250m_16_days_NDVI,aid0015,2022-08-29,3417104.0,-0.2,0.9941,"(-0.2,0.9941)",0.669337,0.1262554,0.0159404,0.7498,0.9581,0.6813,0.4016,0.6105
MOD13Q1_061__250m_16_days_NDVI_doy2022257000000_aid0015,_250m_16_days_NDVI,aid0015,2022-09-14,3413284.0,-0.2,0.9965,"(-0.2,0.9965)",0.6487058,0.1235325,0.0152603,0.7255,0.9296,0.658,0.3853,0.5894
MOD13Q1_061__250m_16_days_NDVI_doy2022273000000_aid0015,_250m_16_days_NDVI,aid0015,2022-09-30,3420639.0,-0.2,0.9982,"(-0.2,0.9982)",0.625563,0.1316426,0.0173298,0.7112,0.9393,0.6319,0.329,0.5583
MOD13Q1_061__250m_16_days_NDVI_doy2022289000000_aid0015,_250m_16_days_NDVI,aid0015,2022-10-16,3402672.0,-0.2,0.9682,"(-0.2,0.9682)",0.5972125,0.1355748,0.0183805,0.6834,0.9082,0.6077,0.2917,0.5267
MOD13Q1_061__250m_16_days_NDVI_doy2022305000000_aid0015,_250m_16_days_NDVI,aid0015,2022-11-01,3407481.0,-0.2,0.9547,"(-0.2,0.9547)",0.6007523,0.1486929,0.0221096,0.7003,0.9547,0.616,0.2511,0.5206
MOD13Q1_061__250m_16_days_NDVI_doy2022321000000_aid0015,_250m_16_days_NDVI,aid0015,2022-11-17,3409960.0,-0.2,0.997,"(-0.2,0.997)",0.5860475,0.1621957,0.0263074,0.7014,0.997,0.6048,0.1512,0.4813
MOD13Q1_061__250m_16_days_NDVI_doy2022337000000_aid0015,_250m_16_days_NDVI,aid0015,2022-12-03,3416537.0,-0.2,0.9983,"(-0.2,0.9983)",0.5877999,0.1558118,0.0242773,0.7012,0.9983,0.5951,0.1537,0.4822
MOD13Q1_061__250m_16_days_NDVI_doy2022353000000_aid0015,_250m_16_days_NDVI,aid0015,2022-12-19,3434046.0,-0.2,0.9982,"(-0.2,0.9982)",0.5702342,0.1622841,0.0263361,0.6843,0.9982,0.5684,0.1203,0.4587
MOD13Q1_061__250m_16_days_NDVI_doy2023001000000_aid0015,_250m_16_days_NDVI,aid0015,2023-01-01,3436895.0,-0.2,0.9939,"(-0.2,0.9939)",0.5770638,0.1629587,0.0265555,0.6922,0.9939,0.5786,0.1305,0.4675
MOD13Q1_061__250m_16_days_NDVI_doy2023017000000_aid0015,_250m_16_days_NDVI,aid0015,2023-01-17,3438573.0,-0.2,0.9984,"(-0.2,0.9984)",0.6039218,0.1689172,0.028533,0.7274,0.9984,0.6103,0.1402,0.4925
MOD13Q1_061__250m_16_days_NDVI_doy2023033000000_aid0015,_250m_16_days_NDVI,aid0015,2023-02-02,3435753.0,-0.2,0.9969,"(-0.2,0.9969)",0.5826216,0.1647227,0.0271336,0.7082,0.9969,0.5822,0.0982,0.4642
MOD13Q1_061__250m_16_days_NDVI_doy2023049000000_aid0015,_250m_16_days_NDVI,aid0015,2023-02-18,3429058.0,-0.2,0.9976,"(-0.2,0.9976)",0.5913329,0.1739695,0.0302654,0.7287,0.9976,0.5934,0.0565,0.4598
MOD13Q1_061__250m_16_days_NDVI_doy2023065000000_aid0015,_250m_16_days_NDVI,aid0015,2023-03-06,3414054.0,-0.2,0.9973,"(-0.2,0.9973)",0.6275163,0.1574951,0.0248047,0.7493,0.9973,0.6372,0.1698,0.5175
MOD13Q1_061__250m_16_days_NDVI_doy2023081000000_aid0015,_250m_16_days_NDVI,aid0015,2023-03-22,3415130.0,-0.2,0.9939,"(-0.2,0.9939)",0.6501791,0.1325033,0.0175571,0.7439,0.9939,0.6625,0.3117,0.571
MOD13Q1_061__250m_16_days_NDVI_doy2023097000000_aid0015,_250m_16_days_NDVI,aid0015,2023-04-07,3416055.0,-0.2,0.9983,"(-0.2,0.9983)",0.6447363,0.1433763,0.0205568,0.7436,0.9983,0.6602,0.2911,0.5626
MOD13Q1_061__250m_16_days_NDVI_doy2023113000000_aid0015,_250m_16_days_NDVI,aid0015,2023-04-23,3444092.0,-0.2,0.9909,"(-0.2,0.9909)",0.6041239,0.1616611,0.0261343,0.717,0.9909,0.6243,0.206,0.5126
MOD13Q1_061__250m_16_days_NDVI_doy2023129000000_aid0015,_250m_16_days_NDVI,aid0015,2023-05-09,3410052.0,-0.2,0.9973,"(-0.2,0.9973)",0.6446128,0.1366607,0.0186761,0.735,0.971,0.6627,0.3388,0.5765
MOD13Q1_061__250m_16_days_NDVI_doy2023145000000_aid0015,_250m_16_days_NDVI,aid0015,2023-05-25,3412934.0,-0.2,0.997,"(-0.2,0.997)",0.6713211,0.133447,0.0178081,0.7584,0.9712,0.6965,0.4019,0.6158
MOD13Q1_061__250m_16_days_NDVI_doy2023161000000_aid0015,_250m_16_days_NDVI,aid0015,2023-06-10,3418422.0,-0.2,0.9991,"(-0.2,0.9991)",0.6707589,0.1284385,0.0164965,0.7563,0.9689,0.6931,0.4016,0.6144
MOD13Q1_061__250m_16_days_NDVI_doy2023177000000_aid0015,_250m_16_days_NDVI,aid0015,2023-06-26,3415891.0,-0.2,0.9992,"(-0.2,0.9992)",0.6926018,0.122757,0.0150693,0.773,0.9713,0.712,0.4375,0.6388
MOD13Q1_061__250m_16_days_NDVI_doy2023193000000_aid0015,_250m_16_days_NDVI,aid0015,2023-07-12,3408418.0,-0.2,0.9957,"(-0.2,0.9957)",0.6925465,0.1224021,0.0149823,0.7709,0.958,0.7134,0.4489,0.6421
MOD13Q1_061__250m_16_days_NDVI_doy2023209000000_aid0015,_250m_16_days_NDVI,aid0015,2023-07-28,3416116.0,-0.2,0.9989,"(-0.2,0.9989)",0.6869338,0.120721,0.0145736,0.7649,0.9631,0.7038,0.4344,0.6327
MOD13Q1_061__250m_16_days_NDVI_doy2023225000000_aid0015,_250m_16_days_NDVI,aid0015,2023-08-13,3412258.0,-0.2,0.9485,"(-0.2,0.9485)",0.6785098,0.1284609,0.0165022,0.7646,0.9485,0.695,0.3911,0.6152
MOD13Q1_061__250m_16_days_NDVI_doy2023241000000_aid0015,_250m_16_days_NDVI,aid0015,2023-08-29,3427591.0,-0.2,0.997,"(-0.2,0.997)",0.658262,0.1297836,0.0168438,0.7396,0.9435,0.6771,0.3991,0.6034
MOD13Q1_061__250m_16_days_NDVI_doy2023257000000_aid0015,_250m_16_days_NDVI,aid0015,2023-09-14,3410134.0,-0.2,0.9949,"(-0.2,0.9949)",0.681907,0.1257597,0.0158155,0.7608,0.9501,0.7055,0.4446,0.6343
MOD13Q1_061__250m_16_days_NDVI_doy2023273000000_aid0015,_250m_16_days_NDVI,aid0015,2023-09-30,3418202.0,-0.2,0.9972,"(-0.2,0.9972)",0.6643793,0.1358604,0.0184581,0.7526,0.9646,0.6928,0.3876,0.6066
MOD13Q1_061__250m_16_days_NDVI_doy2023289000000_aid0015,_250m_16_days_NDVI,aid0015,2023-10-16,3430265.0,-0.2,0.9994,"(-0.2,0.9994)",0.6329308,0.1712933,0.0293414,0.7469,0.9994,0.6803,0.2779,0.5593
MOD13Q1_061__250m_16_days_NDVI_doy2023305000000_aid0015,_250m_16_days_NDVI,aid0015,2023-11-01,3419687.0,-0.2,0.9993,"(-0.2,0.9993)",0.6271848,0.1909749,0.0364714,0.7577,0.9993,0.6844,0.2087,0.5381
MOD13Q1_061__250m_16_days_NDVI_doy2023321000000_aid0015,_250m_16_days_NDVI,aid0015,2023-11-17,3410494.0,-0.2,0.9989,"(-0.2,0.9989)",0.6475805,0.1853555,0.0343566,0.7763,0.9989,0.7067,0.2456,0.564
MOD13Q1_061__250m_16_days_NDVI_doy2023337000000_aid0015,_250m_16_days_NDVI,aid0015,2023-12-03,3412076.0,-0.2,0.9986,"(-0.2,0.9986)",0.6857931,0.1695475,0.0287464,0.8023,0.9986,0.7385,0.3318,0.6141
MOD13Q1_061__250m_16_days_NDVI_doy2023353000000_aid0015,_250m_16_days_NDVI,aid0015,2023-12-19,3417770.0,-0.2,0.9979,"(-0.2,0.9979)",0.7227932,0.1372582,0.0188398,0.813,0.9979,0.7592,0.458,0.671
