{"type": "FeatureCollection", "features": [{"type": "Feature", "geometry": {"type": "Polygon", "coordinates": [[[-57.106832, -36.835511], [-57.08975, -36.829523], [-56.997182, -36.861819], [-56.991541, -36.889478], [-57.005922, -36.909715], [-56.97939, -36.903361], [-56.985153, -36.94953], [-56.94007, -36.959358], [-56.954929, -36.989057], [-56.946978, -36.995091], [-56.819485, -37.025201], [-56.99197, -37.237095], [-57.042519, -37.231488], [-56.993576, -37.241268], [-57.105641, -37.378073], [-57.163379, -37.485747], [-57.21112, -37.533013], [-57.674815, -37.202944], [-57.566404, -37.105267], [-57.486938, -37.104952], [-57.493385, -37.017144], [-57.304915, -37.003893], [-57.321658, -36.910633], [-57.223932, -36.908594], [-57.233511, -36.788497], [-57.175823, -36.784425], [-57.106832, -36.835511]]]}, "properties": {"id": "06315", "nombre": "General Juan Madariaga", "nombre_completo": "Partido de General Juan Madariaga", "provincia": {"id": "06", "nombre": "Buenos Aires", "interseccion": 0.0}, "fuente": "IGN", "categoria": "Partido", "centroide": {"lon": -57.230660595, "lat": -37.153515719}}}, {"type": "Feature", "geometry": {"type": "Polygon", "coordinates": [[[-65.105896, -34.65324], [-65.107809, -35.999062], [-66.637848, -36.000593], [-66.618706, -35.965267], [-66.628867, -35.928595], [-66.618112, -35.903025], [-66.622241, -35.848357], [-66.589446, -35.794422], [-66.580584, -35.703778], [-66.547673, -35.638774], [-66.564727, -35.619078], [-66.570236, -35.581164], [-66.525153, -35.540197], [-66.517072, -35.470717], [-66.529729, -35.442811], [-66.5081, -35.397471], [-66.495564, -35.310536], [-66.519511, -35.274291], [-66.484156, -35.240807], [-66.496831, -35.172857], [-66.477995, -35.14187], [-66.497841, -35.107648], [-66.488097, -35.095391], [-66.507052, -35.090654], [-66.514538, -35.052061], [-66.526601, -35.048983], [-66.52262, -35.019757], [-66.540917, -35.014868], [-66.532305, -35.005286], [-66.545675, -34.969295], [-66.524916, -34.943597], [-66.554744, -34.910515], [-66.544524, -34.88212], [-66.561162, -34.832748], [-66.602525, -34.802116], [-66.595157, -34.791038], [-66.606685, -34.774076], [-66.649667, -34.758331], [-66.647346, -34.743403], [-66.529121, -34.812615], [-66.444764, -34.82397], [-66.099437, -34.772371], [-65.976425, -34.778612], [-65.97524, -34.712533], [-65.669827, -34.712299], [-65.669799, -34.692723], [-65.568157, -34.69479], [-65.567979, -34.668866], [-65.252487, -34.667778], [-65.251982, -34.652965], [-65.105896, -34.65324]]]}, "properties": {"id": "74042", "nombre": "Gobernador Dupuy", "nombre_completo": "Departamento Gobernador Dupuy", "provincia": {"id": "74", "nombre": "San Luis", "interseccion": 0.0}, "fuente": "IGN", "categoria": "Departamento", "centroide": {"lon": -65.809487373, "lat": -35.368450623}}}, {"type": "Feature", "geometry": {"type": "Polygon", "coordinates": [[[-61.026523, -37.802441], [-60.74377, -38.016051], [-60.759493, -38.028543], [-60.676254, -38.093133], [-60.729234, -38.130242], [-60.718722, -38.224226], [-60.746873, -38.229951], [-60.740629, -38.330723], [-60.836122, -38.403817], [-60.990836, -38.310628], [-61.077814, -38.293347], [-61.135785, -38.305524], [-61.188565, -38.290579], [-61.319178, -38.39309], [-61.328731, -38.375333], [-61.46469, -38.483075], [-61.472711, -38.476048], [-61.514364, -38.509193], [-61.525729, -38.500702], [-61.595917, -38.546246], [-61.728495, -38.657088], [-61.754178, -38.615251], [-61.747618, -38.596889], [-61.778637, -38.579577], [-61.795176, -38.529009], [-61.785099, -38.518025], [-61.783931, -38.440791], [-61.740866, -38.408559], [-61.756623, -38.384182], [-61.75125, -38.363748], [-61.717077, -38.309626], [-61.717518, -38.287593], [-61.69692, -38.285322], [-61.737251, -38.218317], [-61.769883, -38.196911], [-61.759614, -38.191956], [-61.767389, -38.17245], [-61.662952, -38.090764], [-61.682948, -38.0742], [-61.178034, -37.680843], [-61.026523, -37.802441]]]}, "properties": {"id": "06196", "nombre": "Coronel Pringles", "nombre_completo": "Partido de Coronel Pringles", "provincia": {"id": "06", "nombre": "Buenos Aires", "interseccion": 0.0}, "fuente": "IGN", "categoria": "Partido", "centroide": {"lon": -61.264417453, "lat": -38.147917269}}}, {"type": "Feature", "geometry": {"type": "Polygon", "coordinates": [[[-63.530424, -24.127867], [-63.426997, -24.144923], [-63.434707, -24.184327], [-63.344785, -24.156739], [-63.376989, -24.304161], [-63.299566, -24.278254], [-63.30316, -24.316447], [-63.232061, -24.322049], [-63.203707, -24.216983], [-63.160991, -24.221712], [-63.171883, -24.304539], [-63.05305, -24.392224], [-63.026267, -24.234043], [-62.946539, -24.27423], [-62.936936, -24.715993], [-63.234117, -24.718762], [-63.233513, -24.856568], [-63.074614, -24.855589], [-63.070694, -25.243804], [-63.47552, -25.70995], [-63.566327, -25.709947], [-63.660465, -25.685373], [-63.908701, -25.683048], [-63.949671, -25.669892], [-63.95921, -25.656348], [-63.941248, -25.551097], [-63.952718, -25.53153], [-63.987913, -25.516643], [-64.005803, -25.47268], [-64.029418, -25.468155], [-64.014405, -25.44341], [-64.023662, -25.444862], [-64.018545, -25.429299], [-64.049916, -25.398366], [-64.036682, -25.390061], [-64.062956, -25.36116], [-64.044434, -25.334752], [-64.055608, -25.32271], [-64.046228, -25.31339], [-64.072351, -25.290636], [-64.057793, -25.276687], [-64.063123, -25.252055], [-64.096431, -25.172002], [-64.150523, -25.147516], [-64.15981, -25.108885], [-64.230615, -25.126692], [-64.246753, -25.114932], [-64.277036, -25.146643], [-64.304496, -25.146074], [-64.307002, -25.170488], [-64.335786, -25.193322], [-64.362204, -25.242353], [-64.397427, -25.251849], [-64.431188, -25.226904], [-64.464287, -25.222572], [-64.54542, -25.256288], [-64.570888, -25.314885], [-64.624151, -25.365077], [-64.704743, -25.379704], [-64.77649, -25.369003], [-64.823363, -25.348828], [-64.841488, -25.32039], [-64.883282, -25.298527], [-64.914631, -25.209728], [-64.93674, -25.175043], [-64.976602, -25.148788], [-64.900865, -25.113908], [-64.905936, -25.039218], [-64.891489, -25.003084], [-64.856456, -25.022212], [-64.816388, -24.972164], [-64.826411, -24.940229], [-64.795866, -24.89805], [-64.797944, -24.839617], [-64.812629, -24.827568], [-64.795563, -24.801594], [-64.799012, -24.771644], [-64.727981, -24.704958], [-64.703633, -24.638594], [-64.560132, -24.577229], [-64.535756, -24.507619], [-64.5, -24.506369], [-64.481876, -24.465124], [-64.45537, -24.463038], [-64.436295, -24.442659], [-64.421652, -24.402206], [-64.31834, -24.42716], [-64.273769, -24.393327], [-64.252395, -24.344425], [-64.223127, -24.329375], [-64.180019, -24.263646], [-64.161841, -24.221061], [-64.175011, -24.212566], [-64.157975, -24.154824], [-64.008399, -24.163567], [-63.644385, -24.223467], [-63.622533, -24.11262], [-63.530424, -24.127867]]]}, "properties": {"id": "66007", "nombre": "Anta", "nombre_completo": "Departamento Anta", "provincia": {"id": "66", "nombre": "Salta", "interseccion": 0.0}, "fuente": "IGN", "categoria": "Departamento", "centroide": {"lon": -63.839726329, "lat": -24.875456354}}}, {"type": "Feature", "geometry": {"type": "Polygon", "coordinates": [[[-60.924802, -30.706379], [-60.903808, -30.712209], [-60.891425, -30.763084], [-60.820378, -30.796593], [-60.833799, -30.824306], [-60.804208, -30.835033], [-60.810849, -30.844243], [-60.776054, -30.887527], [-60.813487, -30.897368], [-60.833425, -30.886496], [-60.852844, -30.900658], [-60.839711, -30.918487], [-60.821681, -30.919212], [-60.836216, -30.935053], [-60.825705, -30.980242], [-60.859604, -30.997298], [-60.804293, -31.026868], [-60.824746, -31.041441], [-60.828192, -31.032237], [-60.841794, -31.042416], [-60.837176, -31.058402], [-60.846651, -31.05507], [-60.819858, -31.08221], [-60.828315, -31.094905], [-60.784538, -31.092624], [-60.776111, -31.108733], [-60.791878, -31.118545], [-60.782151, -31.131916], [-60.812159, -31.132144], [-60.808704, -31.144161], [-60.833283, -31.154929], [-60.83054, -31.177341], [-60.848769, -31.182422], [-60.835924, -31.20954], [-60.857343, -31.242145], [-60.893328, -31.243292], [-60.885274, -31.252086], [-60.918117, -31.274072], [-60.902902, -31.307581], [-60.939663, -31.353185], [-60.89485, -31.369588], [-60.900405, -31.384458], [-60.884519, -31.381802], [-60.884818, -31.369928], [-60.864396, -31.379366], [-60.836376, -31.366777], [-60.829325, -31.350004], [-60.789072, -31.353955], [-60.785906, -31.378353], [-60.808065, -31.383426], [-60.798909, -31.402232], [-60.812101, -31.406173], [-60.805397, -31.427625], [-60.789951, -31.424858], [-60.783696, -31.451396], [-60.772911, -31.450074], [-60.768789, -31.467497], [-60.780762, -31.470362], [-60.768641, -31.473063], [-60.802186, -31.519122], [-60.792099, -31.520173], [-60.793793, -31.536643], [-60.768096, -31.545783], [-60.778141, -31.569023], [-60.761119, -31.565416], [-60.760445, -31.590217], [-60.767397, -31.601959], [-60.82886, -31.589726], [-60.812768, -31.654533], [-60.904621, -31.697208], [-60.914484, -31.737595], [-60.94998, -31.729764], [-60.99311, -31.864302], [-61.17021, -31.831338], [-61.183371, -31.882387], [-61.195946, -31.851804], [-61.300788, -31.831866], [-61.298309, -31.840136], [-61.354726, -31.829804], [-61.390017, -31.84665], [-61.397582, -31.878353], [-61.558839, -31.850133], [-61.499352, -31.588328], [-61.449993, -31.596947], [-61.429259, -31.532857], [-61.391599, -31.539274], [-61.178514, -30.60969], [-60.892471, -30.669304], [-60.924802, -30.706379]]]}, "properties": {"id": "82070", "nombre": "Las Colonias", "nombre_completo": "Departamento Las Colonias", "provincia": {"id": "82", "nombre": "Santa Fe", "interseccion": 0.0}, "fuente": "IGN", "categoria": "Departamento", "centroide": {"lon": -61.109480802, "lat": -31.315337904}}}, {"type": "Feature", "geometry": {"type": "Polygon", "coordinates": [[[-60.641704, -29.921942], [-60.279628, -29.978878], [-60.289675, -30.029938], [-60.212132, -30.067661], [-60.198311, -30.12204], [-60.156643, -30.124144], [-60.185066, -30.146517], [-60.182048, -30.162184], [-60.154073, -30.163424], [-60.136445, -30.127344], [-60.118725, -30.13375], [-60.151223, -30.208777], [-60.167669, -30.218485], [-60.166575, -30.267576], [-60.19055, -30.300425], [-60.206643, -30.294416], [-60.215981, -30.307021], [-60.205993, -30.309818], [-60.213776, -30.319582], [-60.194649, -30.318675], [-60.214034, -30.344894], [-60.198458, -30.367363], [-60.225415, -30.374006], [-60.255263, -30.422972], [-60.276145, -30.421252], [-60.274333, -30.432186], [-60.332402, -30.474624], [-60.324556, -30.496502], [-60.350825, -30.509989], [-60.339768, -30.568753], [-60.38174, -30.603551], [-60.345331, -30.632268], [-60.33889, -30.669237], [-60.21216, -30.688568], [-60.239543, -30.72082], [-60.241688, -30.762519], [-60.255977, -30.768866], [-60.247558, -30.856425], [-60.284595, -30.858082], [-60.285681, -30.914308], [-60.303618, -30.928313], [-60.299926, -30.976172], [-60.318794, -30.985904], [-60.31308, -30.995004], [-60.332307, -31.016422], [-60.320619, -31.041976], [-60.359744, -31.091557], [-60.369144, -31.115427], [-60.356927, -31.124428], [-60.441108, -31.167413], [-60.449525, -31.21305], [-60.573853, -31.188017], [-60.549294, -31.132315], [-60.670258, -31.11194], [-60.657902, -31.042098], [-60.834315, -31.013858], [-60.859545, -30.998442], [-60.825705, -30.980242], [-60.836216, -30.935053], [-60.821681, -30.919212], [-60.839711, -30.918487], [-60.852844, -30.900658], [-60.833425, -30.886496], [-60.813487, -30.897368], [-60.776054, -30.887527], [-60.810849, -30.844243], [-60.804208, -30.835033], [-60.833799, -30.824306], [-60.82725, -30.802216], [-60.794664, -30.782878], [-60.760275, -30.807793], [-60.727788, -30.780337], [-60.718124, -30.786481], [-60.7233, -30.776664], [-60.710855, -30.772342], [-60.725041, -30.768913], [-60.701489, -30.74757], [-60.688046, -30.758281], [-60.679045, -30.744716], [-60.654969, -30.741269], [-60.64618, -30.75486], [-60.622487, -30.746862], [-60.626187, -30.731605], [-60.598667, -30.714464], [-60.608211, -30.70327], [-60.592901, -30.690256], [-60.601858, -30.687936], [-60.590904, -30.66633], [-60.614561, -30.660897], [-60.601757, -30.651993], [-60.622325, -30.640809], [-60.609042, -30.63401], [-60.627861, -30.618435], [-60.615284, -30.609563], [-60.619086, -30.594165], [-60.627399, -30.603735], [-60.646321, -30.586126], [-60.63945, -30.579445], [-60.664123, -30.570904], [-60.653564, -30.565316], [-60.660998, -30.550125], [-60.689358, -30.544827], [-60.674972, -30.518738], [-60.685352, -30.509197], [-60.655551, -30.510231], [-60.650848, -30.474708], [-60.63802, -30.479392], [-60.659127, -30.429786], [-60.646613, -30.427138], [-60.664038, -30.423258], [-60.653704, -30.417458], [-60.666086, -30.399445], [-60.652517, -30.39785], [-60.674696, -30.395055], [-60.668631, -30.380055], [-60.682599, -30.379214], [-60.672629, -30.342216], [-60.649948, -30.342165], [-60.656796, -30.303746], [-60.641073, -30.3012], [-60.641554, -30.288385], [-60.656813, -30.259029], [-60.697807, -30.254012], [-60.735823, -30.210265], [-60.701341, -30.142375], [-60.752072, -30.079677], [-60.738902, -30.022751], [-60.72864, -30.028553], [-60.7181, -30.009248], [-60.726739, -29.981553], [-60.693082, -29.96201], [-60.720537, -29.910136], [-60.641704, -29.921942]]]}, "properties": {"id": "82112", "nombre": "San Justo", "nombre_completo": "Departamento San Justo", "provincia": {"id": "82", "nombre": "Santa Fe", "interseccion": 0.0}, "fuente": "IGN", "categoria": "Departamento", "centroide": {"lon": -60.488694067, "lat": -30.530424814}}}, {"type": "Feature", "geometry": {"type": "Polygon", "coordinates": [[[-61.27887, -29.517166], [-61.236707, -29.545887], [-61.20216, -29.539993], [-61.193022, -29.544713], [-61.204553, -29.546565], [-61.201707, -29.551972], [-61.122822, -29.567631], [-61.104666, -29.579949], [-61.104772, -29.607333], [-61.092724, -29.615159], [-61.103436, -29.619057], [-61.075407, -29.651227], [-61.042653, -29.650264], [-61.041629, -29.663978], [-61.026524, -29.66754], [-61.000025, -29.660054], [-60.969467, -29.677418], [-60.911108, -29.673317], [-60.877411, -29.701043], [-60.843681, -29.701817], [-60.826622, -29.761749], [-60.812993, -29.764913], [-60.801193, -29.746048], [-60.764671, -29.754492], [-60.766441, -29.790353], [-60.744309, -29.807707], [-60.719082, -29.86736], [-60.708503, -29.861698], [-60.699432, -29.875059], [-60.72222, -29.915266], [-60.693082, -29.96201], [-60.726739, -29.981553], [-60.7181, -30.009248], [-60.72864, -30.028553], [-60.738902, -30.022751], [-60.752072, -30.079677], [-60.701341, -30.142375], [-60.735823, -30.210265], [-60.697807, -30.254012], [-60.656813, -30.259029], [-60.641554, -30.288385], [-60.641073, -30.3012], [-60.656796, -30.303746], [-60.649948, -30.342165], [-60.672629, -30.342216], [-60.682599, -30.379214], [-60.668631, -30.380055], [-60.674696, -30.395055], [-60.652517, -30.39785], [-60.666086, -30.399445], [-60.653704, -30.417458], [-60.664038, -30.423258], [-60.646613, -30.427138], [-60.659127, -30.429786], [-60.63802, -30.479392], [-60.650848, -30.474708], [-60.655551, -30.510231], [-60.685352, -30.509197], [-60.674972, -30.518738], [-60.689907, -30.542114], [-60.660998, -30.550125], [-60.653564, -30.565316], [-60.664123, -30.570904], [-60.63945, -30.579445], [-60.646321, -30.586126], [-60.627399, -30.603735], [-60.619086, -30.594165], [-60.615284, -30.609563], [-60.627861, -30.618435], [-60.609042, -30.63401], [-60.619186, -30.650864], [-60.590904, -30.66633], [-60.608211, -30.70327], [-60.598091, -30.713481], [-60.626187, -30.731605], [-60.622487, -30.746862], [-60.64618, -30.75486], [-60.654969, -30.741269], [-60.679045, -30.744716], [-60.688046, -30.758281], [-60.701489, -30.74757], [-60.725041, -30.768913], [-60.710855, -30.772342], [-60.7233, -30.776664], [-60.718124, -30.786481], [-60.727788, -30.780337], [-60.760275, -30.807793], [-60.794664, -30.782878], [-60.822692, -30.802182], [-60.869628, -30.764806], [-60.891425, -30.763084], [-60.903808, -30.712209], [-60.924807, -30.706385], [-60.892471, -30.669304], [-61.178514, -30.60969], [-61.209783, -30.747944], [-61.42313, -30.711694], [-61.438066, -30.77608], [-61.65528, -30.737504], [-61.666156, -30.782457], [-61.844051, -30.750383], [-62.130653, -30.480433], [-61.991675, -29.661599], [-61.927923, -29.662062], [-61.942139, -29.740619], [-61.906989, -29.778501], [-61.747212, -29.775347], [-61.353688, -29.839635], [-61.27887, -29.517166]]]}, "properties": {"id": "82091", "nombre": "San Cristóbal", "nombre_completo": "Departamento San Cristóbal", "provincia": {"id": "82", "nombre": "Santa Fe", "interseccion": 0.0}, "fuente": "IGN", "categoria": "Departamento", "centroide": {"lon": -61.359937207, "lat": -30.228389721}}}, {"type": "Feature", "geometry": {"type": "Polygon", "coordinates": [[[-63.934927, -35.007631], [-63.9385, -35.452205], [-64.487673, -35.449911], [-64.480943, -35.011517], [-63.934927, -35.007631]]]}, "properties": {"id": "42133", "nombre": "Realicó", "nombre_completo": "Departamento Realicó", "provincia": {"id": "42", "nombre": "La Pampa", "interseccion": 0.0}, "fuente": "IGN", "categoria": "Departamento", "centroide": {"lon": -64.209849806, "lat": -35.230662056}}}, {"type": "Feature", "geometry": {"type": "Polygon", "coordinates": [[[-64.400383, -25.521454], [-64.315208, -25.513292], [-64.210538, -25.54063], [-64.197499, -25.709462], [-64.267966, -25.700569], [-64.413011, -26.040483], [-64.403615, -26.048405], [-64.416683, -26.114299], [-64.49492, -26.219497], [-64.564152, -26.226925], [-64.579581, -26.218181], [-64.667792, -26.242718], [-64.732152, -26.241556], [-64.759069, -26.223986], [-64.790412, -26.223718], [-64.822772, -26.242688], [-64.845319, -26.238596], [-64.873443, -26.274922], [-64.941615, -26.302252], [-64.917338, -26.199506], [-64.891691, -26.179654], [-64.872917, -26.125312], [-64.875291, -26.104831], [-64.894394, -26.090939], [-64.884321, -26.044811], [-65.108008, -26.007916], [-65.103239, -26.053936], [-65.194625, -26.025163], [-65.246782, -25.97209], [-65.254313, -25.889382], [-65.2984, -25.85984], [-65.278362, -25.80763], [-65.290289, -25.774757], [-65.258957, -25.776079], [-65.239472, -25.711998], [-65.196634, -25.69033], [-65.163974, -25.619468], [-65.134066, -25.620948], [-65.123243, -25.645783], [-65.087965, -25.66239], [-65.049702, -25.657201], [-65.027702, -25.672196], [-64.919783, -25.6381], [-64.835753, -25.651523], [-64.647923, -25.605523], [-64.481071, -25.634764], [-64.449455, -25.511517], [-64.400383, -25.521454]]]}, "properties": {"id": "66140", "nombre": "Rosario de la Frontera", "nombre_completo": "Departamento Rosario de la Frontera", "provincia": {"id": "66", "nombre": "Salta", "interseccion": 0.0}, "fuente": "IGN", "categoria": "Departamento", "centroide": {"lon": -64.728808924, "lat": -25.871561301}}}, {"type": "Feature", "geometry": {"type": "Polygon", "coordinates": [[[-65.362476, -27.846929], [-65.170798, -27.946465], [-65.112391, -28.186654], [-65.10516, -28.322158], [-65.177454, -28.332969], [-65.178328, -28.309227], [-65.203053, -28.297602], [-65.195438, -28.28201], [-65.245925, -28.288044], [-65.308962, -28.206783], [-65.329835, -28.221871], [-65.335819, -28.199438], [-65.362757, -28.216729], [-65.401403, -28.207159], [-65.391153, -28.169552], [-65.425575, -28.191175], [-65.470078, -28.18798], [-65.506498, -28.240355], [-65.507252, -28.230801], [-65.57204, -28.231997], [-65.585742, -28.147437], [-65.562289, -28.122431], [-65.57652, -28.079594], [-65.559637, -27.997221], [-65.498447, -27.922772], [-65.362476, -27.846929]]]}, "properties": {"id": "10098", "nombre": "Santa Rosa", "nombre_completo": "Departamento Santa Rosa", "provincia": {"id": "10", "nombre": "Catamarca", "interseccion": 0.0}, "fuente": "IGN", "categoria": "Departamento", "centroide": {"lon": -65.335082466, "lat": -28.082107972}}}, {"type": "Feature", "geometry": {"type": "Polygon", "coordinates": [[[-63.748408, -29.653277], [-63.718995, -29.666217], [-63.627901, -29.655004], [-63.465352, -29.664484], [-63.480469, -29.725546], [-63.459696, -29.725525], [-63.459617, -29.756934], [-62.80634, -29.833773], [-62.829228, -29.841586], [-62.83855, -29.865876], [-62.820277, -29.903936], [-62.799551, -29.908757], [-62.785849, -29.940024], [-62.791336, -29.960589], [-62.753622, -29.966419], [-62.723878, -29.990808], [-62.662369, -29.999255], [-62.654993, -30.007345], [-62.674742, -30.035185], [-62.65544, -30.055292], [-62.556483, -30.062787], [-62.567665, -30.123067], [-62.596801, -30.165742], [-62.593618, -30.259583], [-62.534531, -30.31202], [-62.520077, -30.341898], [-62.173794, -30.345314], [-62.15756, -30.396159], [-62.321448, -30.367885], [-62.325088, -30.511575], [-62.550465, -30.47011], [-62.526984, -30.378497], [-63.325437, -30.230403], [-63.34848, -30.323659], [-63.380905, -30.321469], [-63.380968, -30.270413], [-63.492529, -30.272179], [-63.493704, -30.188682], [-63.858591, -30.12477], [-63.886361, -30.097073], [-63.935296, -30.092776], [-63.944549, -30.027272], [-63.887379, -29.956485], [-63.885728, -29.908737], [-63.834954, -29.876897], [-63.806024, -29.793955], [-63.791335, -29.795028], [-63.765368, -29.706078], [-63.792224, -29.70425], [-63.791468, -29.662501], [-63.77921, -29.639345], [-63.748408, -29.653277]]]}, "properties": {"id": "14112", "nombre": "Río Seco", "nombre_completo": "Departamento Río Seco", "provincia": {"id": "14", "nombre": "Córdoba", "interseccion": 0.0}, "fuente": "IGN", "categoria": "Departamento", "centroide": {"lon": -63.19901878, "lat": -30.045041249}}}, {"type": "Feature", "geometry": {"type": "Polygon", "coordinates": [[[-61.857242, -28.866446], [-61.949898, -29.415784], [-61.986515, -29.426134], [-62.025878, -29.404767], [-62.043795, -29.372797], [-62.110311, -29.354557], [-62.157376, -29.384938], [-62.168505, -29.372853], [-62.174447, -29.386136], [-62.181868, -29.370286], [-62.199997, -29.372578], [-62.199219, -29.358237], [-62.246867, -29.361631], [-62.248754, -29.371148], [-62.260458, -29.351734], [-62.310081, -29.325819], [-62.285455, -29.287042], [-62.303192, -29.292746], [-62.321879, -29.26261], [-62.37049, -29.247419], [-62.358607, -29.243778], [-62.367782, -29.225433], [-62.390011, -29.221485], [-62.400967, -29.200963], [-62.41836, -29.203378], [-62.41385, -29.184501], [-62.427704, -29.184094], [-62.416012, -29.178901], [-62.437105, -29.153432], [-62.479693, -29.157345], [-62.47462, -29.142364], [-62.490763, -29.144608], [-62.489389, -29.135253], [-62.500173, -29.144332], [-62.505397, -29.128455], [-62.535354, -29.137134], [-62.560787, -29.125376], [-62.570279, -29.104835], [-62.608491, -29.0889], [-62.619999, -29.095635], [-62.615781, -29.084869], [-62.631751, -29.083979], [-62.640862, -29.065925], [-62.628548, -29.03706], [-62.651629, -29.029018], [-62.66578, -28.984793], [-62.674816, -28.986062], [-62.665276, -28.976065], [-62.673131, -28.957849], [-62.653669, -28.948917], [-62.673558, -28.93494], [-62.657458, -28.928044], [-62.659112, -28.909969], [-62.647417, -28.911497], [-62.641406, -28.908208], [-62.651145, -28.909169], [-62.640379, -28.898231], [-62.644652, -28.865516], [-61.857242, -28.866446]]]}, "properties": {"id": "86042", "nombre": "Belgrano", "nombre_completo": "Departamento Belgrano", "provincia": {"id": "86", "nombre": "Santiago del Estero", "interseccion": 0.0}, "fuente": "IGN", "categoria": "Departamento", "centroide": {"lon": -62.218279509, "lat": -29.081505373}}}, {"type": "Feature", "geometry": {"type": "Polygon", "coordinates": [[[-62.643868, -28.861772], [-62.640379, -28.898231], [-62.651145, -28.909169], [-62.641406, -28.908208], [-62.659112, -28.909969], [-62.657458, -28.928044], [-62.673558, -28.93494], [-62.653669, -28.948917], [-62.673131, -28.957849], [-62.665276, -28.976065], [-62.674816, -28.986062], [-62.66578, -28.984793], [-62.651629, -29.029018], [-62.628548, -29.03706], [-62.640862, -29.065925], [-62.631751, -29.083979], [-62.615781, -29.084869], [-62.619999, -29.095635], [-62.608491, -29.0889], [-62.570279, -29.104835], [-62.560787, -29.125376], [-62.535354, -29.137134], [-62.505397, -29.128455], [-62.500173, -29.144332], [-62.489389, -29.135253], [-62.490763, -29.144608], [-62.47462, -29.142364], [-62.479693, -29.157345], [-62.437105, -29.153432], [-62.416012, -29.178901], [-62.427704, -29.184094], [-62.41385, -29.184501], [-62.41836, -29.203378], [-62.400967, -29.200963], [-62.390011, -29.221485], [-62.367782, -29.225433], [-62.358607, -29.243778], [-62.37049, -29.247419], [-62.321879, -29.26261], [-62.303192, -29.292746], [-62.285455, -29.287042], [-62.310081, -29.325819], [-62.260458, -29.351734], [-62.248754, -29.371148], [-62.246867, -29.361631], [-62.199219, -29.358237], [-62.199997, -29.372578], [-62.181868, -29.370286], [-62.174447, -29.386136], [-62.168505, -29.372853], [-62.157376, -29.384938], [-62.110311, -29.354557], [-62.043795, -29.372797], [-62.025878, -29.404767], [-61.991863, -29.425395], [-61.949898, -29.415784], [-61.992844, -29.66506], [-62.43751, -29.666602], [-62.437844, -29.596778], [-62.533618, -29.596851], [-62.545013, -29.521155], [-62.558375, -29.520889], [-62.558011, -29.482397], [-62.497812, -29.482183], [-62.497828, -29.442757], [-62.617114, -29.442529], [-62.616519, -29.364141], [-62.752611, -29.363374], [-62.752747, -29.306957], [-62.802176, -29.306419], [-62.802218, -29.284285], [-62.891456, -29.283612], [-62.891542, -29.202104], [-62.980707, -29.20199], [-62.980219, -28.966661], [-63.068116, -28.970097], [-63.06807, -28.891836], [-62.894522, -28.891657], [-62.894551, -28.862979], [-62.643868, -28.861772]]]}, "properties": {"id": "86007", "nombre": "Aguirre", "nombre_completo": "Departamento Aguirre", "provincia": {"id": "86", "nombre": "Santiago del Estero", "interseccion": 0.0}, "fuente": "IGN", "categoria": "Departamento", "centroide": {"lon": -62.51509738, "lat": -29.297973228}}}, {"type": "Feature", "geometry": {"type": "Polygon", "coordinates": [[[-59.607134, -31.871774], [-59.534421, -31.924866], [-59.571991, -31.95567], [-59.518399, -31.961043], [-59.486168, -31.949904], [-59.439503, -31.970575], [-59.401673, -31.934119], [-59.314439, -31.923572], [-59.341905, -31.941177], [-59.342994, -31.971842], [-59.370446, -32.02303], [-59.474854, -32.126417], [-59.456606, -32.140536], [-59.482912, -32.268686], [-59.462562, -32.28486], [-59.495835, -32.338839], [-59.441411, -32.355171], [-59.475839, -32.426955], [-59.448368, -32.454882], [-59.439349, -32.489498], [-59.442373, -32.512219], [-59.460325, -32.523893], [-59.455266, -32.556833], [-59.600732, -32.551966], [-59.607136, -32.632006], [-59.636261, -32.61592], [-59.705247, -32.609703], [-59.752674, -32.581773], [-59.771738, -32.587896], [-59.769585, -32.55134], [-59.786836, -32.541546], [-59.942033, -32.521952], [-59.97837, -32.493107], [-59.99958, -32.491505], [-59.99964, -32.453342], [-59.976817, -32.42167], [-60.03674, -32.388798], [-60.046404, -32.349299], [-60.115864, -32.303441], [-60.131232, -32.268972], [-60.189603, -32.269261], [-60.177029, -32.242347], [-60.18922, -32.234519], [-60.1711, -32.216736], [-60.181177, -32.19252], [-60.140632, -32.158468], [-60.182146, -32.12311], [-60.208932, -32.145196], [-60.22552, -32.116187], [-60.214162, -32.114773], [-60.257844, -32.051696], [-60.181919, -32.023486], [-60.140157, -31.982437], [-60.025991, -32.031074], [-60.012845, -31.974981], [-59.943785, -31.951719], [-59.944043, -31.926896], [-59.921177, -31.918131], [-59.919225, -31.883327], [-59.856721, -31.892441], [-59.762686, -31.928935], [-59.607134, -31.871774]]]}, "properties": {"id": "30077", "nombre": "Nogoyá", "nombre_completo": "Departamento Nogoyá", "provincia": {"id": "30", "nombre": "Entre Ríos", "interseccion": 0.0}, "fuente": "IGN", "categoria": "Departamento", "centroide": {"lon": -59.769701915, "lat": -32.218712348}}}, {"type": "Feature", "geometry": {"type": "Polygon", "coordinates": [[[-59.283613, -31.916592], [-59.177463, -31.959365], [-59.151231, -31.985556], [-59.08035, -31.9912], [-59.071813, -32.002326], [-59.080793, -32.028083], [-59.064596, -32.032964], [-59.069577, -32.050299], [-59.059237, -32.052823], [-59.062535, -32.069968], [-59.09888, -32.089683], [-59.077642, -32.098927], [-59.085846, -32.1114], [-59.070815, -32.119376], [-59.095339, -32.12882], [-59.076921, -32.177828], [-59.102462, -32.198095], [-59.112485, -32.235505], [-59.10427, -32.250465], [-59.083996, -32.25065], [-59.073624, -32.311963], [-59.095917, -32.329667], [-59.08376, -32.342277], [-59.102581, -32.347769], [-59.082153, -32.362118], [-59.093657, -32.373699], [-59.083446, -32.385897], [-59.105056, -32.40382], [-59.086826, -32.425874], [-59.113659, -32.455431], [-59.095413, -32.466052], [-59.106455, -32.485034], [-59.096122, -32.505929], [-59.111298, -32.515539], [-59.105647, -32.533385], [-59.116778, -32.530918], [-59.095659, -32.543252], [-59.108928, -32.564508], [-59.087649, -32.574298], [-59.108396, -32.589028], [-59.093727, -32.592217], [-59.102171, -32.615328], [-59.090958, -32.624005], [-59.105041, -32.633847], [-59.10761, -32.666269], [-59.12589, -32.663936], [-59.116425, -32.683424], [-59.134586, -32.70733], [-59.125552, -32.707664], [-59.143025, -32.713144], [-59.23619, -32.697101], [-59.414842, -32.639665], [-59.404734, -32.599745], [-59.455266, -32.556833], [-59.460325, -32.523893], [-59.442373, -32.512219], [-59.439349, -32.489498], [-59.448368, -32.454882], [-59.475839, -32.426955], [-59.441411, -32.355171], [-59.495835, -32.338839], [-59.462562, -32.28486], [-59.482912, -32.268686], [-59.456606, -32.140536], [-59.474854, -32.126417], [-59.370446, -32.02303], [-59.342994, -31.971842], [-59.341905, -31.941177], [-59.283613, -31.916592]]]}, "properties": {"id": "30091", "nombre": "Tala", "nombre_completo": "Departamento Tala", "provincia": {"id": "30", "nombre": "Entre Ríos", "interseccion": 0.0}, "fuente": "IGN", "categoria": "Departamento", "centroide": {"lon": -59.267286485, "lat": -32.317411722}}}, {"type": "Feature", "geometry": {"type": "Polygon", "coordinates": [[[-59.457441, -32.556852], [-59.404734, -32.599745], [-59.414683, -32.639831], [-59.128437, -32.719864], [-59.134516, -32.74966], [-59.112691, -32.748506], [-59.110862, -32.758672], [-59.121989, -32.767709], [-59.114362, -32.774904], [-59.130465, -32.777811], [-59.112082, -32.805579], [-59.14008, -32.821137], [-59.125461, -32.848213], [-59.141495, -32.849409], [-59.145913, -32.873946], [-59.161248, -32.873737], [-59.140086, -32.911865], [-59.186853, -32.935142], [-59.199663, -32.985871], [-59.218328, -32.987116], [-59.233423, -33.034889], [-59.265463, -33.06002], [-59.262571, -33.080026], [-59.276998, -33.082905], [-59.269651, -33.104847], [-59.252446, -33.105329], [-59.269684, -33.112813], [-59.250972, -33.115434], [-59.256022, -33.127958], [-59.291585, -33.154068], [-59.308311, -33.178561], [-59.296371, -33.177429], [-59.298909, -33.188427], [-59.336621, -33.18375], [-59.314285, -33.209377], [-59.32294, -33.202389], [-59.352691, -33.202904], [-59.333966, -33.228205], [-59.394692, -33.232973], [-59.415755, -33.21389], [-59.422205, -33.228528], [-59.49728, -33.227062], [-59.522445, -33.199355], [-59.547543, -33.198537], [-59.643752, -33.302197], [-59.606584, -33.325642], [-59.630075, -33.342874], [-59.617077, -33.35714], [-59.5394, -33.376471], [-59.522247, -33.432301], [-59.427543, -33.460417], [-59.360462, -33.54264], [-59.316103, -33.543163], [-59.301988, -33.591844], [-59.25358, -33.63971], [-59.230748, -33.709434], [-59.178046, -33.74394], [-59.168091, -33.809387], [-59.218811, -33.814697], [-59.248901, -33.803406], [-59.254883, -33.785889], [-59.235413, -33.73999], [-59.254272, -33.72229], [-59.3927, -33.736694], [-59.448975, -33.724487], [-59.467773, -33.704285], [-59.479309, -33.652893], [-59.516737, -33.630834], [-59.596627, -33.691123], [-59.620749, -33.692105], [-59.636037, -33.642701], [-59.656411, -33.621673], [-59.803581, -33.595558], [-59.80953, -33.551657], [-59.828744, -33.52462], [-59.894744, -33.510284], [-59.933006, -33.474891], [-59.999393, -33.470132], [-60.04484, -33.447527], [-60.111084, -33.372986], [-60.169617, -33.348999], [-60.200684, -33.292175], [-60.297829, -33.242284], [-60.284504, -33.209924], [-60.294259, -33.19184], [-60.234274, -33.212008], [-60.220596, -33.25391], [-60.215435, -33.233522], [-60.194119, -33.221868], [-60.179128, -33.247535], [-60.14961, -33.252703], [-60.151419, -33.231469], [-60.11663, -33.219698], [-60.069119, -33.257187], [-60.036603, -33.245989], [-60.057179, -33.234769], [-60.035694, -33.228896], [-60.013328, -33.283924], [-59.949158, -33.235843], [-59.939824, -33.275533], [-59.909697, -33.277456], [-59.906134, -33.220701], [-59.88639, -33.23572], [-59.882255, -33.263067], [-59.85638, -33.272062], [-59.792222, -33.239513], [-59.818312, -33.200515], [-59.766084, -33.137109], [-59.777261, -33.122881], [-59.804679, -33.125747], [-59.815072, -33.078526], [-59.838817, -33.076139], [-59.848192, -33.100858], [-59.892958, -33.037218], [-59.922951, -33.027705], [-59.93694, -33.040118], [-59.960709, -33.005543], [-59.963796, -33.029601], [-59.976077, -33.010108], [-60.024498, -33.014826], [-60.043738, -32.992947], [-59.982708, -32.99521], [-59.977005, -32.966751], [-60.011348, -32.975636], [-60.022185, -32.950538], [-59.9549, -32.898398], [-59.903761, -32.93124], [-59.838665, -32.934835], [-59.841616, -32.91189], [-59.871039, -32.88811], [-59.85656, -32.868727], [-59.857384, -32.83876], [-59.843418, -32.840411], [-59.84523, -32.824488], [-59.810094, -32.797547], [-59.794048, -32.736336], [-59.779104, -32.729562], [-59.78899, -32.710653], [-59.775849, -32.662581], [-59.79808, -32.642498], [-59.779786, -32.613674], [-59.782584, -32.590107], [-59.752674, -32.581773], [-59.705247, -32.609703], [-59.636261, -32.61592], [-59.607136, -32.632006], [-59.600732, -32.551966], [-59.457441, -32.556852]]]}, "properties": {"id": "30049", "nombre": "Gualeguay", "nombre_completo": "Departamento Gualeguay", "provincia": {"id": "30", "nombre": "Entre Ríos", "interseccion": 0.0}, "fuente": "IGN", "categoria": "Departamento", "centroide": {"lon": -59.601459827, "lat": -33.119236629}}}, {"type": "Feature", "geometry": {"type": "Polygon", "coordinates": [[[-59.422611, -30.315808], [-59.347921, -30.324347], [-59.323732, -30.354244], [-59.298305, -30.346789], [-59.288267, -30.361884], [-59.273512, -30.352434], [-59.241691, -30.365739], [-59.20354, -30.347905], [-59.176338, -30.377455], [-59.096431, -30.387729], [-59.068704, -30.414451], [-59.077259, -30.488413], [-59.045453, -30.519865], [-58.980316, -30.521843], [-58.980959, -30.557783], [-58.931404, -30.561356], [-58.961265, -30.591254], [-59.012297, -30.613911], [-59.011843, -30.635874], [-59.051166, -30.677789], [-59.068031, -30.676217], [-59.066127, -30.689995], [-59.097034, -30.691218], [-59.115689, -30.717835], [-59.201213, -30.746158], [-59.208392, -30.765753], [-59.260752, -30.763335], [-59.333349, -30.798873], [-59.292448, -30.846275], [-59.270985, -30.902537], [-59.309197, -30.936859], [-59.280515, -30.968551], [-59.336286, -30.994734], [-59.329102, -31.00201], [-59.339891, -31.009806], [-59.274653, -31.059064], [-59.301671, -31.109911], [-59.276099, -31.12079], [-59.258436, -31.147408], [-59.296232, -31.275342], [-59.285085, -31.303598], [-59.625041, -31.504941], [-59.612692, -31.45143], [-59.736734, -31.42963], [-59.735669, -31.418719], [-59.758716, -31.421765], [-59.824685, -31.499679], [-59.862395, -31.493932], [-59.858608, -31.429603], [-59.885615, -31.407634], [-59.898599, -31.341117], [-59.934761, -31.291435], [-59.9288, -31.281496], [-59.953479, -31.236469], [-59.941877, -31.226857], [-59.952663, -31.204774], [-59.983959, -31.18739], [-59.983276, -31.155701], [-59.963379, -31.119873], [-59.925443, -31.105052], [-59.87793, -31.056213], [-59.818176, -30.942505], [-59.734848, -30.876624], [-59.704867, -30.817376], [-59.699394, -30.769072], [-59.633301, -30.713928], [-59.678406, -30.646912], [-59.645142, -30.588233], [-59.653809, -30.487793], [-59.703439, -30.44261], [-59.684404, -30.355998], [-59.671672, -30.338662], [-59.63682, -30.357754], [-59.615097, -30.419207], [-59.587769, -30.434822], [-59.558342, -30.332939], [-59.490212, -30.344331], [-59.422611, -30.315808]]]}, "properties": {"id": "30070", "nombre": "La Paz", "nombre_completo": "Departamento La Paz", "provincia": {"id": "30", "nombre": "Entre Ríos", "interseccion": 0.0}, "fuente": "IGN", "categoria": "Departamento", "centroide": {"lon": -59.50043089, "lat": -30.897357325}}}, {"type": "Feature", "geometry": {"type": "Polygon", "coordinates": [[[-61.013182, -34.306323], [-60.966443, -34.345827], [-60.902675, -34.326078], [-60.646701, -34.53305], [-60.758396, -34.630785], [-60.741446, -34.649115], [-60.713957, -34.647131], [-60.795509, -34.717472], [-60.764489, -34.741034], [-60.815683, -34.789652], [-60.849248, -34.763019], [-60.903991, -34.810841], [-61.048176, -34.692906], [-61.151165, -34.777206], [-61.222551, -34.717368], [-61.204736, -34.702486], [-61.338484, -34.592169], [-61.275199, -34.541214], [-61.355509, -34.473947], [-61.275807, -34.401731], [-61.243154, -34.39984], [-61.234216, -34.433353], [-61.221137, -34.437787], [-61.192182, -34.418291], [-61.193941, -34.365677], [-61.168395, -34.359374], [-61.098149, -34.284531], [-61.070098, -34.307214], [-61.041553, -34.283292], [-61.013182, -34.306323]]]}, "properties": {"id": "06413", "nombre": "Junín", "nombre_completo": "Partido de Junín", "provincia": {"id": "06", "nombre": "Buenos Aires", "interseccion": 0.0}, "fuente": "IGN", "categoria": "Partido", "centroide": {"lon": -61.005250128, "lat": -34.546475132}}}, {"type": "Feature", "geometry": {"type": "Polygon", "coordinates": [[[-59.988128, -34.676413], [-59.967868, -34.691848], [-59.944678, -34.671979], [-59.790053, -34.788481], [-59.809136, -34.805412], [-59.798118, -34.82566], [-59.750174, -34.874285], [-59.698238, -34.897682], [-59.605175, -34.997713], [-59.822241, -35.176824], [-59.835731, -35.157783], [-59.870386, -35.15261], [-59.905571, -35.114872], [-59.973643, -35.132792], [-60.046944, -35.092521], [-60.132718, -35.082419], [-60.15125, -35.065639], [-60.118753, -35.035158], [-60.304147, -34.881095], [-60.172989, -34.770245], [-60.190756, -34.756772], [-60.174138, -34.743048], [-60.191843, -34.728741], [-60.106846, -34.657499], [-60.063518, -34.691134], [-60.006599, -34.641007], [-59.988128, -34.676413]]]}, "properties": {"id": "06224", "nombre": "Chivilcoy", "nombre_completo": "Partido de Chivilcoy", "provincia": {"id": "06", "nombre": "Buenos Aires", "interseccion": 0.0}, "fuente": "IGN", "categoria": "Partido", "centroide": {"lon": -59.958419488, "lat": -34.915487328}}}, {"type": "Feature", "geometry": {"type": "Polygon", "coordinates": [[[-60.281463, -34.79361], [-60.239549, -34.826527], [-60.304147, -34.881095], [-60.118753, -35.035158], [-60.15125, -35.065639], [-60.132718, -35.082419], [-60.054286, -35.090754], [-60.021089, -35.108035], [-60.235044, -35.295857], [-60.353836, -35.193833], [-60.33853, -35.17974], [-60.36504, -35.15958], [-60.328936, -35.127661], [-60.388695, -35.088229], [-60.440024, -35.036784], [-60.434912, -35.016392], [-60.473912, -34.997613], [-60.487762, -34.974801], [-60.474599, -34.939912], [-60.453038, -34.930413], [-60.448711, -34.879315], [-60.460279, -34.862375], [-60.32251, -34.761526], [-60.281463, -34.79361]]]}, "properties": {"id": "06021", "nombre": "Alberti", "nombre_completo": "Partido de Alberti", "provincia": {"id": "06", "nombre": "Buenos Aires", "interseccion": 0.0}, "fuente": "IGN", "categoria": "Partido", "centroide": {"lon": -60.281976592, "lat": -35.036968511}}}, {"type": "Feature", "geometry": {"type": "Polygon", "coordinates": [[[-60.712401, -34.647141], [-60.685321, -34.657039], [-60.686373, -34.707647], [-60.657707, -34.709275], [-60.625764, -34.743357], [-60.627629, -34.759647], [-60.588055, -34.816749], [-60.558273, -34.829572], [-60.540809, -34.821518], [-60.529283, -34.84162], [-60.494684, -34.838491], [-60.455145, -34.864192], [-60.453038, -34.930413], [-60.474599, -34.939912], [-60.485378, -34.980286], [-60.434912, -35.016392], [-60.440024, -35.036784], [-60.388695, -35.088229], [-60.328936, -35.127661], [-60.36504, -35.15958], [-60.33853, -35.17974], [-60.353836, -35.193833], [-60.315787, -35.223135], [-60.528049, -35.410299], [-60.872663, -35.14367], [-60.754227, -35.041402], [-60.847692, -34.968081], [-60.723956, -34.861231], [-60.815683, -34.789652], [-60.764489, -34.741034], [-60.795509, -34.717472], [-60.712401, -34.647141]]]}, "properties": {"id": "06112", "nombre": "Bragado", "nombre_completo": "Partido de Bragado", "provincia": {"id": "06", "nombre": "Buenos Aires", "interseccion": 0.0}, "fuente": "IGN", "categoria": "Partido", "centroide": {"lon": -60.604046653, "lat": -35.061412271}}}, {"type": "Feature", "geometry": {"type": "Polygon", "coordinates": [[[-59.989283, -35.129811], [-59.905571, -35.114872], [-59.870386, -35.15261], [-59.835731, -35.157783], [-59.822374, -35.176815], [-59.774162, -35.173967], [-59.721389, -35.222676], [-59.699119, -35.210947], [-59.669182, -35.2231], [-59.663883, -35.210011], [-59.573743, -35.178063], [-59.543009, -35.204349], [-59.549982, -35.267531], [-59.506062, -35.289257], [-59.585763, -35.35996], [-59.642508, -35.31661], [-59.712899, -35.378775], [-59.755477, -35.346744], [-59.825442, -35.407354], [-59.768671, -35.451043], [-59.775005, -35.478474], [-59.830348, -35.496935], [-59.906036, -35.48093], [-60.004894, -35.528916], [-60.028733, -35.555252], [-60.009792, -35.575656], [-60.010605, -35.597099], [-60.039969, -35.624195], [-60.033955, -35.656241], [-60.00544, -35.661698], [-60.025754, -35.672353], [-60.024369, -35.695618], [-60.059248, -35.709464], [-60.116733, -35.664442], [-60.417136, -35.928244], [-60.461554, -35.949308], [-60.462439, -35.972723], [-60.494871, -35.99499], [-60.515754, -35.984973], [-60.531063, -36.000561], [-60.638071, -35.921069], [-60.695447, -35.968815], [-60.867915, -35.840008], [-60.444882, -35.473321], [-60.528049, -35.410299], [-60.323097, -35.22972], [-60.235044, -35.295857], [-60.021089, -35.108035], [-59.989283, -35.129811]]]}, "properties": {"id": "06854", "nombre": "25 de Mayo", "nombre_completo": "Partido de 25 de Mayo", "provincia": {"id": "06", "nombre": "Buenos Aires", "interseccion": 0.0}, "fuente": "IGN", "categoria": "Partido", "centroide": {"lon": -60.230283789, "lat": -35.527208972}}}, {"type": "Feature", "geometry": {"type": "Polygon", "coordinates": [[[-60.868635, -35.145431], [-60.444882, -35.473321], [-60.969673, -35.926616], [-61.101731, -35.824756], [-61.031898, -35.765554], [-61.272599, -35.560077], [-61.288021, -35.572824], [-61.531934, -35.378534], [-61.278178, -35.165851], [-61.155019, -35.264171], [-61.062511, -35.186779], [-60.984631, -35.2466], [-60.868635, -35.145431]]]}, "properties": {"id": "06588", "nombre": "9 de Julio", "nombre_completo": "Partido de 9 de Julio", "provincia": {"id": "06", "nombre": "Buenos Aires", "interseccion": 0.0}, "fuente": "IGN", "categoria": "Partido", "centroide": {"lon": -60.975425442, "lat": -35.481227148}}}, {"type": "Feature", "geometry": {"type": "Polygon", "coordinates": [[[-61.724739, -35.537384], [-61.574373, -35.643079], [-61.601187, -35.664503], [-61.502767, -35.745416], [-61.636117, -35.852744], [-61.543683, -35.928989], [-61.560046, -35.942756], [-61.436136, -36.039237], [-61.450383, -36.051444], [-61.491487, -36.019098], [-61.596724, -36.107283], [-61.616375, -36.091585], [-61.689081, -36.14031], [-61.702618, -36.129266], [-61.742437, -36.16208], [-61.772554, -36.138559], [-61.944752, -36.268559], [-61.921176, -36.288428], [-61.974442, -36.333632], [-62.014961, -36.300641], [-62.048975, -36.326463], [-62.144315, -36.245472], [-62.178949, -36.271882], [-62.205702, -36.249397], [-62.082437, -36.152301], [-62.431086, -35.858839], [-62.098286, -35.591606], [-62.129988, -35.56537], [-62.050169, -35.501227], [-61.988144, -35.552205], [-61.906309, -35.485611], [-61.783275, -35.585449], [-61.724739, -35.537384]]]}, "properties": {"id": "06609", "nombre": "Pehuajó", "nombre_completo": "Partido de Pehuajó", "provincia": {"id": "06", "nombre": "Buenos Aires", "interseccion": 0.0}, "fuente": "IGN", "categoria": "Partido", "centroide": {"lon": -61.928125734, "lat": -35.883620834}}}, {"type": "Feature", "geometry": {"type": "Polygon", "coordinates": [[[-63.282763, -36.607562], [-62.647306, -37.123047], [-62.59499, -37.096394], [-62.51102, -37.196019], [-62.509555, -37.233769], [-62.538814, -37.257424], [-62.425401, -37.348682], [-62.642151, -37.519813], [-62.813196, -37.373926], [-63.377659, -37.815182], [-63.385367, -36.524945], [-63.282763, -36.607562]]]}, "properties": {"id": "06007", "nombre": "Adolfo Alsina", "nombre_completo": "Partido de Adolfo Alsina", "provincia": {"id": "06", "nombre": "Buenos Aires", "interseccion": 0.0}, "fuente": "IGN", "categoria": "Partido", "centroide": {"lon": -63.056055153, "lat": -37.196762082}}}, {"type": "Feature", "geometry": {"type": "Polygon", "coordinates": [[[-60.10961, -33.813544], [-60.024354, -33.826632], [-59.778715, -34.013813], [-59.811998, -34.015164], [-59.844479, -34.05269], [-59.896256, -34.078189], [-59.984788, -34.084642], [-59.983602, -34.197571], [-60.039614, -34.268608], [-60.202878, -34.203902], [-60.206761, -34.171665], [-60.184556, -34.135531], [-60.166695, -34.06153], [-60.196307, -34.051445], [-60.2376, -34.01112], [-60.231469, -33.869787], [-60.156379, -33.745477], [-60.10961, -33.813544]]]}, "properties": {"id": "06077", "nombre": "Arrecifes", "nombre_completo": "Partido de Arrecifes", "provincia": {"id": "06", "nombre": "Buenos Aires", "interseccion": 0.0}, "fuente": "IGN", "categoria": "Partido", "centroide": {"lon": -60.062664148, "lat": -34.011811918}}}, {"type": "Feature", "geometry": {"type": "Polygon", "coordinates": [[[-60.237539, -34.011095], [-60.196307, -34.051445], [-60.166695, -34.06153], [-60.184556, -34.135531], [-60.206761, -34.171665], [-60.202878, -34.203902], [-59.970773, -34.28642], [-60.012141, -34.322914], [-60.004434, -34.328914], [-60.06503, -34.382654], [-60.08409, -34.367516], [-60.211227, -34.45956], [-60.245784, -34.431903], [-60.319126, -34.497194], [-60.374071, -34.454929], [-60.403995, -34.480041], [-60.488998, -34.41514], [-60.516899, -34.43917], [-60.578268, -34.392173], [-60.538785, -34.349286], [-60.549166, -34.275661], [-60.46989, -34.199868], [-60.496387, -34.17646], [-60.3124, -34.001454], [-60.237539, -34.011095]]]}, "properties": {"id": "06714", "nombre": "Salto", "nombre_completo": "Partido de Salto", "provincia": {"id": "06", "nombre": "Buenos Aires", "interseccion": 0.0}, "fuente": "IGN", "categoria": "Partido", "centroide": {"lon": -60.305287869, "lat": -34.271077787}}}, {"type": "Feature", "geometry": {"type": "Polygon", "coordinates": [[[-59.36073, -34.243377], [-59.298677, -34.26429], [-59.310353, -34.289433], [-59.192601, -34.370541], [-59.239323, -34.413704], [-59.217716, -34.446564], [-59.523664, -34.596894], [-59.568824, -34.560587], [-59.63243, -34.615017], [-59.768409, -34.507296], [-59.735111, -34.477819], [-59.767615, -34.452814], [-59.670525, -34.397923], [-59.644583, -34.417529], [-59.618845, -34.396637], [-59.606599, -34.40614], [-59.490727, -34.318917], [-59.423801, -34.302611], [-59.411872, -34.276257], [-59.419483, -34.268607], [-59.374778, -34.238726], [-59.36073, -34.243377]]]}, "properties": {"id": "06728", "nombre": "San Andrés de Giles", "nombre_completo": "Partido de San Andrés de Giles", "provincia": {"id": "06", "nombre": "Buenos Aires", "interseccion": 0.0}, "fuente": "IGN", "categoria": "Partido", "centroide": {"lon": -59.473198591, "lat": -34.437731429}}}, {"type": "Feature", "geometry": {"type": "Polygon", "coordinates": [[[-60.522829, -34.434745], [-60.488998, -34.41514], [-60.403995, -34.480041], [-60.374071, -34.454929], [-60.319126, -34.497194], [-60.245784, -34.431903], [-60.211227, -34.45956], [-60.154194, -34.410072], [-60.083631, -34.469779], [-60.098044, -34.482932], [-60.014713, -34.546899], [-59.974745, -34.510428], [-59.930307, -34.543513], [-59.909312, -34.561197], [-59.933201, -34.581257], [-59.884567, -34.61943], [-59.967868, -34.691848], [-59.992965, -34.674013], [-60.006599, -34.641007], [-60.063518, -34.691134], [-60.106846, -34.657499], [-60.191843, -34.728741], [-60.174138, -34.743048], [-60.190756, -34.756772], [-60.172989, -34.770245], [-60.243552, -34.829956], [-60.32251, -34.761526], [-60.460279, -34.862375], [-60.494684, -34.838491], [-60.529283, -34.84162], [-60.540809, -34.821518], [-60.558273, -34.829572], [-60.588055, -34.816749], [-60.627629, -34.759647], [-60.625764, -34.743357], [-60.657707, -34.709275], [-60.686373, -34.707647], [-60.685321, -34.657039], [-60.741446, -34.649115], [-60.758396, -34.630785], [-60.646701, -34.53305], [-60.677205, -34.509355], [-60.559846, -34.406436], [-60.522829, -34.434745]]]}, "properties": {"id": "06210", "nombre": "Chacabuco", "nombre_completo": "Partido de Chacabuco", "provincia": {"id": "06", "nombre": "Buenos Aires", "interseccion": 0.0}, "fuente": "IGN", "categoria": "Partido", "centroide": {"lon": -60.354308113, "lat": -34.618200295}}}, {"type": "Feature", "geometry": {"type": "Polygon", "coordinates": [[[-58.213064, -36.615489], [-58.226176, -36.627666], [-58.114422, -36.728124], [-58.286543, -36.88103], [-58.019866, -37.075971], [-57.944419, -37.007576], [-57.768972, -37.135971], [-58.09451, -37.437404], [-58.083984, -37.445061], [-58.16358, -37.38824], [-58.282658, -37.492092], [-58.354633, -37.439849], [-58.426401, -37.501187], [-58.577112, -37.383977], [-58.610899, -37.411263], [-59.09013, -37.062779], [-59.040746, -37.026078], [-59.021495, -36.960095], [-59.002666, -36.94465], [-58.936877, -36.936046], [-58.911209, -36.876419], [-58.873094, -36.860756], [-58.866825, -36.838371], [-58.837012, -36.836249], [-58.795175, -36.805997], [-58.790869, -36.789113], [-58.719956, -36.752577], [-58.666852, -36.742926], [-58.720954, -36.700227], [-58.43724, -36.452101], [-58.213064, -36.615489]]]}, "properties": {"id": "06042", "nombre": "Ayacucho", "nombre_completo": "Partido de Ayacucho", "provincia": {"id": "06", "nombre": "Buenos Aires", "interseccion": 0.0}, "fuente": "IGN", "categoria": "Partido", "centroide": {"lon": -58.442556524, "lat": -37.035430912}}}, {"type": "Feature", "geometry": {"type": "Polygon", "coordinates": [[[-62.473292, -36.457208], [-62.411544, -36.50918], [-62.384667, -36.488435], [-62.223998, -36.622638], [-62.248976, -36.645955], [-62.201791, -36.684577], [-62.175476, -36.663314], [-62.000052, -36.811648], [-61.983549, -36.804705], [-62.016622, -36.822298], [-61.993256, -36.854244], [-62.019701, -36.849688], [-61.8565, -36.995369], [-61.892052, -37.022529], [-61.875676, -37.036577], [-61.916273, -37.067143], [-61.974843, -37.016773], [-62.202974, -37.187142], [-62.211774, -37.180268], [-62.425401, -37.348682], [-62.538814, -37.257424], [-62.509555, -37.233769], [-62.51102, -37.196019], [-62.59499, -37.096394], [-62.647306, -37.123047], [-62.970025, -36.863033], [-62.473292, -36.457208]]]}, "properties": {"id": "06399", "nombre": "Guaminí", "nombre_completo": "Partido de Guaminí", "provincia": {"id": "06", "nombre": "Buenos Aires", "interseccion": 0.0}, "fuente": "IGN", "categoria": "Partido", "centroide": {"lon": -62.418531061, "lat": -36.890675511}}}, {"type": "Feature", "geometry": {"type": "Polygon", "coordinates": [[[-63.942909, -36.265613], [-63.945801, -36.806208], [-64.169899, -36.805552], [-64.170455, -36.716355], [-64.282981, -36.715189], [-64.28265, -36.686817], [-64.356967, -36.624948], [-64.505383, -36.622327], [-64.499617, -36.260164], [-63.942909, -36.265613]]]}, "properties": {"id": "42021", "nombre": "Capital", "nombre_completo": "Departamento Capital", "provincia": {"id": "42", "nombre": "La Pampa", "interseccion": 0.0}, "fuente": "IGN", "categoria": "Departamento", "centroide": {"lon": -64.198128305, "lat": -36.498062598}}}, {"type": "Feature", "geometry": {"type": "Polygon", "coordinates": [[[-59.192616, -34.811544], [-59.164971, -34.803479], [-59.218728, -34.852572], [-59.071107, -34.961328], [-59.221344, -35.085086], [-59.247686, -35.064788], [-59.251455, -35.098279], [-59.552533, -35.254941], [-59.543009, -35.204349], [-59.575205, -35.177622], [-59.663883, -35.210011], [-59.670413, -35.22315], [-59.699119, -35.210947], [-59.721389, -35.222676], [-59.775288, -35.173362], [-59.822241, -35.176824], [-59.605175, -34.997713], [-59.635369, -34.957987], [-59.408729, -34.842423], [-59.373171, -34.891129], [-59.289444, -34.821684], [-59.278714, -34.834349], [-59.204517, -34.796227], [-59.192616, -34.811544]]]}, "properties": {"id": "06574", "nombre": "Navarro", "nombre_completo": "Partido de Navarro", "provincia": {"id": "06", "nombre": "Buenos Aires", "interseccion": 0.0}, "fuente": "IGN", "categoria": "Partido", "centroide": {"lon": -59.429358554, "lat": -35.030484482}}}, {"type": "Feature", "geometry": {"type": "Polygon", "coordinates": [[[-59.00239, -35.013797], [-58.992581, -35.021429], [-59.014807, -35.041293], [-58.868975, -35.15357], [-58.894852, -35.176187], [-58.808586, -35.23932], [-58.925107, -35.341701], [-58.9795, -35.342344], [-59.005844, -35.366918], [-59.02541, -35.352275], [-59.125183, -35.435902], [-59.164602, -35.420572], [-59.167243, -35.405904], [-59.26286, -35.390682], [-59.292608, -35.365397], [-59.322525, -35.374677], [-59.322086, -35.359155], [-59.38007, -35.333449], [-59.393378, -35.290948], [-59.468508, -35.307371], [-59.480334, -35.287301], [-59.521814, -35.287003], [-59.549982, -35.267531], [-59.552533, -35.254941], [-59.251455, -35.098279], [-59.247686, -35.064788], [-59.221344, -35.085086], [-59.071037, -34.961245], [-59.00239, -35.013797]]]}, "properties": {"id": "06483", "nombre": "Lobos", "nombre_completo": "Partido de Lobos", "provincia": {"id": "06", "nombre": "Buenos Aires", "interseccion": 0.0}, "fuente": "IGN", "categoria": "Partido", "centroide": {"lon": -59.145741883, "lat": -35.219585786}}}, {"type": "Feature", "geometry": {"type": "Polygon", "coordinates": [[[-61.400422, -36.88352], [-60.891327, -37.302355], [-60.975452, -37.36813], [-60.878539, -37.451456], [-61.509471, -37.939054], [-61.60554, -37.861534], [-61.44205, -37.734938], [-61.538169, -37.657284], [-61.488433, -37.618856], [-61.596799, -37.530862], [-61.53674, -37.48301], [-61.750076, -37.303527], [-61.744262, -37.271556], [-61.702748, -37.2162], [-61.72499, -37.156033], [-61.716639, -37.135328], [-61.740514, -37.106126], [-61.423479, -36.864583], [-61.400422, -36.88352]]]}, "properties": {"id": "06322", "nombre": "General La Madrid", "nombre_completo": "Partido de General La Madrid", "provincia": {"id": "06", "nombre": "Buenos Aires", "interseccion": 0.0}, "fuente": "IGN", "categoria": "Partido", "centroide": {"lon": -61.344130895, "lat": -37.356127777}}}, {"type": "Feature", "geometry": {"type": "Polygon", "coordinates": [[[-60.785833, -35.90711], [-60.695447, -35.968815], [-60.638071, -35.921069], [-60.531116, -36.000522], [-60.57241, -36.028751], [-60.634758, -36.110023], [-60.688885, -36.13575], [-60.727343, -36.13721], [-60.810381, -36.210357], [-60.799079, -36.231555], [-60.806085, -36.253046], [-60.860253, -36.322509], [-60.906005, -36.341574], [-60.866119, -36.372189], [-60.929622, -36.424551], [-60.896234, -36.451336], [-60.940408, -36.486661], [-61.254822, -36.734982], [-61.36885, -36.640992], [-61.497217, -36.744068], [-61.664098, -36.606887], [-61.616876, -36.569896], [-61.676978, -36.530082], [-61.685623, -36.535906], [-61.724667, -36.494265], [-61.406099, -36.240961], [-61.439692, -36.214419], [-61.035297, -35.876663], [-60.969673, -35.926616], [-60.867915, -35.840008], [-60.785833, -35.90711]]]}, "properties": {"id": "06105", "nombre": "Bolívar", "nombre_completo": "Partido de Bolívar", "provincia": {"id": "06", "nombre": "Buenos Aires", "interseccion": 0.0}, "fuente": "IGN", "categoria": "Partido", "centroide": {"lon": -61.149860085, "lat": -36.298947958}}}, {"type": "Feature", "geometry": {"type": "Polygon", "coordinates": [[[-59.487573, -36.227528], [-59.229713, -36.42085], [-59.249996, -36.437525], [-59.13842, -36.542876], [-59.195539, -36.590875], [-59.2219, -36.574394], [-59.226557, -36.616874], [-59.255322, -36.646878], [-59.281526, -36.764637], [-59.352794, -36.825044], [-59.365012, -36.85126], [-59.359664, -36.897223], [-59.399566, -36.970779], [-59.433526, -36.999462], [-59.436834, -37.021329], [-59.479846, -37.036738], [-59.520826, -37.082358], [-59.567639, -37.097809], [-59.586567, -37.132493], [-59.66836, -37.181928], [-59.69936, -37.216611], [-59.806436, -37.251132], [-59.826494, -37.31093], [-59.880288, -37.355942], [-59.860615, -37.371197], [-59.953258, -37.447512], [-60.037934, -37.381122], [-59.986742, -37.339941], [-60.207603, -37.172768], [-60.126382, -37.096824], [-60.145209, -37.081183], [-60.113037, -37.041642], [-60.122854, -37.034309], [-60.103647, -37.016073], [-60.116131, -37.00657], [-60.0959, -36.989142], [-60.106737, -36.980813], [-60.023421, -36.915576], [-60.032893, -36.907997], [-60.01256, -36.89103], [-60.02806, -36.880006], [-60.007507, -36.863523], [-60.0212, -36.852589], [-60.001358, -36.835483], [-60.161412, -36.719657], [-60.135004, -36.674827], [-60.062826, -36.731805], [-59.918892, -36.614812], [-60.023689, -36.531839], [-59.931181, -36.466614], [-59.823915, -36.358538], [-59.727204, -36.288222], [-59.634577, -36.35887], [-59.487573, -36.227528]]]}, "properties": {"id": "06049", "nombre": "Azul", "nombre_completo": "Partido de Azul", "provincia": {"id": "06", "nombre": "Buenos Aires", "interseccion": 0.0}, "fuente": "IGN", "categoria": "Partido", "centroide": {"lon": -59.696478338, "lat": -36.785935217}}}, {"type": "Feature", "geometry": {"type": "Polygon", "coordinates": [[[-62.048248, -36.325905], [-61.954532, -36.404129], [-61.912066, -36.385782], [-61.763409, -36.524946], [-61.724667, -36.494265], [-61.685623, -36.535906], [-61.641809, -36.549441], [-61.616876, -36.569896], [-61.664098, -36.606887], [-61.497217, -36.744068], [-61.36885, -36.640992], [-61.254822, -36.734982], [-61.599035, -36.998985], [-61.70785, -36.907189], [-61.760025, -36.945973], [-61.778158, -36.930425], [-61.859765, -36.992546], [-62.019701, -36.849688], [-62.006642, -36.857612], [-61.993256, -36.854244], [-62.016622, -36.822298], [-61.983549, -36.804705], [-62.000052, -36.811648], [-62.175476, -36.663314], [-62.201791, -36.684577], [-62.248976, -36.645955], [-62.223998, -36.622638], [-62.384667, -36.488435], [-62.411544, -36.50918], [-62.473292, -36.457208], [-62.205482, -36.249592], [-62.178949, -36.271882], [-62.144315, -36.245472], [-62.048248, -36.325905]]]}, "properties": {"id": "06231", "nombre": "Daireaux", "nombre_completo": "Partido de Daireaux", "provincia": {"id": "06", "nombre": "Buenos Aires", "interseccion": 0.0}, "fuente": "IGN", "categoria": "Partido", "centroide": {"lon": -61.891249553, "lat": -36.640869217}}}, {"type": "Feature", "geometry": {"type": "Polygon", "coordinates": [[[-62.421696, -37.360227], [-62.383878, -37.393046], [-62.398402, -37.399412], [-62.390814, -37.412573], [-62.373166, -37.40407], [-62.321996, -37.467866], [-62.283399, -37.453408], [-62.233507, -37.53901], [-62.250002, -37.544981], [-62.218579, -37.560718], [-62.227353, -37.572384], [-62.211065, -37.577799], [-62.220578, -37.590804], [-62.124791, -37.633517], [-62.131113, -37.656871], [-62.084609, -37.706456], [-62.10035, -37.725524], [-62.04469, -37.752474], [-62.098933, -37.935484], [-62.157986, -37.966556], [-62.177943, -38.002051], [-62.244844, -38.041732], [-62.28238, -38.09016], [-62.330975, -38.108006], [-62.346075, -38.136294], [-62.442283, -38.055848], [-62.463136, -38.071999], [-62.489683, -38.008184], [-62.575304, -38.075172], [-62.895559, -37.819165], [-62.730764, -37.690504], [-62.735477, -37.67184], [-62.581433, -37.549222], [-62.629893, -37.510153], [-62.425401, -37.348682], [-62.421696, -37.360227]]]}, "properties": {"id": "06700", "nombre": "Saavedra", "nombre_completo": "Partido de Saavedra", "provincia": {"id": "06", "nombre": "Buenos Aires", "interseccion": 0.0}, "fuente": "IGN", "categoria": "Partido", "centroide": {"lon": -62.434382914, "lat": -37.770638133}}}, {"type": "Feature", "geometry": {"type": "Polygon", "coordinates": [[[-58.748777, -37.627735], [-58.507343, -37.805742], [-58.591233, -37.877994], [-58.329126, -38.074098], [-58.343611, -38.15957], [-58.323622, -38.223385], [-58.338172, -38.250916], [-58.283075, -38.315774], [-58.269505, -38.353988], [-58.284854, -38.385569], [-58.256504, -38.43595], [-58.238084, -38.445795], [-58.497551, -38.537471], [-58.619452, -38.561874], [-58.708025, -38.495017], [-58.739209, -38.515865], [-58.752001, -38.488722], [-58.740069, -38.48059], [-58.757114, -38.472455], [-58.774151, -38.435772], [-58.782252, -38.37796], [-58.813194, -38.339971], [-58.808984, -38.328818], [-58.867225, -38.292093], [-58.906566, -38.245204], [-58.912809, -38.201979], [-58.951095, -38.182675], [-58.954343, -38.155103], [-59.038385, -38.086962], [-59.053632, -38.047064], [-59.12478, -37.995556], [-59.127687, -37.973595], [-59.167908, -37.936657], [-59.162361, -37.876616], [-58.809127, -37.578725], [-58.748777, -37.627735]]]}, "properties": {"id": "06476", "nombre": "Lobería", "nombre_completo": "Partido de Lobería", "provincia": {"id": "06", "nombre": "Buenos Aires", "interseccion": 0.0}, "fuente": "IGN", "categoria": "Partido", "centroide": {"lon": -58.693549779, "lat": -38.090052819}}}, {"type": "Feature", "geometry": {"type": "Polygon", "coordinates": [[[-60.138123, -33.35907], [-60.098816, -33.383118], [-60.04484, -33.447527], [-59.999393, -33.470132], [-59.933006, -33.474891], [-59.894744, -33.510284], [-59.833949, -33.521259], [-59.80953, -33.551657], [-59.814011, -33.593024], [-59.831377, -33.579813], [-60.041144, -33.768819], [-60.051722, -33.76128], [-60.072709, -33.778856], [-60.016753, -33.826422], [-60.04859, -33.827056], [-60.082667, -33.809326], [-60.107407, -33.816943], [-60.156379, -33.745477], [-60.141242, -33.693094], [-60.159765, -33.689957], [-60.17224, -33.661924], [-60.313175, -33.651123], [-60.280919, -33.62046], [-60.244439, -33.615686], [-60.199045, -33.534505], [-60.172126, -33.510936], [-60.159961, -33.473895], [-60.193732, -33.450409], [-60.189845, -33.40878], [-60.171356, -33.386881], [-60.168068, -33.352751], [-60.138123, -33.35907]]]}, "properties": {"id": "06665", "nombre": "Ramallo", "nombre_completo": "Partido de Ramallo", "provincia": {"id": "06", "nombre": "Buenos Aires", "interseccion": 0.0}, "fuente": "IGN", "categoria": "Partido", "centroide": {"lon": -60.057506441, "lat": -33.587186147}}}, {"type": "Feature", "geometry": {"type": "Polygon", "coordinates": [[[-63.918406, -25.682139], [-63.892623, -25.715111], [-63.89677, -25.733684], [-63.877671, -25.773749], [-63.838669, -25.789702], [-63.846243, -25.82054], [-63.830305, -25.846839], [-63.785597, -25.880235], [-63.778693, -25.901946], [-63.791566, -25.929924], [-63.783636, -25.915377], [-63.764682, -25.915195], [-63.753449, -25.947127], [-63.746026, -25.937674], [-63.747992, -25.951263], [-63.734857, -25.95558], [-63.745269, -25.966718], [-63.727571, -25.968366], [-63.731587, -26.009568], [-63.713325, -26.022833], [-63.699494, -26.017093], [-63.690187, -26.034136], [-63.705418, -26.063811], [-63.693525, -26.068401], [-63.705095, -26.10987], [-63.764161, -26.197516], [-63.758293, -26.228482], [-63.773703, -26.264563], [-63.761588, -26.318383], [-63.720735, -26.376258], [-63.720399, -26.409491], [-63.692344, -26.478669], [-63.768156, -26.478281], [-63.801772, -26.641291], [-63.869029, -26.645015], [-63.877283, -26.721246], [-63.980466, -26.72126], [-64.162415, -26.697073], [-64.156067, -26.652228], [-64.263575, -26.634451], [-64.263776, -26.606106], [-64.281975, -26.605943], [-64.282071, -26.568611], [-64.417084, -26.565949], [-64.417194, -26.553966], [-64.5208, -26.54796], [-64.531548, -26.378662], [-64.481788, -26.307587], [-64.502102, -26.239475], [-64.416683, -26.114299], [-64.403615, -26.048405], [-64.413011, -26.040483], [-64.267966, -25.700569], [-64.197499, -25.709462], [-64.196277, -25.728002], [-64.025547, -25.753939], [-64.007837, -25.673766], [-63.918406, -25.682139]]]}, "properties": {"id": "86133", "nombre": "Pellegrini", "nombre_completo": "Departamento Pellegrini", "provincia": {"id": "86", "nombre": "Santiago del Estero", "interseccion": 0.0}, "fuente": "IGN", "categoria": "Departamento", "centroide": {"lon": -64.091749828, "lat": -26.219901837}}}, {"type": "Feature", "geometry": {"type": "Polygon", "coordinates": [[[-63.55025, -32.822659], [-63.513141, -32.829309], [-63.524451, -32.872076], [-63.420808, -32.909828], [-63.40479, -32.850128], [-63.345376, -32.861307], [-63.393004, -33.045808], [-63.458683, -33.033244], [-63.481338, -33.118902], [-63.339485, -33.145392], [-63.316603, -33.143264], [-63.30033, -33.081448], [-63.190967, -33.1006], [-63.218448, -33.247014], [-63.08166, -33.272762], [-63.22851, -33.830576], [-64.035989, -33.832822], [-64.039213, -33.643104], [-63.88538, -33.643289], [-63.890153, -33.199488], [-63.903763, -33.192828], [-63.906416, -33.205207], [-63.926919, -33.206954], [-63.944311, -33.191492], [-63.955486, -33.201601], [-63.962347, -33.19099], [-63.995784, -33.196298], [-64.022837, -33.179626], [-64.026835, -33.192457], [-64.047937, -33.192644], [-64.04883, -33.109682], [-63.992059, -33.111329], [-63.976576, -33.054285], [-64.075178, -33.046281], [-64.063841, -33.000518], [-64.048031, -33.001873], [-63.977397, -32.737687], [-63.907448, -32.700379], [-63.699917, -32.709768], [-63.721518, -32.79069], [-63.55025, -32.822659]]]}, "properties": {"id": "14056", "nombre": "Juárez Celman", "nombre_completo": "Departamento Juárez Celman", "provincia": {"id": "14", "nombre": "Córdoba", "interseccion": 0.0}, "fuente": "IGN", "categoria": "Departamento", "centroide": {"lon": -63.606385855, "lat": -33.329574481}}}, {"type": "Feature", "geometry": {"type": "Polygon", "coordinates": [[[-64.37487, -30.911384], [-64.344229, -30.938237], [-64.306789, -30.933518], [-64.282071, -30.957882], [-64.241729, -30.968767], [-64.205668, -30.960743], [-64.179288, -30.976253], [-64.039374, -30.960103], [-63.990618, -30.943702], [-63.991177, -30.918199], [-63.887989, -30.952974], [-63.8957, -31.018725], [-63.823101, -31.018142], [-63.823204, -31.073393], [-63.839491, -31.069722], [-63.830986, -31.093424], [-63.844538, -31.111973], [-63.864404, -31.111935], [-63.863346, -31.272767], [-63.950885, -31.273619], [-63.950772, -31.320824], [-63.937217, -31.321036], [-63.93627, -31.349608], [-63.953326, -31.346072], [-63.952104, -31.439694], [-63.975044, -31.452108], [-64.055635, -31.42196], [-64.057382, -31.308528], [-64.309786, -31.308532], [-64.309786, -31.363288], [-64.351087, -31.371337], [-64.419847, -31.355237], [-64.41823, -31.367366], [-64.433363, -31.372285], [-64.414736, -31.175595], [-64.449223, -31.060553], [-64.429648, -30.972589], [-64.438753, -30.913773], [-64.37487, -30.911384]]]}, "properties": {"id": "14021", "nombre": "Colón", "nombre_completo": "Departamento Colón", "provincia": {"id": "14", "nombre": "Córdoba", "interseccion": 0.0}, "fuente": "IGN", "categoria": "Departamento", "centroide": {"lon": -64.149086868, "lat": -31.146180944}}}, {"type": "Feature", "geometry": {"type": "MultiPolygon", "coordinates": [[[[-61.382702, -33.366514], [-61.313782, -33.329084], [-61.188837, -33.491621], [-61.074989, -33.419047], [-61.066813, -33.429335], [-60.987473, -33.393329], [-60.933745, -33.356879], [-60.894599, -33.293708], [-60.819877, -33.266556], [-60.791615, -33.274931], [-60.759675, -33.310795], [-60.711278, -33.307414], [-60.682594, -33.335377], [-60.579748, -33.361901], [-60.49149, -33.315064], [-60.459129, -33.257341], [-60.40258, -33.202726], [-60.333292, -33.21455], [-60.345217, -33.184373], [-60.329475, -33.176849], [-60.288311, -33.19755], [-60.297829, -33.242284], [-60.252364, -33.274958], [-60.255638, -33.274195], [-60.267107, -33.265935], [-60.272714, -33.263863], [-60.264612, -33.281316], [-60.323963, -33.350753], [-60.335288, -33.412105], [-60.410217, -33.467886], [-60.423841, -33.528429], [-60.413831, -33.545012], [-60.45738, -33.58236], [-60.463407, -33.634615], [-60.556949, -33.646598], [-60.61992, -33.628344], [-60.684582, -33.585157], [-60.781951, -33.578969], [-60.818249, -33.540293], [-60.861337, -33.546332], [-60.918108, -33.58837], [-60.934033, -33.654727], [-61.125074, -33.833905], [-61.416516, -33.45054], [-61.347199, -33.413215], [-61.382702, -33.366514]]], [[[-61.382924, -33.366635], [-61.382702, -33.366514], [-61.383054, -33.366705], [-61.382924, -33.366635]]]]}, "properties": {"id": "82028", "nombre": "Constitución", "nombre_completo": "Departamento Constitución", "provincia": {"id": "82", "nombre": "Santa Fe", "interseccion": 0.0}, "fuente": "IGN", "categoria": "Departamento", "centroide": {"lon": -60.83740013, "lat": -33.487139917}}}, {"type": "Feature", "geometry": {"type": "Polygon", "coordinates": [[[-61.176653, -32.942223], [-61.06195, -33.090011], [-61.106761, -33.156095], [-61.154842, -33.164672], [-61.132567, -33.231363], [-61.168606, -33.243838], [-61.099097, -33.332651], [-61.129567, -33.349297], [-61.074989, -33.419047], [-61.188837, -33.491621], [-61.313782, -33.329084], [-61.452371, -33.404411], [-61.470455, -33.380616], [-61.515909, -33.406103], [-61.607372, -33.286881], [-61.70371, -33.338592], [-61.674763, -33.37764], [-61.910255, -33.511215], [-61.969436, -33.433803], [-61.927967, -33.411744], [-61.979376, -33.402788], [-61.98223, -33.413761], [-62.013616, -33.407963], [-62.016028, -33.417706], [-62.131135, -33.397569], [-61.923249, -33.119581], [-61.896648, -33.112544], [-61.795935, -33.014465], [-61.743878, -33.073054], [-61.701136, -33.093937], [-61.676304, -33.082097], [-61.663449, -33.091601], [-61.635657, -33.066655], [-61.565237, -33.063719], [-61.543062, -33.041291], [-61.296765, -32.986913], [-61.236295, -32.95119], [-61.246233, -32.943183], [-61.207199, -32.902701], [-61.176653, -32.942223]]]}, "properties": {"id": "82014", "nombre": "Caseros", "nombre_completo": "Departamento Caseros", "provincia": {"id": "82", "nombre": "Santa Fe", "interseccion": 0.0}, "fuente": "IGN", "categoria": "Departamento", "centroide": {"lon": -61.54286212, "lat": -33.224973938}}}, {"type": "Feature", "geometry": {"type": "Polygon", "coordinates": [[[-60.658922, -32.833918], [-60.681398, -32.871564], [-60.676208, -32.899597], [-60.620246, -32.947945], [-60.605493, -32.999817], [-60.513184, -33.112915], [-60.398004, -33.186843], [-60.342881, -33.177891], [-60.333292, -33.21455], [-60.40258, -33.202726], [-60.459129, -33.257341], [-60.49149, -33.315064], [-60.579748, -33.361901], [-60.682594, -33.335377], [-60.711278, -33.307414], [-60.761215, -33.310173], [-60.804328, -33.265988], [-60.888991, -33.290054], [-60.92414, -33.339684], [-61.001614, -33.247383], [-60.982059, -33.245004], [-60.995778, -33.232385], [-60.981662, -33.192161], [-60.945912, -33.201036], [-60.942514, -33.155495], [-60.880352, -33.123548], [-60.912189, -33.094549], [-60.916603, -33.075198], [-60.902184, -33.06706], [-60.914324, -33.049163], [-60.960876, -33.074091], [-60.991511, -33.033095], [-60.973641, -33.016876], [-60.938501, -33.017627], [-60.958324, -32.991197], [-60.968385, -32.995101], [-61.008839, -32.929391], [-60.877885, -32.953012], [-60.861081, -32.885527], [-60.845619, -32.877021], [-60.874143, -32.84029], [-60.842348, -32.820071], [-60.781536, -32.838679], [-60.658922, -32.833918]]]}, "properties": {"id": "82084", "nombre": "Rosario", "nombre_completo": "Departamento Rosario", "provincia": {"id": "82", "nombre": "Santa Fe", "interseccion": 0.0}, "fuente": "IGN", "categoria": "Departamento", "centroide": {"lon": -60.723242232, "lat": -33.117847265}}}, {"type": "Feature", "geometry": {"type": "Polygon", "coordinates": [[[-60.794388, -32.453331], [-60.794975, -32.497452], [-60.769142, -32.496755], [-60.774719, -32.514404], [-60.747375, -32.554321], [-60.752075, -32.622192], [-60.723514, -32.671689], [-60.716003, -32.773621], [-60.658922, -32.833918], [-60.781536, -32.838679], [-60.842348, -32.820071], [-60.874143, -32.84029], [-60.845619, -32.877021], [-60.861081, -32.885527], [-60.877885, -32.953012], [-61.008839, -32.929391], [-60.968385, -32.995101], [-60.958324, -32.991197], [-60.938501, -33.017627], [-60.973641, -33.016876], [-60.991511, -33.033095], [-60.960876, -33.074091], [-60.914324, -33.049163], [-60.902184, -33.06706], [-60.916603, -33.075198], [-60.912189, -33.094549], [-60.880322, -33.123876], [-60.942514, -33.155495], [-60.945912, -33.201036], [-60.981662, -33.192161], [-60.995778, -33.232385], [-60.982059, -33.245004], [-61.001614, -33.247383], [-60.92414, -33.339684], [-60.930672, -33.352236], [-61.066813, -33.429335], [-61.129567, -33.349297], [-61.099097, -33.332651], [-61.168606, -33.243838], [-61.132567, -33.231363], [-61.154842, -33.164672], [-61.106761, -33.156095], [-61.06195, -33.090011], [-61.207199, -32.902701], [-61.20347, -32.884456], [-61.160896, -32.845378], [-61.062543, -32.802532], [-61.054691, -32.77002], [-60.994258, -32.693607], [-60.888647, -32.668882], [-60.874438, -32.680302], [-60.812569, -32.637767], [-60.842397, -32.590679], [-60.846946, -32.523121], [-60.860205, -32.502068], [-60.855273, -32.474007], [-60.803599, -32.442134], [-60.794388, -32.453331]]]}, "properties": {"id": "82119", "nombre": "San Lorenzo", "nombre_completo": "Departamento San Lorenzo", "provincia": {"id": "82", "nombre": "Santa Fe", "interseccion": 0.0}, "fuente": "IGN", "categoria": "Departamento", "centroide": {"lon": -60.964007888, "lat": -32.941332536}}}, {"type": "Feature", "geometry": {"type": "Polygon", "coordinates": [[[-61.19277, -32.438832], [-60.896693, -32.467448], [-60.867643, -32.451598], [-60.827822, -32.458238], [-60.855669, -32.47447], [-60.860205, -32.502068], [-60.846946, -32.523121], [-60.842397, -32.590679], [-60.812422, -32.637559], [-60.874438, -32.680302], [-60.888647, -32.668882], [-60.995131, -32.694171], [-61.054691, -32.77002], [-61.062543, -32.802532], [-61.178001, -32.857238], [-61.246233, -32.943183], [-61.236295, -32.95119], [-61.296765, -32.986913], [-61.543062, -33.041291], [-61.565237, -33.063719], [-61.635657, -33.066655], [-61.649399, -33.088897], [-61.712784, -33.090654], [-61.642431, -32.883241], [-61.51829, -32.849087], [-61.532836, -32.846619], [-61.437693, -32.393785], [-61.19277, -32.438832]]]}, "properties": {"id": "82056", "nombre": "Iriondo", "nombre_completo": "Departamento Iriondo", "provincia": {"id": "82", "nombre": "Santa Fe", "interseccion": 0.0}, "fuente": "IGN", "categoria": "Departamento", "centroide": {"lon": -61.273387709, "lat": -32.706083609}}}, {"type": "Feature", "geometry": {"type": "Polygon", "coordinates": [[[-61.210038, -34.125527], [-61.122081, -34.07195], [-60.91725, -34.241587], [-60.958291, -34.276695], [-61.013862, -34.23162], [-61.059106, -34.269008], [-61.041553, -34.283292], [-61.070098, -34.307214], [-61.098149, -34.284531], [-61.168395, -34.359374], [-61.193368, -34.36505], [-61.196274, -34.424296], [-61.22686, -34.436584], [-61.23797, -34.403685], [-61.27359, -34.400858], [-61.329167, -34.453145], [-61.416972, -34.392317], [-61.395408, -34.373502], [-61.471675, -34.307407], [-61.508861, -34.336846], [-61.549084, -34.303386], [-61.610784, -34.352721], [-61.648388, -34.319473], [-61.331409, -34.025678], [-61.210038, -34.125527]]]}, "properties": {"id": "06294", "nombre": "General Arenales", "nombre_completo": "Partido de General Arenales", "provincia": {"id": "06", "nombre": "Buenos Aires", "interseccion": 0.0}, "fuente": "IGN", "categoria": "Partido", "centroide": {"lon": -61.283381226, "lat": -34.237902043}}}, {"type": "Feature", "geometry": {"type": "Polygon", "coordinates": [[[-59.065474, -32.486291], [-58.970466, -32.522806], [-58.921216, -32.491556], [-58.911338, -32.510467], [-58.802587, -32.558457], [-58.725458, -32.55247], [-58.640018, -32.511532], [-58.581669, -32.553772], [-58.520116, -32.562367], [-58.511051, -32.596774], [-58.530646, -32.610656], [-58.519409, -32.655719], [-58.532728, -32.669756], [-58.513261, -32.674372], [-58.518393, -32.697772], [-58.489322, -32.745359], [-58.504947, -32.756541], [-58.484329, -32.864323], [-58.493957, -32.860449], [-58.497998, -32.874226], [-58.262235, -32.875935], [-58.262689, -33.027644], [-58.114053, -33.030174], [-58.178162, -33.077742], [-58.360793, -33.120466], [-58.402716, -33.176333], [-58.409933, -33.234937], [-58.39047, -33.279121], [-58.397185, -33.313767], [-58.431714, -33.363329], [-58.438407, -33.517614], [-58.578862, -33.441011], [-58.597759, -33.475957], [-58.601986, -33.459838], [-58.683377, -33.436833], [-58.746507, -33.476439], [-58.792923, -33.440024], [-58.801774, -33.458401], [-58.840324, -33.442364], [-58.861261, -33.481302], [-58.842559, -33.498856], [-58.947772, -33.481994], [-59.146955, -33.409715], [-59.222751, -33.323493], [-59.251852, -33.206646], [-59.271309, -33.164181], [-59.291095, -33.153787], [-59.250511, -33.1171], [-59.267461, -33.117785], [-59.252446, -33.105329], [-59.27685, -33.091372], [-59.261843, -33.078186], [-59.265463, -33.06002], [-59.233423, -33.034889], [-59.216466, -32.984893], [-59.199663, -32.985871], [-59.186853, -32.935142], [-59.140086, -32.911865], [-59.161248, -32.873737], [-59.145913, -32.873946], [-59.141495, -32.849409], [-59.125461, -32.848213], [-59.123556, -32.835153], [-59.141048, -32.825868], [-59.112082, -32.805579], [-59.130469, -32.777352], [-59.11346, -32.773709], [-59.121989, -32.767709], [-59.110721, -32.750536], [-59.134516, -32.74966], [-59.126726, -32.725703], [-59.145096, -32.710697], [-59.125552, -32.707664], [-59.134586, -32.70733], [-59.116556, -32.68524], [-59.125259, -32.662972], [-59.107224, -32.665474], [-59.105041, -32.633847], [-59.090918, -32.623066], [-59.102171, -32.615328], [-59.093727, -32.592217], [-59.108358, -32.587943], [-59.087649, -32.574298], [-59.108928, -32.564508], [-59.095659, -32.543252], [-59.116778, -32.530918], [-59.105647, -32.533385], [-59.099074, -32.487503], [-59.065474, -32.486291]]]}, "properties": {"id": "30056", "nombre": "Gualeguaychú", "nombre_completo": "Departamento Gualeguaychú", "provincia": {"id": "30", "nombre": "Entre Ríos", "interseccion": 0.0}, "fuente": "IGN", "categoria": "Departamento", "centroide": {"lon": -58.785805171, "lat": -33.022349041}}}, {"type": "Feature", "geometry": {"type": "Polygon", "coordinates": [[[-60.16654, -32.272108], [-60.131232, -32.268972], [-60.115864, -32.303441], [-60.046404, -32.349299], [-60.03674, -32.388798], [-59.976817, -32.42167], [-59.99964, -32.453342], [-59.99958, -32.491505], [-59.97837, -32.493107], [-59.942033, -32.521952], [-59.769585, -32.55134], [-59.771002, -32.59008], [-59.782584, -32.590107], [-59.779786, -32.613674], [-59.798079, -32.64195], [-59.775849, -32.662581], [-59.78899, -32.710653], [-59.779104, -32.729562], [-59.794048, -32.736336], [-59.810094, -32.797547], [-59.84523, -32.824488], [-59.843418, -32.840411], [-59.857384, -32.83876], [-59.85656, -32.868727], [-59.871039, -32.88811], [-59.841616, -32.91189], [-59.838665, -32.934835], [-59.903761, -32.93124], [-59.9549, -32.898398], [-60.022185, -32.950538], [-60.011348, -32.975636], [-59.977005, -32.966751], [-59.982708, -32.99521], [-60.04417, -32.995086], [-60.017621, -33.016678], [-59.975503, -33.010284], [-59.963796, -33.029601], [-59.968556, -33.009309], [-59.957572, -33.006178], [-59.935612, -33.040566], [-59.922951, -33.027705], [-59.892958, -33.037218], [-59.851151, -33.098798], [-59.824466, -33.073637], [-59.807263, -33.094681], [-59.804679, -33.125747], [-59.768594, -33.130375], [-59.781788, -33.16902], [-59.801376, -33.174274], [-59.818312, -33.200515], [-59.792222, -33.239513], [-59.841655, -33.272052], [-59.879696, -33.265521], [-59.88639, -33.23572], [-59.904257, -33.22088], [-59.909697, -33.277456], [-59.939824, -33.275533], [-59.949158, -33.235843], [-60.013328, -33.283924], [-60.035694, -33.228896], [-60.057179, -33.234769], [-60.036603, -33.245989], [-60.069119, -33.257187], [-60.11663, -33.219698], [-60.151419, -33.231469], [-60.14961, -33.252703], [-60.179128, -33.247535], [-60.194119, -33.221868], [-60.215435, -33.233522], [-60.220596, -33.25391], [-60.234274, -33.212008], [-60.26789, -33.195099], [-60.329475, -33.176849], [-60.398004, -33.186843], [-60.513184, -33.112915], [-60.605493, -32.999817], [-60.620246, -32.947945], [-60.676208, -32.899597], [-60.681398, -32.871564], [-60.658875, -32.831177], [-60.716003, -32.773621], [-60.725894, -32.663599], [-60.683956, -32.680175], [-60.66913, -32.630388], [-60.623727, -32.627755], [-60.625448, -32.641504], [-60.587876, -32.634214], [-60.557198, -32.601677], [-60.574157, -32.595371], [-60.559613, -32.583062], [-60.575383, -32.579324], [-60.522914, -32.57433], [-60.529314, -32.529958], [-60.542181, -32.526036], [-60.530366, -32.516844], [-60.52412, -32.536532], [-60.511152, -32.537737], [-60.524955, -32.544922], [-60.516915, -32.552097], [-60.474148, -32.534968], [-60.477209, -32.491488], [-60.458258, -32.486216], [-60.447395, -32.458421], [-60.458147, -32.440934], [-60.441584, -32.432242], [-60.440599, -32.443542], [-60.415724, -32.442914], [-60.394411, -32.42013], [-60.397904, -32.401423], [-60.425557, -32.385038], [-60.440891, -32.340756], [-60.421521, -32.302738], [-60.374831, -32.290499], [-60.337715, -32.299659], [-60.277799, -32.246457], [-60.278828, -32.232608], [-60.199169, -32.222087], [-60.173321, -32.219063], [-60.18922, -32.234519], [-60.177029, -32.242347], [-60.189603, -32.269261], [-60.16654, -32.272108]]]}, "properties": {"id": "30105", "nombre": "Victoria", "nombre_completo": "Departamento Victoria", "provincia": {"id": "30", "nombre": "Entre Ríos", "interseccion": 0.0}, "fuente": "IGN", "categoria": "Departamento", "centroide": {"lon": -60.218070031, "lat": -32.78394246}}}, {"type": "Feature", "geometry": {"type": "Polygon", "coordinates": [[[-60.56339, -31.816856], [-60.561431, -31.829402], [-60.539075, -31.835743], [-60.541754, -31.848779], [-60.5222, -31.852713], [-60.537052, -31.888274], [-60.513169, -31.891917], [-60.51688, -31.925731], [-60.416544, -31.959608], [-60.384701, -31.932555], [-60.342575, -31.948425], [-60.328656, -31.987986], [-60.343847, -31.978123], [-60.34431, -31.994976], [-60.365997, -32.003451], [-60.34377, -32.017617], [-60.353084, -32.039219], [-60.335017, -32.070769], [-60.302967, -32.082885], [-60.286025, -32.045173], [-60.254061, -32.052848], [-60.214162, -32.114773], [-60.22552, -32.116187], [-60.208932, -32.145196], [-60.182146, -32.12311], [-60.140632, -32.158468], [-60.181177, -32.19252], [-60.173321, -32.219063], [-60.278828, -32.232608], [-60.277799, -32.246457], [-60.338873, -32.300054], [-60.374831, -32.290499], [-60.421521, -32.302738], [-60.44102, -32.340104], [-60.425175, -32.385668], [-60.397904, -32.401423], [-60.397665, -32.429428], [-60.415724, -32.442914], [-60.456094, -32.438772], [-60.447395, -32.458421], [-60.458258, -32.486216], [-60.477209, -32.491488], [-60.475706, -32.536752], [-60.516915, -32.552097], [-60.524955, -32.544922], [-60.511152, -32.537737], [-60.52412, -32.536532], [-60.530366, -32.516844], [-60.542181, -32.526036], [-60.529314, -32.529958], [-60.522914, -32.57433], [-60.575383, -32.579324], [-60.559613, -32.583062], [-60.574157, -32.595371], [-60.557198, -32.601677], [-60.59555, -32.63821], [-60.66913, -32.630388], [-60.686288, -32.680315], [-60.725894, -32.663599], [-60.74823, -32.630371], [-60.747375, -32.554321], [-60.776184, -32.507019], [-60.723816, -32.456116], [-60.711617, -32.393055], [-60.718993, -32.334044], [-60.679018, -32.319529], [-60.672607, -32.232605], [-60.700382, -32.149769], [-60.658555, -32.080155], [-60.658081, -32.05072], [-60.723514, -31.977601], [-60.719707, -31.958803], [-60.671875, -31.930176], [-60.652893, -31.897095], [-60.674486, -31.809722], [-60.603142, -31.825191], [-60.570759, -31.808917], [-60.56339, -31.816856]]]}, "properties": {"id": "30021", "nombre": "Diamante", "nombre_completo": "Departamento Diamante", "provincia": {"id": "30", "nombre": "Entre Ríos", "interseccion": 0.0}, "fuente": "IGN", "categoria": "Departamento", "centroide": {"lon": -60.523933589, "lat": -32.228040549}}}, {"type": "Feature", "geometry": {"type": "Polygon", "coordinates": [[[-58.705498, -31.974832], [-58.697342, -32.028799], [-58.677106, -32.041906], [-58.671789, -32.073904], [-58.656435, -32.086028], [-58.647459, -32.173424], [-58.62679, -32.194043], [-58.586271, -32.196261], [-58.556765, -32.228578], [-58.562357, -32.243677], [-58.539535, -32.228378], [-58.5423, -32.204381], [-58.528946, -32.190713], [-58.411753, -32.184262], [-58.417098, -32.249675], [-58.340015, -32.264409], [-58.285918, -32.331519], [-58.235994, -32.346052], [-58.224329, -32.366999], [-58.210216, -32.354401], [-58.188468, -32.370042], [-58.204448, -32.463299], [-58.187387, -32.532869], [-58.160583, -32.57078], [-58.145047, -32.671127], [-58.150086, -32.731981], [-58.119798, -32.815234], [-58.115733, -32.919112], [-58.086799, -32.960806], [-58.084932, -33.004061], [-58.110289, -33.028246], [-58.114053, -33.030174], [-58.262689, -33.027644], [-58.262235, -32.875935], [-58.497998, -32.874226], [-58.493957, -32.860449], [-58.484329, -32.864323], [-58.504947, -32.756541], [-58.489322, -32.745359], [-58.518393, -32.697772], [-58.513261, -32.674372], [-58.532728, -32.669756], [-58.519409, -32.655719], [-58.530646, -32.610656], [-58.511051, -32.596774], [-58.520892, -32.561934], [-58.581669, -32.553772], [-58.640018, -32.511532], [-58.725458, -32.55247], [-58.776729, -32.560435], [-58.838503, -32.548881], [-58.911338, -32.510467], [-58.921216, -32.491556], [-58.970466, -32.522806], [-59.077478, -32.478977], [-59.106349, -32.485442], [-59.095461, -32.465822], [-59.113175, -32.45363], [-59.086826, -32.425874], [-59.10482, -32.402305], [-59.083446, -32.385897], [-59.093657, -32.373699], [-59.082153, -32.362118], [-59.102581, -32.347769], [-59.08376, -32.342277], [-59.095917, -32.329667], [-59.073624, -32.311963], [-59.083996, -32.25065], [-59.10427, -32.250465], [-59.112485, -32.235505], [-59.102462, -32.198095], [-59.076921, -32.177828], [-59.097321, -32.135381], [-59.070815, -32.119376], [-59.095385, -32.084008], [-59.062522, -32.069378], [-59.003156, -32.083612], [-58.96787, -32.05199], [-58.917712, -32.065713], [-58.870935, -32.046695], [-58.86081, -32.026687], [-58.773108, -32.01457], [-58.731694, -31.9766], [-58.707505, -31.964822], [-58.705498, -31.974832]], [[-58.110345, -32.971331], [-58.107656, -33.001667], [-58.109117, -33.010383], [-58.11455, -33.024698], [-58.087384, -32.996769], [-58.08891, -32.957851], [-58.099723, -32.951575], [-58.101165, -32.956382], [-58.107781, -32.962243], [-58.110345, -32.971331]], [[-58.114038, -33.021062], [-58.108105, -33.001483], [-58.11574, -32.990354], [-58.128755, -33.025391], [-58.114038, -33.021062]], [[-58.114955, -32.974192], [-58.108589, -32.961814], [-58.101435, -32.954354], [-58.112485, -32.931158], [-58.114955, -32.974192]], [[-58.114383, -32.990141], [-58.111339, -32.980019], [-58.111976, -32.971667], [-58.118078, -32.982034], [-58.114383, -32.990141]], [[-58.124477, -33.004665], [-58.126438, -33.007848], [-58.125742, -33.011396], [-58.124401, -33.008557], [-58.124477, -33.004665]]]}, "properties": {"id": "30098", "nombre": "Uruguay", "nombre_completo": "Departamento Uruguay", "provincia": {"id": "30", "nombre": "Entre Ríos", "interseccion": 0.0}, "fuente": "IGN", "categoria": "Departamento", "centroide": {"lon": -58.58422521, "lat": -32.44775994}}}, {"type": "Feature", "geometry": {"type": "Polygon", "coordinates": [[[-59.960301, -31.209784], [-59.952663, -31.204774], [-59.94146, -31.228002], [-59.953579, -31.23581], [-59.9288, -31.281496], [-59.934761, -31.291435], [-59.898599, -31.341117], [-59.885615, -31.407634], [-59.858608, -31.429603], [-59.862395, -31.493932], [-59.824685, -31.499679], [-59.758716, -31.421765], [-59.735669, -31.418719], [-59.736734, -31.42963], [-59.612692, -31.45143], [-59.625041, -31.504941], [-59.573124, -31.473132], [-59.583705, -31.599329], [-59.565097, -31.622782], [-59.520193, -31.613117], [-59.502204, -31.631213], [-59.520479, -31.692031], [-59.57203, -31.720318], [-59.59395, -31.753222], [-59.580412, -31.784954], [-59.603536, -31.806747], [-59.614592, -31.873883], [-59.762686, -31.928935], [-59.856721, -31.892441], [-59.919225, -31.883327], [-59.921177, -31.918131], [-59.944043, -31.926896], [-59.943785, -31.951719], [-60.012845, -31.974981], [-60.025991, -32.031074], [-60.140157, -31.982437], [-60.181919, -32.023486], [-60.250802, -32.052345], [-60.286025, -32.045173], [-60.302967, -32.082885], [-60.324311, -32.079317], [-60.353084, -32.039219], [-60.34377, -32.017617], [-60.365997, -32.003451], [-60.34431, -31.994976], [-60.343847, -31.978123], [-60.328656, -31.987986], [-60.342575, -31.948425], [-60.384701, -31.932555], [-60.416544, -31.959608], [-60.462802, -31.951019], [-60.459275, -31.93914], [-60.51688, -31.925731], [-60.513169, -31.891917], [-60.537052, -31.888274], [-60.5222, -31.852713], [-60.541754, -31.848779], [-60.539075, -31.835743], [-60.561431, -31.829402], [-60.570759, -31.808917], [-60.603142, -31.825191], [-60.674486, -31.809722], [-60.638567, -31.787482], [-60.638794, -31.742004], [-60.597165, -31.714432], [-60.46759, -31.698303], [-60.33471, -31.612591], [-60.325668, -31.586655], [-60.335186, -31.54906], [-60.244001, -31.530395], [-60.212354, -31.467816], [-60.143494, -31.443604], [-60.138428, -31.413391], [-60.086792, -31.346985], [-60.105591, -31.289917], [-60.013428, -31.250671], [-59.983959, -31.18739], [-59.960301, -31.209784]]]}, "properties": {"id": "30084", "nombre": "Paraná", "nombre_completo": "Departamento Paraná", "provincia": {"id": "30", "nombre": "Entre Ríos", "interseccion": 0.0}, "fuente": "IGN", "categoria": "Departamento", "centroide": {"lon": -60.041174482, "lat": -31.695229449}}}, {"type": "Feature", "geometry": {"type": "Polygon", "coordinates": [[[-59.615169, -35.458376], [-59.524477, -35.456402], [-59.495521, -35.493084], [-59.376959, -35.536879], [-59.349668, -35.529441], [-59.41261, -35.586127], [-59.183348, -35.76286], [-59.240944, -35.793172], [-59.30299, -35.795039], [-59.318452, -35.809448], [-59.347269, -35.803595], [-59.381614, -35.817228], [-59.416425, -35.8022], [-59.505701, -35.817001], [-59.569427, -35.853817], [-59.647116, -35.861637], [-59.691909, -35.827586], [-59.814612, -35.854275], [-59.831394, -35.847779], [-59.872342, -35.876673], [-59.871154, -35.899253], [-59.885596, -35.912586], [-60.05608, -35.780529], [-60.117957, -35.833675], [-60.2186, -35.752348], [-60.116733, -35.664442], [-60.059248, -35.709464], [-60.024369, -35.695618], [-60.025754, -35.672353], [-60.00544, -35.661698], [-60.034843, -35.655265], [-60.039969, -35.624195], [-60.008422, -35.579878], [-60.02802, -35.55258], [-59.930062, -35.488177], [-59.886577, -35.48081], [-59.822701, -35.496493], [-59.780238, -35.476813], [-59.697493, -35.476216], [-59.615169, -35.458376]]]}, "properties": {"id": "06707", "nombre": "Saladillo", "nombre_completo": "Partido de Saladillo", "provincia": {"id": "06", "nombre": "Buenos Aires", "interseccion": 0.0}, "fuente": "IGN", "categoria": "Partido", "centroide": {"lon": -59.702660744, "lat": -35.676806452}}}, {"type": "Feature", "geometry": {"type": "Polygon", "coordinates": [[[-59.110576, -35.684641], [-58.974425, -35.816928], [-58.956746, -35.803191], [-58.90058, -35.847452], [-58.891825, -35.840171], [-58.729174, -35.967546], [-58.749021, -35.98472], [-58.70753, -36.01728], [-58.828857, -36.110816], [-58.844007, -36.144428], [-59.028677, -36.216834], [-59.071032, -36.221616], [-59.103079, -36.247003], [-59.105968, -36.274767], [-59.218405, -36.321212], [-59.292984, -36.37464], [-59.488195, -36.227053], [-59.382453, -36.135384], [-59.553214, -36.006791], [-59.516484, -35.975994], [-59.70006, -35.831667], [-59.676141, -35.833325], [-59.641602, -35.862003], [-59.560083, -35.85103], [-59.479543, -35.81092], [-59.416425, -35.8022], [-59.37936, -35.817387], [-59.347269, -35.803595], [-59.318452, -35.809448], [-59.30299, -35.795039], [-59.240944, -35.793172], [-59.183348, -35.76286], [-59.174878, -35.712006], [-59.131081, -35.698178], [-59.139757, -35.666246], [-59.110576, -35.684641]]]}, "properties": {"id": "06455", "nombre": "Las Flores", "nombre_completo": "Partido de Las Flores", "provincia": {"id": "06", "nombre": "Buenos Aires", "interseccion": 0.0}, "fuente": "IGN", "categoria": "Partido", "centroide": {"lon": -59.17646095, "lat": -36.015826657}}}, {"type": "Feature", "geometry": {"type": "Polygon", "coordinates": [[[-60.895253, -33.886616], [-60.703284, -34.02687], [-60.715401, -34.035737], [-60.655302, -34.093142], [-60.515267, -34.14391], [-60.46989, -34.199868], [-60.549166, -34.275661], [-60.538785, -34.349286], [-60.578268, -34.392173], [-60.559846, -34.406436], [-60.677205, -34.509355], [-60.902675, -34.326078], [-60.966443, -34.345827], [-61.059106, -34.269008], [-61.013862, -34.23162], [-60.958291, -34.276695], [-60.91725, -34.241587], [-61.122081, -34.07195], [-61.062694, -34.039381], [-60.949114, -33.923005], [-60.895253, -33.886616]]]}, "properties": {"id": "06686", "nombre": "Rojas", "nombre_completo": "Partido de Rojas", "provincia": {"id": "06", "nombre": "Buenos Aires", "interseccion": 0.0}, "fuente": "IGN", "categoria": "Partido", "centroide": {"lon": -60.788023465, "lat": -34.192817389}}}, {"type": "Feature", "geometry": {"type": "Polygon", "coordinates": [[[-59.321962, -33.996298], [-59.302504, -34.064062], [-59.2662, -34.091783], [-59.279567, -34.145967], [-59.3666, -34.198921], [-59.37423, -34.239991], [-59.419483, -34.268607], [-59.411872, -34.276257], [-59.423801, -34.302611], [-59.490727, -34.318917], [-59.606599, -34.40614], [-59.618845, -34.396637], [-59.644583, -34.417529], [-59.67533, -34.404053], [-59.692702, -34.285921], [-59.78158, -34.219316], [-59.642737, -34.158643], [-59.562088, -34.167967], [-59.510907, -34.0994], [-59.463094, -34.135008], [-59.395542, -34.074512], [-59.406464, -34.06095], [-59.334429, -34.038578], [-59.318215, -34.020659], [-59.321962, -33.996298]]]}, "properties": {"id": "06735", "nombre": "San Antonio de Areco", "nombre_completo": "Partido de San Antonio de Areco", "provincia": {"id": "06", "nombre": "Buenos Aires", "interseccion": 0.0}, "fuente": "IGN", "categoria": "Partido", "centroide": {"lon": -59.519443482, "lat": -34.220757566}}}, {"type": "Feature", "geometry": {"type": "Polygon", "coordinates": [[[-57.959154, -38.022583], [-57.942573, -38.008937], [-57.881725, -38.055449], [-57.852768, -38.031892], [-57.829465, -38.049186], [-57.846514, -38.061607], [-57.838016, -38.08146], [-57.813187, -38.092879], [-57.821205, -38.120476], [-57.776631, -38.245883], [-57.852731, -38.296399], [-58.243044, -38.445854], [-58.284854, -38.385569], [-58.269505, -38.353988], [-58.283075, -38.315774], [-58.338172, -38.250916], [-58.323622, -38.223385], [-58.343611, -38.15957], [-58.329685, -38.074677], [-58.255909, -38.130861], [-58.047284, -37.955622], [-57.959154, -38.022583]]]}, "properties": {"id": "06280", "nombre": "General Alvarado", "nombre_completo": "Partido de General Alvarado", "provincia": {"id": "06", "nombre": "Buenos Aires", "interseccion": 0.0}, "fuente": "IGN", "categoria": "Partido", "centroide": {"lon": -58.071805373, "lat": -38.202627713}}}, {"type": "Feature", "geometry": {"type": "Polygon", "coordinates": [[[-57.673258, -37.748153], [-57.698054, -37.754267], [-57.51973, -37.889483], [-57.544276, -37.990029], [-57.522385, -38.037123], [-57.533259, -38.031969], [-57.540326, -38.048502], [-57.534501, -38.0503], [-57.526568, -38.042781], [-57.521705, -38.040045], [-57.517779, -38.038969], [-57.539727, -38.06422], [-57.544919, -38.100636], [-57.593212, -38.118943], [-57.636547, -38.17319], [-57.683375, -38.20587], [-57.776797, -38.245516], [-57.821205, -38.120476], [-57.813187, -38.092879], [-57.838016, -38.08146], [-57.846514, -38.061607], [-57.829465, -38.049186], [-57.852768, -38.031892], [-57.881725, -38.055449], [-57.942573, -38.008937], [-57.959004, -38.022687], [-58.047284, -37.955622], [-57.735836, -37.699552], [-57.673258, -37.748153]]]}, "properties": {"id": "06357", "nombre": "General Pueyrredón", "nombre_completo": "Partido de General Pueyrredón", "provincia": {"id": "06", "nombre": "Buenos Aires", "interseccion": 0.0}, "fuente": "IGN", "categoria": "Partido", "centroide": {"lon": -57.743028348, "lat": -37.965683142}}}, {"type": "Feature", "geometry": {"type": "Polygon", "coordinates": [[[-57.674815, -37.202944], [-57.187643, -37.549754], [-57.411598, -37.735229], [-57.491559, -37.828237], [-57.51973, -37.889483], [-57.698054, -37.754267], [-57.673208, -37.744981], [-58.09451, -37.437404], [-57.768972, -37.135971], [-57.674815, -37.202944]]]}, "properties": {"id": "06518", "nombre": "Mar Chiquita", "nombre_completo": "Partido de Mar Chiquita", "provincia": {"id": "06", "nombre": "Buenos Aires", "interseccion": 0.0}, "fuente": "IGN", "categoria": "Partido", "centroide": {"lon": -57.643266056, "lat": -37.498640598}}}, {"type": "Feature", "geometry": {"type": "Polygon", "coordinates": [[[-65.081213, -25.100952], [-64.93674, -25.175043], [-64.894134, -25.244287], [-64.894506, -25.285213], [-64.841488, -25.32039], [-64.828148, -25.345498], [-64.709354, -25.379701], [-64.619605, -25.362008], [-64.570888, -25.314885], [-64.54542, -25.256288], [-64.464287, -25.222572], [-64.431188, -25.226904], [-64.397427, -25.251849], [-64.362204, -25.242353], [-64.335786, -25.193322], [-64.307002, -25.170488], [-64.304496, -25.146074], [-64.277036, -25.146643], [-64.246753, -25.114932], [-64.230615, -25.126692], [-64.159438, -25.109036], [-64.150843, -25.147198], [-64.107165, -25.160079], [-64.096646, -25.193463], [-64.085098, -25.195346], [-64.057836, -25.273978], [-64.072351, -25.290636], [-64.046063, -25.313851], [-64.055608, -25.32271], [-64.046252, -25.343652], [-64.062956, -25.36116], [-64.036682, -25.390061], [-64.049916, -25.398366], [-64.018545, -25.429299], [-64.023662, -25.444862], [-64.014405, -25.44341], [-64.029418, -25.468155], [-64.005803, -25.47268], [-63.987913, -25.516643], [-63.952718, -25.53153], [-63.941248, -25.551097], [-63.959202, -25.656847], [-63.918406, -25.682139], [-64.007837, -25.673766], [-64.025547, -25.753939], [-64.196277, -25.728002], [-64.210538, -25.54063], [-64.315208, -25.513292], [-64.381439, -25.525286], [-64.449455, -25.511517], [-64.481071, -25.634764], [-64.647923, -25.605523], [-64.835753, -25.651523], [-64.919783, -25.6381], [-65.024272, -25.67202], [-65.123243, -25.645783], [-65.165631, -25.580633], [-65.149327, -25.537793], [-65.163381, -25.517718], [-65.15375, -25.498837], [-65.166318, -25.48119], [-65.163652, -25.4433], [-65.187273, -25.413089], [-65.180853, -25.38869], [-65.159245, -25.375278], [-65.174705, -25.303896], [-65.252967, -25.276621], [-65.214248, -25.239397], [-65.192353, -25.185502], [-65.169402, -25.17561], [-65.156152, -25.112276], [-65.081213, -25.100952]]]}, "properties": {"id": "66112", "nombre": "Metán", "nombre_completo": "Departamento Metán", "provincia": {"id": "66", "nombre": "Salta", "interseccion": 0.0}, "fuente": "IGN", "categoria": "Departamento", "centroide": {"lon": -64.588071465, "lat": -25.425210966}}}, {"type": "Feature", "geometry": {"type": "Polygon", "coordinates": [[[-60.513374, -27.009848], [-60.518392, -27.464764], [-60.909284, -27.460028], [-60.909425, -27.399847], [-60.820796, -27.370182], [-60.819882, -27.309903], [-60.905856, -27.252031], [-60.844518, -27.180072], [-60.817973, -27.198177], [-60.815565, -27.054975], [-60.615315, -27.057248], [-60.614827, -26.974101], [-60.513374, -27.009848]]]}, "properties": {"id": "22112", "nombre": "O'Higgins", "nombre_completo": "Departamento O'Higgins", "provincia": {"id": "22", "nombre": "Chaco", "interseccion": 0.0}, "fuente": "IGN", "categoria": "Departamento", "centroide": {"lon": -60.679974917, "lat": -27.255653769}}}, {"type": "Feature", "geometry": {"type": "Polygon", "coordinates": [[[-59.211289, -36.969627], [-58.610899, -37.411263], [-59.110395, -37.826431], [-59.133571, -37.757489], [-59.166233, -37.736502], [-59.170841, -37.700552], [-59.153019, -37.658956], [-59.162562, -37.631559], [-59.185495, -37.616752], [-59.225977, -37.650843], [-59.779743, -37.238388], [-59.69936, -37.216611], [-59.66836, -37.181928], [-59.586567, -37.132493], [-59.567639, -37.097809], [-59.520826, -37.082358], [-59.479846, -37.036738], [-59.436834, -37.021329], [-59.433526, -36.999462], [-59.399566, -36.970779], [-59.359664, -36.897223], [-59.359311, -36.84514], [-59.210697, -36.95645], [-59.211289, -36.969627]]]}, "properties": {"id": "06791", "nombre": "Tandil", "nombre_completo": "Partido de Tandil", "provincia": {"id": "06", "nombre": "Buenos Aires", "interseccion": 0.0}, "fuente": "IGN", "categoria": "Partido", "centroide": {"lon": -59.18198279, "lat": -37.336429317}}}, {"type": "Feature", "geometry": {"type": "Polygon", "coordinates": [[[-61.669868, -36.938875], [-61.60463, -36.994425], [-61.735437, -37.093506], [-61.702772, -37.216555], [-61.744262, -37.271556], [-61.750076, -37.303527], [-61.53674, -37.48301], [-61.596799, -37.530862], [-61.488433, -37.618856], [-61.538169, -37.657284], [-61.44205, -37.734938], [-61.60554, -37.861534], [-61.509315, -37.937967], [-61.682948, -38.0742], [-61.662952, -38.090764], [-61.767389, -38.17245], [-61.78332, -38.158214], [-61.775883, -38.140682], [-61.792692, -38.137492], [-61.799747, -38.109579], [-61.822305, -38.096474], [-61.827134, -38.065352], [-61.930716, -38.008459], [-61.94947, -38.022806], [-61.92978, -38.039125], [-61.951627, -38.056987], [-62.050357, -37.990734], [-62.049601, -37.971499], [-62.098933, -37.935484], [-62.04469, -37.752474], [-62.10035, -37.725524], [-62.084609, -37.706456], [-62.131113, -37.656871], [-62.124791, -37.633517], [-62.220578, -37.590804], [-62.211065, -37.577799], [-62.227353, -37.572384], [-62.218579, -37.560718], [-62.250002, -37.544981], [-62.233507, -37.53901], [-62.283399, -37.453408], [-62.321996, -37.467866], [-62.373166, -37.40407], [-62.390814, -37.412573], [-62.398402, -37.399412], [-62.383878, -37.393046], [-62.408146, -37.38288], [-62.425401, -37.348682], [-62.211774, -37.180268], [-62.202974, -37.187142], [-61.974843, -37.016773], [-61.916273, -37.067143], [-61.875676, -37.036577], [-61.892052, -37.022529], [-61.778158, -36.930425], [-61.760025, -36.945973], [-61.70785, -36.907189], [-61.669868, -36.938875]]]}, "properties": {"id": "06203", "nombre": "Coronel Suárez", "nombre_completo": "Partido de Coronel Suárez", "provincia": {"id": "06", "nombre": "Buenos Aires", "interseccion": 0.0}, "fuente": "IGN", "categoria": "Partido", "centroide": {"lon": -61.889092242, "lat": -37.53485625}}}, {"type": "Feature", "geometry": {"type": "Polygon", "coordinates": [[[-60.800187, -31.017597], [-60.657902, -31.042098], [-60.670258, -31.11194], [-60.549294, -31.132315], [-60.573853, -31.188017], [-60.449525, -31.21305], [-60.465038, -31.249371], [-60.455237, -31.260735], [-60.49806, -31.301114], [-60.473694, -31.339476], [-60.509227, -31.386199], [-60.502503, -31.418706], [-60.558795, -31.458014], [-60.510831, -31.468971], [-60.506792, -31.484569], [-60.493526, -31.478304], [-60.478445, -31.493474], [-60.390855, -31.496447], [-60.395812, -31.506369], [-60.3804, -31.515751], [-60.343458, -31.497486], [-60.301788, -31.534172], [-60.339945, -31.555246], [-60.325668, -31.586655], [-60.33471, -31.612591], [-60.46759, -31.698303], [-60.584078, -31.708484], [-60.638794, -31.742004], [-60.638567, -31.787482], [-60.675781, -31.811707], [-60.657227, -31.911316], [-60.722742, -31.972309], [-60.747598, -31.908525], [-60.731258, -31.865699], [-60.819373, -31.882125], [-60.837156, -31.867356], [-60.835387, -31.811968], [-60.819972, -31.791278], [-60.83278, -31.78679], [-60.853048, -31.821076], [-60.978236, -31.800252], [-60.94998, -31.729764], [-60.914484, -31.737595], [-60.904621, -31.697208], [-60.812768, -31.654533], [-60.82886, -31.589726], [-60.767397, -31.601959], [-60.757104, -31.582127], [-60.762323, -31.5642], [-60.778141, -31.569023], [-60.768096, -31.545783], [-60.793793, -31.536643], [-60.792099, -31.520173], [-60.802186, -31.519122], [-60.768641, -31.473063], [-60.780762, -31.470362], [-60.768789, -31.467497], [-60.772911, -31.450074], [-60.783696, -31.451396], [-60.789951, -31.424858], [-60.805397, -31.427625], [-60.812101, -31.406173], [-60.798909, -31.402232], [-60.808065, -31.383426], [-60.785906, -31.378353], [-60.789072, -31.353955], [-60.829325, -31.350004], [-60.836376, -31.366777], [-60.864396, -31.379366], [-60.884818, -31.369928], [-60.884519, -31.381802], [-60.900405, -31.384458], [-60.89485, -31.369588], [-60.939874, -31.352041], [-60.902902, -31.307581], [-60.918117, -31.274072], [-60.885274, -31.252086], [-60.893328, -31.243292], [-60.857864, -31.242565], [-60.83595, -31.209606], [-60.848769, -31.182422], [-60.83054, -31.177341], [-60.825721, -31.144086], [-60.779894, -31.127738], [-60.791878, -31.118545], [-60.776111, -31.108733], [-60.78161, -31.094512], [-60.827665, -31.095331], [-60.820227, -31.08148], [-60.845177, -31.063387], [-60.841175, -31.041826], [-60.804108, -31.027629], [-60.818105, -31.016054], [-60.800187, -31.017597]]]}, "properties": {"id": "82063", "nombre": "La Capital", "nombre_completo": "Departamento La Capital", "provincia": {"id": "82", "nombre": "Santa Fe", "interseccion": 0.0}, "fuente": "IGN", "categoria": "Departamento", "centroide": {"lon": -60.669479014, "lat": -31.475356367}}}, {"type": "Feature", "geometry": {"type": "Polygon", "coordinates": [[[-60.333397, -37.768624], [-60.323435, -37.776369], [-60.261959, -37.728752], [-60.089129, -37.851671], [-60.060497, -37.828231], [-60.018164, -37.860745], [-59.936614, -37.794446], [-59.754686, -37.914126], [-59.718345, -37.955978], [-59.673675, -37.979546], [-59.67703, -38.000114], [-59.641345, -38.025151], [-59.777943, -38.13764], [-59.766701, -38.146243], [-59.788819, -38.164978], [-59.75388, -38.191229], [-59.775876, -38.210258], [-59.793571, -38.19733], [-59.834175, -38.231499], [-59.886661, -38.157281], [-60.036304, -38.280844], [-60.370689, -38.016721], [-60.463204, -38.089503], [-60.44213, -38.10698], [-60.549611, -38.19215], [-60.759493, -38.028543], [-60.74377, -38.016051], [-60.845653, -37.935799], [-60.556671, -37.720854], [-60.58083, -37.700807], [-60.452736, -37.601036], [-60.378022, -37.662685], [-60.424207, -37.697668], [-60.333397, -37.768624]]]}, "properties": {"id": "06014", "nombre": "Adolfo Gonzales Chaves", "nombre_completo": "Partido de Adolfo Gonzales Chaves", "provincia": {"id": "06", "nombre": "Buenos Aires", "interseccion": 0.0}, "fuente": "IGN", "categoria": "Partido", "centroide": {"lon": -60.248282132, "lat": -37.964615907}}}, {"type": "Feature", "geometry": {"type": "Polygon", "coordinates": [[[-58.962649, -30.603444], [-58.914786, -30.629127], [-58.905927, -30.622633], [-58.872029, -30.661958], [-58.822969, -30.654683], [-58.761124, -30.691193], [-58.664744, -30.702163], [-58.598354, -30.674874], [-58.569029, -30.700724], [-58.491732, -30.732379], [-58.471452, -30.799059], [-58.410014, -30.834524], [-58.427207, -30.847144], [-58.446065, -30.889723], [-58.440247, -30.90254], [-58.46448, -30.908909], [-58.466362, -30.945532], [-58.506945, -30.982277], [-58.483586, -31.008885], [-58.493511, -31.022101], [-58.549297, -31.045908], [-58.580303, -31.041188], [-58.598485, -31.061906], [-58.57389, -31.075623], [-58.575129, -31.103924], [-58.544342, -31.136778], [-58.387594, -31.210714], [-58.408254, -31.238115], [-58.465268, -31.260798], [-58.531411, -31.268991], [-58.583864, -31.257819], [-58.635846, -31.297283], [-58.683909, -31.301417], [-58.904404, -31.212311], [-58.910321, -31.227825], [-58.929226, -31.228399], [-58.924886, -31.237541], [-58.975331, -31.256894], [-58.971275, -31.271719], [-58.998034, -31.288333], [-58.990812, -31.295424], [-59.018196, -31.325074], [-59.009536, -31.327239], [-59.010572, -31.339061], [-59.034891, -31.349167], [-59.045927, -31.36718], [-59.034473, -31.376133], [-59.052169, -31.378982], [-59.044626, -31.393581], [-59.074339, -31.403486], [-59.06519, -31.411772], [-59.073365, -31.433039], [-59.094704, -31.455256], [-59.148149, -31.413759], [-59.172727, -31.350013], [-59.234777, -31.267693], [-59.285085, -31.303598], [-59.29658, -31.285426], [-59.258436, -31.147408], [-59.276099, -31.12079], [-59.301671, -31.109911], [-59.274653, -31.059064], [-59.339891, -31.009806], [-59.329102, -31.00201], [-59.336286, -30.994734], [-59.280515, -30.968551], [-59.309197, -30.936859], [-59.270985, -30.902537], [-59.292448, -30.846275], [-59.33495, -30.806057], [-59.260752, -30.763335], [-59.208392, -30.765753], [-59.201213, -30.746158], [-59.115689, -30.717835], [-59.097034, -30.691218], [-59.067123, -30.690488], [-59.068031, -30.676217], [-59.041495, -30.670503], [-58.999327, -30.610048], [-58.962649, -30.603444]]]}, "properties": {"id": "30035", "nombre": "Federal", "nombre_completo": "Departamento Federal", "provincia": {"id": "30", "nombre": "Entre Ríos", "interseccion": 0.0}, "fuente": "IGN", "categoria": "Departamento", "centroide": {"lon": -58.891860048, "lat": -30.99242678}}}, {"type": "Feature", "geometry": {"type": "Polygon", "coordinates": [[[-63.093253, -26.225161], [-61.712225, -26.234491], [-61.712556, -26.809114], [-62.06466, -26.809429], [-62.064821, -26.789884], [-62.504222, -26.787217], [-62.504024, -26.83267], [-62.76512, -26.831981], [-62.928476, -26.820257], [-62.929303, -26.793736], [-63.233593, -26.794241], [-63.233692, -26.764781], [-63.378395, -26.764093], [-63.37839, -26.887997], [-63.571022, -26.887224], [-63.548504, -26.925532], [-63.657187, -26.925117], [-63.68207, -26.907029], [-63.689121, -26.865263], [-63.674151, -26.797176], [-63.661799, -26.788983], [-63.669295, -26.772318], [-63.652311, -26.748468], [-63.65456, -26.665873], [-63.672877, -26.635979], [-63.652537, -26.59698], [-63.646715, -26.528104], [-63.696925, -26.476556], [-63.720735, -26.376258], [-63.761588, -26.318383], [-63.773703, -26.264563], [-63.76133, -26.21431], [-63.093253, -26.225161]]]}, "properties": {"id": "86014", "nombre": "Alberdi", "nombre_completo": "Departamento Alberdi", "provincia": {"id": "86", "nombre": "Santiago del Estero", "interseccion": 0.0}, "fuente": "IGN", "categoria": "Departamento", "centroide": {"lon": -62.728013928, "lat": -26.52104235}}}, {"type": "Feature", "geometry": {"type": "Polygon", "coordinates": [[[-63.223496, -27.728033], [-62.948568, -27.751464], [-62.948176, -27.775262], [-62.884342, -27.777603], [-62.884297, -27.819759], [-62.674182, -27.820274], [-62.674439, -27.798176], [-62.57026, -27.799251], [-62.570571, -27.817611], [-62.231979, -27.819882], [-62.231422, -27.790473], [-61.711901, -27.797181], [-61.712045, -27.998552], [-61.772028, -28.357092], [-61.871039, -28.357689], [-61.864083, -28.318843], [-63.110697, -28.316552], [-63.095401, -28.270138], [-63.133606, -28.243386], [-63.144931, -28.206931], [-63.200285, -28.165871], [-63.270201, -28.159666], [-63.293759, -28.086729], [-63.317561, -28.08066], [-63.32797, -28.054335], [-63.398049, -28.028547], [-63.409742, -27.972763], [-63.44496, -27.953417], [-63.442471, -27.922787], [-63.467207, -27.906336], [-63.457737, -27.882515], [-63.480337, -27.825245], [-63.495502, -27.824068], [-63.499339, -27.781372], [-63.34523, -27.770931], [-63.34153, -27.75483], [-63.275245, -27.766111], [-63.265309, -27.721172], [-63.223496, -27.728033]]]}, "properties": {"id": "86098", "nombre": "Juan Felipe Ibarra", "nombre_completo": "Departamento Juan Felipe Ibarra", "provincia": {"id": "86", "nombre": "Santiago del Estero", "interseccion": 0.0}, "fuente": "IGN", "categoria": "Departamento", "centroide": {"lon": -62.544374713, "lat": -28.039492992}}}, {"type": "Feature", "geometry": {"type": "Polygon", "coordinates": [[[-62.676995, -28.320768], [-61.864083, -28.318843], [-61.871039, -28.357689], [-61.772028, -28.357092], [-61.857242, -28.866446], [-62.654662, -28.863202], [-62.655158, -28.847073], [-62.666222, -28.846711], [-62.659896, -28.832435], [-62.675952, -28.81985], [-62.658376, -28.8103], [-62.682336, -28.815657], [-62.672356, -28.809711], [-62.697971, -28.793796], [-62.714213, -28.709124], [-62.753373, -28.632442], [-62.882227, -28.565129], [-62.878939, -28.507301], [-62.914354, -28.460493], [-63.040787, -28.407598], [-63.111774, -28.324892], [-62.676995, -28.320768]]]}, "properties": {"id": "86077", "nombre": "General Taboada", "nombre_completo": "Departamento General Taboada", "provincia": {"id": "86", "nombre": "Santiago del Estero", "interseccion": 0.0}, "fuente": "IGN", "categoria": "Departamento", "centroide": {"lon": -62.338763383, "lat": -28.568325069}}}, {"type": "Feature", "geometry": {"type": "Polygon", "coordinates": [[[-61.991675, -29.661599], [-62.130653, -30.480433], [-62.173794, -30.345314], [-62.520077, -30.341898], [-62.534531, -30.31202], [-62.593618, -30.259583], [-62.596801, -30.165742], [-62.567665, -30.123067], [-62.556483, -30.062787], [-62.608507, -30.056461], [-62.436146, -29.949579], [-62.43751, -29.666602], [-61.991675, -29.661599]]]}, "properties": {"id": "86154", "nombre": "Rivadavia", "nombre_completo": "Departamento Rivadavia", "provincia": {"id": "86", "nombre": "Santiago del Estero", "interseccion": 0.0}, "fuente": "IGN", "categoria": "Departamento", "centroide": {"lon": -62.280260407, "lat": -30.020506998}}}, {"type": "Feature", "geometry": {"type": "Polygon", "coordinates": [[[-63.01261, -36.57265], [-62.813186, -36.734267], [-62.970025, -36.863033], [-63.282763, -36.607562], [-63.127556, -36.479504], [-63.01261, -36.57265]]]}, "properties": {"id": "06721", "nombre": "Salliqueló", "nombre_completo": "Partido de Salliqueló", "provincia": {"id": "06", "nombre": "Buenos Aires", "interseccion": 0.0}, "fuente": "IGN", "categoria": "Partido", "centroide": {"lon": -63.047973527, "lat": -36.671777535}}}, {"type": "Feature", "geometry": {"type": "Polygon", "coordinates": [[[-65.103713, -33.971726], [-65.075545, -33.989306], [-65.063515, -33.979432], [-65.061434, -34.006216], [-65.023581, -34.00826], [-64.997334, -34.037393], [-64.912602, -34.042349], [-64.86945, -34.051834], [-64.85904, -34.067441], [-64.851284, -34.05594], [-64.814435, -34.060749], [-64.805818, -34.083955], [-64.787158, -34.094082], [-64.759759, -34.08386], [-64.705857, -34.127965], [-64.68715, -34.115715], [-64.621804, -34.170319], [-64.578263, -34.170807], [-64.547654, -34.19141], [-64.520832, -34.182079], [-64.472702, -34.197249], [-64.466784, -34.210577], [-64.425229, -34.205585], [-64.410519, -34.222304], [-64.398373, -34.206714], [-64.317639, -34.226332], [-64.294315, -34.213948], [-64.277933, -34.231012], [-64.199178, -34.242924], [-64.165508, -34.257347], [-64.162196, -34.370459], [-63.834941, -34.36424], [-63.82982, -34.545433], [-63.501539, -34.544843], [-63.502404, -34.52105], [-63.385298, -34.529637], [-63.385734, -35.002218], [-65.106759, -35.01533], [-65.109038, -33.955676], [-65.103713, -33.971726]]]}, "properties": {"id": "14035", "nombre": "General Roca", "nombre_completo": "Departamento General Roca", "provincia": {"id": "14", "nombre": "Córdoba", "interseccion": 0.0}, "fuente": "IGN", "categoria": "Departamento", "centroide": {"lon": -64.373022144, "lat": -34.623127668}}}, {"type": "Feature", "geometry": {"type": "Polygon", "coordinates": [[[-61.529046, -27.054386], [-60.997214, -27.417701], [-60.997282, -27.478115], [-61.571168, -27.480193], [-61.569271, -27.714245], [-61.711868, -27.713971], [-61.712679, -26.928197], [-61.529046, -27.054386]]]}, "properties": {"id": "22036", "nombre": "12 de Octubre", "nombre_completo": "Departamento 12 de Octubre", "provincia": {"id": "22", "nombre": "Chaco", "interseccion": 0.0}, "fuente": "IGN", "categoria": "Departamento", "centroide": {"lon": -61.475806548, "lat": -27.333376077}}}, {"type": "Feature", "geometry": {"type": "Polygon", "coordinates": [[[-64.49218, -29.82076], [-64.405181, -29.827615], [-64.410106, -29.930095], [-64.210689, -29.978071], [-64.173645, -30.063036], [-63.953675, -30.077008], [-63.930116, -30.094787], [-63.886361, -30.097073], [-63.858591, -30.12477], [-63.493704, -30.188682], [-63.492529, -30.272179], [-63.380968, -30.270413], [-63.380905, -30.321469], [-63.34848, -30.323659], [-63.325437, -30.230403], [-62.526984, -30.378497], [-62.550465, -30.47011], [-62.325088, -30.511575], [-62.328509, -30.577151], [-62.428588, -30.554489], [-62.444728, -30.568582], [-62.514314, -30.564141], [-62.55396, -30.548038], [-62.545132, -30.544183], [-62.556539, -30.52585], [-62.629177, -30.532577], [-62.651423, -30.511651], [-62.704314, -30.548807], [-62.679787, -30.567233], [-62.685271, -30.592664], [-62.772417, -30.602171], [-62.884612, -30.635283], [-62.876661, -30.662021], [-62.912341, -30.658733], [-62.914432, -30.639805], [-62.926614, -30.664994], [-62.951639, -30.674808], [-62.937315, -30.683516], [-62.985848, -30.677344], [-63.011271, -30.686929], [-63.001286, -30.695767], [-63.025444, -30.696783], [-63.213639, -30.662078], [-63.20751, -30.639009], [-63.365042, -30.609435], [-63.35698, -30.575861], [-63.60433, -30.526146], [-63.615454, -30.571916], [-63.795702, -30.569191], [-63.802384, -30.51026], [-63.845505, -30.510824], [-63.847102, -30.416595], [-63.963569, -30.414911], [-63.979223, -30.45868], [-63.994194, -30.455375], [-64.005592, -30.483223], [-64.083312, -30.465693], [-64.298264, -30.463715], [-64.283718, -30.388761], [-64.374801, -30.37859], [-64.386299, -30.340263], [-64.356526, -30.197403], [-64.28324, -30.201891], [-64.269874, -30.116013], [-64.298706, -30.114072], [-64.296149, -30.086319], [-64.989395, -30.01506], [-64.985964, -29.891056], [-64.937932, -29.847511], [-64.964052, -29.596091], [-64.489385, -29.528134], [-64.49218, -29.82076]]]}, "properties": {"id": "14175", "nombre": "Tulumba", "nombre_completo": "Departamento Tulumba", "provincia": {"id": "14", "nombre": "Córdoba", "interseccion": 0.0}, "fuente": "IGN", "categoria": "Departamento", "centroide": {"lon": -63.82878872, "lat": -30.219516925}}}, {"type": "Feature", "geometry": {"type": "Polygon", "coordinates": [[[-61.928009, -34.567147], [-61.84537, -34.637413], [-61.769608, -34.576422], [-61.710567, -34.627116], [-61.772899, -34.676405], [-61.673472, -34.760952], [-61.902716, -34.952754], [-61.9832, -34.886031], [-62.104559, -34.984689], [-62.205554, -34.890125], [-62.220666, -34.891339], [-62.22259, -34.854785], [-62.28306, -34.856773], [-62.28561, -34.813533], [-62.305054, -34.812823], [-62.240236, -34.76204], [-62.263804, -34.743064], [-62.188183, -34.682722], [-62.348165, -34.653782], [-62.269083, -34.385821], [-61.81615, -34.385601], [-61.983941, -34.518249], [-61.928009, -34.567147]]]}, "properties": {"id": "06351", "nombre": "General Pinto", "nombre_completo": "Partido de General Pinto", "provincia": {"id": "06", "nombre": "Buenos Aires", "interseccion": 0.0}, "fuente": "IGN", "categoria": "Partido", "centroide": {"lon": -62.039853674, "lat": -34.669621454}}}, {"type": "Feature", "geometry": {"type": "Polygon", "coordinates": [[[-59.621161, -38.0452], [-59.538113, -38.057257], [-59.414878, -38.113729], [-59.355355, -38.114571], [-59.246237, -38.153052], [-59.313765, -38.20697], [-59.354178, -38.303417], [-59.335677, -38.321535], [-59.340167, -38.336428], [-59.315999, -38.383939], [-59.405854, -38.457143], [-59.335551, -38.501359], [-59.340307, -38.547752], [-59.444727, -38.588523], [-59.431478, -38.604434], [-59.407754, -38.593992], [-59.411341, -38.622959], [-59.371116, -38.659419], [-59.355954, -38.708597], [-59.331259, -38.719963], [-59.332795, -38.736675], [-59.627294, -38.785837], [-59.635668, -38.76296], [-59.625865, -38.742897], [-59.647552, -38.735983], [-59.653956, -38.700235], [-59.703332, -38.654124], [-59.69057, -38.636993], [-59.733643, -38.53338], [-59.733663, -38.488938], [-59.767144, -38.515944], [-59.821474, -38.475385], [-59.886358, -38.52933], [-59.936714, -38.491444], [-59.874131, -38.439985], [-59.929522, -38.396505], [-59.942662, -38.407041], [-59.989967, -38.371421], [-59.793694, -38.197402], [-59.775876, -38.210258], [-59.75388, -38.191229], [-59.788819, -38.164978], [-59.766701, -38.146243], [-59.777943, -38.13764], [-59.641345, -38.025151], [-59.621161, -38.0452]]]}, "properties": {"id": "06742", "nombre": "San Cayetano", "nombre_completo": "Partido de San Cayetano", "provincia": {"id": "06", "nombre": "Buenos Aires", "interseccion": 0.0}, "fuente": "IGN", "categoria": "Partido", "centroide": {"lon": -59.58632644, "lat": -38.389073197}}}, {"type": "Feature", "geometry": {"type": "Polygon", "coordinates": [[[-60.156123, -38.189445], [-60.036304, -38.280844], [-59.883207, -38.160282], [-59.833518, -38.242234], [-59.989967, -38.371421], [-59.942662, -38.407041], [-59.929522, -38.396505], [-59.874131, -38.439985], [-59.936714, -38.491444], [-59.886358, -38.52933], [-59.821474, -38.475385], [-59.767144, -38.515944], [-59.733663, -38.488938], [-59.733643, -38.53338], [-59.69057, -38.636993], [-59.703332, -38.654124], [-59.653956, -38.700235], [-59.647552, -38.735983], [-59.625865, -38.742897], [-59.635668, -38.76296], [-59.627294, -38.785837], [-59.853962, -38.837376], [-60.11653, -38.865749], [-60.49272, -38.928536], [-60.522134, -38.919145], [-60.536752, -38.82231], [-60.610567, -38.619491], [-60.612497, -38.586931], [-60.591468, -38.556975], [-60.619604, -38.471277], [-60.745015, -38.365778], [-60.733598, -38.314775], [-60.746873, -38.229951], [-60.718722, -38.224226], [-60.729296, -38.196661], [-60.724811, -38.118401], [-60.676254, -38.093133], [-60.549611, -38.19215], [-60.44213, -38.10698], [-60.463204, -38.089503], [-60.370689, -38.016721], [-60.156123, -38.189445]]]}, "properties": {"id": "06833", "nombre": "Tres Arroyos", "nombre_completo": "Partido de Tres Arroyos", "provincia": {"id": "06", "nombre": "Buenos Aires", "interseccion": 0.0}, "fuente": "IGN", "categoria": "Partido", "centroide": {"lon": -60.237417325, "lat": -38.511814275}}}, {"type": "Feature", "geometry": {"type": "Polygon", "coordinates": [[[-61.145155, -38.303406], [-61.077814, -38.293347], [-60.990836, -38.310628], [-60.836122, -38.403817], [-60.740629, -38.330723], [-60.738558, -38.37565], [-60.619604, -38.471277], [-60.591468, -38.556975], [-60.612497, -38.586931], [-60.610224, -38.62086], [-60.536752, -38.82231], [-60.521986, -38.8838], [-60.529336, -38.914328], [-60.497336, -38.928926], [-60.852138, -38.979714], [-61.110167, -38.99589], [-61.119522, -38.981966], [-61.105256, -38.979585], [-61.13784, -38.929388], [-61.292016, -38.947668], [-61.314896, -38.946281], [-61.342348, -38.915479], [-61.424366, -38.916338], [-61.47367, -38.945992], [-61.663146, -38.857995], [-61.699669, -38.81685], [-61.698761, -38.781423], [-61.724071, -38.74898], [-61.715451, -38.714322], [-61.728495, -38.657088], [-61.595917, -38.546246], [-61.525729, -38.500702], [-61.514364, -38.509193], [-61.472711, -38.476048], [-61.46469, -38.483075], [-61.328731, -38.375333], [-61.319178, -38.39309], [-61.188565, -38.290579], [-61.145155, -38.303406]]]}, "properties": {"id": "06189", "nombre": "Coronel Dorrego", "nombre_completo": "Partido de Coronel Dorrego", "provincia": {"id": "06", "nombre": "Buenos Aires", "interseccion": 0.0}, "fuente": "IGN", "categoria": "Partido", "centroide": {"lon": -61.095550573, "lat": -38.670817608}}}, {"type": "Feature", "geometry": {"type": "Polygon", "coordinates": [[[-59.184695, -37.616925], [-59.153057, -37.657436], [-59.170841, -37.700552], [-59.166082, -37.737038], [-59.133571, -37.757489], [-59.109382, -37.808157], [-59.10968, -37.838841], [-59.165399, -37.880647], [-59.168236, -37.936124], [-59.127687, -37.973595], [-59.12478, -37.995556], [-59.053632, -38.047064], [-59.038385, -38.086962], [-58.954343, -38.155103], [-58.951095, -38.182675], [-58.912809, -38.201979], [-58.906566, -38.245204], [-58.867225, -38.292093], [-58.808984, -38.328818], [-58.813194, -38.339971], [-58.782252, -38.37796], [-58.774151, -38.435772], [-58.757114, -38.472455], [-58.740069, -38.48059], [-58.752001, -38.488722], [-58.740167, -38.514995], [-58.708025, -38.495017], [-58.619452, -38.561874], [-58.690906, -38.575019], [-58.68946, -38.587935], [-58.735003, -38.587259], [-59.01221, -38.678535], [-59.332795, -38.736675], [-59.331259, -38.719963], [-59.355954, -38.708597], [-59.371116, -38.659419], [-59.411341, -38.622959], [-59.407754, -38.593992], [-59.431478, -38.604434], [-59.444727, -38.588523], [-59.340307, -38.547752], [-59.335551, -38.501359], [-59.405854, -38.457143], [-59.315999, -38.383939], [-59.340167, -38.336428], [-59.335677, -38.321535], [-59.354178, -38.303417], [-59.313765, -38.20697], [-59.246237, -38.153052], [-59.355355, -38.114571], [-59.414878, -38.113729], [-59.538113, -38.057257], [-59.622564, -38.044881], [-59.67703, -38.000114], [-59.383349, -37.758604], [-59.2925, -37.710327], [-59.184695, -37.616925]]]}, "properties": {"id": "06581", "nombre": "Necochea", "nombre_completo": "Partido de Necochea", "provincia": {"id": "06", "nombre": "Buenos Aires", "interseccion": 0.0}, "fuente": "IGN", "categoria": "Partido", "centroide": {"lon": -59.167386947, "lat": -38.255411005}}}, {"type": "Feature", "geometry": {"type": "Polygon", "coordinates": [[[-57.982331, -35.332376], [-57.947196, -35.371952], [-57.917862, -35.371426], [-57.888711, -35.392016], [-57.873923, -35.385885], [-57.814018, -35.442193], [-57.770626, -35.43982], [-57.766904, -35.463264], [-57.744897, -35.473618], [-57.687935, -35.484713], [-57.670746, -35.463502], [-57.630019, -35.469502], [-57.557392, -35.456196], [-57.550832, -35.469703], [-57.521841, -35.473093], [-57.486559, -35.461156], [-57.48086, -35.487542], [-57.461671, -35.494074], [-57.469903, -35.500573], [-57.435254, -35.518227], [-57.464048, -35.594505], [-57.426357, -35.615791], [-57.438795, -35.636334], [-57.416614, -35.644629], [-57.411009, -35.664217], [-57.365867, -35.677432], [-57.382962, -35.694198], [-57.381139, -35.712275], [-57.357498, -35.710416], [-57.350418, -35.727615], [-57.364968, -35.745997], [-57.409583, -35.7431], [-57.402058, -35.757487], [-57.425432, -35.784908], [-57.470016, -35.780546], [-57.485366, -35.809579], [-57.523469, -35.809695], [-57.613477, -35.776941], [-57.749839, -35.766104], [-57.860994, -35.685779], [-57.887372, -35.69987], [-57.898183, -35.691496], [-57.980307, -35.757316], [-58.011616, -35.739704], [-58.080036, -35.786898], [-58.096865, -35.775036], [-58.145892, -35.819341], [-58.137578, -35.82541], [-58.166883, -35.868074], [-58.185232, -35.863478], [-58.204319, -35.825715], [-58.221508, -35.81963], [-58.263821, -35.823052], [-58.271799, -35.858634], [-58.296258, -35.853406], [-58.313736, -35.867854], [-58.338598, -35.86172], [-58.342751, -35.843587], [-58.382961, -35.819335], [-58.41355, -35.814737], [-58.41757, -35.790222], [-58.453639, -35.769544], [-58.451663, -35.741193], [-58.152389, -35.472373], [-58.193911, -35.440953], [-58.15486, -35.408153], [-58.138618, -35.420373], [-58.044821, -35.334563], [-58.025003, -35.353784], [-58.002451, -35.332541], [-57.982331, -35.332376]]]}, "properties": {"id": "06218", "nombre": "Chascomús", "nombre_completo": "Partido de Chascomús", "provincia": {"id": "06", "nombre": "Buenos Aires", "interseccion": 0.0}, "fuente": "IGN", "categoria": "Partido", "centroide": {"lon": -57.903981069, "lat": -35.618688309}}}, {"type": "Feature", "geometry": {"type": "Polygon", "coordinates": [[[-64.309786, -31.363288], [-64.309786, -31.524984], [-64.057384, -31.524984], [-64.057381, -31.419291], [-64.002284, -31.447027], [-63.973583, -31.451898], [-63.952104, -31.439694], [-63.956749, -31.536472], [-63.934107, -31.558247], [-64.016609, -31.620398], [-63.985282, -31.651136], [-64.014614, -31.656003], [-64.029106, -31.677457], [-64.027267, -31.768685], [-64.010555, -31.749957], [-63.947788, -31.752862], [-63.946874, -31.874439], [-63.918089, -31.874603], [-63.919287, -32.009833], [-63.974445, -31.998014], [-63.973794, -31.951751], [-64.084101, -31.950586], [-64.084512, -32.004653], [-64.241408, -32.004467], [-64.223441, -31.912441], [-64.274289, -31.912658], [-64.274768, -31.944975], [-64.288253, -31.949969], [-64.286469, -31.832404], [-64.31553, -31.832902], [-64.315097, -31.802406], [-64.328439, -31.791204], [-64.346258, -31.817143], [-64.381342, -31.828629], [-64.378596, -31.845669], [-64.405386, -31.837297], [-64.426511, -31.857202], [-64.445467, -31.838376], [-64.459561, -31.852536], [-64.475634, -31.837268], [-64.485574, -31.851034], [-64.499326, -31.84242], [-64.49455, -31.822916], [-64.500825, -31.831464], [-64.503903, -31.8167], [-64.520127, -31.817791], [-64.527435, -31.852062], [-64.552841, -31.86903], [-64.547318, -31.88088], [-64.582164, -31.878414], [-64.609143, -31.896601], [-64.634255, -31.896946], [-64.639228, -31.884624], [-64.65357, -31.895567], [-64.691477, -31.880335], [-64.713744, -31.888474], [-64.731191, -31.877181], [-64.732768, -31.886248], [-64.760439, -31.866575], [-64.834533, -31.865261], [-64.89494, -31.906931], [-64.928818, -31.909292], [-64.884703, -31.846709], [-64.887326, -31.828063], [-64.783517, -31.826652], [-64.759967, -31.759867], [-64.726859, -31.735373], [-64.72754, -31.713735], [-64.712645, -31.701201], [-64.717103, -31.671191], [-64.677756, -31.675796], [-64.664012, -31.692375], [-64.639495, -31.678307], [-64.633124, -31.694429], [-64.59981, -31.693904], [-64.598098, -31.709847], [-64.548032, -31.690979], [-64.553431, -31.568976], [-64.480019, -31.420215], [-64.435424, -31.388278], [-64.422453, -31.355564], [-64.351087, -31.371337], [-64.309786, -31.363288]]]}, "properties": {"id": "14147", "nombre": "Santa María", "nombre_completo": "Departamento Santa María", "provincia": {"id": "14", "nombre": "Córdoba", "interseccion": 0.0}, "fuente": "IGN", "categoria": "Departamento", "centroide": {"lon": -64.305902163, "lat": -31.709712313}}}, {"type": "Feature", "geometry": {"type": "Polygon", "coordinates": [[[-63.2631, -31.333906], [-63.259776, -31.464652], [-63.229869, -31.472363], [-63.203423, -31.459038], [-63.186244, -31.469282], [-63.206737, -31.553095], [-63.181261, -31.543468], [-63.186795, -31.563674], [-63.163775, -31.563705], [-63.152691, -31.622962], [-63.111357, -31.622787], [-63.111665, -31.665275], [-63.052725, -31.665689], [-63.052426, -31.692466], [-63.035379, -31.692379], [-63.035539, -31.723428], [-63.014717, -31.723432], [-63.00971, -31.799976], [-62.982919, -31.798874], [-62.98247, -31.833589], [-62.968616, -31.836101], [-62.96393, -31.867453], [-62.949582, -31.86744], [-62.949415, -31.919725], [-62.899865, -31.965953], [-62.881762, -31.966106], [-62.881045, -32.012825], [-62.838592, -32.011336], [-62.851179, -32.06053], [-62.954107, -32.048133], [-62.951164, -32.03643], [-63.006235, -32.036614], [-63.006308, -32.0215], [-63.097012, -32.005467], [-63.083484, -31.952208], [-63.111484, -31.958938], [-63.12563, -31.947396], [-63.182589, -32.001558], [-63.211614, -32.010699], [-63.244447, -31.924843], [-63.342522, -31.941777], [-63.348104, -31.963838], [-63.421731, -31.974198], [-63.424388, -31.983983], [-63.554991, -31.981376], [-63.570012, -31.964225], [-63.658898, -32.020755], [-63.677613, -31.999059], [-63.677878, -32.035054], [-63.699694, -32.035457], [-63.699783, -31.98838], [-63.918954, -31.986993], [-63.918089, -31.874603], [-63.946874, -31.874439], [-63.947788, -31.752862], [-64.010555, -31.749957], [-64.027267, -31.768685], [-64.029106, -31.677457], [-64.014614, -31.656003], [-63.985282, -31.651136], [-64.016609, -31.620398], [-63.934107, -31.558247], [-63.956749, -31.536472], [-63.898267, -31.542972], [-63.735254, -31.515785], [-63.690876, -31.522256], [-63.680767, -31.492909], [-63.618982, -31.494092], [-63.57222, -31.469999], [-63.54748, -31.414087], [-63.530545, -31.41371], [-63.530627, -31.403284], [-63.489523, -31.402365], [-63.44962, -31.375354], [-63.358429, -31.367609], [-63.365609, -31.315061], [-63.2631, -31.333906]]]}, "properties": {"id": "14119", "nombre": "Río Segundo", "nombre_completo": "Departamento Río Segundo", "provincia": {"id": "14", "nombre": "Córdoba", "interseccion": 0.0}, "fuente": "IGN", "categoria": "Departamento", "centroide": {"lon": -63.474855521, "lat": -31.73310879}}}, {"type": "Feature", "geometry": {"type": "Polygon", "coordinates": [[[-62.15756, -30.396159], [-62.130653, -30.480433], [-61.842175, -30.744316], [-62.123495, -31.605408], [-62.241683, -31.699677], [-62.218089, -31.740571], [-62.22349, -31.883934], [-62.188893, -31.922314], [-62.167797, -31.98601], [-62.182143, -32.063679], [-62.324623, -32.038982], [-62.31627, -32.004362], [-62.520826, -31.967241], [-62.528958, -31.998895], [-62.619373, -31.98329], [-62.63563, -32.04721], [-62.837834, -32.008355], [-62.881045, -32.012825], [-62.881762, -31.966106], [-62.899865, -31.965953], [-62.949415, -31.919725], [-62.949582, -31.86744], [-62.96393, -31.867453], [-62.968616, -31.836101], [-62.98247, -31.833589], [-62.982919, -31.798874], [-63.00971, -31.799976], [-63.014717, -31.723432], [-63.035539, -31.723428], [-63.035379, -31.692379], [-63.052426, -31.692466], [-63.052725, -31.665689], [-63.111665, -31.665275], [-63.111357, -31.622787], [-63.152691, -31.622962], [-63.163775, -31.563705], [-63.186795, -31.563674], [-63.181261, -31.543468], [-63.206737, -31.553095], [-63.186244, -31.469282], [-63.203423, -31.459038], [-63.229869, -31.472363], [-63.259838, -31.464502], [-63.2631, -31.333906], [-63.245916, -31.264816], [-63.177584, -31.283441], [-63.153925, -31.159465], [-63.131243, -31.163375], [-63.119631, -31.117219], [-63.04031, -31.131524], [-63.009941, -31.071885], [-62.955167, -31.079796], [-62.933761, -30.967461], [-62.83405, -30.932506], [-62.815217, -30.850703], [-62.843774, -30.82079], [-62.84227, -30.805007], [-62.905775, -30.78579], [-62.935346, -30.718508], [-62.957618, -30.720908], [-62.971263, -30.707232], [-62.994581, -30.716736], [-63.016589, -30.704022], [-63.039707, -30.712956], [-63.042895, -30.708114], [-63.030021, -30.695348], [-63.000816, -30.695533], [-63.011271, -30.686929], [-62.985848, -30.677344], [-62.937315, -30.683516], [-62.951639, -30.674808], [-62.926614, -30.664994], [-62.914432, -30.639805], [-62.912341, -30.658733], [-62.876661, -30.662021], [-62.884612, -30.635283], [-62.772417, -30.602171], [-62.685271, -30.592664], [-62.679787, -30.567233], [-62.704314, -30.548807], [-62.651423, -30.511651], [-62.629177, -30.532577], [-62.556539, -30.52585], [-62.545132, -30.544183], [-62.55396, -30.548038], [-62.514314, -30.564141], [-62.444728, -30.568582], [-62.428588, -30.554489], [-62.335278, -30.579779], [-62.321448, -30.367885], [-62.15756, -30.396159]]]}, "properties": {"id": "14140", "nombre": "San Justo", "nombre_completo": "Departamento San Justo", "provincia": {"id": "14", "nombre": "Córdoba", "interseccion": 0.0}, "fuente": "IGN", "categoria": "Departamento", "centroide": {"lon": -62.527589057, "lat": -31.242567097}}}, {"type": "Feature", "geometry": {"type": "Polygon", "coordinates": [[[-62.282458, -32.046516], [-62.306504, -32.142082], [-62.339387, -32.136807], [-62.375949, -32.287481], [-62.294682, -32.301349], [-62.299082, -32.319533], [-62.245026, -32.32905], [-62.266009, -32.429051], [-62.347193, -32.414842], [-62.354479, -32.444628], [-62.390519, -32.438148], [-62.456273, -32.684691], [-62.486305, -32.679132], [-62.503805, -32.78216], [-62.492634, -32.789194], [-62.487389, -32.764303], [-62.451134, -32.848266], [-62.515902, -32.83704], [-62.542888, -32.946712], [-62.507803, -32.952754], [-62.530603, -33.043449], [-62.625234, -33.107962], [-62.520812, -33.127526], [-62.574896, -33.211518], [-62.688415, -33.285673], [-62.603344, -33.301353], [-62.645663, -33.358522], [-62.75337, -33.783466], [-62.776693, -33.779326], [-62.805151, -33.895996], [-63.22471, -33.815259], [-63.08166, -33.272762], [-63.218448, -33.247014], [-63.204303, -33.194276], [-63.215282, -33.192042], [-63.131754, -32.919097], [-63.109799, -32.923186], [-63.090611, -32.850247], [-63.05585, -32.85705], [-63.054823, -32.819732], [-63.103318, -32.811029], [-63.0588, -32.632842], [-63.118061, -32.616096], [-63.101128, -32.547964], [-63.081047, -32.525885], [-63.089754, -32.512888], [-63.146575, -32.506083], [-63.163394, -32.472298], [-63.126476, -32.422326], [-63.097697, -32.438324], [-63.092369, -32.417904], [-63.065907, -32.426728], [-63.053155, -32.376423], [-63.020428, -32.382017], [-63.017426, -32.370295], [-62.927381, -32.391462], [-62.861468, -32.160552], [-62.878124, -32.157171], [-62.837834, -32.008355], [-62.63563, -32.04721], [-62.619373, -31.98329], [-62.528958, -31.998895], [-62.520826, -31.967241], [-62.31627, -32.004362], [-62.324623, -32.038982], [-62.282458, -32.046516]]]}, "properties": {"id": "14182", "nombre": "Unión", "nombre_completo": "Departamento Unión", "provincia": {"id": "14", "nombre": "Córdoba", "interseccion": 0.0}, "fuente": "IGN", "categoria": "Departamento", "centroide": {"lon": -62.791597056, "lat": -32.878381661}}}, {"type": "Feature", "geometry": {"type": "Polygon", "coordinates": [[[-63.097012, -32.005467], [-63.115947, -32.000937], [-63.18592, -32.095959], [-63.201319, -32.048267], [-63.358698, -32.087908], [-63.407282, -32.084362], [-63.447724, -32.103726], [-63.371241, -32.191024], [-63.459315, -32.24741], [-63.516175, -32.22239], [-63.525838, -32.258214], [-63.542777, -32.261906], [-63.572437, -32.37882], [-63.498892, -32.392853], [-63.581384, -32.70314], [-63.560294, -32.707101], [-63.576772, -32.769391], [-63.55025, -32.822659], [-63.721518, -32.79069], [-63.699917, -32.709768], [-63.907448, -32.700379], [-63.977397, -32.737687], [-63.973419, -32.723217], [-64.044013, -32.750363], [-63.977936, -32.475562], [-63.944125, -32.458715], [-63.920394, -32.374521], [-63.988602, -32.360896], [-63.986211, -32.327626], [-64.089423, -32.308126], [-64.245859, -32.308223], [-64.245641, -32.326942], [-64.293479, -32.31822], [-64.293957, -32.188195], [-64.263722, -32.158587], [-64.277539, -32.141073], [-64.241408, -32.004467], [-64.084512, -32.004653], [-64.084101, -31.950586], [-63.973794, -31.951751], [-63.974445, -31.998014], [-63.919287, -32.009833], [-63.918954, -31.986993], [-63.699783, -31.98838], [-63.699694, -32.035457], [-63.677878, -32.035054], [-63.677613, -31.999059], [-63.658898, -32.020755], [-63.570012, -31.964225], [-63.554991, -31.981376], [-63.424388, -31.983983], [-63.421731, -31.974198], [-63.348104, -31.963838], [-63.342522, -31.941777], [-63.244447, -31.924843], [-63.211614, -32.010699], [-63.182589, -32.001558], [-63.12563, -31.947396], [-63.111484, -31.958938], [-63.083484, -31.952208], [-63.097012, -32.005467]]]}, "properties": {"id": "14161", "nombre": "Tercero Arriba", "nombre_completo": "Departamento Tercero Arriba", "provincia": {"id": "14", "nombre": "Córdoba", "interseccion": 0.0}, "fuente": "IGN", "categoria": "Departamento", "centroide": {"lon": -63.779004896, "lat": -32.287680023}}}, {"type": "Feature", "geometry": {"type": "Polygon", "coordinates": [[[-64.163232, -32.306163], [-63.986211, -32.327626], [-63.988602, -32.360896], [-63.920394, -32.374521], [-63.944125, -32.458715], [-63.977936, -32.475562], [-64.044013, -32.750363], [-63.973419, -32.723217], [-64.048031, -33.001873], [-64.063841, -33.000518], [-64.075178, -33.046281], [-63.976576, -33.054285], [-63.992059, -33.111329], [-64.04883, -33.109682], [-64.047937, -33.192644], [-64.026835, -33.192457], [-64.022837, -33.179626], [-63.995784, -33.196298], [-63.962347, -33.19099], [-63.955486, -33.201601], [-63.944311, -33.191492], [-63.926919, -33.206954], [-63.906416, -33.205207], [-63.903763, -33.192828], [-63.890153, -33.199488], [-63.88538, -33.643289], [-64.039213, -33.643104], [-64.031712, -34.174234], [-64.076739, -34.179032], [-64.088287, -34.198678], [-64.160196, -34.208415], [-64.208543, -34.2391], [-64.239246, -34.238895], [-64.282446, -34.229371], [-64.294315, -34.213948], [-64.317639, -34.226332], [-64.398373, -34.206714], [-64.410519, -34.222304], [-64.425229, -34.205585], [-64.466784, -34.210577], [-64.472702, -34.197249], [-64.520832, -34.182079], [-64.547654, -34.19141], [-64.578263, -34.170807], [-64.621804, -34.170319], [-64.68715, -34.115715], [-64.705857, -34.127965], [-64.759759, -34.08386], [-64.787158, -34.094082], [-64.805818, -34.083955], [-64.814435, -34.060749], [-64.851284, -34.05594], [-64.85904, -34.067441], [-64.86945, -34.051834], [-64.912602, -34.042349], [-64.997334, -34.037393], [-65.023581, -34.00826], [-65.061434, -34.006216], [-65.063515, -33.979432], [-65.075545, -33.989306], [-65.104355, -33.971429], [-65.142999, -33.194775], [-65.070801, -33.138277], [-65.044914, -33.062508], [-64.999704, -33.002665], [-65.022309, -32.97304], [-64.99278, -32.945166], [-64.963062, -32.863255], [-64.970674, -32.80505], [-64.944619, -32.767336], [-64.948189, -32.72284], [-64.909462, -32.685397], [-64.924394, -32.658714], [-64.909919, -32.642167], [-64.921468, -32.623618], [-64.889945, -32.579575], [-64.663192, -32.632053], [-64.594496, -32.616848], [-64.550088, -32.63082], [-64.526789, -32.6177], [-64.487503, -32.476552], [-64.45907, -32.481558], [-64.448503, -32.466962], [-64.426096, -32.379883], [-64.324948, -32.398812], [-64.32199, -32.37637], [-64.24569, -32.39011], [-64.245859, -32.308223], [-64.163232, -32.306163]]]}, "properties": {"id": "14098", "nombre": "Río Cuarto", "nombre_completo": "Departamento Río Cuarto", "provincia": {"id": "14", "nombre": "Córdoba", "interseccion": 0.0}, "fuente": "IGN", "categoria": "Departamento", "centroide": {"lon": -64.493134309, "lat": -33.330534189}}}, {"type": "Feature", "geometry": {"type": "Polygon", "coordinates": [[[-63.20373, -36.033076], [-62.939103, -36.248324], [-62.978901, -36.280138], [-62.959267, -36.296075], [-63.03995, -36.359075], [-63.028399, -36.368805], [-63.067976, -36.399478], [-63.048637, -36.415414], [-63.282763, -36.607562], [-63.385367, -36.524945], [-63.385471, -35.883677], [-63.20373, -36.033076]]]}, "properties": {"id": "06616", "nombre": "Pellegrini", "nombre_completo": "Partido de Pellegrini", "provincia": {"id": "06", "nombre": "Buenos Aires", "interseccion": 0.0}, "fuente": "IGN", "categoria": "Partido", "centroide": {"lon": -63.225752112, "lat": -36.271191706}}}, {"type": "Feature", "geometry": {"type": "Polygon", "coordinates": [[[-63.193193, -33.822581], [-62.544274, -33.943225], [-62.883909, -34.38655], [-63.385084, -34.385761], [-63.385298, -34.529637], [-63.502404, -34.52105], [-63.501539, -34.544843], [-63.82982, -34.545433], [-63.834941, -34.36424], [-64.162196, -34.370459], [-64.165508, -34.257347], [-64.208543, -34.2391], [-64.160196, -34.208415], [-64.088287, -34.198678], [-64.076739, -34.179032], [-64.031712, -34.174234], [-64.034826, -33.832831], [-63.193193, -33.822581]]]}, "properties": {"id": "14084", "nombre": "Presidente Roque Sáenz Peña", "nombre_completo": "Departamento Presidente Roque Sáenz Peña", "provincia": {"id": "14", "nombre": "Córdoba", "interseccion": 0.0}, "fuente": "IGN", "categoria": "Departamento", "centroide": {"lon": -63.418865209, "lat": -34.14048937}}}, {"type": "Feature", "geometry": {"type": "Polygon", "coordinates": [[[-61.76421, -32.334113], [-61.437693, -32.393785], [-61.532836, -32.846619], [-61.51829, -32.849087], [-61.642431, -32.883241], [-61.712884, -33.090497], [-61.79453, -33.019164], [-61.771552, -32.901465], [-61.792243, -32.877228], [-61.77769, -32.830402], [-61.795699, -32.773966], [-61.828402, -32.754511], [-61.857988, -32.694552], [-61.907415, -32.695747], [-61.946626, -32.678481], [-61.946168, -32.651026], [-61.89041, -32.614449], [-61.890737, -32.591972], [-61.922431, -32.593214], [-61.92597, -32.582998], [-61.902477, -32.568619], [-61.905052, -32.552546], [-61.930573, -32.544506], [-61.912075, -32.526474], [-61.914512, -32.494664], [-62.012276, -32.345524], [-61.903751, -32.32745], [-61.912431, -32.307208], [-61.76421, -32.334113]]]}, "properties": {"id": "82007", "nombre": "Belgrano", "nombre_completo": "Departamento Belgrano", "provincia": {"id": "82", "nombre": "Santa Fe", "interseccion": 0.0}, "fuente": "IGN", "categoria": "Departamento", "centroide": {"lon": -61.704736452, "lat": -32.610436155}}}, {"type": "Feature", "geometry": {"type": "Polygon", "coordinates": [[[-60.818235, -33.543698], [-60.781951, -33.578969], [-60.684582, -33.585157], [-60.61992, -33.628344], [-60.556949, -33.646598], [-60.468549, -33.63775], [-60.457452, -33.59835], [-60.326792, -33.68327], [-60.313175, -33.651123], [-60.17224, -33.661924], [-60.175137, -33.673663], [-60.141242, -33.693094], [-60.138771, -33.711128], [-60.231469, -33.869787], [-60.236577, -34.010707], [-60.3124, -34.001454], [-60.496387, -34.17646], [-60.515503, -34.14378], [-60.657981, -34.091113], [-60.715401, -34.035737], [-60.705401, -34.025122], [-60.942796, -33.85686], [-60.861294, -33.780965], [-60.901024, -33.749352], [-60.810809, -33.674801], [-60.911077, -33.580825], [-60.867133, -33.548303], [-60.818235, -33.543698]]]}, "properties": {"id": "06623", "nombre": "Pergamino", "nombre_completo": "Partido de Pergamino", "provincia": {"id": "06", "nombre": "Buenos Aires", "interseccion": 0.0}, "fuente": "IGN", "categoria": "Partido", "centroide": {"lon": -60.544782816, "lat": -33.836066814}}}, {"type": "Feature", "geometry": {"type": "Polygon", "coordinates": [[[-60.56101, -26.644141], [-60.694459, -26.946048], [-60.614827, -26.974101], [-60.615315, -27.057248], [-60.815565, -27.054975], [-60.816236, -26.90229], [-60.851421, -26.889906], [-60.883056, -26.927046], [-61.008181, -26.841828], [-60.992731, -26.841964], [-60.989993, -26.661331], [-60.930051, -26.661774], [-60.900185, -26.676846], [-60.788819, -26.425505], [-60.508358, -26.525247], [-60.56101, -26.644141]]]}, "properties": {"id": "22070", "nombre": "Independencia", "nombre_completo": "Departamento Independencia", "provincia": {"id": "22", "nombre": "Chaco", "interseccion": 0.0}, "fuente": "IGN", "categoria": "Departamento", "centroide": {"lon": -60.756373602, "lat": -26.735179032}}}, {"type": "Feature", "geometry": {"type": "Polygon", "coordinates": [[[-62.706044, -37.468294], [-62.581433, -37.549222], [-62.735477, -37.67184], [-62.730764, -37.690504], [-62.895559, -37.819165], [-62.73478, -37.947923], [-62.814394, -38.010744], [-62.654714, -38.139112], [-62.735947, -38.202478], [-62.654991, -38.267006], [-63.38424, -38.829224], [-63.385682, -37.808789], [-63.377337, -37.815126], [-62.813196, -37.373926], [-62.706044, -37.468294]]]}, "properties": {"id": "06651", "nombre": "Puán", "nombre_completo": "Partido de Puán", "provincia": {"id": "06", "nombre": "Buenos Aires", "interseccion": 0.0}, "fuente": "IGN", "categoria": "Partido", "centroide": {"lon": -63.05743261, "lat": -38.076076321}}}, {"type": "Feature", "geometry": {"type": "Polygon", "coordinates": [[[-62.889898, -34.386539], [-62.269083, -34.385821], [-62.348166, -34.653785], [-62.584849, -34.61069], [-62.59472, -34.650188], [-62.622173, -34.632497], [-62.606722, -34.99671], [-62.642162, -34.996989], [-62.610627, -35.022719], [-62.68835, -35.085097], [-62.657181, -35.110819], [-62.676893, -35.126607], [-62.707517, -35.101156], [-62.964607, -35.311894], [-63.115413, -35.188868], [-63.090385, -35.168254], [-63.139051, -35.128403], [-63.235514, -35.208572], [-63.211173, -35.22897], [-63.285144, -35.288491], [-63.310018, -35.267808], [-63.347169, -35.300041], [-63.329475, -35.323156], [-63.385707, -35.369724], [-63.385084, -34.385761], [-62.889898, -34.386539]]]}, "properties": {"id": "06392", "nombre": "General Villegas", "nombre_completo": "Partido de General Villegas", "provincia": {"id": "06", "nombre": "Buenos Aires", "interseccion": 0.0}, "fuente": "IGN", "categoria": "Partido", "centroide": {"lon": -62.954198841, "lat": -34.770260502}}}, {"type": "Feature", "geometry": {"type": "Polygon", "coordinates": [[[-58.880822, -28.066825], [-58.952965, -28.137106], [-59.062413, -28.128109], [-59.087635, -28.171772], [-59.086207, -28.199493], [-59.107868, -28.222766], [-59.103458, -28.328816], [-59.076213, -28.365341], [-59.085977, -28.435966], [-59.048857, -28.493311], [-59.100008, -28.576399], [-59.105013, -28.633937], [-59.078601, -28.667487], [-59.160454, -28.794789], [-59.158075, -28.877356], [-59.210899, -28.977531], [-59.199715, -29.031545], [-59.257536, -29.089604], [-59.346766, -29.11435], [-59.407814, -29.221376], [-59.508705, -29.250773], [-59.519788, -29.343189], [-59.604283, -29.394743], [-59.580921, -29.474068], [-59.661833, -29.446604], [-59.656473, -29.459687], [-59.670873, -29.473014], [-59.719788, -29.48784], [-59.721044, -29.46074], [-59.735658, -29.465495], [-59.768377, -29.442549], [-59.778849, -29.415156], [-60.069291, -29.370634], [-60.043907, -29.32605], [-60.014433, -29.313031], [-60.028372, -29.27908], [-60.017313, -29.242643], [-60.03621, -29.228515], [-60.035869, -29.191642], [-60.075702, -29.139111], [-60.061509, -29.141259], [-60.066113, -29.115964], [-60.116408, -29.047415], [-60.005179, -29.072647], [-59.988043, -29.032486], [-60.001057, -29.030526], [-59.999789, -29.017568], [-60.04201, -29.01168], [-60.019748, -28.886085], [-59.977955, -28.891668], [-59.96181, -28.807462], [-59.762284, -28.838344], [-59.749008, -28.813401], [-59.773459, -28.768581], [-59.804593, -28.757677], [-59.778582, -28.717252], [-59.792763, -28.69788], [-59.772794, -28.679389], [-59.817164, -28.624479], [-59.801168, -28.616487], [-59.818166, -28.563209], [-59.810923, -28.52794], [-59.765109, -28.455835], [-59.798458, -28.433814], [-59.798366, -28.379104], [-59.858297, -28.378554], [-59.878719, -28.33183], [-59.876277, -28.251546], [-59.790406, -28.250795], [-59.790204, -28.104517], [-59.811046, -28.104616], [-59.811126, -28.001327], [-58.884005, -28.000001], [-58.893694, -28.035274], [-58.880822, -28.066825]]]}, "properties": {"id": "82049", "nombre": "General Obligado", "nombre_completo": "Departamento General Obligado", "provincia": {"id": "82", "nombre": "Santa Fe", "interseccion": 0.0}, "fuente": "IGN", "categoria": "Departamento", "centroide": {"lon": -59.526696399, "lat": -28.672536399}}}, {"type": "Feature", "geometry": {"type": "Polygon", "coordinates": [[[-60.492261, -28.000779], [-59.811126, -28.001327], [-59.811046, -28.104616], [-59.790204, -28.104517], [-59.790406, -28.250795], [-59.876277, -28.251546], [-59.878719, -28.33183], [-59.858297, -28.378554], [-59.798366, -28.379104], [-59.798458, -28.433814], [-59.765109, -28.455835], [-59.810923, -28.52794], [-59.818166, -28.563209], [-59.801168, -28.616487], [-59.817164, -28.624479], [-59.772794, -28.679389], [-59.792763, -28.69788], [-59.778582, -28.717252], [-59.804593, -28.757677], [-59.773459, -28.768581], [-59.749008, -28.813401], [-59.762284, -28.838344], [-59.96181, -28.807462], [-59.977955, -28.891668], [-60.019748, -28.886085], [-60.04201, -29.01168], [-59.999789, -29.017568], [-60.001057, -29.030526], [-59.988043, -29.032486], [-60.005179, -29.072647], [-60.116408, -29.047415], [-60.066113, -29.115964], [-60.061509, -29.141259], [-60.075702, -29.139111], [-60.035869, -29.191642], [-60.03621, -29.228515], [-60.017313, -29.242643], [-60.027321, -29.284871], [-60.01075, -29.303065], [-60.043907, -29.32605], [-60.081814, -29.380562], [-60.078261, -29.405512], [-60.100968, -29.434173], [-60.105286, -29.482983], [-60.082776, -29.53471], [-60.084969, -29.634638], [-60.061464, -29.65666], [-60.000072, -29.654705], [-59.998575, -29.773035], [-59.970557, -29.812709], [-59.910763, -29.800058], [-59.876829, -29.813034], [-59.874594, -29.833129], [-59.889492, -29.834235], [-59.926452, -29.915058], [-59.941396, -29.909299], [-59.960609, -29.936067], [-59.988926, -29.928756], [-60.020674, -29.951781], [-60.027786, -29.964301], [-60.017314, -29.975706], [-60.035527, -29.988201], [-60.045593, -30.02758], [-60.099188, -30.041263], [-60.097755, -30.070088], [-60.129076, -30.087987], [-60.116626, -30.121523], [-60.159521, -30.12007], [-60.13229, -30.134532], [-60.154073, -30.163424], [-60.185088, -30.158565], [-60.156643, -30.124144], [-60.199831, -30.120953], [-60.212132, -30.067661], [-60.289675, -30.029938], [-60.279628, -29.978878], [-60.720537, -29.910136], [-60.699319, -29.87534], [-60.708475, -29.861709], [-60.719088, -29.867352], [-60.744309, -29.807707], [-60.766441, -29.790353], [-60.764761, -29.754404], [-60.803125, -29.746422], [-60.817929, -29.765774], [-60.835193, -29.749266], [-60.82619, -29.737219], [-60.845244, -29.721301], [-60.84382, -29.701739], [-60.877411, -29.701043], [-60.911128, -29.673313], [-61.040459, -29.664613], [-61.038385, -29.653025], [-61.075407, -29.651227], [-61.082809, -29.635043], [-61.081435, -29.574173], [-60.898399, -28.582098], [-60.829865, -28.273558], [-60.748573, -28.221641], [-60.747744, -28.099319], [-60.644589, -28.100226], [-60.644429, -27.999792], [-60.492261, -28.000779]]]}, "properties": {"id": "82133", "nombre": "Vera", "nombre_completo": "Departamento Vera", "provincia": {"id": "82", "nombre": "Santa Fe", "interseccion": 0.0}, "fuente": "IGN", "categoria": "Departamento", "centroide": {"lon": -60.413667925, "lat": -28.970634515}}}, {"type": "Feature", "geometry": {"type": "Polygon", "coordinates": [[[-61.04639, -27.998001], [-60.644429, -27.999792], [-60.644589, -28.100226], [-60.747744, -28.099319], [-60.748573, -28.221641], [-60.829865, -28.273558], [-60.898399, -28.582098], [-61.081435, -29.574173], [-61.082809, -29.635043], [-61.103436, -29.619057], [-61.092724, -29.615159], [-61.104772, -29.607333], [-61.104666, -29.579949], [-61.122822, -29.567631], [-61.201707, -29.551972], [-61.193022, -29.544713], [-61.20216, -29.539993], [-61.236707, -29.545887], [-61.282401, -29.516354], [-61.353688, -29.839635], [-61.747212, -29.775347], [-61.906989, -29.778501], [-61.942139, -29.740619], [-61.927923, -29.662062], [-61.991675, -29.661599], [-61.712045, -27.998552], [-61.04639, -27.998001]]]}, "properties": {"id": "82077", "nombre": "9 de Julio", "nombre_completo": "Departamento 9 de Julio", "provincia": {"id": "82", "nombre": "Santa Fe", "interseccion": 0.0}, "fuente": "IGN", "categoria": "Departamento", "centroide": {"lon": -61.397994565, "lat": -28.848677677}}}, {"type": "Feature", "geometry": {"type": "Polygon", "coordinates": [[[-64.508559, -26.218028], [-64.49492, -26.219497], [-64.502102, -26.239475], [-64.481788, -26.307587], [-64.520252, -26.352379], [-64.534767, -26.410118], [-64.498582, -26.67359], [-64.58702, -26.657929], [-64.617889, -26.802693], [-64.672235, -26.794223], [-64.677708, -26.824977], [-64.707391, -26.82004], [-64.719839, -26.834564], [-64.724854, -26.867475], [-64.781247, -26.857897], [-64.778297, -26.844324], [-64.808404, -26.839807], [-64.805185, -26.82249], [-64.845996, -26.815032], [-64.852081, -26.840918], [-64.894047, -26.833004], [-64.879699, -26.773947], [-64.936881, -26.763517], [-64.947885, -26.806721], [-65.104678, -26.776863], [-65.099867, -26.755742], [-65.129903, -26.744098], [-65.157415, -26.756312], [-65.173136, -26.656429], [-65.191804, -26.640974], [-65.16542, -26.599382], [-65.171896, -26.578423], [-65.191423, -26.580735], [-65.191156, -26.553675], [-65.167333, -26.553633], [-65.140916, -26.507789], [-65.114446, -26.508748], [-65.103048, -26.400048], [-65.044727, -26.320317], [-65.037822, -26.29028], [-64.972518, -26.274381], [-64.950866, -26.306804], [-64.873443, -26.274922], [-64.845319, -26.238596], [-64.822772, -26.242688], [-64.790412, -26.223718], [-64.759069, -26.223986], [-64.732152, -26.241556], [-64.666498, -26.242699], [-64.62205, -26.224519], [-64.613729, -26.233423], [-64.579581, -26.218181], [-64.564152, -26.226925], [-64.508559, -26.218028]]]}, "properties": {"id": "90007", "nombre": "Burruyacú", "nombre_completo": "Departamento Burruyacú", "provincia": {"id": "90", "nombre": "Tucumán", "interseccion": 0.0}, "fuente": "IGN", "categoria": "Departamento", "centroide": {"lon": -64.819598113, "lat": -26.530548147}}}, {"type": "Feature", "geometry": {"type": "Polygon", "coordinates": [[[-60.830984, -31.820885], [-60.829571, -31.846952], [-60.840989, -31.853603], [-60.826259, -31.880928], [-60.762017, -31.869223], [-60.753015, -31.878071], [-60.731258, -31.865699], [-60.747598, -31.908525], [-60.720659, -31.985215], [-60.658081, -32.05072], [-60.658555, -32.080155], [-60.700382, -32.149769], [-60.672607, -32.232605], [-60.679018, -32.319529], [-60.718993, -32.334044], [-60.711617, -32.393055], [-60.723816, -32.456116], [-60.740784, -32.47699], [-60.792441, -32.49906], [-60.80204, -32.441938], [-60.821635, -32.4587], [-60.867643, -32.451598], [-60.896693, -32.467448], [-61.192769, -32.438832], [-61.495218, -32.38325], [-61.448043, -32.19996], [-61.391942, -32.210239], [-61.355358, -32.082715], [-61.378058, -31.989121], [-61.34776, -31.866572], [-61.392776, -31.857951], [-61.390017, -31.84665], [-61.354726, -31.829804], [-61.298309, -31.840136], [-61.300788, -31.831866], [-61.195946, -31.851804], [-61.183371, -31.882387], [-61.17021, -31.831338], [-60.993192, -31.86431], [-60.978236, -31.800252], [-60.853048, -31.821076], [-60.830458, -31.786314], [-60.819412, -31.792706], [-60.830984, -31.820885]]]}, "properties": {"id": "82105", "nombre": "San Jerónimo", "nombre_completo": "Departamento San Jerónimo", "provincia": {"id": "82", "nombre": "Santa Fe", "interseccion": 0.0}, "fuente": "IGN", "categoria": "Departamento", "centroide": {"lon": -61.048126578, "lat": -32.153771359}}}, {"type": "Feature", "geometry": {"type": "Polygon", "coordinates": [[[-63.385613, -35.455331], [-63.9385, -35.452205], [-63.934927, -35.007631], [-63.385734, -35.002218], [-63.385613, -35.455331]]]}, "properties": {"id": "42056", "nombre": "Chapaleufú", "nombre_completo": "Departamento Chapaleufú", "provincia": {"id": "42", "nombre": "La Pampa", "interseccion": 0.0}, "fuente": "IGN", "categoria": "Departamento", "centroide": {"lon": -63.660375066, "lat": -35.229893789}}}, {"type": "Feature", "geometry": {"type": "Polygon", "coordinates": [[[-63.385622, -35.455484], [-63.385445, -35.905471], [-63.940406, -35.90445], [-63.93738, -35.452207], [-63.385622, -35.455484]]]}, "properties": {"id": "42105", "nombre": "Maracó", "nombre_completo": "Departamento Maracó", "provincia": {"id": "42", "nombre": "La Pampa", "interseccion": 0.0}, "fuente": "IGN", "categoria": "Departamento", "centroide": {"lon": -63.662489965, "lat": -35.679616111}}}, {"type": "Feature", "geometry": {"type": "Polygon", "coordinates": [[[-63.9385, -35.452205], [-63.939771, -35.814017], [-64.4932, -35.810673], [-64.487673, -35.449911], [-63.9385, -35.452205]]]}, "properties": {"id": "42147", "nombre": "Trenel", "nombre_completo": "Departamento Trenel", "provincia": {"id": "42", "nombre": "La Pampa", "interseccion": 0.0}, "fuente": "IGN", "categoria": "Departamento", "centroide": {"lon": -64.214376626, "lat": -35.631875013}}}, {"type": "Feature", "geometry": {"type": "Polygon", "coordinates": [[[-60.518392, -27.464764], [-60.467814, -27.465212], [-60.469169, -27.645922], [-60.523295, -27.645628], [-60.521903, -27.737226], [-60.215359, -27.738101], [-60.2156, -28.000696], [-60.909115, -27.998339], [-60.908656, -27.793855], [-61.013663, -27.794093], [-61.02235, -27.478218], [-60.997282, -27.478115], [-60.997165, -27.400119], [-60.909425, -27.399847], [-60.909284, -27.460028], [-60.518392, -27.464764]]]}, "properties": {"id": "22098", "nombre": "Mayor Luis J. Fontana", "nombre_completo": "Departamento Mayor Luis J. Fontana", "provincia": {"id": "22", "nombre": "Chaco", "interseccion": 0.0}, "fuente": "IGN", "categoria": "Departamento", "centroide": {"lon": -60.656712882, "lat": -27.74296161}}}, {"type": "Feature", "geometry": {"type": "Polygon", "coordinates": [[[-61.641895, -25.466788], [-61.393659, -25.469501], [-61.393833, -25.560392], [-61.193568, -25.563501], [-61.203582, -26.109012], [-60.799787, -26.11488], [-60.804517, -26.419904], [-60.788819, -26.425505], [-60.900185, -26.676846], [-60.930051, -26.661774], [-61.712471, -26.653567], [-61.711816, -25.654744], [-63.422412, -25.64922], [-62.715775, -24.830897], [-62.218558, -24.830108], [-62.218558, -25.466682], [-61.641895, -25.466788]]]}, "properties": {"id": "22007", "nombre": "Almirante Brown", "nombre_completo": "Departamento Almirante Brown", "provincia": {"id": "22", "nombre": "Chaco", "interseccion": 0.0}, "fuente": "IGN", "categoria": "Departamento", "centroide": {"lon": -61.958981362, "lat": -25.74521191}}}, {"type": "Feature", "geometry": {"type": "Polygon", "coordinates": [[[-60.09926, -26.122378], [-60.101138, -26.302762], [-60.201476, -26.301856], [-60.205496, -26.632496], [-60.804517, -26.419904], [-60.799787, -26.11488], [-60.09926, -26.122378]]]}, "properties": {"id": "22091", "nombre": "Maipú", "nombre_completo": "Departamento Maipú", "provincia": {"id": "22", "nombre": "Chaco", "interseccion": 0.0}, "fuente": "IGN", "categoria": "Departamento", "centroide": {"lon": -60.454643978, "lat": -26.319009989}}}, {"type": "Feature", "geometry": {"type": "Polygon", "coordinates": [[[-61.33222, -26.658346], [-61.335665, -26.839113], [-61.189714, -26.840672], [-61.215135, -26.870445], [-60.817034, -27.142401], [-60.817973, -27.198177], [-60.844518, -27.180072], [-60.905856, -27.252031], [-60.819882, -27.309903], [-60.820737, -27.366329], [-61.7125, -26.755076], [-61.712471, -26.653567], [-61.33222, -26.658346]]]}, "properties": {"id": "22105", "nombre": "9 de Julio", "nombre_completo": "Departamento 9 de Julio", "provincia": {"id": "22", "nombre": "Chaco", "interseccion": 0.0}, "fuente": "IGN", "categoria": "Departamento", "centroide": {"lon": -61.264612522, "lat": -26.943638302}}}, {"type": "Feature", "geometry": {"type": "Polygon", "coordinates": [[[-63.943343, -36.35557], [-63.385555, -36.356316], [-63.385171, -36.807848], [-63.945801, -36.806208], [-63.943343, -36.35557]]]}, "properties": {"id": "42028", "nombre": "Catriló", "nombre_completo": "Departamento Catriló", "provincia": {"id": "42", "nombre": "La Pampa", "interseccion": 0.0}, "fuente": "IGN", "categoria": "Departamento", "centroide": {"lon": -63.664868534, "lat": -36.581670209}}}, {"type": "Feature", "geometry": {"type": "Polygon", "coordinates": [[[-58.893877, -31.214215], [-58.781084, -31.270966], [-58.68439, -31.301264], [-58.638022, -31.381299], [-58.627712, -31.367561], [-58.58577, -31.392155], [-58.565884, -31.444289], [-58.51233, -31.470527], [-58.526762, -31.50225], [-58.518108, -31.555274], [-58.558162, -31.618664], [-58.585055, -31.624742], [-58.590461, -31.639699], [-58.59833, -31.711916], [-58.586731, -31.71404], [-58.603566, -31.770008], [-58.657026, -31.833677], [-58.722738, -31.823949], [-58.742734, -31.921089], [-58.723691, -31.969719], [-58.773108, -32.01457], [-58.86081, -32.026687], [-58.870935, -32.046695], [-58.917712, -32.065713], [-58.96787, -32.05199], [-59.003156, -32.083612], [-59.06571, -32.068325], [-59.059237, -32.052823], [-59.069577, -32.050299], [-59.064596, -32.032964], [-59.080793, -32.028083], [-59.071813, -32.002326], [-59.08035, -31.9912], [-59.151231, -31.985556], [-59.177463, -31.959365], [-59.213673, -31.953437], [-59.273643, -31.91417], [-59.401673, -31.934119], [-59.439503, -31.970575], [-59.486168, -31.949904], [-59.518399, -31.961043], [-59.571991, -31.95567], [-59.534421, -31.924866], [-59.611931, -31.869048], [-59.613332, -31.838143], [-59.580412, -31.784954], [-59.59395, -31.753222], [-59.57203, -31.720318], [-59.520479, -31.692031], [-59.502204, -31.631213], [-59.520193, -31.613117], [-59.565097, -31.622782], [-59.582289, -31.603141], [-59.573124, -31.473132], [-59.234777, -31.267693], [-59.172727, -31.350013], [-59.148149, -31.413759], [-59.094265, -31.45515], [-59.065383, -31.412477], [-59.070275, -31.409705], [-59.074339, -31.403486], [-59.044626, -31.393581], [-59.052169, -31.378982], [-59.034473, -31.376133], [-59.045927, -31.36718], [-59.034891, -31.349167], [-59.010572, -31.339061], [-59.018196, -31.325074], [-58.990812, -31.295424], [-58.998034, -31.288333], [-58.971275, -31.271719], [-58.975331, -31.256894], [-58.893877, -31.214215]]]}, "properties": {"id": "30113", "nombre": "Villaguay", "nombre_completo": "Departamento Villaguay", "provincia": {"id": "30", "nombre": "Entre Ríos", "interseccion": 0.0}, "fuente": "IGN", "categoria": "Departamento", "centroide": {"lon": -59.05947081, "lat": -31.647738896}}}, {"type": "Feature", "geometry": {"type": "Polygon", "coordinates": [[[-61.53188, -35.378576], [-61.288021, -35.572824], [-61.272599, -35.560077], [-61.031898, -35.765554], [-61.101731, -35.824756], [-61.035297, -35.876663], [-61.269755, -36.071098], [-61.333186, -36.021412], [-61.393404, -36.071812], [-61.560046, -35.942756], [-61.543683, -35.928989], [-61.636117, -35.852744], [-61.502767, -35.745416], [-61.601187, -35.664503], [-61.574373, -35.643079], [-61.724739, -35.537384], [-61.53188, -35.378576]]]}, "properties": {"id": "06147", "nombre": "Carlos Casares", "nombre_completo": "Partido de Carlos Casares", "provincia": {"id": "06", "nombre": "Buenos Aires", "interseccion": 0.0}, "fuente": "IGN", "categoria": "Partido", "centroide": {"lon": -61.374377787, "lat": -35.749922214}}}, {"type": "Feature", "geometry": {"type": "Polygon", "coordinates": [[[-60.904151, -34.810719], [-60.849248, -34.763019], [-60.723956, -34.861231], [-60.847692, -34.968081], [-60.754227, -35.041402], [-60.984631, -35.2466], [-61.062511, -35.186779], [-61.155019, -35.264171], [-61.278178, -35.165851], [-61.300941, -35.185202], [-61.419742, -35.087908], [-61.127689, -34.847407], [-61.182368, -34.802214], [-61.048176, -34.692906], [-60.904151, -34.810719]]]}, "properties": {"id": "06385", "nombre": "General Viamonte", "nombre_completo": "Partido de General Viamonte", "provincia": {"id": "06", "nombre": "Buenos Aires", "interseccion": 0.0}, "fuente": "IGN", "categoria": "Partido", "centroide": {"lon": -61.049657234, "lat": -34.997778891}}}, {"type": "Feature", "geometry": {"type": "Polygon", "coordinates": [[[-62.396424, -35.071756], [-62.285185, -35.163819], [-62.270612, -35.151768], [-62.224186, -35.189879], [-62.210043, -35.201858], [-62.225018, -35.214139], [-61.906309, -35.485611], [-61.988144, -35.552205], [-62.050169, -35.501227], [-62.129988, -35.56537], [-62.098286, -35.591606], [-62.338553, -35.784075], [-62.69389, -35.49264], [-62.685257, -35.485626], [-62.777689, -35.408695], [-62.803814, -35.429501], [-62.873097, -35.371607], [-62.846541, -35.350452], [-62.893164, -35.311318], [-62.864144, -35.288502], [-62.899558, -35.259279], [-62.707517, -35.101156], [-62.676893, -35.126607], [-62.657181, -35.110819], [-62.68835, -35.085097], [-62.610627, -35.022719], [-62.548554, -35.073872], [-62.471445, -35.010657], [-62.396424, -35.071756]]]}, "properties": {"id": "06154", "nombre": "Carlos Tejedor", "nombre_completo": "Partido de Carlos Tejedor", "provincia": {"id": "06", "nombre": "Buenos Aires", "interseccion": 0.0}, "fuente": "IGN", "categoria": "Partido", "centroide": {"lon": -62.429789579, "lat": -35.379744937}}}, {"type": "Feature", "geometry": {"type": "Polygon", "coordinates": [[[-62.483588, -35.665722], [-62.338416, -35.784199], [-62.431086, -35.858839], [-62.082437, -36.152301], [-62.607583, -36.561423], [-62.625748, -36.50236], [-63.20373, -36.033076], [-62.623811, -35.550743], [-62.483588, -35.665722]]]}, "properties": {"id": "06826", "nombre": "Trenque Lauquen", "nombre_completo": "Partido de Trenque Lauquen", "provincia": {"id": "06", "nombre": "Buenos Aires", "interseccion": 0.0}, "fuente": "IGN", "categoria": "Partido", "centroide": {"lon": -62.635079783, "lat": -36.056766272}}}, {"type": "Feature", "geometry": {"type": "Polygon", "coordinates": [[[-59.034365, -35.564892], [-59.003031, -35.594943], [-58.973941, -35.58998], [-58.947424, -35.62297], [-58.903755, -35.605515], [-58.907598, -35.594087], [-58.881857, -35.593128], [-58.888299, -35.621122], [-58.876571, -35.640096], [-58.839198, -35.656305], [-58.843138, -35.681851], [-58.787997, -35.700971], [-58.761715, -35.756635], [-58.716016, -35.721729], [-58.661706, -35.724581], [-58.658104, -35.744163], [-58.629061, -35.751081], [-58.608627, -35.741114], [-58.54136, -35.746301], [-58.52453, -35.722479], [-58.501696, -35.753329], [-58.486944, -35.707434], [-58.465251, -35.685385], [-58.438388, -35.709143], [-58.453639, -35.769544], [-58.41757, -35.790222], [-58.41355, -35.814737], [-58.342751, -35.843587], [-58.336947, -35.862761], [-58.282355, -35.860639], [-58.571854, -36.120966], [-58.749021, -35.98472], [-58.729174, -35.967546], [-58.891825, -35.840171], [-58.90058, -35.847452], [-58.956746, -35.803191], [-58.974425, -35.816928], [-59.142051, -35.665715], [-59.142533, -35.625372], [-59.081544, -35.616297], [-59.080043, -35.60683], [-59.036087, -35.611699], [-59.025423, -35.580258], [-59.034365, -35.564892]]]}, "properties": {"id": "06301", "nombre": "General Belgrano", "nombre_completo": "Partido de General Belgrano", "provincia": {"id": "06", "nombre": "Buenos Aires", "interseccion": 0.0}, "fuente": "IGN", "categoria": "Partido", "centroide": {"lon": -58.698079969, "lat": -35.834662347}}}, {"type": "Feature", "geometry": {"type": "Polygon", "coordinates": [[[-58.770864, -35.273906], [-58.746748, -35.252702], [-58.678324, -35.304472], [-58.707434, -35.335093], [-58.674154, -35.360382], [-58.663133, -35.354955], [-58.470486, -35.511942], [-58.568715, -35.595902], [-58.499362, -35.645138], [-58.486524, -35.706937], [-58.500711, -35.752867], [-58.52453, -35.722479], [-58.54136, -35.746301], [-58.608627, -35.741114], [-58.629061, -35.751081], [-58.658104, -35.744163], [-58.661706, -35.724581], [-58.716016, -35.721729], [-58.765181, -35.75542], [-58.787997, -35.700971], [-58.843138, -35.681851], [-58.839198, -35.656305], [-58.876571, -35.640096], [-58.888299, -35.621122], [-58.881857, -35.593128], [-58.907598, -35.594087], [-58.903154, -35.605009], [-58.93681, -35.623425], [-58.957965, -35.617169], [-58.973941, -35.58998], [-59.00788, -35.591687], [-59.050381, -35.541627], [-59.01085, -35.509894], [-59.009343, -35.479711], [-59.105369, -35.426747], [-59.120581, -35.430708], [-59.02541, -35.352275], [-59.005844, -35.366918], [-58.9795, -35.342344], [-58.925107, -35.341701], [-58.811792, -35.242378], [-58.770864, -35.273906]]]}, "properties": {"id": "06547", "nombre": "Monte", "nombre_completo": "Partido de Monte", "provincia": {"id": "06", "nombre": "Buenos Aires", "interseccion": 0.0}, "fuente": "IGN", "categoria": "Partido", "centroide": {"lon": -58.767235838, "lat": -35.509826758}}}, {"type": "Feature", "geometry": {"type": "Polygon", "coordinates": [[[-59.492161, -35.289482], [-59.480334, -35.287301], [-59.468508, -35.307371], [-59.462413, -35.298735], [-59.44177, -35.308122], [-59.393378, -35.290948], [-59.38007, -35.333449], [-59.322086, -35.359155], [-59.322525, -35.374677], [-59.29714, -35.364167], [-59.26286, -35.390682], [-59.167243, -35.405904], [-59.16395, -35.420978], [-59.128302, -35.436353], [-59.105369, -35.426747], [-59.009343, -35.479711], [-59.01085, -35.509894], [-59.050381, -35.541627], [-59.026825, -35.575439], [-59.031524, -35.605593], [-59.143014, -35.625621], [-59.131081, -35.698178], [-59.174878, -35.712006], [-59.181445, -35.755506], [-59.41261, -35.586127], [-59.349668, -35.529441], [-59.376959, -35.536879], [-59.495521, -35.493084], [-59.524477, -35.456402], [-59.599757, -35.462708], [-59.620522, -35.45138], [-59.647722, -35.469241], [-59.775005, -35.478474], [-59.768671, -35.451043], [-59.825442, -35.407354], [-59.755477, -35.346744], [-59.712899, -35.378775], [-59.642508, -35.31661], [-59.585763, -35.35996], [-59.506062, -35.289257], [-59.492161, -35.289482]]]}, "properties": {"id": "06693", "nombre": "Roque Pérez", "nombre_completo": "Partido de Roque Pérez", "provincia": {"id": "06", "nombre": "Buenos Aires", "interseccion": 0.0}, "fuente": "IGN", "categoria": "Partido", "centroide": {"lon": -59.357511816, "lat": -35.481635701}}}, {"type": "Feature", "geometry": {"type": "Polygon", "coordinates": [[[-60.574846, -36.393908], [-60.532234, -36.412521], [-60.438413, -36.497765], [-60.478052, -36.529731], [-60.326504, -36.652525], [-60.285566, -36.619947], [-60.001358, -36.835483], [-60.0212, -36.852589], [-60.007507, -36.863523], [-60.02806, -36.880006], [-60.01256, -36.89103], [-60.032893, -36.907997], [-60.023421, -36.915576], [-60.106737, -36.980813], [-60.0959, -36.989142], [-60.116131, -37.00657], [-60.103647, -37.016073], [-60.122854, -37.034309], [-60.113037, -37.041642], [-60.145209, -37.081183], [-60.126382, -37.096824], [-60.277468, -37.249489], [-60.437154, -37.376819], [-60.625668, -37.232197], [-60.731738, -37.140234], [-60.715959, -37.128268], [-60.814527, -37.051239], [-61.010956, -37.203526], [-61.423479, -36.864583], [-60.896234, -36.451336], [-60.87544, -36.467829], [-60.762831, -36.378607], [-60.728799, -36.402691], [-60.649975, -36.342881], [-60.574846, -36.393908]]]}, "properties": {"id": "06595", "nombre": "Olavarría", "nombre_completo": "Partido de Olavarría", "provincia": {"id": "06", "nombre": "Buenos Aires", "interseccion": 0.0}, "fuente": "IGN", "categoria": "Partido", "centroide": {"lon": -60.670205401, "lat": -36.857634046}}}, {"type": "Feature", "geometry": {"type": "Polygon", "coordinates": [[[-59.730865, -34.257214], [-59.692234, -34.287045], [-59.67533, -34.404053], [-59.767615, -34.452814], [-59.735111, -34.477819], [-59.768409, -34.507296], [-59.754652, -34.518088], [-59.884567, -34.61943], [-59.933201, -34.581257], [-59.909312, -34.561197], [-59.930307, -34.543513], [-59.974745, -34.510428], [-60.014713, -34.546899], [-60.098044, -34.482932], [-60.083631, -34.469779], [-60.142578, -34.418799], [-60.08409, -34.367516], [-60.06503, -34.382654], [-59.970835, -34.286477], [-59.895237, -34.236438], [-59.873943, -34.264301], [-59.78158, -34.219316], [-59.730865, -34.257214]]]}, "properties": {"id": "06161", "nombre": "Carmen de Areco", "nombre_completo": "Partido de Carmen de Areco", "provincia": {"id": "06", "nombre": "Buenos Aires", "interseccion": 0.0}, "fuente": "IGN", "categoria": "Partido", "centroide": {"lon": -59.884413488, "lat": -34.406797788}}}, {"type": "Feature", "geometry": {"type": "Polygon", "coordinates": [[[-62.847299, -36.32229], [-62.625748, -36.50236], [-62.607583, -36.561423], [-62.816036, -36.731947], [-63.127556, -36.479504], [-63.048637, -36.415414], [-63.067976, -36.399478], [-63.028399, -36.368805], [-63.03995, -36.359075], [-62.959267, -36.296075], [-62.978901, -36.280138], [-62.939748, -36.248841], [-62.847299, -36.32229]]]}, "properties": {"id": "06847", "nombre": "Tres Lomas", "nombre_completo": "Partido de Tres Lomas", "provincia": {"id": "06", "nombre": "Buenos Aires", "interseccion": 0.0}, "fuente": "IGN", "categoria": "Partido", "centroide": {"lon": -62.863907773, "lat": -36.497100216}}}, {"type": "Feature", "geometry": {"type": "Polygon", "coordinates": [[[-61.246724, -34.668183], [-61.204736, -34.702486], [-61.222551, -34.717368], [-61.151165, -34.777206], [-61.182368, -34.802214], [-61.127689, -34.847407], [-61.419742, -35.087908], [-61.300941, -35.185202], [-61.783275, -35.585449], [-62.149282, -35.28393], [-62.225018, -35.214139], [-62.210043, -35.201858], [-62.270612, -35.151768], [-62.166223, -35.067128], [-62.185372, -35.0507], [-61.9832, -34.886031], [-61.902716, -34.952754], [-61.673472, -34.760952], [-61.772899, -34.676405], [-61.711613, -34.628025], [-61.644585, -34.683654], [-61.611618, -34.656699], [-61.597606, -34.668713], [-61.516405, -34.603201], [-61.436411, -34.671162], [-61.338484, -34.592169], [-61.246724, -34.668183]]]}, "properties": {"id": "06469", "nombre": "Lincoln", "nombre_completo": "Partido de Lincoln", "provincia": {"id": "06", "nombre": "Buenos Aires", "interseccion": 0.0}, "fuente": "IGN", "categoria": "Partido", "centroide": {"lon": -61.682458385, "lat": -35.07044797}}}, {"type": "Feature", "geometry": {"type": "Polygon", "coordinates": [[[-60.176909, -37.194632], [-59.986742, -37.339941], [-60.037934, -37.381122], [-59.953258, -37.447512], [-59.860615, -37.371197], [-59.880288, -37.355942], [-59.826494, -37.31093], [-59.811552, -37.256322], [-59.779743, -37.238388], [-59.225977, -37.650843], [-59.307039, -37.720292], [-59.383349, -37.758604], [-59.676459, -37.999683], [-59.673675, -37.979546], [-59.718345, -37.955978], [-59.754686, -37.914126], [-59.936614, -37.794446], [-60.018164, -37.860745], [-60.060497, -37.828231], [-60.089129, -37.851671], [-60.261959, -37.728752], [-60.323435, -37.776369], [-60.424207, -37.697668], [-60.378022, -37.662685], [-60.46588, -37.590272], [-60.349195, -37.496044], [-60.502677, -37.3735], [-60.471735, -37.349229], [-60.437154, -37.376819], [-60.200584, -37.178043], [-60.176909, -37.194632]]]}, "properties": {"id": "06084", "nombre": "Benito Juárez", "nombre_completo": "Partido de Benito Juárez", "provincia": {"id": "06", "nombre": "Buenos Aires", "interseccion": 0.0}, "fuente": "IGN", "categoria": "Partido", "centroide": {"lon": -59.888397841, "lat": -37.586110706}}}, {"type": "Feature", "geometry": {"type": "Polygon", "coordinates": [[[-60.906517, -33.887309], [-61.062694, -34.039381], [-61.175017, -34.095284], [-61.209891, -34.125642], [-61.331409, -34.025678], [-60.934033, -33.654727], [-60.910431, -33.580894], [-60.810809, -33.674801], [-60.901024, -33.749352], [-60.861294, -33.780965], [-60.942796, -33.85686], [-60.906517, -33.887309]]]}, "properties": {"id": "06175", "nombre": "Colón", "nombre_completo": "Partido de Colón", "provincia": {"id": "06", "nombre": "Buenos Aires", "interseccion": 0.0}, "fuente": "IGN", "categoria": "Partido", "centroide": {"lon": -61.062483729, "lat": -33.885864544}}}, {"type": "Feature", "geometry": {"type": "Polygon", "coordinates": [[[-62.064821, -26.789884], [-62.06466, -26.809429], [-61.712556, -26.809114], [-61.711901, -27.797181], [-62.231422, -27.790473], [-62.231979, -27.819882], [-62.570571, -27.817611], [-62.57026, -27.799251], [-62.674439, -27.798176], [-62.674182, -27.820274], [-62.884297, -27.819759], [-62.884342, -27.777603], [-62.948176, -27.775262], [-62.948568, -27.751464], [-63.223496, -27.728033], [-63.228549, -27.699945], [-63.217321, -27.701997], [-63.183905, -27.547459], [-63.241607, -27.536506], [-63.232424, -27.500053], [-63.262946, -27.496752], [-63.252181, -27.443445], [-63.20253, -27.439029], [-63.208, -27.321496], [-63.255199, -27.312091], [-63.222201, -27.149493], [-63.257244, -27.149558], [-63.257011, -27.108592], [-63.240822, -27.108496], [-63.241213, -27.030684], [-63.231172, -27.030701], [-63.231122, -27.006595], [-63.240743, -27.006579], [-63.234064, -26.878067], [-63.21178, -26.878102], [-63.211851, -26.841756], [-63.233432, -26.841722], [-63.233593, -26.794241], [-62.929303, -26.793736], [-62.928476, -26.820257], [-62.504024, -26.83267], [-62.504222, -26.787217], [-62.064821, -26.789884]]]}, "properties": {"id": "86119", "nombre": "Moreno", "nombre_completo": "Departamento Moreno", "provincia": {"id": "86", "nombre": "Santiago del Estero", "interseccion": 0.0}, "fuente": "IGN", "categoria": "Departamento", "centroide": {"lon": -62.463902654, "lat": -27.298200656}}}, {"type": "Feature", "geometry": {"type": "Polygon", "coordinates": [[[-61.226524, -27.089848], [-60.820796, -27.370182], [-60.909425, -27.399847], [-60.997165, -27.400119], [-60.997214, -27.417701], [-61.712679, -26.928197], [-61.7125, -26.755076], [-61.226524, -27.089848]]]}, "properties": {"id": "22028", "nombre": "Chacabuco", "nombre_completo": "Departamento Chacabuco", "provincia": {"id": "22", "nombre": "Chaco", "interseccion": 0.0}, "fuente": "IGN", "categoria": "Departamento", "centroide": {"lon": -61.308834951, "lat": -27.115350264}}}, {"type": "Feature", "geometry": {"type": "Polygon", "coordinates": [[[-58.427186, -37.500668], [-58.354633, -37.439849], [-58.282658, -37.492092], [-58.16358, -37.38824], [-57.733569, -37.697775], [-58.255909, -38.130861], [-58.591233, -37.877994], [-58.507343, -37.805742], [-58.809127, -37.578725], [-58.577112, -37.383977], [-58.427186, -37.500668]]]}, "properties": {"id": "06063", "nombre": "Balcarce", "nombre_completo": "Partido de Balcarce", "provincia": {"id": "06", "nombre": "Buenos Aires", "interseccion": 0.0}, "fuente": "IGN", "categoria": "Partido", "centroide": {"lon": -58.271747562, "lat": -37.714619808}}}, {"type": "Feature", "geometry": {"type": "Polygon", "coordinates": [[[-61.455948, -36.047068], [-61.436136, -36.039237], [-61.393404, -36.071812], [-61.333186, -36.021412], [-61.269755, -36.071098], [-61.439692, -36.214419], [-61.406099, -36.240961], [-61.763409, -36.524946], [-61.912066, -36.385782], [-61.954532, -36.404129], [-62.048248, -36.325905], [-62.014961, -36.300641], [-61.974442, -36.333632], [-61.944325, -36.314924], [-61.921176, -36.288428], [-61.944752, -36.268559], [-61.772554, -36.138559], [-61.742437, -36.16208], [-61.702618, -36.129266], [-61.689081, -36.14031], [-61.616375, -36.091585], [-61.596724, -36.107283], [-61.491487, -36.019098], [-61.455948, -36.047068]]]}, "properties": {"id": "06406", "nombre": "Hipólito Yrigoyen", "nombre_completo": "Partido de Hipólito Yrigoyen", "provincia": {"id": "06", "nombre": "Buenos Aires", "interseccion": 0.0}, "fuente": "IGN", "categoria": "Partido", "centroide": {"lon": -61.660187626, "lat": -36.259189021}}}, {"type": "Feature", "geometry": {"type": "Polygon", "coordinates": [[[-61.021952, -27.538984], [-61.019432, -27.634928], [-61.129842, -27.635325], [-61.129482, -27.705472], [-61.240527, -27.705559], [-61.240145, -27.794178], [-61.568326, -27.794833], [-61.571168, -27.480193], [-61.02235, -27.478218], [-61.021952, -27.538984]]]}, "properties": {"id": "22039", "nombre": "2 de Abril", "nombre_completo": "Departamento 2 de Abril", "provincia": {"id": "22", "nombre": "Chaco", "interseccion": 0.0}, "fuente": "IGN", "categoria": "Departamento", "centroide": {"lon": -61.328951956, "lat": -27.619855156}}}, {"type": "Feature", "geometry": {"type": "Polygon", "coordinates": [[[-64.581785, -35.011527], [-64.480943, -35.011517], [-64.4932, -35.810673], [-65.107583, -35.801212], [-65.106759, -35.01533], [-64.581785, -35.011527]]]}, "properties": {"id": "42126", "nombre": "Rancul", "nombre_completo": "Departamento Rancul", "provincia": {"id": "42", "nombre": "La Pampa", "interseccion": 0.0}, "fuente": "IGN", "categoria": "Departamento", "centroide": {"lon": -64.79620577, "lat": -35.408324405}}}, {"type": "Feature", "geometry": {"type": "Polygon", "coordinates": [[[-63.952545, -36.806188], [-63.385171, -36.807848], [-63.38534, -37.258935], [-64.174235, -37.25687], [-64.169899, -36.805552], [-63.952545, -36.806188]]]}, "properties": {"id": "42007", "nombre": "Atreucó", "nombre_completo": "Departamento Atreucó", "provincia": {"id": "42", "nombre": "La Pampa", "interseccion": 0.0}, "fuente": "IGN", "categoria": "Departamento", "centroide": {"lon": -63.778884953, "lat": -37.032494404}}}, {"type": "Feature", "geometry": {"type": "Polygon", "coordinates": [[[-63.385486, -37.707647], [-64.180216, -37.707772], [-64.174235, -37.25687], [-63.38534, -37.258935], [-63.385486, -37.707647]]]}, "properties": {"id": "42070", "nombre": "Guatraché", "nombre_completo": "Departamento Guatraché", "provincia": {"id": "42", "nombre": "La Pampa", "interseccion": 0.0}, "fuente": "IGN", "categoria": "Departamento", "centroide": {"lon": -63.78130813, "lat": -37.483647147}}}, {"type": "Feature", "geometry": {"type": "Polygon", "coordinates": [[[-64.4932, -35.810673], [-63.939771, -35.814017], [-63.942909, -36.265613], [-65.056547, -36.254714], [-65.050417, -35.980454], [-65.107769, -35.979113], [-65.107583, -35.801212], [-64.4932, -35.810673]]]}, "properties": {"id": "42035", "nombre": "Conhelo", "nombre_completo": "Departamento Conhelo", "provincia": {"id": "42", "nombre": "La Pampa", "interseccion": 0.0}, "fuente": "IGN", "categoria": "Departamento", "centroide": {"lon": -64.50864922, "lat": -36.032004391}}}, {"type": "Feature", "geometry": {"type": "Polygon", "coordinates": [[[-64.499617, -36.260164], [-64.505383, -36.622327], [-64.356967, -36.624948], [-64.28265, -36.686817], [-64.282981, -36.715189], [-64.170455, -36.716355], [-64.172098, -36.986759], [-65.071335, -36.977222], [-65.056547, -36.254714], [-64.499617, -36.260164]]]}, "properties": {"id": "42140", "nombre": "Toay", "nombre_completo": "Departamento Toay", "provincia": {"id": "42", "nombre": "La Pampa", "interseccion": 0.0}, "fuente": "IGN", "categoria": "Departamento", "centroide": {"lon": -64.692211015, "lat": -36.662162153}}}, {"type": "Feature", "geometry": {"type": "Polygon", "coordinates": [[[-61.516292, -33.405622], [-61.470455, -33.380616], [-61.452371, -33.404411], [-61.382702, -33.366514], [-61.347199, -33.413215], [-61.416516, -33.45054], [-61.125074, -33.833905], [-61.719753, -34.385555], [-62.883909, -34.38655], [-62.131135, -33.397569], [-62.016028, -33.417706], [-62.013616, -33.407963], [-61.98223, -33.413761], [-61.979376, -33.402788], [-61.927967, -33.411744], [-61.969436, -33.433803], [-61.910255, -33.511215], [-61.674763, -33.37764], [-61.70371, -33.338592], [-61.607372, -33.286881], [-61.516292, -33.405622]]]}, "properties": {"id": "82042", "nombre": "General López", "nombre_completo": "Departamento General López", "provincia": {"id": "82", "nombre": "Santa Fe", "interseccion": 0.0}, "fuente": "IGN", "categoria": "Departamento", "centroide": {"lon": -61.939680212, "lat": -33.922189821}}}, {"type": "Feature", "geometry": {"type": "Polygon", "coordinates": [[[-61.513148, -34.332828], [-61.471675, -34.307407], [-61.433344, -34.339902], [-61.395408, -34.373502], [-61.416972, -34.392317], [-61.329167, -34.453145], [-61.355509, -34.473947], [-61.275199, -34.541214], [-61.436411, -34.671162], [-61.516405, -34.603201], [-61.597606, -34.668713], [-61.611618, -34.656699], [-61.644585, -34.683654], [-61.769608, -34.576422], [-61.84537, -34.637413], [-61.983941, -34.518249], [-61.81615, -34.385601], [-61.719753, -34.385555], [-61.648388, -34.319473], [-61.610784, -34.352721], [-61.549084, -34.303386], [-61.513148, -34.332828]]]}, "properties": {"id": "06462", "nombre": "Leandro N. Alem", "nombre_completo": "Partido de Leandro N. Alem", "provincia": {"id": "06", "nombre": "Buenos Aires", "interseccion": 0.0}, "fuente": "IGN", "categoria": "Partido", "centroide": {"lon": -61.612587474, "lat": -34.49856528}}}, {"type": "Feature", "geometry": {"type": "Polygon", "coordinates": [[[-64.32582, -31.799348], [-64.315097, -31.802406], [-64.31553, -31.832902], [-64.286469, -31.832404], [-64.288253, -31.949969], [-64.274768, -31.944975], [-64.274289, -31.912658], [-64.223441, -31.912441], [-64.277539, -32.141073], [-64.263722, -32.158587], [-64.293957, -32.188195], [-64.293479, -32.31822], [-64.245641, -32.326942], [-64.24569, -32.39011], [-64.32199, -32.37637], [-64.324948, -32.398812], [-64.426096, -32.379883], [-64.448503, -32.466962], [-64.45907, -32.481558], [-64.487503, -32.476552], [-64.526789, -32.6177], [-64.550088, -32.63082], [-64.594496, -32.616848], [-64.663192, -32.632053], [-64.889945, -32.579575], [-64.882874, -32.529721], [-64.919151, -32.483788], [-64.929844, -32.42325], [-64.923332, -32.32779], [-64.941407, -32.298344], [-64.9528, -32.308596], [-64.961366, -32.281971], [-64.928818, -31.909292], [-64.89494, -31.906931], [-64.834533, -31.865261], [-64.760439, -31.866575], [-64.732768, -31.886248], [-64.731191, -31.877181], [-64.713744, -31.888474], [-64.691477, -31.880335], [-64.65357, -31.895567], [-64.639228, -31.884624], [-64.634255, -31.896946], [-64.609143, -31.896601], [-64.582164, -31.878414], [-64.547318, -31.88088], [-64.552719, -31.868763], [-64.527435, -31.852062], [-64.530495, -31.83315], [-64.51535, -31.81613], [-64.501628, -31.831281], [-64.49427, -31.823193], [-64.495166, -31.846626], [-64.483441, -31.851196], [-64.474346, -31.837269], [-64.459091, -31.852548], [-64.432131, -31.84], [-64.426511, -31.857202], [-64.405386, -31.837297], [-64.378596, -31.845669], [-64.37018, -31.817478], [-64.355865, -31.823437], [-64.329775, -31.791364], [-64.32582, -31.799348]]]}, "properties": {"id": "14007", "nombre": "Calamuchita", "nombre_completo": "Departamento Calamuchita", "provincia": {"id": "14", "nombre": "Córdoba", "interseccion": 0.0}, "fuente": "IGN", "categoria": "Departamento", "centroide": {"lon": -64.615172561, "lat": -32.202059131}}}, {"type": "Feature", "geometry": {"type": "Polygon", "coordinates": [[[-65.129699, -26.748428], [-65.099867, -26.755742], [-65.104678, -26.776863], [-64.947885, -26.806721], [-64.936881, -26.763517], [-64.879699, -26.773947], [-64.894047, -26.833004], [-64.852081, -26.840918], [-64.845996, -26.815032], [-64.805185, -26.82249], [-64.808404, -26.839807], [-64.778297, -26.844324], [-64.781247, -26.857897], [-64.724854, -26.867475], [-64.719839, -26.834564], [-64.71047, -26.836166], [-64.742586, -27.00441], [-64.766864, -27.014813], [-64.781173, -27.076613], [-65.046546, -27.015125], [-65.049651, -27.029449], [-65.119073, -27.016216], [-65.121313, -27.025949], [-65.246031, -26.997526], [-65.21467, -26.95114], [-65.208076, -26.893121], [-65.159546, -26.814934], [-65.162136, -26.762963], [-65.129699, -26.748428]]]}, "properties": {"id": "90014", "nombre": "Cruz Alta", "nombre_completo": "Departamento Cruz Alta", "provincia": {"id": "90", "nombre": "Tucumán", "interseccion": 0.0}, "fuente": "IGN", "categoria": "Departamento", "centroide": {"lon": -64.973864227, "lat": -26.918003685}}}, {"type": "Feature", "geometry": {"type": "Polygon", "coordinates": [[[-60.992447, -26.823246], [-60.992731, -26.841964], [-61.008181, -26.841828], [-60.883056, -26.927046], [-60.851421, -26.889906], [-60.816236, -26.90229], [-60.817034, -27.142401], [-61.215135, -26.870445], [-61.189714, -26.840672], [-61.335665, -26.839113], [-61.33222, -26.658346], [-60.989993, -26.661331], [-60.992447, -26.823246]]]}, "properties": {"id": "22049", "nombre": "General Belgrano", "nombre_completo": "Departamento General Belgrano", "provincia": {"id": "22", "nombre": "Chaco", "interseccion": 0.0}, "fuente": "IGN", "categoria": "Departamento", "centroide": {"lon": -61.071333832, "lat": -26.847815755}}}, {"type": "Feature", "geometry": {"type": "Polygon", "coordinates": [[[-63.937077, -30.415702], [-63.847102, -30.416595], [-63.845505, -30.510824], [-63.802384, -30.51026], [-63.795702, -30.569191], [-63.615454, -30.571916], [-63.60433, -30.526146], [-63.565038, -30.534026], [-63.59851, -30.672191], [-63.662385, -30.667025], [-63.728235, -30.93437], [-63.764422, -30.927782], [-63.76427, -30.97132], [-63.820109, -30.971573], [-63.820193, -31.018041], [-63.8957, -31.018725], [-63.887989, -30.952974], [-63.991177, -30.918199], [-63.990618, -30.943702], [-64.039374, -30.960103], [-64.179288, -30.976253], [-64.205668, -30.960743], [-64.241729, -30.968767], [-64.282071, -30.957882], [-64.306789, -30.933518], [-64.344229, -30.938237], [-64.37709, -30.908977], [-64.438753, -30.913773], [-64.447189, -30.833415], [-64.428111, -30.772935], [-64.262014, -30.812758], [-64.217356, -30.790248], [-64.173191, -30.795412], [-64.142502, -30.783419], [-64.10155, -30.79989], [-64.229003, -30.546101], [-64.298264, -30.463715], [-64.083312, -30.465693], [-64.005592, -30.483223], [-63.994194, -30.455375], [-63.979223, -30.45868], [-63.963569, -30.414911], [-63.937077, -30.415702]]]}, "properties": {"id": "14168", "nombre": "Totoral", "nombre_completo": "Departamento Totoral", "provincia": {"id": "14", "nombre": "Córdoba", "interseccion": 0.0}, "fuente": "IGN", "categoria": "Departamento", "centroide": {"lon": -63.984403989, "lat": -30.726344271}}}, {"type": "Feature", "geometry": {"type": "Polygon", "coordinates": [[[-63.097012, -32.005467], [-63.006308, -32.0215], [-63.006235, -32.036614], [-62.951164, -32.03643], [-62.954107, -32.048133], [-62.851179, -32.06053], [-62.878124, -32.157171], [-62.861468, -32.160552], [-62.927381, -32.391462], [-63.017426, -32.370295], [-63.020428, -32.382017], [-63.053155, -32.376423], [-63.065907, -32.426728], [-63.092369, -32.417904], [-63.097697, -32.438324], [-63.126476, -32.422326], [-63.163394, -32.472298], [-63.146575, -32.506083], [-63.089754, -32.512888], [-63.081047, -32.525885], [-63.101128, -32.547964], [-63.118061, -32.616096], [-63.0588, -32.632842], [-63.103318, -32.811029], [-63.054823, -32.819732], [-63.05585, -32.85705], [-63.090611, -32.850247], [-63.109799, -32.923186], [-63.131754, -32.919097], [-63.180192, -33.102497], [-63.30033, -33.081448], [-63.316603, -33.143264], [-63.339485, -33.145392], [-63.481338, -33.118902], [-63.458683, -33.033244], [-63.393004, -33.045808], [-63.345376, -32.861307], [-63.40479, -32.850128], [-63.420808, -32.909828], [-63.524451, -32.872076], [-63.513141, -32.829309], [-63.55025, -32.822659], [-63.576772, -32.769391], [-63.560294, -32.707101], [-63.581384, -32.70314], [-63.498892, -32.392853], [-63.572437, -32.37882], [-63.542777, -32.261906], [-63.525838, -32.258214], [-63.516175, -32.22239], [-63.459315, -32.24741], [-63.371241, -32.191024], [-63.447724, -32.103726], [-63.407282, -32.084362], [-63.358698, -32.087908], [-63.201319, -32.048267], [-63.18592, -32.095959], [-63.115947, -32.000937], [-63.097012, -32.005467]]]}, "properties": {"id": "14042", "nombre": "General San Martín", "nombre_completo": "Departamento General San Martín", "provincia": {"id": "14", "nombre": "Córdoba", "interseccion": 0.0}, "fuente": "IGN", "categoria": "Departamento", "centroide": {"lon": -63.256205606, "lat": -32.514322787}}}, {"type": "Feature", "geometry": {"type": "Polygon", "coordinates": [[[-63.516813, -30.546818], [-63.35698, -30.575861], [-63.365042, -30.609435], [-63.20751, -30.639009], [-63.213639, -30.662078], [-63.030021, -30.695348], [-63.040427, -30.712933], [-63.026161, -30.703344], [-62.932417, -30.719941], [-62.922014, -30.730591], [-62.929432, -30.752213], [-62.905775, -30.78579], [-62.84227, -30.805007], [-62.843774, -30.82079], [-62.815291, -30.850465], [-62.83405, -30.932506], [-62.933761, -30.967461], [-62.955167, -31.079796], [-63.009941, -31.071885], [-63.04031, -31.131524], [-63.119631, -31.117219], [-63.131243, -31.163375], [-63.153925, -31.159465], [-63.177584, -31.283441], [-63.245916, -31.264816], [-63.260256, -31.334387], [-63.365609, -31.315061], [-63.358429, -31.367609], [-63.44962, -31.375354], [-63.489523, -31.402365], [-63.530627, -31.403284], [-63.530545, -31.41371], [-63.54748, -31.414087], [-63.57222, -31.469999], [-63.618982, -31.494092], [-63.680767, -31.492909], [-63.690876, -31.522256], [-63.735254, -31.515785], [-63.898267, -31.542972], [-63.954347, -31.535376], [-63.953326, -31.346072], [-63.93627, -31.349608], [-63.937217, -31.321036], [-63.950772, -31.320824], [-63.950885, -31.273619], [-63.863346, -31.272767], [-63.864404, -31.111935], [-63.844538, -31.111973], [-63.830986, -31.093424], [-63.839491, -31.069722], [-63.823204, -31.073393], [-63.820109, -30.971573], [-63.76427, -30.97132], [-63.764422, -30.927782], [-63.728235, -30.93437], [-63.662385, -30.667025], [-63.59851, -30.672191], [-63.565038, -30.534026], [-63.516813, -30.546818]]]}, "properties": {"id": "14105", "nombre": "Río Primero", "nombre_completo": "Departamento Río Primero", "provincia": {"id": "14", "nombre": "Córdoba", "interseccion": 0.0}, "fuente": "IGN", "categoria": "Departamento", "centroide": {"lon": -63.436114778, "lat": -31.031524076}}}, {"type": "Feature", "geometry": {"type": "Polygon", "coordinates": [[[-62.182143, -32.063679], [-62.19678, -32.11477], [-62.178877, -32.159422], [-62.127683, -32.209223], [-62.037889, -32.262914], [-62.011635, -32.347328], [-61.914512, -32.494664], [-61.912075, -32.526474], [-61.930573, -32.544506], [-61.905052, -32.552546], [-61.902477, -32.568619], [-61.926381, -32.584034], [-61.920591, -32.594278], [-61.891829, -32.590534], [-61.889495, -32.610798], [-61.946168, -32.651026], [-61.946626, -32.678481], [-61.907415, -32.695747], [-61.857988, -32.694552], [-61.828402, -32.754511], [-61.810155, -32.759373], [-61.785791, -32.795617], [-61.77769, -32.830402], [-61.792819, -32.873249], [-61.771552, -32.901465], [-61.791, -32.958407], [-61.787668, -33.006202], [-61.888748, -33.10599], [-61.923249, -33.119581], [-62.544274, -33.943225], [-62.805151, -33.895996], [-62.776693, -33.779326], [-62.75337, -33.783466], [-62.645663, -33.358522], [-62.603344, -33.301353], [-62.688415, -33.285673], [-62.574896, -33.211518], [-62.520812, -33.127526], [-62.625234, -33.107962], [-62.530603, -33.043449], [-62.507803, -32.952754], [-62.542888, -32.946712], [-62.515902, -32.83704], [-62.451134, -32.848266], [-62.487389, -32.764303], [-62.492634, -32.789194], [-62.503805, -32.78216], [-62.486305, -32.679132], [-62.456273, -32.684691], [-62.390519, -32.438148], [-62.354479, -32.444628], [-62.347193, -32.414842], [-62.266009, -32.429051], [-62.245026, -32.32905], [-62.299082, -32.319533], [-62.294682, -32.301349], [-62.375949, -32.287481], [-62.339387, -32.136807], [-62.306504, -32.142082], [-62.282458, -32.046516], [-62.182143, -32.063679]]]}, "properties": {"id": "14063", "nombre": "Marcos Juárez", "nombre_completo": "Departamento Marcos Juárez", "provincia": {"id": "14", "nombre": "Córdoba", "interseccion": 0.0}, "fuente": "IGN", "categoria": "Departamento", "centroide": {"lon": -62.277594705, "lat": -33.030843151}}}, {"type": "Feature", "geometry": {"type": "Polygon", "coordinates": [[[-62.997176, -35.285326], [-62.964607, -35.311894], [-62.89953, -35.259295], [-62.864144, -35.288502], [-62.893164, -35.311318], [-62.846541, -35.350452], [-62.873097, -35.371607], [-62.803814, -35.429501], [-62.777689, -35.408695], [-62.623811, -35.550743], [-63.20373, -36.033076], [-63.385471, -35.883677], [-63.385707, -35.369724], [-63.329475, -35.323156], [-63.347169, -35.300041], [-63.310018, -35.267808], [-63.285144, -35.288491], [-63.211173, -35.22897], [-63.235514, -35.208572], [-63.139051, -35.128403], [-63.090385, -35.168254], [-63.115413, -35.188868], [-62.997176, -35.285326]]]}, "properties": {"id": "06679", "nombre": "Rivadavia", "nombre_completo": "Partido de Rivadavia", "provincia": {"id": "06", "nombre": "Buenos Aires", "interseccion": 0.0}, "fuente": "IGN", "categoria": "Partido", "centroide": {"lon": -63.094761685, "lat": -35.581056986}}}, {"type": "Feature", "geometry": {"type": "MultiPolygon", "coordinates": [[[[-62.314212, -39.891038], [-62.331094, -39.915772], [-62.328738, -39.954355], [-62.34223, -39.9636], [-62.329238, -39.974414], [-62.330416, -39.998792], [-62.351795, -40.068926], [-62.327647, -40.151361], [-62.33889, -40.186875], [-62.389394, -40.22842], [-62.445751, -40.250192], [-62.489403, -40.317686], [-62.446858, -40.407879], [-62.421017, -40.428616], [-62.418947, -40.463666], [-62.320366, -40.504854], [-62.320734, -40.535335], [-62.297606, -40.542711], [-62.282497, -40.571479], [-62.262152, -40.562961], [-62.255109, -40.577071], [-62.250778, -40.556774], [-62.31845, -40.526412], [-62.255133, -40.539142], [-62.172589, -40.584828], [-62.17454, -40.637533], [-62.232314, -40.687906], [-62.310693, -40.869816], [-62.413272, -40.920165], [-62.553041, -40.959188], [-62.710424, -41.037676], [-62.743409, -41.037765], [-62.789667, -41.024164], [-62.801969, -40.982566], [-62.957589, -40.81811], [-63.192082, -40.716685], [-63.285308, -40.729432], [-63.30005, -40.711129], [-63.366049, -40.689205], [-63.379348, -40.710371], [-63.383269, -39.328492], [-63.239324, -39.366346], [-63.173454, -39.413021], [-63.136655, -39.393722], [-63.101848, -39.424406], [-63.113111, -39.451769], [-63.09173, -39.451579], [-63.099691, -39.468154], [-63.066023, -39.460192], [-63.072178, -39.478056], [-63.032677, -39.480968], [-63.028319, -39.494873], [-63.016958, -39.485694], [-63.013383, -39.503276], [-62.973158, -39.503729], [-62.958821, -39.517566], [-62.908678, -39.505141], [-62.858025, -39.530495], [-62.754412, -39.506181], [-62.69157, -39.53479], [-62.623841, -39.531056], [-62.616835, -39.548087], [-62.537037, -39.575165], [-62.49034, -39.607507], [-62.475051, -39.628245], [-62.486565, -39.665615], [-62.476386, -39.693672], [-62.431023, -39.724771], [-62.408911, -39.725017], [-62.397579, -39.753615], [-62.375086, -39.764014], [-62.390102, -39.78013], [-62.370786, -39.775662], [-62.337825, -39.802274], [-62.299668, -39.797213], [-62.233544, -39.816233], [-62.215012, -39.839946], [-62.166528, -39.830179], [-62.138609, -39.868172], [-62.179769, -39.853525], [-62.260326, -39.858533], [-62.269939, -39.872194], [-62.272245, -39.869641], [-62.263345, -39.860354], [-62.263981, -39.853709], [-62.270064, -39.849396], [-62.279477, -39.848679], [-62.264966, -39.853564], [-62.273659, -39.871362], [-62.286489, -39.879569], [-62.316131, -39.864953], [-62.314212, -39.891038]]], [[[-62.151783, -40.379299], [-62.141693, -40.386585], [-62.152252, -40.396358], [-62.131763, -40.391846], [-62.136913, -40.401188], [-62.13773, -40.410591], [-62.143433, -40.420517], [-62.171062, -40.438839], [-62.198364, -40.436714], [-62.173946, -40.368511], [-62.163902, -40.360973], [-62.151783, -40.379299]]], [[[-62.180405, -40.460899], [-62.156624, -40.457676], [-62.196857, -40.515236], [-62.217144, -40.523476], [-62.234913, -40.507954], [-62.202034, -40.469242], [-62.200939, -40.446644], [-62.180405, -40.460899]]], [[[-62.112122, -40.17598], [-62.109169, -40.20158], [-62.093014, -40.206402], [-62.108772, -40.220001], [-62.131474, -40.178009], [-62.12455, -40.144627], [-62.116508, -40.126938], [-62.110291, -40.124981], [-62.112122, -40.17598]]], [[[-62.328846, -40.286491], [-62.311237, -40.297943], [-62.32803, -40.34161], [-62.344757, -40.341629], [-62.343357, -40.285706], [-62.328846, -40.286491]]], [[[-62.287663, -40.299484], [-62.264919, -40.299431], [-62.266964, -40.315117], [-62.294624, -40.342514], [-62.312057, -40.342857], [-62.287663, -40.299484]]], [[[-62.250809, -39.865559], [-62.19931, -39.863319], [-62.189777, -39.873035], [-62.222462, -39.881092], [-62.250809, -39.865559]]], [[[-62.159668, -40.019852], [-62.164314, -40.028759], [-62.149738, -40.034885], [-62.119404, -40.02562], [-62.155621, -40.036934], [-62.16877, -40.027325], [-62.159668, -40.019852]]], [[[-62.369339, -40.255989], [-62.374676, -40.237431], [-62.357101, -40.23391], [-62.357063, -40.250977], [-62.369339, -40.255989]]], [[[-62.353603, -40.223064], [-62.34267, -40.207455], [-62.319168, -40.19442], [-62.33297, -40.212685], [-62.353603, -40.223064]]], [[[-62.153393, -40.451485], [-62.158535, -40.456463], [-62.176701, -40.454365], [-62.157833, -40.446758], [-62.153393, -40.451485]]], [[[-62.118122, -40.401138], [-62.126595, -40.406391], [-62.133148, -40.399033], [-62.121258, -40.395473], [-62.118122, -40.401138]]], [[[-62.075821, -40.262207], [-62.081829, -40.259487], [-62.074963, -40.245831], [-62.072147, -40.251896], [-62.075821, -40.262207]]], [[[-62.367729, -40.222404], [-62.369091, -40.214966], [-62.353329, -40.205677], [-62.361706, -40.218628], [-62.367729, -40.222404]]], [[[-62.36171, -40.352913], [-62.356049, -40.35656], [-62.357067, -40.364262], [-62.364349, -40.357613], [-62.36171, -40.352913]]], [[[-62.118961, -40.388645], [-62.125206, -40.386559], [-62.112324, -40.379387], [-62.11367, -40.386253], [-62.118961, -40.388645]]], [[[-62.356903, -40.218994], [-62.353241, -40.211662], [-62.343384, -40.207073], [-62.346397, -40.211929], [-62.356903, -40.218994]]], [[[-62.133858, -40.411266], [-62.136021, -40.401886], [-62.134216, -40.40078], [-62.130596, -40.406456], [-62.133858, -40.411266]]], [[[-62.122799, -39.885002], [-62.123695, -39.881413], [-62.113419, -39.865162], [-62.115482, -39.874882], [-62.122799, -39.885002]]], [[[-62.147411, -39.888199], [-62.14991, -39.891239], [-62.153179, -39.886841], [-62.149635, -39.886608], [-62.147411, -39.888199]]]]}, "properties": {"id": "06602", "nombre": "Patagones", "nombre_completo": "Partido de Patagones", "provincia": {"id": "06", "nombre": "Buenos Aires", "interseccion": 0.0}, "fuente": "IGN", "categoria": "Partido", "centroide": {"lon": -62.850802363, "lat": -40.196383308}}}, {"type": "Feature", "geometry": {"type": "Polygon", "coordinates": [[[-65.225385, -32.918763], [-65.17005, -32.926011], [-65.126717, -32.949008], [-65.064428, -32.94212], [-65.071023, -32.968071], [-65.013894, -32.961802], [-65.021476, -32.977085], [-64.999704, -33.002665], [-65.044914, -33.062508], [-65.070801, -33.138277], [-65.142999, -33.194775], [-65.109226, -33.950569], [-65.105896, -34.65324], [-65.251982, -34.652965], [-65.252487, -34.667778], [-65.567979, -34.668866], [-65.568157, -34.69479], [-65.669799, -34.692723], [-65.669827, -34.712299], [-66.009651, -34.712349], [-66.012969, -34.421448], [-66.007147, -34.401019], [-65.99609, -34.401049], [-65.995597, -34.346421], [-66.005321, -34.044008], [-66.037394, -34.044393], [-66.037986, -34.006938], [-66.142375, -34.007197], [-66.147301, -33.950792], [-66.11949, -33.860574], [-66.139844, -33.83999], [-66.220158, -33.837065], [-66.165555, -33.654807], [-66.18998, -33.655792], [-66.156277, -33.56509], [-66.156732, -33.446383], [-66.13569, -33.389875], [-66.048597, -33.375597], [-65.792911, -33.507467], [-65.786638, -33.438461], [-65.783607, -33.44847], [-65.76801, -33.438801], [-65.756621, -33.461327], [-65.734448, -33.456719], [-65.735469, -33.469994], [-65.557004, -33.469822], [-65.563708, -33.411776], [-65.612762, -33.336422], [-65.607786, -33.285603], [-65.626423, -33.233825], [-65.599489, -33.190145], [-65.616629, -33.075557], [-65.60558, -33.074739], [-65.608126, -33.054501], [-65.570775, -33.05676], [-65.551052, -33.019358], [-65.559996, -33.006407], [-65.479039, -32.95984], [-65.436039, -32.959715], [-65.435873, -32.969649], [-65.37978, -32.943613], [-65.358066, -32.908271], [-65.285011, -32.922662], [-65.283225, -32.906557], [-65.225385, -32.918763]]]}, "properties": {"id": "74035", "nombre": "General Pedernera", "nombre_completo": "Departamento General Pedernera", "provincia": {"id": "74", "nombre": "San Luis", "interseccion": 0.0}, "fuente": "IGN", "categoria": "Departamento", "centroide": {"lon": -65.559774563, "lat": -33.892224445}}}, {"type": "Feature", "geometry": {"type": "Polygon", "coordinates": [[[-66.201614, -32.58215], [-66.183484, -32.60197], [-66.185493, -32.651066], [-66.153821, -32.649479], [-66.144024, -32.676073], [-66.166681, -32.740281], [-66.085736, -32.782209], [-66.085096, -32.797213], [-66.02566, -32.790102], [-66.011907, -32.807715], [-65.99949, -32.801749], [-65.968481, -32.822148], [-65.943078, -32.812115], [-65.935002, -32.830059], [-65.864233, -32.851079], [-65.838245, -32.794572], [-65.833347, -32.813274], [-65.772658, -32.827928], [-65.718558, -32.897421], [-65.717763, -32.925727], [-65.666652, -32.943281], [-65.635523, -32.93805], [-65.619973, -32.919511], [-65.611691, -32.872226], [-65.531827, -32.881099], [-65.509809, -32.899139], [-65.565871, -32.942925], [-65.578013, -33.012176], [-65.559996, -33.006407], [-65.551052, -33.019358], [-65.570775, -33.05676], [-65.608126, -33.054501], [-65.60558, -33.074739], [-65.616629, -33.075557], [-65.599469, -33.189657], [-65.626459, -33.231994], [-65.607786, -33.285603], [-65.613246, -33.334364], [-65.563708, -33.411776], [-65.557004, -33.469822], [-65.735469, -33.469994], [-65.734448, -33.456719], [-65.756621, -33.461327], [-65.76801, -33.438801], [-65.783607, -33.44847], [-65.786638, -33.438461], [-65.792911, -33.507467], [-66.047873, -33.375881], [-66.110121, -33.383434], [-66.1235, -33.365104], [-66.102543, -33.277293], [-66.105418, -33.221909], [-66.180149, -33.239526], [-66.228309, -33.168576], [-66.215246, -33.084328], [-66.204144, -33.077017], [-66.2048, -33.002429], [-66.186607, -32.990805], [-66.193346, -32.923671], [-66.216972, -32.912584], [-66.209535, -32.867384], [-66.226872, -32.83273], [-66.211294, -32.731077], [-66.23819, -32.712126], [-66.24278, -32.684042], [-66.236169, -32.614411], [-66.222972, -32.584692], [-66.202883, -32.572438], [-66.201614, -32.58215]]]}, "properties": {"id": "74021", "nombre": "Coronel Pringles", "nombre_completo": "Departamento Coronel Pringles", "provincia": {"id": "74", "nombre": "San Luis", "interseccion": 0.0}, "fuente": "IGN", "categoria": "Departamento", "centroide": {"lon": -65.900790206, "lat": -33.106882057}}}, {"type": "Feature", "geometry": {"type": "Polygon", "coordinates": [[[-64.919446, -32.479363], [-64.884571, -32.524239], [-64.882753, -32.570792], [-64.91909, -32.614218], [-64.909919, -32.642167], [-64.924394, -32.658714], [-64.909462, -32.685397], [-64.948189, -32.72284], [-64.944619, -32.767336], [-64.974244, -32.826703], [-64.962632, -32.861227], [-64.99278, -32.945166], [-65.013894, -32.961802], [-65.071023, -32.968071], [-65.064428, -32.94212], [-65.126717, -32.949008], [-65.17005, -32.926011], [-65.283225, -32.906557], [-65.285011, -32.922662], [-65.358066, -32.908271], [-65.37978, -32.943613], [-65.435873, -32.969649], [-65.436039, -32.959715], [-65.479039, -32.95984], [-65.578013, -33.012176], [-65.565871, -32.942925], [-65.508902, -32.901444], [-65.512734, -32.85707], [-65.494322, -32.845917], [-65.490441, -32.774483], [-65.452794, -32.758423], [-65.468099, -32.707108], [-65.444969, -32.69078], [-65.444839, -32.655407], [-65.428896, -32.629795], [-65.406417, -32.617787], [-65.406015, -32.533074], [-65.348567, -32.552602], [-65.329688, -32.532154], [-65.300141, -32.527542], [-65.261304, -32.546824], [-65.238861, -32.493277], [-65.222451, -32.484629], [-65.151253, -32.501399], [-65.149434, -32.486984], [-65.084797, -32.498862], [-65.081557, -32.467944], [-65.014108, -32.483044], [-65.00728, -32.4732], [-64.999499, -32.482521], [-64.919446, -32.479363]]]}, "properties": {"id": "74028", "nombre": "Chacabuco", "nombre_completo": "Departamento Chacabuco", "provincia": {"id": "74", "nombre": "San Luis", "interseccion": 0.0}, "fuente": "IGN", "categoria": "Departamento", "centroide": {"lon": -65.198209788, "lat": -32.727076866}}}, {"type": "Feature", "geometry": {"type": "Polygon", "coordinates": [[[-63.692344, -26.478669], [-63.646715, -26.528104], [-63.652537, -26.59698], [-63.673467, -26.643794], [-63.65456, -26.665873], [-63.652311, -26.748468], [-63.669295, -26.772318], [-63.661799, -26.788983], [-63.674151, -26.797176], [-63.689121, -26.865263], [-63.68207, -26.907029], [-63.657187, -26.925117], [-63.823954, -26.924318], [-63.824046, -26.936932], [-63.879502, -26.936722], [-63.879119, -26.905126], [-63.989021, -26.904399], [-63.989981, -27.030282], [-64.021021, -27.030009], [-64.02055, -27.061], [-64.08481, -27.061866], [-64.085452, -27.142949], [-64.113353, -27.14273], [-64.11302, -27.109139], [-64.176707, -27.10862], [-64.177974, -27.198591], [-64.323817, -27.175675], [-64.327926, -27.196367], [-64.44518, -27.174764], [-64.456771, -27.224457], [-64.440541, -27.264648], [-64.468837, -27.260323], [-64.467471, -27.303527], [-64.476476, -27.301992], [-64.487469, -27.352839], [-64.558122, -27.309456], [-64.570414, -27.338507], [-64.680976, -27.233682], [-64.749624, -27.231076], [-64.764361, -27.185531], [-64.798546, -27.150766], [-64.766864, -27.014813], [-64.742586, -27.00441], [-64.707391, -26.82004], [-64.677708, -26.824977], [-64.672235, -26.794223], [-64.617889, -26.802693], [-64.58702, -26.657929], [-64.498582, -26.67359], [-64.508357, -26.553957], [-64.282071, -26.568611], [-64.281975, -26.605943], [-64.263776, -26.606106], [-64.263575, -26.634451], [-64.156067, -26.652228], [-64.162415, -26.697073], [-63.980466, -26.72126], [-63.877283, -26.721246], [-63.869029, -26.645015], [-63.801772, -26.641291], [-63.768156, -26.478281], [-63.692344, -26.478669]]]}, "properties": {"id": "86091", "nombre": "Jiménez", "nombre_completo": "Departamento Jiménez", "provincia": {"id": "86", "nombre": "Santiago del Estero", "interseccion": 0.0}, "fuente": "IGN", "categoria": "Departamento", "centroide": {"lon": -64.272473667, "lat": -26.899608103}}}, {"type": "Feature", "geometry": {"type": "Polygon", "coordinates": [[[-59.393678, -33.736573], [-59.239807, -33.730103], [-59.254822, -33.793884], [-59.22272, -33.813425], [-59.289171, -33.82628], [-59.302739, -33.852853], [-59.240136, -33.896258], [-59.22838, -33.925027], [-59.260541, -33.941577], [-59.340883, -33.92538], [-59.345587, -33.952398], [-59.319635, -34.023797], [-59.341038, -34.042568], [-59.406464, -34.06095], [-59.395542, -34.074512], [-59.463094, -34.135008], [-59.510907, -34.0994], [-59.562088, -34.167967], [-59.627532, -34.158325], [-59.676093, -34.166664], [-59.722274, -34.13107], [-59.707232, -34.09359], [-59.754392, -34.013563], [-59.714557, -33.946081], [-59.653019, -33.917206], [-59.628758, -33.878891], [-59.604568, -33.86604], [-59.602955, -33.821852], [-59.572434, -33.775721], [-59.510109, -33.778837], [-59.562577, -33.759372], [-59.496304, -33.646053], [-59.475708, -33.658386], [-59.456482, -33.719177], [-59.393678, -33.736573]]]}, "properties": {"id": "06070", "nombre": "Baradero", "nombre_completo": "Partido de Baradero", "provincia": {"id": "06", "nombre": "Buenos Aires", "interseccion": 0.0}, "fuente": "IGN", "categoria": "Partido", "centroide": {"lon": -59.492787138, "lat": -33.931961377}}}, {"type": "Feature", "geometry": {"type": "Polygon", "coordinates": [[[-59.827921, -33.581359], [-59.778388, -33.606682], [-59.726635, -33.603886], [-59.65891, -33.620037], [-59.612778, -33.695168], [-59.529764, -33.633392], [-59.489098, -33.643329], [-59.562577, -33.759372], [-59.532613, -33.76595], [-59.510109, -33.778837], [-59.572434, -33.775721], [-59.602955, -33.821852], [-59.604568, -33.86604], [-59.628758, -33.878891], [-59.653019, -33.917206], [-59.7139, -33.945259], [-59.730117, -33.985423], [-59.779343, -34.013386], [-60.072709, -33.778856], [-60.051722, -33.76128], [-60.041144, -33.768819], [-59.827921, -33.581359]]]}, "properties": {"id": "06770", "nombre": "San Pedro", "nombre_completo": "Partido de San Pedro", "provincia": {"id": "06", "nombre": "Buenos Aires", "interseccion": 0.0}, "fuente": "IGN", "categoria": "Partido", "centroide": {"lon": -59.782626011, "lat": -33.78098602}}}, {"type": "Feature", "geometry": {"type": "Polygon", "coordinates": [[[-63.709001, -21.99936], [-63.70561, -22.013991], [-63.688579, -22.011532], [-63.683776, -22.054768], [-63.665267, -21.999342], [-63.132185, -21.999333], [-63.123079, -22.944284], [-63.203688, -22.943087], [-63.266083, -23.459683], [-63.281572, -23.458062], [-63.295725, -23.53485], [-63.268798, -23.559362], [-63.27724, -23.649294], [-63.296202, -23.650861], [-63.331236, -23.625633], [-63.323255, -23.604935], [-63.367972, -23.586816], [-63.361864, -23.563194], [-63.395419, -23.549468], [-63.412514, -23.509559], [-63.499552, -23.451129], [-63.589519, -23.430637], [-63.617459, -23.388019], [-63.662444, -23.390945], [-63.72572, -23.3226], [-63.844335, -23.323429], [-63.910014, -23.299718], [-63.944228, -23.327979], [-63.95631, -23.314766], [-64.007044, -23.332433], [-64.039199, -23.307917], [-64.072966, -23.30586], [-64.093387, -23.254459], [-64.108328, -23.262921], [-64.140939, -23.248348], [-64.162403, -23.273137], [-64.187205, -23.268725], [-64.177626, -23.234533], [-64.213958, -23.225749], [-64.226961, -23.206572], [-64.214077, -23.182128], [-64.168021, -23.200702], [-64.20368, -23.182071], [-64.1828, -23.152695], [-64.209123, -23.156257], [-64.190745, -23.129076], [-64.213506, -23.135079], [-64.203406, -23.122796], [-64.211593, -23.088769], [-64.2388, -23.096327], [-64.247628, -23.068779], [-64.276116, -23.066513], [-64.270336, -23.041334], [-64.281585, -23.028942], [-64.332718, -23.008896], [-64.32722, -22.953351], [-64.342331, -22.929528], [-64.325086, -22.916284], [-64.309251, -22.863467], [-64.297587, -22.861817], [-64.306679, -22.839746], [-64.286725, -22.834885], [-64.287427, -22.798824], [-64.265343, -22.766659], [-64.283609, -22.751285], [-64.263968, -22.741238], [-64.271771, -22.709754], [-64.260569, -22.674568], [-64.242292, -22.666053], [-64.264589, -22.65016], [-64.257288, -22.628547], [-64.239192, -22.622973], [-64.241691, -22.557726], [-64.216292, -22.543346], [-64.199628, -22.491245], [-64.16307, -22.46893], [-64.138042, -22.429474], [-64.138185, -22.407041], [-64.115516, -22.405607], [-64.116889, -22.363235], [-64.099737, -22.34697], [-64.095087, -22.308772], [-64.062408, -22.238381], [-64.03352, -22.242783], [-64.033102, -22.196829], [-63.992654, -22.133139], [-64.000038, -22.107676], [-63.986037, -22.109026], [-63.979612, -22.080998], [-63.966475, -22.09316], [-63.958069, -22.085774], [-63.944179, -22.009287], [-63.931457, -21.999377], [-63.709001, -21.99936]]]}, "properties": {"id": "66056", "nombre": "General José de San Martín", "nombre_completo": "Departamento General José de San Martín", "provincia": {"id": "66", "nombre": "Salta", "interseccion": 0.0}, "fuente": "IGN", "categoria": "Departamento", "centroide": {"lon": -63.658286429, "lat": -22.714462381}}}, {"type": "Feature", "geometry": {"type": "Polygon", "coordinates": [[[-62.36867, -34.650056], [-62.188183, -34.682722], [-62.263804, -34.743064], [-62.240236, -34.76204], [-62.305054, -34.812823], [-62.28561, -34.813533], [-62.28306, -34.856773], [-62.22259, -34.854785], [-62.220666, -34.891339], [-62.205554, -34.890125], [-62.104559, -34.984689], [-62.185372, -35.0507], [-62.166223, -35.067128], [-62.285185, -35.163819], [-62.471445, -35.010657], [-62.548554, -35.073872], [-62.642162, -34.996989], [-62.606722, -34.99671], [-62.622173, -34.632497], [-62.59472, -34.650188], [-62.584849, -34.61069], [-62.36867, -34.650056]]]}, "properties": {"id": "06277", "nombre": "Florentino Ameghino", "nombre_completo": "Partido de Florentino Ameghino", "provincia": {"id": "06", "nombre": "Buenos Aires", "interseccion": 0.0}, "fuente": "IGN", "categoria": "Partido", "centroide": {"lon": -62.401716265, "lat": -34.874105806}}}, {"type": "Feature", "geometry": {"type": "Polygon", "coordinates": [[[-65.348179, -27.524317], [-65.341667, -27.537119], [-65.281932, -27.546074], [-65.259813, -27.564024], [-65.168706, -27.565586], [-65.15245, -27.587824], [-65.115061, -27.568189], [-65.071057, -27.586969], [-65.057324, -27.574468], [-65.030716, -27.582221], [-65.024248, -27.559542], [-65.01196, -27.56603], [-65.027115, -27.587145], [-64.986025, -27.741646], [-65.028142, -27.752711], [-65.016273, -27.792373], [-65.039037, -27.879261], [-65.102588, -27.893301], [-65.159584, -27.877019], [-65.178132, -27.916417], [-65.170798, -27.946465], [-65.364667, -27.845792], [-65.436201, -27.886491], [-65.414937, -27.796494], [-65.47282, -27.788324], [-65.464014, -27.760696], [-65.503933, -27.738183], [-65.494144, -27.694303], [-65.505275, -27.692214], [-65.499428, -27.667152], [-65.520292, -27.663544], [-65.512626, -27.627395], [-65.522189, -27.621593], [-65.511271, -27.614121], [-65.535178, -27.621513], [-65.518329, -27.549329], [-65.348179, -27.524317]]]}, "properties": {"id": "90035", "nombre": "Graneros", "nombre_completo": "Departamento Graneros", "provincia": {"id": "90", "nombre": "Tucumán", "interseccion": 0.0}, "fuente": "IGN", "categoria": "Departamento", "centroide": {"lon": -65.255036028, "lat": -27.713277596}}}, {"type": "Feature", "geometry": {"type": "Polygon", "coordinates": [[[-65.294593, -26.922572], [-65.251082, -26.973261], [-65.269173, -27.020967], [-65.256503, -27.022298], [-65.249597, -26.996956], [-65.121313, -27.025949], [-65.119073, -27.016216], [-65.049651, -27.029449], [-65.046546, -27.015125], [-64.781173, -27.076613], [-64.854259, -27.318301], [-64.933995, -27.344951], [-64.937088, -27.358086], [-64.974365, -27.350918], [-65.008868, -27.483713], [-65.001248, -27.494557], [-65.040438, -27.477667], [-65.063131, -27.44233], [-65.063288, -27.46163], [-65.104219, -27.446913], [-65.088642, -27.438572], [-65.092711, -27.421001], [-65.111454, -27.426428], [-65.157239, -27.371957], [-65.193429, -27.361841], [-65.219668, -27.333065], [-65.217375, -27.315288], [-65.300805, -27.267266], [-65.301304, -27.224122], [-65.335006, -27.216514], [-65.368866, -27.162067], [-65.414286, -27.14579], [-65.409378, -27.137503], [-65.426517, -27.127741], [-65.421944, -27.112146], [-65.4027, -27.115628], [-65.389996, -27.088708], [-65.3528, -27.109184], [-65.343001, -27.103103], [-65.351351, -27.087395], [-65.310657, -27.027475], [-65.314751, -27.010012], [-65.300534, -27.02012], [-65.283825, -26.986356], [-65.314031, -26.986476], [-65.294593, -26.922572]]]}, "properties": {"id": "90056", "nombre": "Leales", "nombre_completo": "Departamento Leales", "provincia": {"id": "90", "nombre": "Tucumán", "interseccion": 0.0}, "fuente": "IGN", "categoria": "Departamento", "centroide": {"lon": -65.084864735, "lat": -27.191883176}}}, {"type": "Feature", "geometry": {"type": "Polygon", "coordinates": [[[-61.625583, -31.765537], [-61.613747, -31.767674], [-61.613253, -31.754531], [-61.539067, -31.76801], [-61.558839, -31.850133], [-61.397582, -31.878353], [-61.392776, -31.857951], [-61.34776, -31.866572], [-61.378058, -31.989121], [-61.355358, -32.082715], [-61.369331, -32.135341], [-61.391942, -32.210239], [-61.448043, -32.19996], [-61.495218, -32.38325], [-61.912431, -32.307208], [-61.903751, -32.32745], [-62.012276, -32.345524], [-62.037889, -32.262914], [-62.145346, -32.193479], [-62.178877, -32.159422], [-62.19678, -32.11477], [-62.167797, -31.98601], [-62.188893, -31.922314], [-62.22349, -31.883934], [-62.218089, -31.740571], [-62.241683, -31.699677], [-62.139716, -31.618346], [-62.022062, -31.639974], [-62.030284, -31.673633], [-61.708165, -31.731012], [-61.712692, -31.749632], [-61.625583, -31.765537]]]}, "properties": {"id": "82126", "nombre": "San Martín", "nombre_completo": "Departamento San Martín", "provincia": {"id": "82", "nombre": "Santa Fe", "interseccion": 0.0}, "fuente": "IGN", "categoria": "Departamento", "centroide": {"lon": -61.809074201, "lat": -32.012270646}}}, {"type": "Feature", "geometry": {"type": "Polygon", "coordinates": [[[-61.209783, -30.747944], [-61.391599, -31.539274], [-61.429259, -31.532857], [-61.449993, -31.596947], [-61.499352, -31.588328], [-61.541434, -31.767575], [-61.712692, -31.749632], [-61.708165, -31.731012], [-62.030284, -31.673633], [-62.022062, -31.639974], [-62.139716, -31.618346], [-62.123495, -31.605408], [-61.844051, -30.750383], [-61.666156, -30.782457], [-61.65528, -30.737504], [-61.438066, -30.77608], [-61.42313, -30.711694], [-61.209783, -30.747944]]]}, "properties": {"id": "82021", "nombre": "Castellanos", "nombre_completo": "Departamento Castellanos", "provincia": {"id": "82", "nombre": "Santa Fe", "interseccion": 0.0}, "fuente": "IGN", "categoria": "Departamento", "centroide": {"lon": -61.657258446, "lat": -31.23146155}}}, {"type": "Feature", "geometry": {"type": "Polygon", "coordinates": [[[-63.385445, -35.905471], [-63.385555, -36.356316], [-63.943343, -36.35557], [-63.940406, -35.90445], [-63.385445, -35.905471]]]}, "properties": {"id": "42119", "nombre": "Quemú Quemú", "nombre_completo": "Departamento Quemú Quemú", "provincia": {"id": "42", "nombre": "La Pampa", "interseccion": 0.0}, "fuente": "IGN", "categoria": "Departamento", "centroide": {"lon": -63.663730013, "lat": -36.130640566}}}, {"type": "Feature", "geometry": {"type": "Polygon", "coordinates": [[[-60.228711, -26.624283], [-60.412988, -27.045414], [-60.694459, -26.946048], [-60.508358, -26.525247], [-60.228711, -26.624283]]]}, "properties": {"id": "22021", "nombre": "Comandante Fernández", "nombre_completo": "Departamento Comandante Fernández", "provincia": {"id": "22", "nombre": "Chaco", "interseccion": 0.0}, "fuente": "IGN", "categoria": "Departamento", "centroide": {"lon": -60.461286907, "lat": -26.785390036}}}]}